,endTime,artistName,trackName,msPlayed,HoursPlayed,MinutesPlayed,hour,month,day,skipped,month_entropy,query,acousticness,danceability,energy,instrumentalness,liveness,loudness,speechiness,tempo,valence
0,2026-01-01 08:25:00,Els Amics De Les Arts,Tren Transsiberià,27163,0.0075452777777777775,0.45271666666666666,8,1,Thursday,True,2026-01,Tren Transsiberià Els Amics De Les Arts,0.349,0.602,0.72,0.0,0.109,-8.497,0.0586,134.992,0.633
1,2026-01-02 06:00:00,Els Amics De Les Arts,30 Dies Sense Cap Accident,26632,0.007397777777777777,0.4438666666666667,6,1,Friday,True,2026-01,30 Dies Sense Cap Accident Els Amics De Les Arts,0.00284,0.47,0.96,0.0285,0.115,-3.965,0.0843,146.84,0.501
2,2026-01-02 06:10:00,Joe Anderson,"Happiness Is A Warm Gun - From ""Across The Universe"" Soundtrack",14200,0.003944444444444445,0.23666666666666666,6,1,Friday,True,2026-01,"Happiness Is A Warm Gun - From ""Across The Universe"" Soundtrack Joe Anderson",0.146,0.576,0.452,0.00156,0.111,-9.137,0.0417,135.923,0.112
3,2026-01-02 06:15:00,Anna Roig,"Que difícil, dir que no",13423,0.003728611111111111,0.22371666666666667,6,1,Friday,True,2026-01,"Que difícil, dir que no Anna Roig",0.842,0.623,0.313,0.0236,0.144,-14.168,0.0378,145.807,0.267
4,2026-01-02 06:20:00,Els Amics De Les Arts,Monsieur Cousteau - En Directe Al Festival De Cap Roig / 2015,16320,0.004533333333333334,0.272,6,1,Friday,True,2026-01,Monsieur Cousteau - En Directe Al Festival De Cap Roig / 2015 Els Amics De Les Arts,0.0387,0.461,0.642,3.33e-05,0.751,-8.566,0.0346,145.393,0.518
5,2026-01-02 06:30:00,Els Amics De Les Arts,El Matrimoni Arnolfini,15260,0.004238888888888889,0.25433333333333336,6,1,Friday,True,2026-01,El Matrimoni Arnolfini Els Amics De Les Arts,0.117,0.601,0.859,3.09e-06,0.0777,-6.694,0.0784,107.809,0.766
6,2026-01-02 06:40:00,Antònia Font,Armando Rampas (Recital del Robot I L'astronauta I),14933,0.004148055555555556,0.24888333333333335,6,1,Friday,True,2026-01,Armando Rampas (Recital del Robot I L'astronauta I) Antònia Font,0.0996,0.629,0.703,0.0,0.232,-7.244,0.0294,141.911,0.804
7,2026-01-02 07:13:00,Murray Gold,Clara's Diner,22737,0.006315833333333333,0.37895,7,1,Friday,True,2026-01,Clara's Diner Murray Gold,,,,,,,,,
8,2026-01-02 08:32:00,Ashley Johnson,Through the Valley,29007,0.0080575,0.48345,8,1,Friday,True,2026-01,Through the Valley Ashley Johnson,0.948,0.588,0.0645,3.04e-06,0.116,-15.563,0.0555,59.327,0.34
9,2026-01-02 08:37:00,John Williams,"Across the Stars (Love Theme from ""Star Wars: Attack of the Clones"")",331840,0.09217777777777778,5.530666666666667,8,1,Friday,False,2026-01,"Across the Stars (Love Theme from ""Star Wars: Attack of the Clones"") John Williams",,,,,,,,,
10,2026-01-02 08:41:00,Wesley Sprayue,Across the Stars - Piano,210071,0.058353055555555554,3.5011833333333335,8,1,Friday,False,2026-01,Across the Stars - Piano Wesley Sprayue,0.993,0.474,0.0211,0.949,0.0754,-24.212,0.0527,79.368,0.183
11,2026-01-02 08:45:00,Patrik Pietschmann,"Across the Stars (From ""Star Wars: Attack of the Clones"") - Piano Version",230928,0.06414666666666667,3.8488,8,1,Friday,False,2026-01,"Across the Stars (From ""Star Wars: Attack of the Clones"") - Piano Version Patrik Pietschmann",0.984,0.627,0.0601,0.894,0.0914,-18.692,0.0488,112.198,0.0766
12,2026-01-02 08:46:00,Kenji Tanaka Piano Versions,Across the Stars,67623,0.018784166666666668,1.12705,8,1,Friday,False,2026-01,Across the Stars Kenji Tanaka Piano Versions,0.995,0.375,0.0194,0.939,0.0963,-28.078,0.0365,68.41,0.139
13,2026-01-02 08:46:00,Eibell,Let Down - Choir,19340,0.005372222222222222,0.32233333333333336,8,1,Friday,True,2026-01,Let Down - Choir Eibell,,,,,,,,,
14,2026-01-02 08:46:00,Gustavo Santaolalla,The Last of Us,1833,0.0005091666666666667,0.03055,8,1,Friday,True,2026-01,The Last of Us Gustavo Santaolalla,0.867,0.587,0.467,0.928,0.098,-12.392,0.0306,154.636,0.353
15,2026-01-02 08:47:00,Patrick Doyle,Ma Katherine,69024,0.019173333333333334,1.1504,8,1,Friday,False,2026-01,Ma Katherine Patrick Doyle,0.9,0.145,0.225,0.979,0.101,-18.164,0.0357,102.601,0.0369
16,2026-01-02 08:48:00,John Williams,Theme From Schindler's List,5750,0.0015972222222222223,0.09583333333333334,8,1,Friday,True,2026-01,Theme From Schindler's List John Williams,0.859,0.142,0.113,0.838,0.107,-25.362,0.0415,98.575,0.0697
17,2026-01-02 08:55:00,Hans Zimmer,Final Ascent,445400,0.12372222222222222,7.423333333333333,8,1,Friday,False,2026-01,Final Ascent Hans Zimmer,0.159,0.203,0.0935,0.806,0.0883,-15.575,0.0344,41.858,0.0346
18,2026-01-02 08:57:00,Across the Stars,"Across the Stars (from ""Star Wars"")",145857,0.040515833333333334,2.43095,8,1,Friday,False,2026-01,"Across the Stars (from ""Star Wars"") Across the Stars",,,,,,,,,
19,2026-01-02 08:59:00,Frozen Silence,Across the Stars - sleep piano,73785,0.020495833333333335,1.22975,8,1,Friday,False,2026-01,Across the Stars - sleep piano Frozen Silence,0.996,0.515,0.0113,0.937,0.0959,-29.617,0.0696,62.942,0.451
20,2026-01-02 09:04:00,John Williams,Across the Stars,307000,0.08527777777777777,5.116666666666666,9,1,Friday,False,2026-01,Across the Stars John Williams,,,,,,,,,
21,2026-01-02 09:07:00,Samuel Kim,Across the Stars (Love Theme),198318,0.055088333333333336,3.3053,9,1,Friday,False,2026-01,Across the Stars (Love Theme) Samuel Kim,0.915,0.2,0.259,0.906,0.0941,-9.627,0.0369,104.969,0.118
22,2026-01-02 09:13:00,John Williams,"Across the Stars (Love Theme) [From ""Star Wars: Episode II - Attack of the Clones""]",363507,0.10097416666666667,6.05845,9,1,Friday,False,2026-01,"Across the Stars (Love Theme) [From ""Star Wars: Episode II - Attack of the Clones""] John Williams",0.907,0.0881,0.144,0.936,0.116,-18.702,0.0396,76.149,0.0396
23,2026-01-02 09:17:00,Lorien Testard,Lumière - Lumière à l’Aube,232000,0.06444444444444444,3.8666666666666667,9,1,Friday,False,2026-01,Lumière - Lumière à l’Aube Lorien Testard,0.881,0.599,0.136,0.855,0.101,-19.403,0.0435,149.849,0.396
24,2026-01-02 09:22:00,Queen,Who Wants To Live Forever - Remastered 2011,315653,0.08768138888888889,5.260883333333333,9,1,Friday,False,2026-01,Who Wants To Live Forever - Remastered 2011 Queen,0.544,0.182,0.388,0.00134,0.114,-8.672,0.0324,139.276,0.0392
25,2026-01-02 09:25:00,Harry Nilsson,One,138633,0.038509166666666664,2.31055,9,1,Friday,False,2026-01,One Harry Nilsson,0.946,0.455,0.063,0.000131,0.1,-21.191,0.0386,125.333,0.208
26,2026-01-04 09:51:00,The 'Les Misérables 2010' Company,One Day More - Live,33632,0.009342222222222222,0.5605333333333333,9,1,Sunday,False,2026-01,One Day More - Live The 'Les Misérables 2010' Company,0.821,0.265,0.456,0.0,0.741,-8.938,0.0479,81.506,0.122
27,2026-01-05 05:55:00,Nicholas Britell,Allegro in C Minor,36111,0.010030833333333333,0.60185,5,1,Monday,False,2026-01,Allegro in C Minor Nicholas Britell,0.536,0.664,0.519,0.957,0.0814,-8.792,0.0355,140.769,0.04
28,2026-01-05 06:00:00,Els Amics De Les Arts,El Código Da Vinci,18547,0.005151944444444444,0.30911666666666665,6,1,Monday,True,2026-01,El Código Da Vinci Els Amics De Les Arts,0.195,0.558,0.545,1.37e-05,0.152,-9.925,0.0825,83.297,0.693
29,2026-01-05 06:15:00,Lin-Manuel Miranda,My Shot,19992,0.005553333333333334,0.3332,6,1,Monday,True,2026-01,My Shot Lin-Manuel Miranda,,,,,,,,,
30,2026-01-05 06:20:00,John Williams,Anakin's Dark Deeds,41591,0.011553055555555556,0.6931833333333334,6,1,Monday,False,2026-01,Anakin's Dark Deeds John Williams,,,,,,,,,
31,2026-01-05 06:30:00,John Williams,Padmé's Ruminations,17094,0.004748333333333334,0.2849,6,1,Monday,True,2026-01,Padmé's Ruminations John Williams,,,,,,,,,
32,2026-01-05 06:40:00,Larry Saltzman,Miss Thing,28882,0.008022777777777778,0.48136666666666666,6,1,Monday,True,2026-01,Miss Thing Larry Saltzman,0.748,0.588,0.219,0.912,0.113,-12.265,0.0334,120.091,0.453
33,2026-01-05 06:44:00,Malukah,The Rains of Castamere - Remastered 2022,112898,0.03136055555555556,1.8816333333333333,6,1,Monday,False,2026-01,The Rains of Castamere - Remastered 2022 Malukah,0.958,0.496,0.102,1.7e-06,0.11,-11.681,0.0338,99.309,0.236
34,2026-01-05 07:06:00,Royal Philharmonic Orchestra,"Tomorrow Never Dies - From ""Tomorrow Never Dies""",4665,0.0012958333333333333,0.07775,7,1,Monday,True,2026-01,"Tomorrow Never Dies - From ""Tomorrow Never Dies"" Royal Philharmonic Orchestra",,,,,,,,,
35,2026-01-05 11:00:00,Malukah,The Rains of Castamere - Remastered 2022,23636,0.006565555555555555,0.39393333333333336,11,1,Monday,True,2026-01,The Rains of Castamere - Remastered 2022 Malukah,0.958,0.496,0.102,1.7e-06,0.11,-11.681,0.0338,99.309,0.236
36,2026-01-05 11:04:00,Michael John Hall,Ground Control To Major Tom,215587,0.05988527777777778,3.5931166666666665,11,1,Monday,False,2026-01,Ground Control To Major Tom Michael John Hall,0.99,0.358,0.0151,0.889,0.122,-27.287,0.0444,74.919,0.0848
37,2026-01-05 11:10:00,Annie Lennox,Into the West,347600,0.09655555555555556,5.793333333333333,11,1,Monday,False,2026-01,Into the West Annie Lennox,0.914,0.312,0.031,8.81e-06,0.0949,-22.035,0.037,92.074,0.0399
38,2026-01-05 11:12:00,James Newton Howard,A Close Friend,111126,0.030868333333333334,1.8521,11,1,Monday,False,2026-01,A Close Friend James Newton Howard,0.976,0.082,0.0158,0.988,0.0855,-33.355,0.0466,170.441,0.0377
39,2026-01-05 11:14:00,The Cinematic Orchestra,Arrival of the Birds,157240,0.04367777777777778,2.6206666666666667,11,1,Monday,False,2026-01,Arrival of the Birds The Cinematic Orchestra,0.937,0.175,0.143,0.933,0.0915,-17.439,0.0412,173.33,0.0662
40,2026-01-05 15:35:00,a-ha,Take On Me - 2017 Acoustic,1889,0.0005247222222222222,0.031483333333333335,15,1,Monday,True,2026-01,Take On Me - 2017 Acoustic a-ha,0.92,0.437,0.188,1.26e-05,0.0988,-10.868,0.0307,103.883,0.223
41,2026-01-05 15:35:00,Ja T'ho Dire,Si Vens (Remasteritzat 2013),544,0.0001511111111111111,0.009066666666666667,15,1,Monday,True,2026-01,Si Vens (Remasteritzat 2013) Ja T'ho Dire,0.684,0.686,0.745,0.0,0.0837,-5.648,0.0399,138.197,0.573
42,2026-01-05 15:39:00,Cast of the Motion Picture RENT,Love Heals - Bonus Track,13536,0.00376,0.2256,15,1,Monday,True,2026-01,Love Heals - Bonus Track Cast of the Motion Picture RENT,0.191,0.387,0.611,0.0,0.257,-4.619,0.0322,101.626,0.329
43,2026-01-05 15:39:00,One Piano,Light My Candle,4064,0.001128888888888889,0.06773333333333334,15,1,Monday,True,2026-01,Light My Candle One Piano,0.731,0.614,0.357,0.887,0.0934,-15.498,0.051,138.968,0.377
44,2026-01-05 15:39:00,Lorien Testard,"Lumiére (From ""Clair Obscur: Expedition 33"") - Cover Español",222208,0.06172444444444444,3.7034666666666665,15,1,Monday,False,2026-01,"Lumiére (From ""Clair Obscur: Expedition 33"") - Cover Español Lorien Testard",,,,,,,,,
45,2026-01-05 15:40:00,Andrew Lloyd Webber,Everything's Alright - Remastered 2005,9602,0.0026672222222222223,0.16003333333333333,15,1,Monday,True,2026-01,Everything's Alright - Remastered 2005 Andrew Lloyd Webber,,,,,,,,,
46,2026-01-05 15:42:00,Hugh Jackman,"Who Am I? - From ""Les Miserables''",157453,0.043736944444444446,2.624216666666667,15,1,Monday,False,2026-01,"Who Am I? - From ""Les Miserables'' Hugh Jackman",0.81,0.374,0.303,0.0,0.192,-13.184,0.0848,77.537,0.182
47,2026-01-05 15:46:00,El Canto Del Loco,No Puedo Vivir Sin Ti,11344,0.003151111111111111,0.18906666666666666,15,1,Monday,True,2026-01,No Puedo Vivir Sin Ti El Canto Del Loco,0.0246,0.666,0.834,0.0,0.208,-3.314,0.0318,129.982,0.61
48,2026-01-05 15:46:00,Gary Morris,One Day More!,209147,0.05809638888888889,3.4857833333333335,15,1,Monday,False,2026-01,One Day More! Gary Morris,0.9,0.326,0.322,4.68e-06,0.112,-12.355,0.0364,92.038,0.233
49,2026-01-05 15:46:00,Low Roar,St. Eriksplan,5660,0.0015722222222222223,0.09433333333333334,15,1,Monday,True,2026-01,St. Eriksplan Low Roar,0.731,0.453,0.236,0.596,0.12,-12.606,0.0282,98.065,0.19
50,2026-01-05 15:48:00,One Piano,James Bond Theme,119946,0.03331833333333333,1.9991,15,1,Monday,False,2026-01,James Bond Theme One Piano,,,,,,,,,
51,2026-01-05 15:51:00,Antònia Font,Love Song,181467,0.0504075,3.02445,15,1,Monday,False,2026-01,Love Song Antònia Font,0.0196,0.651,0.781,0.0077,0.401,-5.715,0.0273,115.986,0.711
52,2026-01-05 15:51:00,Nirvana,Mr. Moustache,7765,0.0021569444444444444,0.12941666666666668,15,1,Monday,True,2026-01,Mr. Moustache Nirvana,5.58e-06,0.194,0.898,0.141,0.108,-6.12,0.0608,177.191,0.482
53,2026-01-05 15:52:00,Els Amics De Les Arts,Les Meves Ex I Tu,1885,0.0005236111111111111,0.03141666666666667,15,1,Monday,True,2026-01,Les Meves Ex I Tu Els Amics De Les Arts,0.292,0.624,0.751,0.0,0.12,-9.151,0.0434,140.044,0.669
54,2026-01-05 15:52:00,One Piano,Hooked on a Feeling,1405,0.0003902777777777778,0.023416666666666665,15,1,Monday,True,2026-01,Hooked on a Feeling One Piano,0.961,0.75,0.458,0.95,0.106,-9.363,0.0494,116.139,0.285
55,2026-01-05 15:52:00,Nirvana,Polly,941,0.0002613888888888889,0.015683333333333334,15,1,Monday,True,2026-01,Polly Nirvana,0.884,0.83,0.382,0.301,0.11,-11.231,0.0566,121.12,0.54
56,2026-01-05 15:52:00,Blue Claw Philharmonic,Symphony No. 5 (Remix) [Beethoven's Fifth Symphony] [Electric Guitar Solo Rock Metal],2640,0.0007333333333333333,0.044,15,1,Monday,True,2026-01,Symphony No. 5 (Remix) [Beethoven's Fifth Symphony] [Electric Guitar Solo Rock Metal] Blue Claw Philharmonic,0.786,0.138,0.394,0.976,0.0475,-6.077,0.038,83.733,0.675
57,2026-01-05 15:52:00,Royal Philharmonic Orchestra,"Live And Let Die - From ""Live And Let Die""",1080,0.0003,0.018,15,1,Monday,True,2026-01,"Live And Let Die - From ""Live And Let Die"" Royal Philharmonic Orchestra",,,,,,,,,
58,2026-01-05 15:52:00,Nicholas Britell,"Roman's Beat - ""Hearts""",1030,0.0002861111111111111,0.017166666666666667,15,1,Monday,True,2026-01,"Roman's Beat - ""Hearts"" Nicholas Britell",0.0536,0.8,0.714,0.869,0.0809,-8.447,0.028,88.14,0.504
59,2026-01-05 15:52:00,Nirvana,Marigold,15642,0.004345,0.2607,15,1,Monday,True,2026-01,Marigold Nirvana,0.126,0.367,0.326,0.000599,0.12,-13.025,0.0395,175.109,0.333
60,2026-01-05 16:00:00,Ted Neeley,"The Temple - From ""Jesus Christ Superstar"" Soundtrack",336067,0.09335194444444445,5.601116666666667,16,1,Monday,False,2026-01,"The Temple - From ""Jesus Christ Superstar"" Soundtrack Ted Neeley",0.417,0.329,0.6,0.0178,0.0793,-11.273,0.0736,102.448,0.353
61,2026-01-05 16:03:00,Ryan Gosling,I'm Just Ken,222634,0.06184277777777778,3.710566666666667,16,1,Monday,False,2026-01,I'm Just Ken Ryan Gosling,0.0264,0.352,0.628,4.74e-05,0.0952,-6.259,0.0428,140.431,0.387
62,2026-01-05 16:07:00,Royal Philharmonic Orchestra,"You Know My Name - From ""Casino Royale""",232720,0.06464444444444445,3.8786666666666667,16,1,Monday,False,2026-01,"You Know My Name - From ""Casino Royale"" Royal Philharmonic Orchestra",,,,,,,,,
63,2026-01-05 16:11:00,Mister Bond,Goldeneye,248267,0.06896305555555556,4.137783333333333,16,1,Monday,False,2026-01,Goldeneye Mister Bond,0.0849,0.65,0.752,5.66e-06,0.095,-4.023,0.0429,91.042,0.687
64,2026-01-05 16:16:00,Metallica,Until It Sleeps - Live,269973,0.0749925,4.49955,16,1,Monday,False,2026-01,Until It Sleeps - Live Metallica,9.23e-06,0.27,0.942,0.000286,0.404,-4.145,0.061,125.098,0.304
65,2026-01-05 16:20:00,Rufus Wainwright,Across The Universe - Remix,249387,0.06927416666666666,4.15645,16,1,Monday,False,2026-01,Across The Universe - Remix Rufus Wainwright,0.518,0.344,0.414,0.0,0.0982,-6.567,0.0269,148.591,0.201
66,2026-01-05 16:24:00,Nicholas Britell,Honesty (feat. Kendall Roy),234828,0.06523,3.9138,16,1,Monday,False,2026-01,Honesty (feat. Kendall Roy) Nicholas Britell,0.777,0.478,0.175,0.0,0.102,-14.347,0.0553,79.326,0.173
67,2026-01-05 16:28:00,Els Amics De Les Arts,La Merda Se'ns Menja,220853,0.06134805555555556,3.6808833333333335,16,1,Monday,False,2026-01,La Merda Se'ns Menja Els Amics De Les Arts,0.512,0.433,0.433,0.0,0.822,-11.673,0.115,78.453,0.496
68,2026-01-05 16:53:00,Peter Gabriel,My Body Is A Cage,60111,0.0166975,1.00185,16,1,Monday,False,2026-01,My Body Is A Cage Peter Gabriel,0.849,0.341,0.114,0.0938,0.104,-12.885,0.0341,78.912,0.0806
69,2026-01-07 06:55:00,The Beatles,You've Got To Hide Your Love Away - Remastered 2009,18973,0.005270277777777777,0.31621666666666665,6,1,Wednesday,True,2026-01,You've Got To Hide Your Love Away - Remastered 2009 The Beatles,0.211,0.399,0.394,0.0,0.102,-9.05,0.0282,184.274,0.382
70,2026-01-07 07:00:00,Antònia Font,Oh la la,10263,0.0028508333333333333,0.17105,7,1,Wednesday,True,2026-01,Oh la la Antònia Font,0.32,0.651,0.448,5.57e-06,0.11,-11.951,0.0281,134.989,0.788
71,2026-01-07 07:05:00,Metallica,Wherever I May Roam - Remastered 2021,5915,0.0016430555555555556,0.09858333333333333,7,1,Wednesday,True,2026-01,Wherever I May Roam - Remastered 2021 Metallica,0.000617,0.537,0.831,0.000571,0.117,-7.467,0.0364,131.384,0.351
72,2026-01-07 07:10:00,Nicholas Britell,"Kendall's Departure - ""This Is Not For Tears""",18659,0.005183055555555555,0.31098333333333333,7,1,Wednesday,True,2026-01,"Kendall's Departure - ""This Is Not For Tears"" Nicholas Britell",0.968,0.0949,0.0963,0.935,0.0695,-18.787,0.0446,72.893,0.0344
73,2026-01-07 07:49:00,David Bowie,Space Oddity - 2015 Remaster,8616,0.0023933333333333333,0.1436,7,1,Wednesday,True,2026-01,Space Oddity - 2015 Remaster David Bowie,0.0726,0.31,0.403,9.27e-05,0.139,-13.664,0.0326,134.48,0.466
74,2026-01-07 12:00:00,David Bowie,Space Oddity - 2015 Remaster,1554,0.0004316666666666667,0.0259,12,1,Wednesday,True,2026-01,Space Oddity - 2015 Remaster David Bowie,0.0726,0.31,0.403,9.27e-05,0.139,-13.664,0.0326,134.48,0.466
75,2026-01-07 14:40:00,One Piano,Come and Get Your Love,930,0.00025833333333333334,0.0155,14,1,Wednesday,True,2026-01,Come and Get Your Love One Piano,0.971,0.377,0.15,0.934,0.101,-23.731,0.0434,116.363,0.182
76,2026-01-07 14:40:00,Halocene,Bohemian Rhapsody,1310,0.0003638888888888889,0.021833333333333333,14,1,Wednesday,True,2026-01,Bohemian Rhapsody Halocene,0.252,0.323,0.521,1.17e-06,0.11,-7.286,0.0336,145.515,0.325
77,2026-01-07 14:40:00,Els Amics De Les Arts,A Vegades - En Directe Al Festival De Cap Roig / 2015,963,0.0002675,0.01605,14,1,Wednesday,True,2026-01,A Vegades - En Directe Al Festival De Cap Roig / 2015 Els Amics De Les Arts,0.00445,0.36,0.774,0.0,0.817,-7.461,0.0513,147.337,0.374
78,2026-01-07 14:40:00,One Piano,Out Tonight,0,0.0,0.0,14,1,Wednesday,True,2026-01,Out Tonight One Piano,0.833,0.54,0.236,0.91,0.0973,-18.459,0.0554,137.044,0.327
79,2026-01-07 14:40:00,Low Roar,I'll Keep Coming,0,0.0,0.0,14,1,Wednesday,True,2026-01,I'll Keep Coming Low Roar,0.0372,0.332,0.596,0.413,0.298,-5.607,0.0521,140.104,0.0996
80,2026-01-07 14:44:00,Antònia Font,Tots es motors,242533,0.06737027777777778,4.042216666666667,14,1,Wednesday,False,2026-01,Tots es motors Antònia Font,0.12,0.536,0.827,0.000374,0.309,-8.064,0.0308,108.203,0.598
81,2026-01-07 14:46:00,Manu Guix,El Bevedor,123400,0.034277777777777775,2.0566666666666666,14,1,Wednesday,False,2026-01,El Bevedor Manu Guix,,,,,,,,,
82,2026-01-07 14:49:00,Manu Guix,Vaig Aprendre Original Cast - Bonus Track,178653,0.049625833333333334,2.97755,14,1,Wednesday,False,2026-01,Vaig Aprendre Original Cast - Bonus Track Manu Guix,,,,,,,,,
83,2026-01-07 14:49:00,Nicholas Britell,Concerto Grosso in C Minor - Ripieno Strings,8722,0.0024227777777777776,0.14536666666666667,14,1,Wednesday,True,2026-01,Concerto Grosso in C Minor - Ripieno Strings Nicholas Britell,0.508,0.1,0.0836,0.914,0.0985,-17.266,0.0455,168.96,0.0936
84,2026-01-07 14:51:00,Eric Clapton,Layla - Acoustic Live,2457,0.0006825,0.04095,14,1,Wednesday,True,2026-01,Layla - Acoustic Live Eric Clapton,0.318,0.559,0.524,0.00094,0.933,-11.64,0.0462,93.85,0.652
85,2026-01-07 14:51:00,The Doors,People Are Strange,112750,0.03131944444444444,1.8791666666666667,14,1,Wednesday,False,2026-01,People Are Strange The Doors,0.685,0.699,0.467,0.0,0.315,-8.578,0.0375,119.287,0.764
86,2026-01-07 14:51:00,Nirvana,Oh Me - Live,974,0.00027055555555555557,0.016233333333333332,14,1,Wednesday,True,2026-01,Oh Me - Live Nirvana,0.726,0.538,0.51,0.0187,0.205,-13.192,0.102,72.471,0.262
87,2026-01-07 14:51:00,Sharon Isbin,Boston Common,0,0.0,0.0,14,1,Wednesday,True,2026-01,Boston Common Sharon Isbin,0.983,0.487,0.0418,0.912,0.1,-20.39,0.0431,120.15,0.0773
88,2026-01-07 14:51:00,The Beatles,Happiness Is A Warm Gun - Remastered 2009,0,0.0,0.0,14,1,Wednesday,True,2026-01,Happiness Is A Warm Gun - Remastered 2009 The Beatles,0.523,0.431,0.54,1.34e-06,0.169,-9.6,0.0589,139.288,0.44
89,2026-01-07 14:51:00,The Doors,The End,2030,0.0005638888888888888,0.03383333333333333,14,1,Wednesday,True,2026-01,The End The Doors,0.285,0.351,0.228,0.00116,0.123,-17.271,0.0307,104.551,0.0329
90,2026-01-07 14:51:00,Himesh Patel,"Yesterday - From The Album ""One Man Only""",1111,0.0003086111111111111,0.018516666666666667,14,1,Wednesday,True,2026-01,"Yesterday - From The Album ""One Man Only"" Himesh Patel",0.805,0.455,0.124,0.00555,0.112,-18.411,0.0325,94.025,0.221
91,2026-01-07 14:51:00,Low Roar,Bones,1353,0.0003758333333333333,0.02255,14,1,Wednesday,True,2026-01,Bones Low Roar,0.25,0.508,0.411,0.00981,0.162,-9.857,0.0386,69.995,0.353
92,2026-01-07 14:55:00,One Piano,Drink With Me (To Days Gone By),1143,0.0003175,0.01905,14,1,Wednesday,True,2026-01,Drink With Me (To Days Gone By) One Piano,0.918,0.475,0.307,0.934,0.103,-14.519,0.0623,179.898,0.367
93,2026-01-07 14:55:00,Royal Philharmonic Orchestra,"You Only Live Twice - From ""You Only Live Twice""",1169,0.00032472222222222223,0.01948333333333333,14,1,Wednesday,True,2026-01,"You Only Live Twice - From ""You Only Live Twice"" Royal Philharmonic Orchestra",,,,,,,,,
94,2026-01-07 14:55:00,One Piano,One Day More,232376,0.06454888888888889,3.872933333333333,14,1,Wednesday,False,2026-01,One Day More One Piano,,,,,,,,,
95,2026-01-07 14:55:00,Piano Tribute Players,Take Me or Leave Me,49,1.3611111111111111e-05,0.0008166666666666667,14,1,Wednesday,True,2026-01,Take Me or Leave Me Piano Tribute Players,0.992,0.374,0.295,0.963,0.114,-15.377,0.0657,116.956,0.463
96,2026-01-07 14:55:00,Simon & Garfunkel,The Sound of Silence - Acoustic Version,866,0.00024055555555555554,0.014433333333333333,14,1,Wednesday,True,2026-01,The Sound of Silence - Acoustic Version Simon & Garfunkel,0.837,0.525,0.216,0.0,0.107,-13.551,0.0301,106.761,0.328
97,2026-01-07 14:55:00,Emily Watts,La Vie En Rose,4078,0.0011327777777777777,0.06796666666666666,14,1,Wednesday,True,2026-01,La Vie En Rose Emily Watts,0.957,0.419,0.0842,0.0,0.285,-17.542,0.0341,88.278,0.246
98,2026-01-07 14:55:00,One Piano,Thunderball,591,0.00016416666666666665,0.00985,14,1,Wednesday,True,2026-01,Thunderball One Piano,0.978,0.648,0.37,0.938,0.176,-8.028,0.0303,92.944,0.151
99,2026-01-07 15:09:00,Russell Crowe,Javert's Suicide,137960,0.03832222222222222,2.2993333333333332,15,1,Wednesday,False,2026-01,Javert's Suicide Russell Crowe,0.682,0.417,0.336,0.0,0.348,-14.455,0.0858,106.928,0.234
100,2026-01-07 16:02:00,Anne Hathaway,"I Dreamed A Dream - From ""Les Misérables""",13651,0.0037919444444444446,0.22751666666666667,16,1,Wednesday,True,2026-01,"I Dreamed A Dream - From ""Les Misérables"" Anne Hathaway",0.94,0.274,0.0742,2.37e-05,0.0869,-17.234,0.0456,93.48,0.15
101,2026-01-07 16:02:00,Russell Crowe,Javert's Suicide,37548,0.01043,0.6258,16,1,Wednesday,False,2026-01,Javert's Suicide Russell Crowe,0.682,0.417,0.336,0.0,0.348,-14.455,0.0858,106.928,0.234
102,2026-01-07 16:03:00,Gabriella Quevedo,Love of My Life,33478,0.009299444444444445,0.5579666666666667,16,1,Wednesday,False,2026-01,Love of My Life Gabriella Quevedo,0.926,0.421,0.312,0.914,0.163,-10.938,0.0473,163.705,0.342
103,2026-01-07 16:05:00,Anthony Rapp,Halloween,15179,0.004216388888888889,0.25298333333333334,16,1,Wednesday,True,2026-01,Halloween Anthony Rapp,0.549,0.451,0.534,0.0,0.12,-6.946,0.0289,87.097,0.729
104,2026-01-07 16:05:00,Nicholas Britell,"""My Dear, Dear, World of a Father""",117680,0.03268888888888889,1.9613333333333334,16,1,Wednesday,False,2026-01,"""My Dear, Dear, World of a Father"" Nicholas Britell",0.987,0.446,0.0152,0.911,0.084,-24.392,0.0498,65.51,0.0435
105,2026-01-07 16:09:00,Metallica,One - Live,0,0.0,0.0,16,1,Wednesday,True,2026-01,One - Live Metallica,6.72e-06,0.291,0.948,0.271,0.992,-5.713,0.124,123.76,0.267
106,2026-01-07 16:09:00,Scott Bradlee's Postmodern Jukebox,Creep,9628,0.0026744444444444446,0.16046666666666667,16,1,Wednesday,True,2026-01,Creep Scott Bradlee's Postmodern Jukebox,0.697,0.292,0.359,1.85e-05,0.108,-9.043,0.0328,177.334,0.228
107,2026-01-07 16:09:00,Jim Sturgess,"Across The Universe - From ""Across The Universe"" Soundtrack",207787,0.05771861111111111,3.4631166666666666,16,1,Wednesday,False,2026-01,"Across The Universe - From ""Across The Universe"" Soundtrack Jim Sturgess",0.0402,0.459,0.498,1.9e-06,0.355,-8.361,0.0806,116.485,0.435
108,2026-01-07 16:13:00,David Arnold,Addicted to a Certain Lifestyle,230267,0.06396305555555555,3.8377833333333333,16,1,Wednesday,False,2026-01,Addicted to a Certain Lifestyle David Arnold,,,,,,,,,
109,2026-01-07 16:14:00,Nicholas Britell,Ricercare - Strings and Voices - Bonus Track,78613,0.021836944444444444,1.3102166666666666,16,1,Wednesday,False,2026-01,Ricercare - Strings and Voices - Bonus Track Nicholas Britell,0.775,0.17,0.149,0.749,0.0711,-17.175,0.0435,84.612,0.0378
110,2026-01-07 16:18:00,The Blue Notes,No Time To Die - Piano Rendition,246555,0.0684875,4.10925,16,1,Wednesday,False,2026-01,No Time To Die - Piano Rendition The Blue Notes,0.979,0.534,0.25,0.937,0.106,-13.141,0.0675,143.921,0.0631
111,2026-01-07 16:25:00,John Williams,"Germany, 1944",282893,0.0785813888888889,4.714883333333334,16,1,Wednesday,False,2026-01,"Germany, 1944 John Williams",0.631,0.279,0.143,0.734,0.112,-17.934,0.0389,123.996,0.0399
112,2026-01-07 16:29:00,Els Amics De Les Arts,Liverpool,271387,0.07538527777777777,4.523116666666667,16,1,Wednesday,False,2026-01,Liverpool Els Amics De Les Arts,0.777,0.455,0.269,3.63e-06,0.338,-14.04,0.0531,132.284,0.196
113,2026-01-07 16:32:00,Eddie Redmayne,Empty Chairs At Empty Tables,191213,0.05311472222222222,3.1868833333333333,16,1,Wednesday,False,2026-01,Empty Chairs At Empty Tables Eddie Redmayne,0.944,0.299,0.0656,1.89e-05,0.0943,-18.002,0.0553,170.381,0.115
114,2026-01-07 16:35:00,Mishima,Menteix la primavera,0,0.0,0.0,16,1,Wednesday,True,2026-01,Menteix la primavera Mishima,0.328,0.768,0.502,0.203,0.101,-8.984,0.0339,112.525,0.667
115,2026-01-07 16:35:00,One Piano,Will I,840,0.00023333333333333333,0.014,16,1,Wednesday,True,2026-01,Will I One Piano,0.995,0.427,0.0572,0.93,0.0846,-23.374,0.0583,93.823,0.231
116,2026-01-07 16:35:00,Els Amics De Les Arts,4-3-3,177748,0.04937444444444444,2.962466666666667,16,1,Wednesday,False,2026-01,4-3-3 Els Amics De Les Arts,,,,,,,,,
117,2026-01-07 16:35:00,Amanda Seyfried,I Have A Dream - From 'Mamma Mia!' Original Motion Picture Soundtrack,1036,0.0002877777777777778,0.017266666666666666,16,1,Wednesday,True,2026-01,I Have A Dream - From 'Mamma Mia!' Original Motion Picture Soundtrack Amanda Seyfried,0.804,0.289,0.423,0.0,0.251,-7.269,0.029,205.104,0.472
118,2026-01-07 16:35:00,Els Amics De Les Arts,L'Home Que Va Matar Liberty Valance,1856,0.0005155555555555556,0.030933333333333334,16,1,Wednesday,True,2026-01,L'Home Que Va Matar Liberty Valance Els Amics De Les Arts,0.647,0.66,0.296,0.000596,0.108,-14.954,0.0327,102.983,0.236
119,2026-01-07 16:35:00,Menaix a Truà,No em Deixis Mai,962,0.00026722222222222224,0.016033333333333333,16,1,Wednesday,True,2026-01,No em Deixis Mai Menaix a Truà,0.371,0.711,0.503,0.413,0.107,-9.277,0.0279,122.01,0.678
120,2026-01-07 16:36:00,Els Amics De Les Arts,L'Home Que Treballa Fent De Gos - En Directe Al Festival De Cap Roig / 2015,0,0.0,0.0,16,1,Wednesday,True,2026-01,L'Home Que Treballa Fent De Gos - En Directe Al Festival De Cap Roig / 2015 Els Amics De Les Arts,0.0531,0.458,0.737,0.0,0.75,-7.785,0.0295,96.92,0.517
121,2026-01-07 16:36:00,Nicholas Britell,Intermezzo in C Minor - Piano and Double Bass,0,0.0,0.0,16,1,Wednesday,True,2026-01,Intermezzo in C Minor - Piano and Double Bass Nicholas Britell,0.993,0.679,0.0761,0.921,0.109,-19.963,0.0577,99.491,0.156
122,2026-01-07 16:36:00,Els Amics De Les Arts,Tots Els Homes D'Escòcia,0,0.0,0.0,16,1,Wednesday,True,2026-01,Tots Els Homes D'Escòcia Els Amics De Les Arts,0.917,0.512,0.279,1.98e-05,0.131,-11.31,0.037,124.342,0.43
123,2026-01-07 16:36:00,Els Amics De Les Arts,Bed & Breakfast,959,0.00026638888888888887,0.015983333333333332,16,1,Wednesday,True,2026-01,Bed & Breakfast Els Amics De Les Arts,0.761,0.757,0.601,2.63e-06,0.0818,-9.45,0.0653,123.997,0.916
124,2026-01-07 16:36:00,One Piano,Finale B,813,0.00022583333333333334,0.01355,16,1,Wednesday,True,2026-01,Finale B One Piano,0.972,0.244,0.114,0.881,0.284,-19.729,0.0376,145.611,0.262
125,2026-01-07 16:36:00,Redbone,Come and Get Your Love,1339,0.00037194444444444444,0.022316666666666665,16,1,Wednesday,True,2026-01,Come and Get Your Love Redbone,0.172,0.731,0.804,0.00028,0.0685,-7.621,0.0473,107.383,0.957
126,2026-01-07 16:36:00,The Beatles,"Hello, Goodbye - Remastered 2009",0,0.0,0.0,16,1,Wednesday,True,2026-01,"Hello, Goodbye - Remastered 2009 The Beatles",0.306,0.479,0.733,2.4e-05,0.414,-8.753,0.0257,99.313,0.806
127,2026-01-07 16:36:00,Murray Gold,A Good Man? (Twelve's Theme),1215,0.0003375,0.02025,16,1,Wednesday,True,2026-01,A Good Man? (Twelve's Theme) Murray Gold,,,,,,,,,
128,2026-01-07 16:40:00,Joel Minguet,Chopo Muerto,228772,0.06354777777777777,3.812866666666667,16,1,Wednesday,False,2026-01,Chopo Muerto Joel Minguet,0.759,0.713,0.357,3e-06,0.106,-11.99,0.0359,85.259,0.431
129,2026-01-07 16:42:00,Royal Philharmonic Orchestra,"A View To Kill - From ""A View To Kill""",136000,0.03777777777777778,2.2666666666666666,16,1,Wednesday,False,2026-01,"A View To Kill - From ""A View To Kill"" Royal Philharmonic Orchestra",,,,,,,,,
130,2026-01-07 16:46:00,Nicholas Britell,Honesty (feat. Kendall Roy),234828,0.06523,3.9138,16,1,Wednesday,False,2026-01,Honesty (feat. Kendall Roy) Nicholas Britell,0.777,0.478,0.175,0.0,0.102,-14.347,0.0553,79.326,0.173
131,2026-01-07 16:47:00,Macedònia,No Em Vull Fer Gran,6576,0.0018266666666666668,0.1096,16,1,Wednesday,True,2026-01,No Em Vull Fer Gran Macedònia,0.297,0.78,0.735,0.00385,0.299,-1.247,0.0266,106.983,0.689
132,2026-01-07 16:47:00,Pink Floyd,Have a Cigar,28102,0.007806111111111111,0.46836666666666665,16,1,Wednesday,True,2026-01,Have a Cigar Pink Floyd,0.407,0.454,0.65,0.0488,0.589,-10.191,0.0437,120.155,0.72
133,2026-01-07 16:50:00,Murray Gold,Break Free,183973,0.051103611111111114,3.0662166666666666,16,1,Wednesday,False,2026-01,Break Free Murray Gold,,,,,,,,,
134,2026-01-07 17:09:00,Anna Roig,Com pot ser?,82647,0.0229575,1.37745,17,1,Wednesday,False,2026-01,Com pot ser? Anna Roig,0.193,0.65,0.31,0.0333,0.0987,-13.884,0.0487,128.024,0.422
135,2026-01-08 18:00:00,Anna Roig,Com pot ser?,277599,0.07711083333333334,4.62665,18,1,Thursday,False,2026-01,Com pot ser? Anna Roig,0.193,0.65,0.31,0.0333,0.0987,-13.884,0.0487,128.024,0.422
136,2026-01-08 18:01:00,Scott Bradlee's Postmodern Jukebox,Don't Let Me Down,38920,0.010811111111111112,0.6486666666666666,18,1,Thursday,False,2026-01,Don't Let Me Down Scott Bradlee's Postmodern Jukebox,0.666,0.322,0.479,0.0,0.254,-8.338,0.0385,148.907,0.329
137,2026-01-08 18:04:00,Violet Orlandi,bad guy,1742,0.0004838888888888889,0.029033333333333335,18,1,Thursday,True,2026-01,bad guy Violet Orlandi,,,,,,,,,
138,2026-01-08 18:04:00,Simon & Garfunkel,Scarborough Fair / Canticle,17520,0.004866666666666667,0.292,18,1,Thursday,True,2026-01,Scarborough Fair / Canticle Simon & Garfunkel,0.65,0.336,0.248,0.0,0.113,-15.626,0.0324,128.548,0.298
139,2026-01-08 18:06:00,Sharon Isbin,Madolyn,134267,0.037296388888888886,2.2377833333333332,18,1,Thursday,False,2026-01,Madolyn Sharon Isbin,0.99,0.658,0.0635,0.95,0.105,-19.838,0.0847,183.961,0.352
140,2026-01-08 18:09:00,Pete Yorn,"Red Right Hand - From the Motion Picture ""Hellboy""",33873,0.009409166666666666,0.56455,18,1,Thursday,False,2026-01,"Red Right Hand - From the Motion Picture ""Hellboy"" Pete Yorn",0.267,0.743,0.649,0.622,0.216,-9.437,0.0265,113.984,0.948
141,2026-01-08 18:25:00,John Williams,Theme From Schindler's List,287099,0.07974972222222222,4.784983333333333,18,1,Thursday,False,2026-01,Theme From Schindler's List John Williams,0.859,0.142,0.113,0.838,0.107,-25.362,0.0415,98.575,0.0697
142,2026-01-08 18:58:00,John Williams,Theme From Schindler's List,103215,0.028670833333333333,1.72025,18,1,Thursday,False,2026-01,Theme From Schindler's List John Williams,0.859,0.142,0.113,0.838,0.107,-25.362,0.0415,98.575,0.0697
143,2026-01-08 19:09:00,Patrik Pietschmann,Schindler's List Main Theme - Piano Version,473701,0.1315836111111111,7.895016666666667,19,1,Thursday,False,2026-01,Schindler's List Main Theme - Piano Version Patrik Pietschmann,0.99,0.441,0.0578,0.876,0.0703,-21.398,0.048,98.48,0.0706
144,2026-01-08 19:32:00,Attila Fias,Schindler's List - Piano Instrumental,33044,0.00917888888888889,0.5507333333333333,19,1,Thursday,False,2026-01,Schindler's List - Piano Instrumental Attila Fias,0.979,0.499,0.147,0.912,0.145,-19.489,0.0604,113.859,0.143
145,2026-01-12 05:59:00,Lorien Testard,"Lumiére (From ""Clair Obscur: Expedition 33"") - Cover Español",24951,0.006930833333333333,0.41585,5,1,Monday,True,2026-01,"Lumiére (From ""Clair Obscur: Expedition 33"") - Cover Español Lorien Testard",,,,,,,,,
146,2026-01-12 06:00:00,Els Amics De Les Arts,El Matrimoni Arnolfini,12396,0.0034433333333333334,0.2066,6,1,Monday,True,2026-01,El Matrimoni Arnolfini Els Amics De Les Arts,0.117,0.601,0.859,3.09e-06,0.0777,-6.694,0.0784,107.809,0.766
147,2026-01-12 06:09:00,Antònia Font,Me Sobren Paraules,9785,0.0027180555555555556,0.16308333333333333,6,1,Monday,True,2026-01,Me Sobren Paraules Antònia Font,0.0626,0.57,0.574,0.00414,0.205,-11.591,0.0401,160.008,0.333
148,2026-01-12 06:10:00,a-ha,The Living Daylights - MTV Unplugged,10292,0.0028588888888888887,0.17153333333333334,6,1,Monday,True,2026-01,The Living Daylights - MTV Unplugged a-ha,0.265,0.581,0.762,9.8e-06,0.2,-8.54,0.0409,110.932,0.436
149,2026-01-12 06:15:00,The Beatles,Blackbird - 2018 Mix,9658,0.002682777777777778,0.16096666666666667,6,1,Monday,True,2026-01,Blackbird - 2018 Mix The Beatles,0.841,0.648,0.139,3.31e-06,0.0589,-14.744,0.0368,93.874,0.373
150,2026-01-12 06:19:00,One Piano,Overture (Work Song),6561,0.0018225,0.10935,6,1,Monday,True,2026-01,Overture (Work Song) One Piano,0.735,0.456,0.368,0.874,0.146,-16.465,0.0529,169.753,0.0667
151,2026-01-12 06:20:00,Antònia Font,Viure Sense Tu,9016,0.0025044444444444446,0.15026666666666666,6,1,Monday,True,2026-01,Viure Sense Tu Antònia Font,0.0771,0.565,0.534,0.0273,0.1,-12.05,0.0486,137.825,0.722
152,2026-01-12 06:30:00,Anna Roig,Escolta,6822,0.001895,0.1137,6,1,Monday,True,2026-01,Escolta Anna Roig,0.667,0.427,0.366,0.0841,0.0995,-13.625,0.0607,97.931,0.208
153,2026-01-12 06:40:00,Royal Philharmonic Orchestra,"Goldfinger - From ""Goldfinger""",14559,0.004044166666666666,0.24265,6,1,Monday,True,2026-01,"Goldfinger - From ""Goldfinger"" Royal Philharmonic Orchestra",,,,,,,,,
154,2026-01-12 06:45:00,Renée Elise Goldsberry,Ain't No Grave,27886,0.007746111111111111,0.46476666666666666,6,1,Monday,True,2026-01,Ain't No Grave Renée Elise Goldsberry,0.205,0.507,0.535,8e-06,0.112,-9.35,0.0571,144.188,0.462
155,2026-01-12 06:52:00,Lorien Testard,Un 33 Décembre à Paris,75908,0.021085555555555555,1.2651333333333334,6,1,Monday,False,2026-01,Un 33 Décembre à Paris Lorien Testard,0.982,0.488,0.185,0.625,0.138,-16.415,0.0377,119.978,0.171
156,2026-01-12 07:22:00,Els Amics De Les Arts,El senyal que esperaves,1949,0.0005413888888888889,0.032483333333333336,7,1,Monday,True,2026-01,El senyal que esperaves Els Amics De Les Arts,,,,,,,,,
157,2026-01-12 13:40:00,Lorien Testard,Un 33 Décembre à Paris,57093,0.015859166666666667,0.95155,13,1,Monday,False,2026-01,Un 33 Décembre à Paris Lorien Testard,0.982,0.488,0.185,0.625,0.138,-16.415,0.0377,119.978,0.171
158,2026-01-12 13:43:00,Gustavo Santaolalla,The Last of Us,183533,0.05098138888888889,3.058883333333333,13,1,Monday,False,2026-01,The Last of Us Gustavo Santaolalla,0.867,0.587,0.467,0.928,0.098,-12.392,0.0306,154.636,0.353
159,2026-01-12 13:47:00,Joe Hisaishi,The Sixth Station,218240,0.06062222222222222,3.6373333333333333,13,1,Monday,False,2026-01,The Sixth Station Joe Hisaishi,0.879,0.304,0.0463,0.803,0.0923,-25.773,0.0353,77.936,0.0392
160,2026-01-12 13:48:00,Hans Zimmer,Honor Him,79840,0.02217777777777778,1.3306666666666667,13,1,Monday,False,2026-01,Honor Him Hans Zimmer,0.857,0.194,0.105,0.884,0.117,-23.824,0.0418,68.08,0.0392
161,2026-01-12 13:51:00,Jamie Duffy,Solas,192594,0.053498333333333335,3.2099,13,1,Monday,False,2026-01,Solas Jamie Duffy,0.964,0.256,0.335,0.889,0.0932,-16.708,0.0362,85.807,0.35
162,2026-01-12 13:53:00,Alexandre Desplat,Extremely Loud and Incredibly Close,117673,0.03268694444444444,1.9612166666666666,13,1,Monday,False,2026-01,Extremely Loud and Incredibly Close Alexandre Desplat,0.991,0.474,0.0118,0.891,0.0622,-31.108,0.0318,79.1,0.0656
163,2026-01-12 13:56:00,Natalie Holt,Purpose Is Glorious,188367,0.052324166666666665,3.13945,13,1,Monday,False,2026-01,Purpose Is Glorious Natalie Holt,0.429,0.159,0.203,0.908,0.244,-14.684,0.0316,88.905,0.057
164,2026-01-12 14:01:00,Eric Clapton,Tears in Heaven - Acoustic Live,280000,0.07777777777777778,4.666666666666667,14,1,Monday,False,2026-01,Tears in Heaven - Acoustic Live Eric Clapton,0.806,0.694,0.331,0.00235,0.707,-13.0,0.0284,79.055,0.458
165,2026-01-12 14:05:00,Billy Boyd,The Last Goodbye,247360,0.06871111111111111,4.1226666666666665,14,1,Monday,False,2026-01,The Last Goodbye Billy Boyd,0.892,0.304,0.175,1.95e-05,0.084,-14.034,0.0311,93.716,0.162
166,2026-01-12 14:10:00,Hozier,"Blood Upon the Snow (From ""God of War Ragnarök"" Soundtrack)",271697,0.0754713888888889,4.528283333333333,14,1,Monday,False,2026-01,"Blood Upon the Snow (From ""God of War Ragnarök"" Soundtrack) Hozier",0.442,0.323,0.301,0.00131,0.164,-13.564,0.0344,126.221,0.276
167,2026-01-12 14:13:00,MUSASHI PROJECT,哀と悲,179520,0.04986666666666666,2.992,14,1,Monday,False,2026-01,哀と悲 MUSASHI PROJECT,0.743,0.28,0.183,0.525,0.173,-14.359,0.0361,119.685,0.0395
168,2026-01-12 14:17:00,Lorien Testard,Gustave,228000,0.06333333333333334,3.8,14,1,Monday,False,2026-01,Gustave Lorien Testard,0.955,0.353,0.299,0.862,0.12,-12.835,0.0318,80.135,0.284
169,2026-01-12 14:23:00,Ludovico Einaudi,Nuvole Bianche,357707,0.09936305555555555,5.961783333333333,14,1,Monday,False,2026-01,Nuvole Bianche Ludovico Einaudi,0.961,0.191,0.0582,0.89,0.0941,-25.398,0.0578,132.614,0.0454
170,2026-01-12 15:41:00,John Williams,Theme From Schindler's List,248250,0.06895833333333333,4.1375,15,1,Monday,False,2026-01,Theme From Schindler's List John Williams,0.859,0.142,0.113,0.838,0.107,-25.362,0.0415,98.575,0.0697
171,2026-01-12 15:46:00,John Williams,Theme From Schindler's List,384946,0.10692944444444444,6.415766666666666,15,1,Monday,False,2026-01,Theme From Schindler's List John Williams,0.859,0.142,0.113,0.838,0.107,-25.362,0.0415,98.575,0.0697
172,2026-01-12 15:47:00,Annie Lennox,Into the West,8557,0.0023769444444444445,0.14261666666666667,15,1,Monday,True,2026-01,Into the West Annie Lennox,0.914,0.312,0.031,8.81e-06,0.0949,-22.035,0.037,92.074,0.0399
173,2026-01-12 15:52:00,Hans Zimmer,Organ Variation,291803,0.08105638888888889,4.863383333333333,15,1,Monday,False,2026-01,Organ Variation Hans Zimmer,0.933,0.179,0.00256,0.861,0.0826,-31.258,0.0421,66.138,0.0334
174,2026-01-12 15:54:00,David Arnold,"Vesper (From ""Casino Royale"" Soundtrack)",104147,0.02892972222222222,1.7357833333333332,15,1,Monday,False,2026-01,"Vesper (From ""Casino Royale"" Soundtrack) David Arnold",0.886,0.235,0.0546,0.913,0.0711,-23.644,0.0391,63.678,0.071
175,2026-01-12 15:57:00,Lorien Testard,Alicia,170000,0.04722222222222222,2.8333333333333335,15,1,Monday,False,2026-01,Alicia Lorien Testard,0.958,0.16,0.149,2.17e-06,0.156,-12.107,0.0419,169.141,0.141
176,2026-01-12 16:57:00,James Newton Howard,A Close Friend,3692,0.0010255555555555556,0.061533333333333336,16,1,Monday,True,2026-01,A Close Friend James Newton Howard,0.976,0.082,0.0158,0.988,0.0855,-33.355,0.0466,170.441,0.0377
177,2026-01-12 17:02:00,Michael John Hall,Ground Control To Major Tom,3220,0.0008944444444444445,0.05366666666666667,17,1,Monday,True,2026-01,Ground Control To Major Tom Michael John Hall,0.99,0.358,0.0151,0.889,0.122,-27.287,0.0444,74.919,0.0848
178,2026-01-12 17:03:00,The Irrepressibles,In This Shirt,956,0.00026555555555555555,0.015933333333333334,17,1,Monday,True,2026-01,In This Shirt The Irrepressibles,0.691,0.293,0.394,0.382,0.157,-9.581,0.0299,80.168,0.0384
179,2026-01-12 17:03:00,Max Richter,The Departure,1192,0.0003311111111111111,0.019866666666666668,17,1,Monday,True,2026-01,The Departure Max Richter,0.996,0.384,0.00341,0.943,0.0964,-39.053,0.0447,116.941,0.117
180,2026-01-12 17:08:00,The Irrepressibles,In This Shirt,335147,0.0930963888888889,5.5857833333333335,17,1,Monday,False,2026-01,In This Shirt The Irrepressibles,0.691,0.293,0.394,0.382,0.157,-9.581,0.0299,80.168,0.0384
181,2026-01-12 17:09:00,Max Richter,The Departure,75849,0.021069166666666667,1.26415,17,1,Monday,False,2026-01,The Departure Max Richter,0.996,0.384,0.00341,0.943,0.0964,-39.053,0.0447,116.941,0.117
182,2026-01-12 17:21:00,Ramin Djawadi,Light of the Seven,589095,0.1636375,9.81825,17,1,Monday,False,2026-01,Light of the Seven Ramin Djawadi,0.903,0.273,0.102,0.721,0.268,-16.843,0.0494,120.378,0.0583
183,2026-01-12 17:25:00,Wesley Sprayue,Across the Stars - Piano,210071,0.058353055555555554,3.5011833333333335,17,1,Monday,False,2026-01,Across the Stars - Piano Wesley Sprayue,0.993,0.474,0.0211,0.949,0.0754,-24.212,0.0527,79.368,0.183
184,2026-01-12 17:46:00,John Williams,Across the Stars,226718,0.06297722222222223,3.7786333333333335,17,1,Monday,False,2026-01,Across the Stars John Williams,,,,,,,,,
185,2026-01-13 06:00:00,Patrik Pietschmann,Toss a Coin to Your Witcher - Piano Version,43881,0.012189166666666666,0.73135,6,1,Tuesday,False,2026-01,Toss a Coin to Your Witcher - Piano Version Patrik Pietschmann,0.977,0.62,0.259,0.829,0.131,-17.96,0.0433,104.9,0.116
186,2026-01-13 06:15:00,Els Amics De Les Arts,Noble Art,13454,0.003737222222222222,0.22423333333333334,6,1,Tuesday,True,2026-01,Noble Art Els Amics De Les Arts,0.222,0.786,0.502,0.0,0.0602,-7.388,0.0481,130.067,0.841
187,2026-01-13 06:20:00,Els Amics De Les Arts,Et vaig dir,23616,0.00656,0.3936,6,1,Tuesday,True,2026-01,Et vaig dir Els Amics De Les Arts,0.355,0.497,0.582,0.000112,0.099,-6.452,0.04,80.089,0.239
188,2026-01-13 06:30:00,Nicholas Britell,It's Done,9665,0.002684722222222222,0.16108333333333333,6,1,Tuesday,True,2026-01,It's Done Nicholas Britell,0.862,0.19,0.142,0.852,0.104,-18.507,0.0359,66.967,0.0444
189,2026-01-13 06:40:00,Jim Sturgess,Girl,13867,0.0038519444444444443,0.23111666666666666,6,1,Tuesday,True,2026-01,Girl Jim Sturgess,0.964,0.327,0.0986,0.0,0.091,-14.667,0.0469,74.851,0.272
190,2026-01-13 06:58:00,Piano Tribute Players,Will I? - Instrumental,8077,0.002243611111111111,0.13461666666666666,6,1,Tuesday,True,2026-01,Will I? - Instrumental Piano Tribute Players,0.962,0.486,0.0369,0.887,0.0844,-24.019,0.0593,82.158,0.239
191,2026-01-13 12:13:00,John Williams,Across the Stars,80317,0.022310277777777776,1.3386166666666666,12,1,Tuesday,False,2026-01,Across the Stars John Williams,,,,,,,,,
192,2026-01-13 12:18:00,Queen,Who Wants To Live Forever - Remastered 2011,132707,0.03686305555555556,2.2117833333333334,12,1,Tuesday,False,2026-01,Who Wants To Live Forever - Remastered 2011 Queen,0.544,0.182,0.388,0.00134,0.114,-8.672,0.0324,139.276,0.0392
193,2026-01-13 15:06:00,Kurt Cobain,And I Love Her,5344,0.0014844444444444445,0.08906666666666667,15,1,Tuesday,True,2026-01,And I Love Her Kurt Cobain,0.983,0.61,0.287,0.827,0.129,-15.299,0.0328,96.697,0.459
194,2026-01-13 15:06:00,Queen,Who Wants To Live Forever - Remastered 2011,13351,0.0037086111111111113,0.22251666666666667,15,1,Tuesday,True,2026-01,Who Wants To Live Forever - Remastered 2011 Queen,0.544,0.182,0.388,0.00134,0.114,-8.672,0.0324,139.276,0.0392
195,2026-01-13 15:06:00,John Williams,Across the Stars,307000,0.08527777777777777,5.116666666666666,15,1,Tuesday,False,2026-01,Across the Stars John Williams,,,,,,,,,
196,2026-01-13 15:29:00,Eric Clapton,Tears in Heaven - Acoustic Live,1272,0.0003533333333333333,0.0212,15,1,Tuesday,True,2026-01,Tears in Heaven - Acoustic Live Eric Clapton,0.806,0.694,0.331,0.00235,0.707,-13.0,0.0284,79.055,0.458
197,2026-01-13 15:29:00,Hans Zimmer,Final Ascent,1706,0.0004738888888888889,0.028433333333333335,15,1,Tuesday,True,2026-01,Final Ascent Hans Zimmer,0.159,0.203,0.0935,0.806,0.0883,-15.575,0.0344,41.858,0.0346
198,2026-01-13 15:29:00,Hans Zimmer,Final Ascent,409984,0.11388444444444444,6.833066666666666,15,1,Tuesday,False,2026-01,Final Ascent Hans Zimmer,0.159,0.203,0.0935,0.806,0.0883,-15.575,0.0344,41.858,0.0346
199,2026-01-13 15:29:00,Craig Armstrong,Glasgow Love Theme,0,0.0,0.0,15,1,Tuesday,True,2026-01,Glasgow Love Theme Craig Armstrong,0.985,0.312,0.122,0.927,0.0765,-15.618,0.0313,78.664,0.0397
200,2026-01-13 15:29:00,The Beatles,Yesterday - Remastered 2009,1066,0.0002961111111111111,0.017766666666666667,15,1,Tuesday,True,2026-01,Yesterday - Remastered 2009 The Beatles,0.879,0.332,0.179,0.0,0.0886,-11.83,0.0326,96.524,0.315
201,2026-01-13 15:29:00,Kath Bloom,Come Here,0,0.0,0.0,15,1,Tuesday,True,2026-01,Come Here Kath Bloom,0.0768,0.644,0.583,0.0,0.0868,-7.312,0.0282,102.192,0.308
202,2026-01-13 15:29:00,Lorien Testard,Lost Voice,0,0.0,0.0,15,1,Tuesday,True,2026-01,Lost Voice Lorien Testard,0.984,0.211,0.131,0.77,0.107,-14.454,0.0425,84.753,0.0397
203,2026-01-13 15:29:00,Peter Gabriel,My Body Is A Cage,579,0.00016083333333333333,0.00965,15,1,Tuesday,True,2026-01,My Body Is A Cage Peter Gabriel,0.849,0.341,0.114,0.0938,0.104,-12.885,0.0341,78.912,0.0806
204,2026-01-13 15:30:00,Jon Brion,"Theme - From ""Eternal Sunshine of the Spotless Mind""/Score",2307,0.0006408333333333333,0.03845,15,1,Tuesday,True,2026-01,"Theme - From ""Eternal Sunshine of the Spotless Mind""/Score Jon Brion",0.974,0.567,0.0437,0.943,0.111,-22.912,0.0369,104.024,0.191
205,2026-01-13 15:32:00,Natalie Holt,Purpose Is Glorious,142407,0.0395575,2.37345,15,1,Tuesday,False,2026-01,Purpose Is Glorious Natalie Holt,0.429,0.159,0.203,0.908,0.244,-14.684,0.0316,88.905,0.057
206,2026-01-13 15:32:00,Joe Hisaishi,The Sixth Station,850,0.00023611111111111112,0.014166666666666666,15,1,Tuesday,True,2026-01,The Sixth Station Joe Hisaishi,0.879,0.304,0.0463,0.803,0.0923,-25.773,0.0353,77.936,0.0392
207,2026-01-13 15:32:00,Ludovico Einaudi,Experience,4112,0.0011422222222222222,0.06853333333333333,15,1,Tuesday,True,2026-01,Experience Ludovico Einaudi,0.934,0.447,0.449,0.961,0.0697,-10.634,0.0376,92.468,0.036
208,2026-01-13 15:32:00,MUSASHI PROJECT,哀と悲,87,2.4166666666666667e-05,0.00145,15,1,Tuesday,True,2026-01,哀と悲 MUSASHI PROJECT,0.743,0.28,0.183,0.525,0.173,-14.359,0.0361,119.685,0.0395
209,2026-01-13 15:32:00,Hans Zimmer,Time,3562,0.0009894444444444445,0.059366666666666665,15,1,Tuesday,True,2026-01,Time Hans Zimmer,0.178,0.286,0.0968,0.696,0.0861,-16.806,0.0323,62.881,0.0395
210,2026-01-13 15:32:00,Murray Gold,A Good Man? (Twelve's Theme),911,0.0002530555555555556,0.015183333333333333,15,1,Tuesday,True,2026-01,A Good Man? (Twelve's Theme) Murray Gold,,,,,,,,,
211,2026-01-13 16:21:00,David Arnold,"Vesper (From ""Casino Royale"" Soundtrack)",99508,0.027641111111111113,1.6584666666666668,16,1,Tuesday,False,2026-01,"Vesper (From ""Casino Royale"" Soundtrack) David Arnold",0.886,0.235,0.0546,0.913,0.0711,-23.644,0.0391,63.678,0.071
212,2026-01-13 16:24:00,Matt Ganim,Autumn Leaves (Piano Version),168182,0.04671722222222222,2.8030333333333335,16,1,Tuesday,False,2026-01,Autumn Leaves (Piano Version) Matt Ganim,0.988,0.465,0.0151,0.87,0.0767,-19.357,0.0568,105.16,0.212
213,2026-01-13 16:29:00,Chilled Pig,autumn leaves (jazzy piano instrumental),91083,0.025300833333333335,1.51805,16,1,Tuesday,False,2026-01,autumn leaves (jazzy piano instrumental) Chilled Pig,0.992,0.334,0.0191,0.927,0.0997,-28.653,0.0395,61.28,0.125
214,2026-01-13 16:41:00,Manu Guix,Vaig Aprendre,23535,0.0065375,0.39225,16,1,Tuesday,True,2026-01,Vaig Aprendre Manu Guix,,,,,,,,,
215,2026-01-13 16:44:00,Manu Guix,Vaig Aprendre,154370,0.042880555555555554,2.5728333333333335,16,1,Tuesday,False,2026-01,Vaig Aprendre Manu Guix,,,,,,,,,
216,2026-01-13 17:10:00,Samuel Joseph,Autumn Leaves - Piano Version,99370,0.027602777777777778,1.6561666666666666,17,1,Tuesday,False,2026-01,Autumn Leaves - Piano Version Samuel Joseph,,,,,,,,,
217,2026-01-14 06:00:00,Menaix a Truà,Al Alba,20461,0.0056836111111111115,0.3410166666666667,6,1,Wednesday,True,2026-01,Al Alba Menaix a Truà,0.621,0.691,0.526,0.0598,0.0824,-6.789,0.027,132.136,0.212
218,2026-01-14 06:15:00,Samantha Barks,On My Own,32291,0.008969722222222223,0.5381833333333333,6,1,Wednesday,False,2026-01,On My Own Samantha Barks,0.888,0.303,0.116,0.0,0.144,-15.723,0.0552,85.473,0.196
219,2026-01-14 06:20:00,Murray Gold,Clara's Diner,17859,0.004960833333333334,0.29765,6,1,Wednesday,True,2026-01,Clara's Diner Murray Gold,,,,,,,,,
220,2026-01-14 06:25:00,Billie Eilish,hotline (edit),10423,0.002895277777777778,0.17371666666666666,6,1,Wednesday,True,2026-01,hotline (edit) Billie Eilish,0.816,0.516,0.254,0.855,0.189,-16.027,0.0589,56.829,0.304
221,2026-01-14 06:30:00,Don McLean,Crying,13754,0.0038205555555555558,0.22923333333333334,6,1,Wednesday,True,2026-01,Crying Don McLean,0.466,0.302,0.344,1.53e-06,0.184,-11.894,0.0277,140.763,0.242
222,2026-01-14 06:35:00,Malukah,Misty Mountains - Remastered 2022,6114,0.0016983333333333334,0.1019,6,1,Wednesday,True,2026-01,Misty Mountains - Remastered 2022 Malukah,0.933,0.464,0.148,0.00136,0.114,-11.775,0.0345,111.587,0.19
223,2026-01-14 06:40:00,Macedònia,Tarik,3738,0.0010383333333333334,0.0623,6,1,Wednesday,True,2026-01,Tarik Macedònia,0.119,0.873,0.718,0.00015,0.0874,-4.028,0.0332,106.998,0.648
224,2026-01-14 09:27:00,Johnny Cash,Hurt,216533,0.06014805555555556,3.6088833333333334,9,1,Wednesday,False,2026-01,Hurt Johnny Cash,0.649,0.534,0.392,0.000227,0.0948,-7.636,0.0267,90.379,0.163
225,2026-01-14 09:29:00,Esther Abrami,The Witcher: Toss A Coin To Your Witcher,168042,0.046678333333333336,2.8007,9,1,Wednesday,False,2026-01,The Witcher: Toss A Coin To Your Witcher Esther Abrami,0.886,0.281,0.254,0.0395,0.155,-14.256,0.0383,104.777,0.115
226,2026-01-14 09:32:00,Frank Sinatra,Autumn Leaves - Remastered 1999,172867,0.04801861111111111,2.8811166666666668,9,1,Wednesday,False,2026-01,Autumn Leaves - Remastered 1999 Frank Sinatra,0.868,0.223,0.105,4.92e-05,0.181,-17.766,0.0316,81.493,0.0783
227,2026-01-14 09:38:00,Eric Clapton,Autumn Leaves,340787,0.09466305555555556,5.679783333333333,9,1,Wednesday,False,2026-01,Autumn Leaves Eric Clapton,0.795,0.326,0.188,0.676,0.112,-17.393,0.0363,82.688,0.184
228,2026-01-14 09:40:00,Els Amics De Les Arts,A Vegades,10836,0.00301,0.1806,9,1,Wednesday,True,2026-01,A Vegades Els Amics De Les Arts,0.26,0.646,0.611,8.25e-05,0.0649,-9.898,0.0459,137.236,0.686
229,2026-01-14 09:41:00,Alba Llibre Rius,Les Fulles Mortes,174587,0.04849638888888889,2.9097833333333334,9,1,Wednesday,False,2026-01,Les Fulles Mortes Alba Llibre Rius,0.824,0.516,0.209,1.67e-05,0.129,-14.43,0.0409,71.937,0.204
230,2026-01-14 09:46:00,Marina Rossell,Les Fulles Mortes,225693,0.0626925,3.76155,9,1,Wednesday,False,2026-01,Les Fulles Mortes Marina Rossell,,,,,,,,,
231,2026-01-14 09:51:00,Andrea Bocelli,Las Hojas Muertas,290997,0.0808325,4.84995,9,1,Wednesday,False,2026-01,Las Hojas Muertas Andrea Bocelli,0.808,0.18,0.445,0.00686,0.0636,-8.712,0.0341,147.856,0.0743
232,2026-01-14 10:17:00,Adele,Skyfall,4870,0.0013527777777777778,0.08116666666666666,10,1,Wednesday,True,2026-01,Skyfall Adele,0.0816,0.263,0.604,0.775,0.0897,-11.435,0.0547,140.078,0.0799
233,2026-01-14 10:20:00,Frank Sinatra,Autumn Leaves - Remastered 1999,172867,0.04801861111111111,2.8811166666666668,10,1,Wednesday,False,2026-01,Autumn Leaves - Remastered 1999 Frank Sinatra,0.868,0.223,0.105,4.92e-05,0.181,-17.766,0.0316,81.493,0.0783
234,2026-01-14 10:23:00,Nat King Cole,Autumn Leaves,161766,0.044935,2.6961,10,1,Wednesday,False,2026-01,Autumn Leaves Nat King Cole,0.939,0.211,0.348,0.00052,0.384,-10.12,0.0326,86.868,0.0981
235,2026-01-14 10:29:00,Eric Clapton,Autumn Leaves,340787,0.09466305555555556,5.679783333333333,10,1,Wednesday,False,2026-01,Autumn Leaves Eric Clapton,0.795,0.326,0.188,0.676,0.112,-17.393,0.0363,82.688,0.184
236,2026-01-14 10:34:00,Eva Cassidy,Autumn Leaves (Live At Blues Alley),289560,0.08043333333333333,4.826,10,1,Wednesday,False,2026-01,Autumn Leaves (Live At Blues Alley) Eva Cassidy,0.976,0.367,0.0445,0.0283,0.734,-19.014,0.035,147.411,0.118
237,2026-01-14 10:37:00,Édith Piaf,Les Feuilles mortes (Autumn leaves) - Live,206587,0.05738527777777778,3.4431166666666666,10,1,Wednesday,False,2026-01,Les Feuilles mortes (Autumn leaves) - Live Édith Piaf,0.965,0.187,0.23,7.91e-06,0.919,-11.649,0.038,174.007,0.103
238,2026-01-14 10:40:00,Matt Ganim,Autumn Leaves (Piano Version),168182,0.04671722222222222,2.8030333333333335,10,1,Wednesday,False,2026-01,Autumn Leaves (Piano Version) Matt Ganim,0.988,0.465,0.0151,0.87,0.0767,-19.357,0.0568,105.16,0.212
239,2026-01-14 10:43:00,Sole Gimenez,Las hojas muertas,214907,0.05969638888888889,3.5817833333333335,10,1,Wednesday,False,2026-01,Las hojas muertas Sole Gimenez,0.781,0.549,0.402,3.32e-06,0.128,-9.532,0.0474,121.55,0.34
240,2026-01-14 10:46:00,Raphael,Las Hojas Muertas,183317,0.05092138888888889,3.055283333333333,10,1,Wednesday,False,2026-01,Las Hojas Muertas Raphael,0.582,0.474,0.347,0.0,0.151,-8.706,0.0332,124.342,0.241
241,2026-01-14 10:50:00,Sergio Golwarz,Las Hojas Muertas,188976,0.052493333333333336,3.1496,10,1,Wednesday,False,2026-01,Las Hojas Muertas Sergio Golwarz,0.795,0.267,0.495,0.579,0.116,-6.136,0.0344,132.774,0.322
242,2026-01-14 10:52:00,Richard Mayner,Las Hojas Muertas,166040,0.046122222222222224,2.767333333333333,10,1,Wednesday,False,2026-01,Las Hojas Muertas Richard Mayner,0.0603,0.39,0.14,0.417,0.287,-17.702,0.0348,130.031,0.271
243,2026-01-14 10:55:00,Barbara Pravi,Voilà,127370,0.035380555555555554,2.1228333333333333,10,1,Wednesday,False,2026-01,Voilà Barbara Pravi,0.773,0.447,0.337,0.0,0.298,-8.665,0.0631,135.379,0.603
244,2026-01-14 10:55:00,Meryl Streep,Slipping Through My Fingers - From 'Mamma Mia!' Original Motion Picture Soundtrack,27572,0.007658888888888889,0.45953333333333335,10,1,Wednesday,True,2026-01,Slipping Through My Fingers - From 'Mamma Mia!' Original Motion Picture Soundtrack Meryl Streep,0.507,0.463,0.489,0.0,0.165,-7.968,0.0288,140.034,0.249
245,2026-01-14 11:00:00,Glass Trio,Wilting,271256,0.0753488888888889,4.520933333333334,11,1,Wednesday,False,2026-01,Wilting Glass Trio,0.932,0.497,0.129,0.892,0.106,-18.951,0.0391,110.534,0.177
246,2026-01-14 11:03:00,Junity,Imagine,215250,0.05979166666666667,3.5875,11,1,Wednesday,False,2026-01,Imagine Junity,0.964,0.493,0.126,6.44e-05,0.14,-16.534,0.0322,139.444,0.311
247,2026-01-14 11:07:00,The Blue Versions,Creep,218370,0.060658333333333335,3.6395,11,1,Wednesday,False,2026-01,Creep The Blue Versions,0.816,0.508,0.263,0.00074,0.155,-15.131,0.0334,137.545,0.21
248,2026-01-14 11:12:00,The Northern Lights Quintet,Hallelujah,303962,0.08443388888888889,5.066033333333333,11,1,Wednesday,False,2026-01,Hallelujah The Northern Lights Quintet,0.771,0.365,0.186,0.0,0.111,-15.545,0.0305,94.108,0.171
249,2026-01-14 11:15:00,Laza Bossa,Seven Nation Army,205181,0.056994722222222224,3.4196833333333334,11,1,Wednesday,False,2026-01,Seven Nation Army Laza Bossa,,,,,,,,,
250,2026-01-14 11:21:00,The Northern Lights Quintet,The Winner Takes It All,341083,0.09474527777777778,5.684716666666667,11,1,Wednesday,False,2026-01,The Winner Takes It All The Northern Lights Quintet,0.895,0.395,0.232,1.57e-05,0.254,-13.059,0.0298,89.132,0.137
251,2026-01-14 11:23:00,Eric Rowland,I Get Along Without You Very Well,99987,0.027774166666666666,1.66645,11,1,Wednesday,False,2026-01,I Get Along Without You Very Well Eric Rowland,0.952,0.465,0.186,0.936,0.111,-19.58,0.0349,114.283,0.105
252,2026-01-14 11:27:00,More More,Umbrella,258000,0.07166666666666667,4.3,11,1,Wednesday,False,2026-01,Umbrella More More,0.000566,0.34,0.822,0.0,0.0959,-5.054,0.0424,174.088,0.354
253,2026-01-14 11:30:00,Philippe Saisse Trio,September,205680,0.057133333333333335,3.428,11,1,Wednesday,False,2026-01,September Philippe Saisse Trio,0.626,0.694,0.698,0.847,0.0777,-8.806,0.0305,125.008,0.732
254,2026-01-14 11:36:00,BWB,Billie Jean,365120,0.10142222222222222,6.085333333333334,11,1,Wednesday,False,2026-01,Billie Jean BWB,0.457,0.785,0.633,0.438,0.0864,-8.58,0.0336,112.973,0.945
255,2026-01-14 11:40:00,Louie Hobbs Trio,Hey Jude,219625,0.06100694444444445,3.660416666666667,11,1,Wednesday,False,2026-01,Hey Jude Louie Hobbs Trio,0.944,0.68,0.212,0.89,0.077,-15.635,0.0419,121.394,0.364
256,2026-01-14 11:46:00,Atlantic Five Jazz Band,Careless Whisper,340000,0.09444444444444444,5.666666666666667,11,1,Wednesday,False,2026-01,Careless Whisper Atlantic Five Jazz Band,0.595,0.526,0.356,0.927,0.103,-14.513,0.0341,75.305,0.367
257,2026-01-14 11:50:00,Denis Solee,"New York, New York",233067,0.06474083333333333,3.88445,11,1,Wednesday,False,2026-01,"New York, New York Denis Solee",,,,,,,,,
258,2026-01-14 11:51:00,Hunter Paige,i've got a crush on you,30002,0.008333888888888889,0.5000333333333333,11,1,Wednesday,False,2026-01,i've got a crush on you Hunter Paige,0.928,0.582,0.123,0.589,0.121,-16.208,0.0364,106.559,0.0795
259,2026-01-14 11:51:00,Hunter Paige,i've got a crush on you,1674,0.000465,0.0279,11,1,Wednesday,True,2026-01,i've got a crush on you Hunter Paige,0.928,0.582,0.123,0.589,0.121,-16.208,0.0364,106.559,0.0795
260,2026-01-14 11:51:00,Arta Porting,Beautiful Sunrise,853,0.00023694444444444444,0.014216666666666667,11,1,Wednesday,True,2026-01,Beautiful Sunrise Arta Porting,0.936,0.362,0.17,0.879,0.109,-18.193,0.0338,107.442,0.156
261,2026-01-14 11:51:00,Sweet Nothings Band,I Fall In Love Too Easily,7960,0.002211111111111111,0.13266666666666665,11,1,Wednesday,True,2026-01,I Fall In Love Too Easily Sweet Nothings Band,0.946,0.391,0.151,0.863,0.23,-17.695,0.032,95.055,0.107
262,2026-01-14 11:51:00,Halcyon Jazz Band,Serene Resonance,1435,0.0003986111111111111,0.023916666666666666,11,1,Wednesday,True,2026-01,Serene Resonance Halcyon Jazz Band,0.92,0.333,0.118,0.878,0.102,-17.564,0.0426,176.16,0.109
263,2026-01-14 11:55:00,Engelbert Humperdinck,A Man Without Love,203133,0.056425833333333335,3.38555,11,1,Wednesday,False,2026-01,A Man Without Love Engelbert Humperdinck,0.637,0.538,0.467,0.0,0.115,-9.589,0.0327,111.766,0.507
264,2026-01-14 11:58:00,Michael Ball,A Man Without Love,211667,0.05879638888888889,3.5277833333333333,11,1,Wednesday,False,2026-01,A Man Without Love Michael Ball,0.576,0.458,0.613,0.000494,0.242,-6.662,0.03,108.822,0.553
265,2026-01-14 12:02:00,Mega Anthem Hitz,"A Man Without Love (Everday I Wake Up) [from ""Moon Knight""]",211907,0.05886305555555556,3.5317833333333333,12,1,Wednesday,False,2026-01,"A Man Without Love (Everday I Wake Up) [from ""Moon Knight""] Mega Anthem Hitz",0.853,0.583,0.368,0.0,0.0967,-11.742,0.0333,107.698,0.613
266,2026-01-14 12:05:00,Engelbert Humperdinck,A Man Without Love / Cuando Me Enamoro (with Angélica María),200746,0.05576277777777778,3.3457666666666666,12,1,Wednesday,False,2026-01,A Man Without Love / Cuando Me Enamoro (with Angélica María) Engelbert Humperdinck,0.638,0.619,0.527,0.0,0.121,-8.258,0.027,113.035,0.456
267,2026-01-14 12:08:00,Engelbert Humperdinck,A Man Without Love - Live,195440,0.054288888888888887,3.2573333333333334,12,1,Wednesday,False,2026-01,A Man Without Love - Live Engelbert Humperdinck,0.729,0.386,0.473,0.0,0.271,-12.416,0.0345,110.322,0.498
268,2026-01-14 12:12:00,Sergio Franchi,"Serenata/A Man Without Love - Medley/Live On The Ed Sullivan Show, August 17, 1969",211254,0.05868166666666667,3.5209,12,1,Wednesday,False,2026-01,"Serenata/A Man Without Love - Medley/Live On The Ed Sullivan Show, August 17, 1969 Sergio Franchi",0.227,0.643,0.341,0.0,0.0689,-15.934,0.0383,130.688,0.64
269,2026-01-14 12:15:00,Riyandi Kusuma,A Man Without Love (Piano Version),201975,0.05610416666666666,3.36625,12,1,Wednesday,False,2026-01,A Man Without Love (Piano Version) Riyandi Kusuma,0.983,0.418,0.16,0.882,0.131,-18.218,0.0385,111.505,0.116
270,2026-01-14 12:19:00,Ronnie Aldrich and his 2 pianos,A Man Without Love,217160,0.06032222222222222,3.6193333333333335,12,1,Wednesday,False,2026-01,A Man Without Love Ronnie Aldrich and his 2 pianos,0.565,0.512,0.508,0.842,0.194,-10.178,0.0261,110.414,0.575
271,2026-01-14 12:19:00,Enrique Iglesias,Cuando Me Enamoro,5931,0.0016475,0.09885,12,1,Wednesday,True,2026-01,Cuando Me Enamoro Enrique Iglesias,0.0106,0.82,0.813,4.84e-05,0.0893,-3.646,0.0268,126.026,0.893
272,2026-01-14 12:34:00,Andrea Bocelli,Cuando Me Enamoro,79074,0.021965,1.3179,12,1,Wednesday,False,2026-01,Cuando Me Enamoro Andrea Bocelli,0.65,0.622,0.611,2.76e-06,0.102,-5.981,0.0397,102.104,0.42
273,2026-01-14 14:31:00,Jorge Muñiz,Cuando Me Enamoro - En Vivo,1229,0.0003413888888888889,0.020483333333333333,14,1,Wednesday,True,2026-01,Cuando Me Enamoro - En Vivo Jorge Muñiz,,,,,,,,,
274,2026-01-14 14:43:00,Miles Davis,Autumn Leaves,660280,0.1834111111111111,11.004666666666667,14,1,Wednesday,False,2026-01,Autumn Leaves Miles Davis,0.784,0.543,0.164,9.62e-05,0.111,-14.351,0.0358,111.905,0.306
275,2026-01-14 14:47:00,Bill Evans,Autumn Leaves,220200,0.06116666666666667,3.67,14,1,Wednesday,False,2026-01,Autumn Leaves Bill Evans,0.919,0.626,0.295,0.695,0.0797,-13.651,0.037,103.064,0.579
276,2026-01-14 14:47:00,Bill Evans,Autumn Leaves,17525,0.004868055555555555,0.2920833333333333,14,1,Wednesday,True,2026-01,Autumn Leaves Bill Evans,0.919,0.626,0.295,0.695,0.0797,-13.651,0.037,103.064,0.579
277,2026-01-14 14:49:00,Bill Evans,Autumn Leaves,6640,0.0018444444444444443,0.11066666666666666,14,1,Wednesday,True,2026-01,Autumn Leaves Bill Evans,0.919,0.626,0.295,0.695,0.0797,-13.651,0.037,103.064,0.579
278,2026-01-14 14:49:00,Bill Evans,Autumn Leaves,90784,0.025217777777777776,1.5130666666666666,14,1,Wednesday,False,2026-01,Autumn Leaves Bill Evans,0.919,0.626,0.295,0.695,0.0797,-13.651,0.037,103.064,0.579
279,2026-01-14 14:52:00,Leslie Odom Jr.,Alexander Hamilton,31966,0.008879444444444445,0.5327666666666667,14,1,Wednesday,False,2026-01,Alexander Hamilton Leslie Odom Jr.,0.522,0.609,0.435,0.0,0.118,-7.861,0.285,131.995,0.552
280,2026-01-14 14:52:00,Leslie Odom Jr.,Alexander Hamilton,9604,0.0026677777777777776,0.16006666666666666,14,1,Wednesday,True,2026-01,Alexander Hamilton Leslie Odom Jr.,0.522,0.609,0.435,0.0,0.118,-7.861,0.285,131.995,0.552
281,2026-01-14 14:52:00,Lin-Manuel Miranda,"Aaron Burr, Sir",1427,0.0003963888888888889,0.023783333333333333,14,1,Wednesday,True,2026-01,"Aaron Burr, Sir Lin-Manuel Miranda",0.272,0.646,0.439,0.0,0.0945,-10.837,0.818,160.387,0.528
282,2026-01-14 14:52:00,Oscar Peterson Trio,Autumn Leaves,5797,0.0016102777777777777,0.09661666666666667,14,1,Wednesday,True,2026-01,Autumn Leaves Oscar Peterson Trio,0.711,0.42,0.441,0.000586,0.192,-11.266,0.0349,81.442,0.532
283,2026-01-14 14:53:00,Leslie Odom Jr.,Alexander Hamilton,6520,0.0018111111111111112,0.10866666666666666,14,1,Wednesday,True,2026-01,Alexander Hamilton Leslie Odom Jr.,0.522,0.609,0.435,0.0,0.118,-7.861,0.285,131.995,0.552
284,2026-01-14 14:53:00,Original Broadway Cast of Hamilton,"Who Lives, Who Dies, Who Tells Your Story",1000,0.0002777777777777778,0.016666666666666666,14,1,Wednesday,True,2026-01,"Who Lives, Who Dies, Who Tells Your Story Original Broadway Cast of Hamilton",0.777,0.353,0.326,0.0,0.0904,-9.687,0.0901,75.5,0.156
285,2026-01-14 14:55:00,Leslie Odom Jr.,Alexander Hamilton,64696,0.01797111111111111,1.0782666666666667,14,1,Wednesday,False,2026-01,Alexander Hamilton Leslie Odom Jr.,0.522,0.609,0.435,0.0,0.118,-7.861,0.285,131.995,0.552
286,2026-01-14 14:56:00,Manu Guix,La Rosa,3315,0.0009208333333333333,0.05525,14,1,Wednesday,True,2026-01,La Rosa Manu Guix,,,,,,,,,
287,2026-01-14 14:56:00,Manu Guix,Dibuixa'm un Xai,45410,0.012613888888888888,0.7568333333333334,14,1,Wednesday,False,2026-01,Dibuixa'm un Xai Manu Guix,,,,,,,,,
288,2026-01-14 14:56:00,Manu Guix,Cançó dels Baobabs,2570,0.0007138888888888889,0.042833333333333334,14,1,Wednesday,True,2026-01,Cançó dels Baobabs Manu Guix,,,,,,,,,
289,2026-01-14 14:57:00,Manu Guix,Vaig Aprendre,6023,0.0016730555555555555,0.10038333333333334,14,1,Wednesday,True,2026-01,Vaig Aprendre Manu Guix,,,,,,,,,
290,2026-01-14 14:57:00,Manu Guix,Dibuixa'm un Xai,2666,0.0007405555555555556,0.04443333333333333,14,1,Wednesday,True,2026-01,Dibuixa'm un Xai Manu Guix,,,,,,,,,
291,2026-01-14 14:57:00,Manu Guix,Cançó dels Baobabs,23324,0.006478888888888889,0.3887333333333333,14,1,Wednesday,True,2026-01,Cançó dels Baobabs Manu Guix,,,,,,,,,
292,2026-01-14 14:57:00,Manu Guix,El Bevedor,20620,0.005727777777777778,0.3436666666666667,14,1,Wednesday,True,2026-01,El Bevedor Manu Guix,,,,,,,,,
293,2026-01-14 14:58:00,Manu Guix,La Meva Rosa,1592,0.0004422222222222222,0.026533333333333332,14,1,Wednesday,True,2026-01,La Meva Rosa Manu Guix,,,,,,,,,
294,2026-01-14 14:58:00,Manu Guix,El Bevedor,21235,0.005898611111111111,0.35391666666666666,14,1,Wednesday,True,2026-01,El Bevedor Manu Guix,,,,,,,,,
295,2026-01-14 16:36:00,Manu Guix,Vaig Aprendre,172704,0.04797333333333333,2.8784,16,1,Wednesday,False,2026-01,Vaig Aprendre Manu Guix,,,,,,,,,
296,2026-01-15 06:00:00,Low Roar,Not Around,46827,0.0130075,0.78045,6,1,Thursday,False,2026-01,Not Around Low Roar,0.674,0.378,0.242,0.537,0.0864,-16.962,0.0317,158.085,0.0744
297,2026-01-15 06:15:00,Els Amics De Les Arts,Els Bons Fotògrafs,13609,0.003780277777777778,0.22681666666666667,6,1,Thursday,True,2026-01,Els Bons Fotògrafs Els Amics De Les Arts,0.854,0.627,0.289,0.000571,0.129,-14.224,0.0296,116.235,0.324
298,2026-01-15 06:20:00,Paul Engemann,Scarface (Push It To The Limit),11988,0.00333,0.1998,6,1,Thursday,True,2026-01,Scarface (Push It To The Limit) Paul Engemann,0.0299,0.571,0.609,2.89e-06,0.66,-10.691,0.0324,156.203,0.27
299,2026-01-15 06:25:00,Keane,Everybody's Changing,10318,0.002866111111111111,0.17196666666666666,6,1,Thursday,True,2026-01,Everybody's Changing Keane,0.0014,0.517,0.839,0.000365,0.108,-3.521,0.0287,94.015,0.416
300,2026-01-15 06:30:00,Violet Orlandi,Yesterday,13641,0.003789166666666667,0.22735,6,1,Thursday,True,2026-01,Yesterday Violet Orlandi,,,,,,,,,
301,2026-01-15 06:35:00,Nirvana,Molly's Lips - BBC John Peel Session 1990,19481,0.005411388888888889,0.3246833333333333,6,1,Thursday,True,2026-01,Molly's Lips - BBC John Peel Session 1990 Nirvana,1.91e-05,0.311,0.895,0.195,0.0584,-9.401,0.0476,167.107,0.681
302,2026-01-15 06:40:00,Cast of Mamma Mia! The Movie,Voulez-Vous - From 'Mamma Mia!' Original Motion Picture Soundtrack,21905,0.006084722222222222,0.3650833333333333,6,1,Thursday,True,2026-01,Voulez-Vous - From 'Mamma Mia!' Original Motion Picture Soundtrack Cast of Mamma Mia! The Movie,0.0152,0.701,0.889,0.0131,0.148,-4.776,0.0362,126.986,0.789
303,2026-01-15 06:45:00,Sasha Baron Cohen,The Sewers,18063,0.0050175,0.30105,6,1,Thursday,True,2026-01,The Sewers Sasha Baron Cohen,0.564,0.312,0.265,0.000789,0.19,-11.854,0.0373,169.232,0.174
304,2026-01-15 06:55:00,Guns N' Roses,Estranged,5406,0.0015016666666666668,0.0901,6,1,Thursday,True,2026-01,Estranged Guns N' Roses,0.0105,0.358,0.762,0.282,0.368,-8.323,0.0324,89.246,0.168
305,2026-01-15 07:23:00,Manu Guix,Vaig Aprendre,5190,0.0014416666666666666,0.0865,7,1,Thursday,True,2026-01,Vaig Aprendre Manu Guix,,,,,,,,,
306,2026-01-15 07:25:00,Manu Guix,Comiat,128787,0.03577416666666667,2.14645,7,1,Thursday,False,2026-01,Comiat Manu Guix,,,,,,,,,
307,2026-01-15 07:31:00,Manu Guix,Serem Petits Prínceps,19951,0.005541944444444445,0.3325166666666667,7,1,Thursday,True,2026-01,Serem Petits Prínceps Manu Guix,,,,,,,,,
308,2026-01-15 07:34:00,Lorien Testard,Alicia,170000,0.04722222222222222,2.8333333333333335,7,1,Thursday,False,2026-01,Alicia Lorien Testard,0.958,0.16,0.149,2.17e-06,0.156,-12.107,0.0419,169.141,0.141
309,2026-01-15 07:38:00,Lorien Testard,Gustave,228000,0.06333333333333334,3.8,7,1,Thursday,False,2026-01,Gustave Lorien Testard,0.955,0.353,0.299,0.862,0.12,-12.835,0.0318,80.135,0.284
310,2026-01-15 07:42:00,Lorien Testard,Lumière,222000,0.06166666666666667,3.7,7,1,Thursday,False,2026-01,Lumière Lorien Testard,0.95,0.426,0.185,5.02e-06,0.213,-11.717,0.0339,83.424,0.459
311,2026-01-15 07:46:00,Lorien Testard,Lumière - Lumière à l’Aube,232000,0.06444444444444444,3.8666666666666667,7,1,Thursday,False,2026-01,Lumière - Lumière à l’Aube Lorien Testard,0.881,0.599,0.136,0.855,0.101,-19.403,0.0435,149.849,0.396
312,2026-01-15 07:49:00,Lorien Testard,Lumière - Promenade dans Lumière,205000,0.05694444444444444,3.4166666666666665,7,1,Thursday,False,2026-01,Lumière - Promenade dans Lumière Lorien Testard,0.852,0.393,0.0284,0.000954,0.296,-21.307,0.0477,150.39,0.395
313,2026-01-15 07:52:00,Lorien Testard,Lumière - Le Grand Café de Lumière,146000,0.04055555555555555,2.433333333333333,7,1,Thursday,False,2026-01,Lumière - Le Grand Café de Lumière Lorien Testard,0.447,0.551,0.179,0.754,0.105,-13.585,0.0278,106.445,0.293
314,2026-01-15 07:53:00,Lorien Testard,Lumière - Continuer à t'aimer (Lune),110000,0.030555555555555555,1.8333333333333333,7,1,Thursday,False,2026-01,Lumière - Continuer à t'aimer (Lune) Lorien Testard,0.744,0.797,0.171,0.46,0.113,-14.832,0.0859,99.95,0.243
315,2026-01-15 07:56:00,Lorien Testard,Lumière - Rêveries dans Lumière,9334,0.0025927777777777776,0.15556666666666666,7,1,Thursday,True,2026-01,Lumière - Rêveries dans Lumière Lorien Testard,0.994,0.65,0.0206,0.956,0.195,-27.56,0.0437,90.112,0.281
316,2026-01-15 08:30:00,Lorien Testard,Une vie à t'aimer,512713,0.14242027777777777,8.545216666666667,8,1,Thursday,False,2026-01,Une vie à t'aimer Lorien Testard,0.0634,0.16,0.862,3.65e-06,0.366,-4.397,0.288,179.986,0.0652
317,2026-01-15 08:32:00,Lorien Testard,The Reacher - Naissance des cendres,146000,0.04055555555555555,2.433333333333333,8,1,Thursday,False,2026-01,The Reacher - Naissance des cendres Lorien Testard,0.812,0.276,0.292,0.255,0.114,-15.268,0.0343,134.818,0.25
318,2026-01-15 08:33:00,Lorien Testard,Gustave (Music Box),53206,0.014779444444444444,0.8867666666666667,8,1,Thursday,False,2026-01,Gustave (Music Box) Lorien Testard,0.953,0.504,0.298,0.874,0.13,-16.273,0.0452,160.109,0.189
319,2026-01-15 08:36:00,Lorien Testard,Lumière (Music Box),172000,0.04777777777777778,2.8666666666666667,8,1,Thursday,False,2026-01,Lumière (Music Box) Lorien Testard,0.857,0.672,0.178,0.617,0.296,-21.298,0.114,74.993,0.0942
320,2026-01-15 09:03:00,Lorien Testard,Une vie à peindre,517045,0.1436236111111111,8.617416666666667,9,1,Thursday,False,2026-01,Une vie à peindre Lorien Testard,0.013,0.361,0.766,0.000889,0.0863,-6.318,0.0502,90.034,0.118
321,2026-01-15 09:06:00,Lorien Testard,Une vie à peindre,143007,0.039724166666666665,2.38345,9,1,Thursday,False,2026-01,Une vie à peindre Lorien Testard,0.013,0.361,0.766,0.000889,0.0863,-6.318,0.0502,90.034,0.118
322,2026-01-15 09:17:00,Lorien Testard,Une vie à t'aimer,660000,0.18333333333333332,11.0,9,1,Thursday,False,2026-01,Une vie à t'aimer Lorien Testard,0.0634,0.16,0.862,3.65e-06,0.366,-4.397,0.288,179.986,0.0652
323,2026-01-15 09:20:00,Lorien Testard,World Map - Of Virtuosity and Heart,191000,0.05305555555555556,3.183333333333333,9,1,Thursday,False,2026-01,World Map - Of Virtuosity and Heart Lorien Testard,3.58e-05,0.289,0.841,0.952,0.0961,-7.509,0.0546,149.198,0.177
324,2026-01-15 09:22:00,Lorien Testard,Spring Meadows - Cello Motifs,133708,0.03714111111111111,2.228466666666667,9,1,Thursday,False,2026-01,Spring Meadows - Cello Motifs Lorien Testard,0.86,0.242,0.0668,0.928,0.104,-21.951,0.0493,123.655,0.214
325,2026-01-15 09:34:00,Sebastien Skaf,"Une vie à t'aimer (from ""Clair Obscur: Expedition 33"")",684098,0.1900272222222222,11.401633333333333,9,1,Thursday,False,2026-01,"Une vie à t'aimer (from ""Clair Obscur: Expedition 33"") Sebastien Skaf",,,,,,,,,
326,2026-01-15 09:43:00,Laurie Théberge,Une Vie à T'aimer - Piano Version,537625,0.14934027777777778,8.960416666666667,9,1,Thursday,False,2026-01,Une Vie à T'aimer - Piano Version Laurie Théberge,,,,,,,,,
327,2026-01-15 09:47:00,Grim Cat Piano,Une vie à t'aimer (from Clair Obscur: Expedition 33) - Piano Version,275282,0.07646722222222223,4.588033333333334,9,1,Thursday,False,2026-01,Une vie à t'aimer (from Clair Obscur: Expedition 33) - Piano Version Grim Cat Piano,,,,,,,,,
328,2026-01-15 09:52:00,Sebastien Skaf,"Gustave (from ""Clair Obscur: Expedition 33"")",252909,0.0702525,4.21515,9,1,Thursday,False,2026-01,"Gustave (from ""Clair Obscur: Expedition 33"") Sebastien Skaf",,,,,,,,,
329,2026-01-15 09:55:00,Grim Cat Piano,Gustave (from Clair Obscur: Expedition 33) - Piano Version,234657,0.0651825,3.91095,9,1,Thursday,False,2026-01,Gustave (from Clair Obscur: Expedition 33) - Piano Version Grim Cat Piano,,,,,,,,,
330,2026-01-15 10:00:00,Jamie Evans Music,Daredevil Born Again - Opening Theme - Epic Version,278295,0.07730416666666666,4.63825,10,1,Thursday,False,2026-01,Daredevil Born Again - Opening Theme - Epic Version Jamie Evans Music,0.083,0.192,0.38,0.5,0.0858,-12.476,0.0354,84.44,0.0391
331,2026-01-15 10:04:00,Lorien Testard,Lumière - Nocturne pour Lumière (Violoncelle),206000,0.05722222222222222,3.433333333333333,10,1,Thursday,False,2026-01,Lumière - Nocturne pour Lumière (Violoncelle) Lorien Testard,0.984,0.205,0.208,0.902,0.134,-15.812,0.0539,171.733,0.315
332,2026-01-15 10:06:00,Lorien Testard,Lettre à Maelle,140000,0.03888888888888889,2.3333333333333335,10,1,Thursday,False,2026-01,Lettre à Maelle Lorien Testard,0.988,0.25,0.0903,0.921,0.112,-21.878,0.0289,84.691,0.18
333,2026-01-15 10:08:00,Lorien Testard,Monoco's Station - Maelle’s First Snow,129000,0.035833333333333335,2.15,10,1,Thursday,False,2026-01,Monoco's Station - Maelle’s First Snow Lorien Testard,0.988,0.0906,0.159,0.829,0.0745,-18.509,0.0402,86.234,0.0405
334,2026-01-15 11:24:00,Lorien Testard,The Reacher - Vers le Sommet,106393,0.02955361111111111,1.7732166666666667,11,1,Thursday,False,2026-01,The Reacher - Vers le Sommet Lorien Testard,0.743,0.521,0.479,0.907,0.111,-15.92,0.0266,139.999,0.521
335,2026-01-16 07:40:00,Queen,White Queen (As It Began) - Remastered 2011,16331,0.004536388888888889,0.27218333333333333,7,1,Friday,True,2026-01,White Queen (As It Began) - Remastered 2011 Queen,0.829,0.241,0.296,3.7e-05,0.133,-12.441,0.0359,153.27,0.173
336,2026-01-16 07:50:00,Jim Sturgess,Revolution,9126,0.002535,0.1521,7,1,Friday,True,2026-01,Revolution Jim Sturgess,0.00077,0.406,0.903,0.0172,0.124,-6.745,0.124,62.865,0.402
337,2026-01-16 08:00:00,The Dave Brubeck Quartet,Take Five,26770,0.007436111111111111,0.44616666666666666,8,1,Friday,True,2026-01,Take Five The Dave Brubeck Quartet,0.539,0.454,0.26,0.00078,0.0675,-13.193,0.0401,174.322,0.598
338,2026-01-16 08:20:00,Simon & Garfunkel,The Sound of Silence - Acoustic Version,17553,0.004875833333333334,0.29255,8,1,Friday,True,2026-01,The Sound of Silence - Acoustic Version Simon & Garfunkel,0.837,0.525,0.216,0.0,0.107,-13.551,0.0301,106.761,0.328
339,2026-01-18 16:56:00,Simon & Garfunkel,The Sound of Silence - Acoustic Version,195230,0.05423055555555555,3.253833333333333,16,1,Sunday,False,2026-01,The Sound of Silence - Acoustic Version Simon & Garfunkel,0.837,0.525,0.216,0.0,0.107,-13.551,0.0301,106.761,0.328
340,2026-01-18 17:02:00,John Williams,"Across the Stars (Love Theme from ""Star Wars: Attack of the Clones"")",331840,0.09217777777777778,5.530666666666667,17,1,Sunday,False,2026-01,"Across the Stars (Love Theme from ""Star Wars: Attack of the Clones"") John Williams",,,,,,,,,
341,2026-01-18 17:07:00,Murray Gold,Doomsday,309707,0.08602972222222222,5.161783333333333,17,1,Sunday,False,2026-01,Doomsday Murray Gold,,,,,,,,,
342,2026-01-18 17:11:00,Lorien Testard,Gustave,228000,0.06333333333333334,3.8,17,1,Sunday,False,2026-01,Gustave Lorien Testard,0.955,0.353,0.299,0.862,0.12,-12.835,0.0318,80.135,0.284
343,2026-01-18 17:13:00,Lorien Testard,Alicia,170000,0.04722222222222222,2.8333333333333335,17,1,Sunday,False,2026-01,Alicia Lorien Testard,0.958,0.16,0.149,2.17e-06,0.156,-12.107,0.0419,169.141,0.141
344,2026-01-18 17:18:00,Patrik Pietschmann,Schindler's List Main Theme - Piano Version,242976,0.06749333333333334,4.0496,17,1,Sunday,False,2026-01,Schindler's List Main Theme - Piano Version Patrik Pietschmann,0.99,0.441,0.0578,0.876,0.0703,-21.398,0.048,98.48,0.0706
345,2026-01-18 17:23:00,Joe Hisaishi,Merry-Go-Round of Life - from 'Howl's Moving Castle',311107,0.08641861111111111,5.185116666666667,17,1,Sunday,False,2026-01,Merry-Go-Round of Life - from 'Howl's Moving Castle' Joe Hisaishi,0.876,0.239,0.287,0.644,0.122,-12.565,0.0388,71.608,0.185
346,2026-01-18 17:27:00,Hans Zimmer,Time,275556,0.07654333333333334,4.5926,17,1,Sunday,False,2026-01,Time Hans Zimmer,0.178,0.286,0.0968,0.696,0.0861,-16.806,0.0323,62.881,0.0395
347,2026-01-18 17:55:00,Natalie Holt,Purpose Is Glorious,8564,0.0023788888888888887,0.14273333333333332,17,1,Sunday,True,2026-01,Purpose Is Glorious Natalie Holt,0.429,0.159,0.203,0.908,0.244,-14.684,0.0316,88.905,0.057
348,2026-01-19 07:10:00,Green Day,Holiday,32407,0.009001944444444444,0.5401166666666667,7,1,Monday,False,2026-01,Holiday Green Day,0.000138,0.538,0.884,0.0,0.466,-3.251,0.031,146.511,0.736
349,2026-01-19 07:20:00,Kaho Shimada,On My Own,16376,0.004548888888888889,0.2729333333333333,7,1,Monday,True,2026-01,On My Own Kaho Shimada,0.878,0.218,0.0852,0.000207,0.103,-15.43,0.0422,57.225,0.118
350,2026-01-19 07:30:00,Scott Bradlee's Postmodern Jukebox,I'll Be There for You (Theme From “Friends”),11537,0.003204722222222222,0.19228333333333333,7,1,Monday,True,2026-01,I'll Be There for You (Theme From “Friends”) Scott Bradlee's Postmodern Jukebox,0.419,0.306,0.623,0.0,0.14,-7.67,0.049,166.929,0.614
351,2026-01-19 07:45:00,Els Amics De Les Arts,El Seu Gran Hit,6182,0.0017172222222222222,0.10303333333333334,7,1,Monday,True,2026-01,El Seu Gran Hit Els Amics De Les Arts,0.0171,0.608,0.81,0.0,0.327,-4.736,0.0561,120.011,0.795
352,2026-01-19 15:14:00,Nicholas Britell,Andante Con Moto - Strings in E-flat Minor,28034,0.007787222222222222,0.46723333333333333,15,1,Monday,True,2026-01,Andante Con Moto - Strings in E-flat Minor Nicholas Britell,0.268,0.353,0.241,0.878,0.11,-16.249,0.0503,99.184,0.0295
353,2026-01-19 15:15:00,The Neighbourhood,Honest - From The Amazing Spider-Man 2 Soundtrack,35453,0.009848055555555556,0.5908833333333333,15,1,Monday,False,2026-01,Honest - From The Amazing Spider-Man 2 Soundtrack The Neighbourhood,,,,,,,,,
354,2026-01-19 15:16:00,LIZ,That's My Man,2708,0.0007522222222222223,0.04513333333333333,15,1,Monday,True,2026-01,That's My Man LIZ,,,,,,,,,
355,2026-01-19 15:16:00,Pharrell Williams,Here,73387,0.020385277777777776,1.2231166666666666,15,1,Monday,False,2026-01,Here Pharrell Williams,,,,,,,,,
356,2026-01-19 15:18:00,Alicia Keys,It's On Again (feat. Kendrick Lamar) - From The Amazing Spider-Man 2 Soundtrack,3666,0.0010183333333333333,0.0611,15,1,Monday,True,2026-01,It's On Again (feat. Kendrick Lamar) - From The Amazing Spider-Man 2 Soundtrack Alicia Keys,0.06,0.647,0.687,0.0,0.495,-5.274,0.121,110.14,0.494
357,2026-01-19 15:18:00,Phosphorescent,Song for Zula,87498,0.024305,1.4583,15,1,Monday,False,2026-01,Song for Zula Phosphorescent,0.734,0.486,0.623,0.536,0.0509,-8.264,0.0358,86.007,0.525
358,2026-01-19 15:22:00,Alicia Keys,It's On Again - Radio Edit,7312,0.002031111111111111,0.12186666666666666,15,1,Monday,True,2026-01,It's On Again - Radio Edit Alicia Keys,0.0394,0.624,0.661,0.0,0.344,-5.34,0.0753,110.052,0.512
359,2026-01-19 15:22:00,Coldplay,Til Kingdom Come,250668,0.06963,4.1778,15,1,Monday,False,2026-01,Til Kingdom Come Coldplay,0.61,0.607,0.395,0.00768,0.33,-9.593,0.0287,115.068,0.274
360,2026-01-19 15:25:00,Alessi Brothers,Seabird,186320,0.051755555555555555,3.1053333333333333,15,1,Monday,False,2026-01,Seabird Alessi Brothers,0.136,0.733,0.384,7.97e-05,0.0979,-13.177,0.0306,126.023,0.609
361,2026-01-19 15:38:00,Phillip Phillips,"Gone, Gone, Gone",395233,0.10978694444444445,6.5872166666666665,15,1,Monday,False,2026-01,"Gone, Gone, Gone Phillip Phillips",0.129,0.664,0.642,0.0,0.114,-5.961,0.038,118.006,0.501
362,2026-01-19 15:42:00,Miles Davis,"Gone, Gone, Gone",29379,0.008160833333333334,0.48965,15,1,Monday,True,2026-01,"Gone, Gone, Gone Miles Davis",0.219,0.499,0.419,4.39e-05,0.241,-17.4,0.0605,105.658,0.674
363,2026-01-19 15:42:00,David Schultz,"Gone, Gone, Gone - Piano Version",203458,0.056516111111111114,3.3909666666666665,15,1,Monday,False,2026-01,"Gone, Gone, Gone - Piano Version David Schultz",0.988,0.471,0.0787,0.899,0.108,-19.216,0.0526,103.24,0.0865
364,2026-01-19 15:42:00,Ryan Gosling,"City Of Stars - From ""La La Land"" Soundtrack",2807,0.0007797222222222222,0.046783333333333336,15,1,Monday,True,2026-01,"City Of Stars - From ""La La Land"" Soundtrack Ryan Gosling",0.899,0.492,0.116,1.93e-06,0.0889,-15.15,0.0379,111.787,0.434
365,2026-01-19 15:42:00,Jarabe De Palo,La flaca,890,0.00024722222222222224,0.014833333333333334,15,1,Monday,True,2026-01,La flaca Jarabe De Palo,0.0838,0.751,0.731,0.0,0.0556,-4.419,0.0308,97.007,0.973
366,2026-01-19 15:45:00,Low Roar,Easy Way Out,0,0.0,0.0,15,1,Monday,True,2026-01,Easy Way Out Low Roar,0.558,0.505,0.42,0.0499,0.218,-9.364,0.0266,109.921,0.113
367,2026-01-19 15:45:00,Els Amics De Les Arts,Kokoschka,1123,0.00031194444444444444,0.018716666666666666,15,1,Monday,True,2026-01,Kokoschka Els Amics De Les Arts,0.0691,0.629,0.914,8.54e-06,0.0769,-3.724,0.0736,150.071,0.62
368,2026-01-19 15:45:00,Johnny Cash,Ain't No Grave,0,0.0,0.0,15,1,Monday,True,2026-01,Ain't No Grave Johnny Cash,0.894,0.52,0.35,0.000778,0.0895,-10.713,0.052,79.647,0.39
369,2026-01-19 15:45:00,Els Amics De Les Arts,A Aquestes Alçades De La Pel·lícula,636,0.00017666666666666666,0.0106,15,1,Monday,True,2026-01,A Aquestes Alçades De La Pel·lícula Els Amics De Les Arts,0.671,0.675,0.582,1.55e-05,0.128,-8.157,0.0504,125.958,0.857
370,2026-01-19 15:45:00,Antònia Font,Neutrins,2100,0.0005833333333333334,0.035,15,1,Monday,True,2026-01,Neutrins Antònia Font,0.635,0.607,0.604,0.887,0.0965,-12.506,0.032,160.038,0.758
371,2026-01-19 15:45:00,Meryl Streep,Mamma Mia - From 'Mamma Mia!' Original Motion Picture Soundtrack,164477,0.04568805555555556,2.7412833333333335,15,1,Monday,False,2026-01,Mamma Mia - From 'Mamma Mia!' Original Motion Picture Soundtrack Meryl Streep,0.15,0.746,0.848,2.18e-06,0.37,-4.638,0.0331,138.047,0.756
372,2026-01-19 15:47:00,Pink Floyd,Interstellar Overdrive,60279,0.016744166666666668,1.00465,15,1,Monday,False,2026-01,Interstellar Overdrive Pink Floyd,0.767,0.23,0.704,0.869,0.112,-10.975,0.0566,94.227,0.308
373,2026-01-19 15:48:00,Michael Giacchino,Night On The Yorktown,57241,0.015900277777777777,0.9540166666666666,15,1,Monday,False,2026-01,Night On The Yorktown Michael Giacchino,0.896,0.0753,0.05,0.644,0.0829,-20.269,0.0393,80.17,0.0371
374,2026-01-19 15:51:00,Royal Philharmonic Orchestra,"Another Way To Die - From ""Quantum of Solace""",207973,0.057770277777777775,3.4662166666666665,15,1,Monday,False,2026-01,"Another Way To Die - From ""Quantum of Solace"" Royal Philharmonic Orchestra",,,,,,,,,
375,2026-01-19 15:57:00,a-ha,The Living Daylights - MTV Unplugged,349453,0.09707027777777778,5.824216666666667,15,1,Monday,False,2026-01,The Living Daylights - MTV Unplugged a-ha,0.265,0.581,0.762,9.8e-06,0.2,-8.54,0.0409,110.932,0.436
376,2026-01-19 17:09:00,a-ha,The Living Daylights - Live,124173,0.0344925,2.06955,17,1,Monday,False,2026-01,The Living Daylights - Live a-ha,,,,,,,,,
377,2026-01-20 06:00:00,Brian Crain,Flight of the Eagle (Piano and Cello),21424,0.005951111111111111,0.35706666666666664,6,1,Tuesday,True,2026-01,Flight of the Eagle (Piano and Cello) Brian Crain,0.984,0.345,0.225,0.825,0.112,-14.256,0.0312,111.579,0.139
378,2026-01-20 06:15:00,Els Amics De Les Arts,L'Affaire Sofia,5807,0.0016130555555555555,0.09678333333333333,6,1,Tuesday,True,2026-01,L'Affaire Sofia Els Amics De Les Arts,0.599,0.479,0.61,0.0,0.0835,-8.173,0.0429,164.862,0.692
379,2026-01-20 06:20:00,George Harrison,My Sweet Lord - 2014 Remaster,4889,0.0013580555555555555,0.08148333333333334,6,1,Tuesday,True,2026-01,My Sweet Lord - 2014 Remaster George Harrison,0.0812,0.54,0.688,0.0,0.0857,-9.021,0.0331,120.981,0.564
380,2026-01-20 06:30:00,Scott Bradlee's Postmodern Jukebox,Umbrella - Piano Version,4555,0.0012652777777777777,0.07591666666666666,6,1,Tuesday,True,2026-01,Umbrella - Piano Version Scott Bradlee's Postmodern Jukebox,0.945,0.518,0.575,0.907,0.151,-7.517,0.0595,117.39,0.954
381,2026-01-20 06:40:00,Joel Minguet,Cantos Nuevos,12887,0.0035797222222222224,0.21478333333333333,6,1,Tuesday,True,2026-01,Cantos Nuevos Joel Minguet,0.841,0.395,0.25,0.00287,0.124,-15.516,0.0467,184.89,0.131
382,2026-01-20 06:58:00,One Piano,Who Am I,6957,0.0019325,0.11595,6,1,Tuesday,True,2026-01,Who Am I One Piano,0.816,0.346,0.17,0.86,0.196,-18.344,0.0592,115.959,0.157
383,2026-01-20 08:20:00,Lorien Testard,Une vie à t'aimer,660000,0.18333333333333332,11.0,8,1,Tuesday,False,2026-01,Une vie à t'aimer Lorien Testard,0.0634,0.16,0.862,3.65e-06,0.366,-4.397,0.288,179.986,0.0652
384,2026-01-20 11:10:00,Sebastien Skaf,"Une vie à t'aimer (from ""Clair Obscur: Expedition 33"")",684098,0.1900272222222222,11.401633333333333,11,1,Tuesday,False,2026-01,"Une vie à t'aimer (from ""Clair Obscur: Expedition 33"") Sebastien Skaf",,,,,,,,,
385,2026-01-20 11:19:00,Laurie Théberge,Une Vie à T'aimer - Piano Version,537625,0.14934027777777778,8.960416666666667,11,1,Tuesday,False,2026-01,Une Vie à T'aimer - Piano Version Laurie Théberge,,,,,,,,,
386,2026-01-20 11:22:00,Alicia Dessendre,Une vie à t'aimer,142996,0.03972111111111111,2.3832666666666666,11,1,Tuesday,False,2026-01,Une vie à t'aimer Alicia Dessendre,,,,,,,,,
387,2026-01-20 11:24:00,Jules Allard,"Une vie à t’aimer (From ""Clair Obscur: Expedition 33"")",128571,0.035714166666666665,2.14285,11,1,Tuesday,False,2026-01,"Une vie à t’aimer (From ""Clair Obscur: Expedition 33"") Jules Allard",,,,,,,,,
388,2026-01-20 11:26:00,Lorien Testard,Atelier de Clea - Fleur de Paris,153000,0.0425,2.55,11,1,Tuesday,False,2026-01,Atelier de Clea - Fleur de Paris Lorien Testard,0.714,0.715,0.149,1.48e-05,0.115,-17.575,0.0799,124.795,0.57
389,2026-01-20 11:29:00,Lorien Testard,Stone Wave Cliffs - Warding Blades,146000,0.04055555555555555,2.433333333333333,11,1,Tuesday,False,2026-01,Stone Wave Cliffs - Warding Blades Lorien Testard,0.316,0.553,0.66,0.92,0.142,-14.281,0.0307,140.045,0.232
390,2026-01-20 11:33:00,Lorien Testard,L'Amour d'un Père,254000,0.07055555555555555,4.233333333333333,11,1,Tuesday,False,2026-01,L'Amour d'un Père Lorien Testard,0.906,0.296,0.291,0.000543,0.0902,-13.007,0.0396,120.674,0.186
391,2026-01-20 11:36:00,Lorien Testard,Old Lumière - Fragments Tell Stories,162000,0.045,2.7,11,1,Tuesday,False,2026-01,Old Lumière - Fragments Tell Stories Lorien Testard,0.973,0.177,0.0361,0.875,0.08,-31.021,0.0414,68.273,0.0412
392,2026-01-20 11:40:00,Lorien Testard,Forgotten Battlefield - Red Birds are Tied to the Ground,242000,0.06722222222222222,4.033333333333333,11,1,Tuesday,False,2026-01,Forgotten Battlefield - Red Birds are Tied to the Ground Lorien Testard,0.948,0.455,0.258,0.933,0.129,-18.058,0.0276,77.014,0.18
393,2026-01-20 11:43:00,Lorien Testard,Sirène - Rouge d'Iris,199000,0.05527777777777778,3.316666666666667,11,1,Tuesday,False,2026-01,Sirène - Rouge d'Iris Lorien Testard,0.0179,0.314,0.586,0.0003,0.405,-8.83,0.0396,139.651,0.154
394,2026-01-20 11:46:00,Lorien Testard,Maelle,170000,0.04722222222222222,2.8333333333333335,11,1,Tuesday,False,2026-01,Maelle Lorien Testard,0.961,0.24,0.157,0.000862,0.14,-12.249,0.0398,105.981,0.145
395,2026-01-20 11:47:00,Lorien Testard,Gustave (Music Box),55000,0.015277777777777777,0.9166666666666666,11,1,Tuesday,False,2026-01,Gustave (Music Box) Lorien Testard,0.953,0.504,0.298,0.874,0.13,-16.273,0.0452,160.109,0.189
396,2026-01-20 14:49:00,Lorien Testard,Monoco's Station - When the Snow Cries,544450,0.1512361111111111,9.074166666666667,14,1,Tuesday,False,2026-01,Monoco's Station - When the Snow Cries Lorien Testard,0.721,0.0865,0.21,0.55,0.0941,-16.23,0.0376,76.855,0.0364
397,2026-01-20 14:51:00,One Piano,Who Am I,120103,0.033361944444444444,2.001716666666667,14,1,Tuesday,False,2026-01,Who Am I One Piano,0.816,0.346,0.17,0.86,0.196,-18.344,0.0592,115.959,0.157
398,2026-01-20 14:55:00,a-ha,The Living Daylights,254347,0.07065194444444445,4.239116666666667,14,1,Tuesday,False,2026-01,The Living Daylights a-ha,0.114,0.695,0.78,0.000971,0.0785,-7.906,0.0267,120.255,0.833
399,2026-01-20 14:57:00,Royal Philharmonic Orchestra,"Living Daylights - From ""The Living Daylights""",124373,0.034548055555555554,2.0728833333333334,14,1,Tuesday,False,2026-01,"Living Daylights - From ""The Living Daylights"" Royal Philharmonic Orchestra",,,,,,,,,
400,2026-01-20 15:01:00,John Barry,"Air Bond / Necros Attacks - From ""The Living Daylights""",207333,0.0575925,3.45555,15,1,Tuesday,False,2026-01,"Air Bond / Necros Attacks - From ""The Living Daylights"" John Barry",0.111,0.374,0.481,0.964,0.0966,-10.155,0.0295,129.946,0.159
401,2026-01-20 15:04:00,Pretenders,Where Has Every Body Gone - 1992 Remaster,217467,0.0604075,3.62445,15,1,Tuesday,False,2026-01,Where Has Every Body Gone - 1992 Remaster Pretenders,0.29,0.656,0.663,0.282,0.167,-10.278,0.0335,119.962,0.433
402,2026-01-20 15:04:00,Yusuf / Cat Stevens,Father And Son,9259,0.0025719444444444444,0.15431666666666666,15,1,Tuesday,True,2026-01,Father And Son Yusuf / Cat Stevens,0.541,0.495,0.326,8.85e-05,0.0996,-12.29,0.0365,136.243,0.371
403,2026-01-20 15:05:00,Els Amics De Les Arts,Museu D'Història Natural,7162,0.0019894444444444443,0.11936666666666666,15,1,Tuesday,True,2026-01,Museu D'Història Natural Els Amics De Les Arts,0.679,0.572,0.463,2.74e-06,0.377,-9.448,0.0489,173.887,0.361
404,2026-01-20 15:05:00,The Blue Notes,No Time To Die - Piano Rendition,16466,0.004573888888888889,0.2744333333333333,15,1,Tuesday,True,2026-01,No Time To Die - Piano Rendition The Blue Notes,0.979,0.534,0.25,0.937,0.106,-13.141,0.0675,143.921,0.0631
405,2026-01-20 15:08:00,Royal Philharmonic Orchestra,"The World Is Not Enough - From ""The World Is Not Enough""",178640,0.04962222222222222,2.977333333333333,15,1,Tuesday,False,2026-01,"The World Is Not Enough - From ""The World Is Not Enough"" Royal Philharmonic Orchestra",,,,,,,,,
406,2026-01-20 15:12:00,Els Amics De Les Arts,Estimeu-me,268507,0.07458527777777778,4.475116666666667,15,1,Tuesday,False,2026-01,Estimeu-me Els Amics De Les Arts,0.501,0.644,0.574,6.16e-05,0.212,-10.121,0.029,91.999,0.546
407,2026-01-20 15:17:00,Scott Bradlee's Postmodern Jukebox,Mr. Blue Sky,288340,0.08009444444444444,4.805666666666666,15,1,Tuesday,False,2026-01,Mr. Blue Sky Scott Bradlee's Postmodern Jukebox,0.867,0.399,0.287,0.0,0.111,-8.772,0.03,102.024,0.164
408,2026-01-20 15:21:00,Els Amics De Les Arts,Als Abismes,234946,0.06526277777777778,3.915766666666667,15,1,Tuesday,False,2026-01,Als Abismes Els Amics De Les Arts,0.0637,0.595,0.758,0.0145,0.0538,-7.237,0.0698,180.002,0.556
409,2026-01-20 15:26:00,Mister Bond,Goldfinger,247787,0.06882972222222222,4.129783333333333,15,1,Tuesday,False,2026-01,Goldfinger Mister Bond,0.34,0.481,0.421,0.0,0.409,-8.964,0.0387,85.7,0.316
410,2026-01-20 16:12:00,Andrew Lloyd Webber,Heaven on Their Minds - Remastered 2005,217120,0.060311111111111114,3.6186666666666665,16,1,Tuesday,False,2026-01,Heaven on Their Minds - Remastered 2005 Andrew Lloyd Webber,,,,,,,,,
411,2026-01-21 06:00:00,Antònia Font,Zoom,19794,0.005498333333333333,0.3299,6,1,Wednesday,True,2026-01,Zoom Antònia Font,0.377,0.547,0.413,0.0734,0.168,-12.022,0.0327,166.973,0.801
412,2026-01-21 06:15:00,Ted Neeley,"The Last Supper - From ""Jesus Christ Superstar"" Soundtrack",9960,0.002766666666666667,0.166,6,1,Wednesday,True,2026-01,"The Last Supper - From ""Jesus Christ Superstar"" Soundtrack Ted Neeley",0.8,0.441,0.399,0.000135,0.0923,-10.178,0.0605,119.183,0.319
413,2026-01-21 06:20:00,Nicholas Britell,Boar On The Floor,25712,0.0071422222222222225,0.4285333333333333,6,1,Wednesday,True,2026-01,Boar On The Floor Nicholas Britell,0.838,0.165,0.0316,0.93,0.126,-36.954,0.0399,65.651,0.0341
414,2026-01-21 06:25:00,Anna Roig,Com pot ser?,9792,0.00272,0.1632,6,1,Wednesday,True,2026-01,Com pot ser? Anna Roig,0.193,0.65,0.31,0.0333,0.0987,-13.884,0.0487,128.024,0.422
415,2026-01-21 06:30:00,Low Roar,Don't Be so Serious,33789,0.009385833333333333,0.56315,6,1,Wednesday,False,2026-01,Don't Be so Serious Low Roar,0.209,0.558,0.566,0.422,0.112,-12.563,0.0423,130.024,0.117
416,2026-01-21 06:40:00,Brian Crain,Ballet of the Little Cafe,16266,0.004518333333333333,0.2711,6,1,Wednesday,True,2026-01,Ballet of the Little Cafe Brian Crain,0.977,0.296,0.131,0.914,0.111,-18.338,0.0376,150.194,0.335
417,2026-01-21 07:07:00,Els Amics De Les Arts,Un Dia Com un Altre,22393,0.006220277777777778,0.37321666666666664,7,1,Wednesday,True,2026-01,Un Dia Com un Altre Els Amics De Les Arts,0.108,0.351,0.32,0.000456,0.0796,-10.546,0.0354,183.521,0.237
418,2026-01-21 08:11:00,Michael Giacchino,The Fantastic Four: First Steps Main Theme Extended Version,250293,0.06952583333333333,4.17155,8,1,Wednesday,False,2026-01,The Fantastic Four: First Steps Main Theme Extended Version Michael Giacchino,,,,,,,,,
419,2026-01-21 08:14:00,Michael Giacchino,"The Fantastic Four: First Steps Main Theme - From ""The Fantastic Four: First Steps""",202560,0.056266666666666666,3.376,8,1,Wednesday,False,2026-01,"The Fantastic Four: First Steps Main Theme - From ""The Fantastic Four: First Steps"" Michael Giacchino",,,,,,,,,
420,2026-01-21 08:16:00,Jules Allard,"Une vie à t’aimer (From ""Clair Obscur: Expedition 33"")",128571,0.035714166666666665,2.14285,8,1,Wednesday,False,2026-01,"Une vie à t’aimer (From ""Clair Obscur: Expedition 33"") Jules Allard",,,,,,,,,
421,2026-01-21 08:19:00,Alicia Dessendre,Une vie à t'aimer,142996,0.03972111111111111,2.3832666666666666,8,1,Wednesday,False,2026-01,Une vie à t'aimer Alicia Dessendre,,,,,,,,,
422,2026-01-21 08:28:00,Laurie Théberge,Une Vie à T'aimer - Piano Version,537625,0.14934027777777778,8.960416666666667,8,1,Wednesday,False,2026-01,Une Vie à T'aimer - Piano Version Laurie Théberge,,,,,,,,,
423,2026-01-21 08:32:00,Meryl Streep,Slipping Through My Fingers - From 'Mamma Mia!' Original Motion Picture Soundtrack,230893,0.06413694444444444,3.8482166666666666,8,1,Wednesday,False,2026-01,Slipping Through My Fingers - From 'Mamma Mia!' Original Motion Picture Soundtrack Meryl Streep,0.507,0.463,0.489,0.0,0.165,-7.968,0.0288,140.034,0.249
424,2026-01-21 08:35:00,Nirvana,You Know You're Right,217000,0.06027777777777778,3.6166666666666667,8,1,Wednesday,False,2026-01,You Know You're Right Nirvana,0.0407,0.289,0.716,0.00123,0.135,-6.53,0.106,168.049,0.344
425,2026-01-21 08:39:00,Els Amics De Les Arts,Tren Transsiberià,216693,0.0601925,3.61155,8,1,Wednesday,False,2026-01,Tren Transsiberià Els Amics De Les Arts,0.349,0.602,0.72,0.0,0.109,-8.497,0.0586,134.992,0.633
426,2026-01-21 08:43:00,The Beatles,While My Guitar Gently Weeps - Acoustic Version - Take 1,207560,0.05765555555555556,3.4593333333333334,8,1,Wednesday,False,2026-01,While My Guitar Gently Weeps - Acoustic Version - Take 1 The Beatles,0.863,0.592,0.0871,4.84e-06,0.0636,-17.016,0.0382,122.708,0.211
427,2026-01-21 08:46:00,Andrew Lloyd Webber,This Jesus Must Die - Remastered 2005,215733,0.05992583333333333,3.59555,8,1,Wednesday,False,2026-01,This Jesus Must Die - Remastered 2005 Andrew Lloyd Webber,,,,,,,,,
428,2026-01-21 09:03:00,Nirvana,Smells Like Teen Spirit,301920,0.08386666666666667,5.032,9,1,Wednesday,False,2026-01,Smells Like Teen Spirit Nirvana,2.55e-05,0.502,0.912,0.000173,0.106,-4.556,0.0564,116.761,0.72
429,2026-01-21 09:05:00,Murray Gold,Infinite Potential,107570,0.029880555555555556,1.7928333333333333,9,1,Wednesday,False,2026-01,Infinite Potential Murray Gold,,,,,,,,,
430,2026-01-21 09:05:00,Els Amics De Les Arts,Louisiana o els camps de cotó (amb la col·laboració de l'Orfeó Català),813,0.00022583333333333334,0.01355,9,1,Wednesday,True,2026-01,Louisiana o els camps de cotó (amb la col·laboració de l'Orfeó Català) Els Amics De Les Arts,0.956,0.456,0.247,0.0,0.131,-13.723,0.0437,163.92,0.279
431,2026-01-21 09:07:00,John Owen-Jones,The Confrontation - Live,131147,0.036429722222222224,2.185783333333333,9,1,Wednesday,False,2026-01,The Confrontation - Live John Owen-Jones,0.764,0.403,0.49,0.0,0.388,-10.261,0.122,98.559,0.475
432,2026-01-21 09:08:00,‘Jesus Christ Superstar’ 1996 London Cast,"What's the Buzz? / Strange Thing, Mystifying (Medley) - Remastered 2005",22550,0.006263888888888889,0.37583333333333335,9,1,Wednesday,True,2026-01,"What's the Buzz? / Strange Thing, Mystifying (Medley) - Remastered 2005 ‘Jesus Christ Superstar’ 1996 London Cast",,,,,,,,,
433,2026-01-21 09:08:00,Guns N' Roses,Estranged,2163,0.0006008333333333333,0.03605,9,1,Wednesday,True,2026-01,Estranged Guns N' Roses,0.0105,0.358,0.762,0.282,0.368,-8.323,0.0324,89.246,0.168
434,2026-01-21 09:10:00,Nicholas Britell,Succession - Andante Risoluto,148428,0.04123,2.4738,9,1,Wednesday,False,2026-01,Succession - Andante Risoluto Nicholas Britell,0.954,0.533,0.256,0.918,0.119,-13.023,0.0302,108.004,0.12
435,2026-01-21 09:18:00,Led Zeppelin,Stairway to Heaven - Remaster,482830,0.13411944444444446,8.047166666666667,9,1,Wednesday,False,2026-01,Stairway to Heaven - Remaster Led Zeppelin,0.58,0.338,0.34,0.0032,0.116,-12.049,0.0339,82.433,0.197
436,2026-01-21 09:22:00,Queen,Under Pressure - Remastered 2011,248440,0.0690111111111111,4.140666666666666,9,1,Wednesday,False,2026-01,Under Pressure - Remastered 2011 Queen,0.429,0.671,0.712,0.0,0.103,-7.815,0.0476,113.805,0.462
437,2026-01-21 09:26:00,One Piano,Santa Fe,198053,0.05501472222222222,3.300883333333333,9,1,Wednesday,False,2026-01,Santa Fe One Piano,0.745,0.428,0.3,0.877,0.104,-16.702,0.0443,169.568,0.473
438,2026-01-21 09:32:00,Metallica,Nothing Else Matters - Remastered 2021,388733,0.10798138888888889,6.478883333333333,9,1,Wednesday,False,2026-01,Nothing Else Matters - Remastered 2021 Metallica,0.0543,0.548,0.395,5.41e-06,0.0791,-9.794,0.0268,142.372,0.182
439,2026-01-21 09:36:00,Els Amics De Les Arts,El seu gran hit,229267,0.06368527777777777,3.8211166666666667,9,1,Wednesday,False,2026-01,El seu gran hit Els Amics De Les Arts,0.0171,0.608,0.81,0.0,0.327,-4.736,0.0561,120.011,0.795
440,2026-01-21 09:42:00,Ted Neeley,"Gethsemane (I Only Wanted To Say) - From ""Jesus Christ Superstar"" Soundtrack",341333,0.09481472222222222,5.688883333333333,9,1,Wednesday,False,2026-01,"Gethsemane (I Only Wanted To Say) - From ""Jesus Christ Superstar"" Soundtrack Ted Neeley",0.385,0.412,0.472,0.000685,0.125,-10.156,0.0477,137.26,0.311
441,2026-01-21 09:45:00,Patrik Pietschmann,"He's a Pirate (From ""Pirates of the Caribbean"") - Piano Version",14040,0.0039,0.234,9,1,Wednesday,True,2026-01,"He's a Pirate (From ""Pirates of the Caribbean"") - Piano Version Patrik Pietschmann",0.972,0.441,0.255,0.871,0.0898,-17.508,0.0408,179.963,0.483
442,2026-01-21 09:45:00,Jennifer Ann,Mad World (Instrumental),1433,0.0003980555555555556,0.023883333333333333,9,1,Wednesday,True,2026-01,Mad World (Instrumental) Jennifer Ann,0.795,0.322,0.194,0.836,0.12,-15.411,0.0339,97.448,0.134
443,2026-01-21 09:45:00,Joel Minguet,Si Mis Manos Pudieran Deshojar,192307,0.05341861111111111,3.2051166666666666,9,1,Wednesday,False,2026-01,Si Mis Manos Pudieran Deshojar Joel Minguet,0.834,0.752,0.375,0.00183,0.0872,-13.805,0.0388,98.03,0.191
444,2026-01-21 09:48:00,Anna Roig,Escolta,177800,0.04938888888888889,2.9633333333333334,9,1,Wednesday,False,2026-01,Escolta Anna Roig,0.667,0.427,0.366,0.0841,0.0995,-13.625,0.0607,97.931,0.208
445,2026-01-21 09:52:00,Antònia Font,Islas Baleares,215227,0.05978527777777778,3.5871166666666667,9,1,Wednesday,False,2026-01,Islas Baleares Antònia Font,0.422,0.612,0.371,0.000273,0.226,-15.419,0.113,144.112,0.295
446,2026-01-21 09:54:00,Gabriella Quevedo,Californication,156710,0.04353055555555556,2.6118333333333332,9,1,Wednesday,False,2026-01,Californication Gabriella Quevedo,0.771,0.474,0.329,0.943,0.123,-12.285,0.0362,93.403,0.122
447,2026-01-21 09:57:00,Nathan Evans,Wellerman - Sea Shanty,155333,0.04314805555555556,2.5888833333333334,9,1,Wednesday,False,2026-01,Wellerman - Sea Shanty Nathan Evans,0.614,0.675,0.359,0.0,0.137,-5.157,0.108,191.903,0.792
448,2026-01-21 09:58:00,Murray Gold,The Shepherd's Boy,501,0.00013916666666666667,0.00835,9,1,Wednesday,True,2026-01,The Shepherd's Boy Murray Gold,,,,,,,,,
449,2026-01-21 10:05:00,Mister Bond,Die Another Day,274933,0.07637027777777777,4.582216666666667,10,1,Wednesday,False,2026-01,Die Another Day Mister Bond,0.787,0.651,0.543,0.0125,0.121,-7.583,0.0276,101.006,0.186
450,2026-01-21 10:08:00,Nicholas Britell,L to the OG (feat. Kendall Roy),4680,0.0013,0.078,10,1,Wednesday,True,2026-01,L to the OG (feat. Kendall Roy) Nicholas Britell,0.0109,0.608,0.737,0.0,0.189,-5.758,0.153,96.113,0.248
451,2026-01-21 10:08:00,Laufey,From The Start,169573,0.04710361111111111,2.826216666666667,10,1,Wednesday,False,2026-01,From The Start Laufey,0.0211,0.375,0.806,0.0,0.084,-4.139,0.0509,88.838,0.611
452,2026-01-21 10:11:00,Royal Philharmonic Orchestra,"Licence To Kill - From ""Licence To Kill""",175480,0.048744444444444444,2.9246666666666665,10,1,Wednesday,False,2026-01,"Licence To Kill - From ""Licence To Kill"" Royal Philharmonic Orchestra",,,,,,,,,
453,2026-01-21 10:16:00,Els Amics De Les Arts,A Vegades - En Directe Al Festival De Cap Roig / 2015,304000,0.08444444444444445,5.066666666666666,10,1,Wednesday,False,2026-01,A Vegades - En Directe Al Festival De Cap Roig / 2015 Els Amics De Les Arts,0.00445,0.36,0.774,0.0,0.817,-7.461,0.0513,147.337,0.374
454,2026-01-21 10:16:00,Nicholas Britell,Succession - End Title Theme - Piano and Cello Variation,19880,0.005522222222222223,0.3313333333333333,10,1,Wednesday,True,2026-01,Succession - End Title Theme - Piano and Cello Variation Nicholas Britell,0.96,0.454,0.125,0.794,0.119,-15.297,0.036,130.544,0.161
455,2026-01-21 10:20:00,Els Amics De Les Arts,Les paraules que triem no dir,210759,0.05854416666666667,3.51265,10,1,Wednesday,False,2026-01,Les paraules que triem no dir Els Amics De Les Arts,0.271,0.733,0.581,0.0,0.0623,-7.744,0.0857,118.063,0.465
456,2026-01-21 10:21:00,Howard Shore,"The Departed Tango (feat. Larry Saltzman, Jamey Haddad, Marc Ribot, Shawn Pelton & Tim Le Febvre)",66100,0.018361111111111113,1.1016666666666666,10,1,Wednesday,False,2026-01,"The Departed Tango (feat. Larry Saltzman, Jamey Haddad, Marc Ribot, Shawn Pelton & Tim Le Febvre) Howard Shore",0.321,0.817,0.528,0.961,0.223,-11.963,0.0331,120.001,0.894
457,2026-01-21 10:24:00,Laufey,Like the Movies,162759,0.04521083333333333,2.71265,10,1,Wednesday,False,2026-01,Like the Movies Laufey,,,,,,,,,
458,2026-01-21 10:26:00,Paula Milara,detached,149125,0.04142361111111111,2.4854166666666666,10,1,Wednesday,False,2026-01,detached Paula Milara,,,,,,,,,
459,2026-01-21 10:30:00,Mister Bond,The James Bond Theme (Dr. No),203907,0.056640833333333335,3.39845,10,1,Wednesday,False,2026-01,The James Bond Theme (Dr. No) Mister Bond,0.183,0.836,0.327,0.874,0.0746,-7.866,0.04,111.972,0.551
460,2026-01-21 10:35:00,Mister Bond,A View To A Kill,310120,0.08614444444444444,5.168666666666667,10,1,Wednesday,False,2026-01,A View To A Kill Mister Bond,0.397,0.659,0.661,0.0011,0.252,-8.268,0.029,149.957,0.607
461,2026-01-21 10:39:00,Mister Bond,Goldeneye,248267,0.06896305555555556,4.137783333333333,10,1,Wednesday,False,2026-01,Goldeneye Mister Bond,0.0849,0.65,0.752,5.66e-06,0.095,-4.023,0.0429,91.042,0.687
462,2026-01-21 11:34:00,Mister Bond,Licence To Kill,324053,0.09001472222222222,5.400883333333334,11,1,Wednesday,False,2026-01,Licence To Kill Mister Bond,0.505,0.532,0.431,3.69e-06,0.11,-7.981,0.0558,159.783,0.195
463,2026-01-21 11:37:00,Mister Bond,Tomorrow Never Dies,219680,0.06102222222222222,3.6613333333333333,11,1,Wednesday,False,2026-01,Tomorrow Never Dies Mister Bond,0.518,0.8,0.635,7.48e-05,0.0984,-5.486,0.0284,115.995,0.676
464,2026-01-21 11:43:00,Mister Bond,For Your Eyes Only,322133,0.08948138888888889,5.368883333333334,11,1,Wednesday,False,2026-01,For Your Eyes Only Mister Bond,0.703,0.602,0.474,0.00355,0.101,-8.303,0.0291,95.962,0.141
465,2026-01-21 11:47:00,Mister Bond,Goldfinger,247787,0.06882972222222222,4.129783333333333,11,1,Wednesday,False,2026-01,Goldfinger Mister Bond,0.34,0.481,0.421,0.0,0.409,-8.964,0.0387,85.7,0.316
466,2026-01-21 11:51:00,Mister Bond,Die Another Day,274933,0.07637027777777777,4.582216666666667,11,1,Wednesday,False,2026-01,Die Another Day Mister Bond,0.787,0.651,0.543,0.0125,0.121,-7.583,0.0276,101.006,0.186
467,2026-01-21 11:57:00,Mister Bond,The Living Daylights,318053,0.08834805555555555,5.300883333333333,11,1,Wednesday,False,2026-01,The Living Daylights Mister Bond,0.692,0.611,0.388,5.38e-05,0.113,-7.626,0.0253,89.914,0.244
468,2026-01-21 12:01:00,Mister Bond,Nobody Does It Better,236667,0.06574083333333333,3.94445,12,1,Wednesday,False,2026-01,Nobody Does It Better Mister Bond,0.327,0.65,0.523,0.0,0.0939,-6.121,0.041,135.946,0.526
469,2026-01-21 12:05:00,Mister Bond,The World Is Not Enough,245533,0.06820361111111112,4.092216666666666,12,1,Wednesday,False,2026-01,The World Is Not Enough Mister Bond,0.933,0.283,0.361,0.000381,0.108,-6.957,0.0299,140.51,0.224
470,2026-01-21 12:05:00,Laufey,James,20600,0.005722222222222222,0.3433333333333333,12,1,Wednesday,True,2026-01,James Laufey,,,,,,,,,
471,2026-01-21 12:09:00,Scott Bradlee's Postmodern Jukebox,Lovefool - Piano Version,216515,0.060143055555555554,3.6085833333333333,12,1,Wednesday,False,2026-01,Lovefool - Piano Version Scott Bradlee's Postmodern Jukebox,0.945,0.539,0.398,0.867,0.118,-7.9,0.0469,131.06,0.586
472,2026-01-21 12:12:00,Low Roar,Bones (feat. Jófriður),170107,0.047251944444444444,2.8351166666666665,12,1,Wednesday,False,2026-01,Bones (feat. Jófriður) Low Roar,,,,,,,,,
473,2026-01-21 12:15:00,Johnny Cash,Hurt,216533,0.06014805555555556,3.6088833333333334,12,1,Wednesday,False,2026-01,Hurt Johnny Cash,0.649,0.534,0.392,0.000227,0.0948,-7.636,0.0267,90.379,0.163
474,2026-01-21 12:15:00,Macedònia,No Em Vull Fer Gran,93,2.5833333333333332e-05,0.00155,12,1,Wednesday,True,2026-01,No Em Vull Fer Gran Macedònia,0.297,0.78,0.735,0.00385,0.299,-1.247,0.0266,106.983,0.689
475,2026-01-21 12:15:00,Nicholas Britell,Serenade in E-Flat Major,2513,0.0006980555555555556,0.041883333333333335,12,1,Wednesday,True,2026-01,Serenade in E-Flat Major Nicholas Britell,0.874,0.143,0.177,0.78,0.116,-16.984,0.0398,90.938,0.0377
476,2026-01-21 12:15:00,Rodrigo y Gabriela,Stairway to Heaven,12470,0.0034638888888888887,0.20783333333333334,12,1,Wednesday,True,2026-01,Stairway to Heaven Rodrigo y Gabriela,0.902,0.508,0.504,0.834,0.151,-10.589,0.0469,112.491,0.572
477,2026-01-21 12:19:00,Macedònia,No Em Vull Fer Gran,211040,0.05862222222222222,3.517333333333333,12,1,Wednesday,False,2026-01,No Em Vull Fer Gran Macedònia,0.297,0.78,0.735,0.00385,0.299,-1.247,0.0266,106.983,0.689
478,2026-01-21 12:20:00,Nicholas Britell,Serenade in E-Flat Major,50792,0.01410888888888889,0.8465333333333334,12,1,Wednesday,False,2026-01,Serenade in E-Flat Major Nicholas Britell,0.874,0.143,0.177,0.78,0.116,-16.984,0.0398,90.938,0.0377
479,2026-01-21 12:24:00,L'Orchestra Cinematique,No Time To Die - Epic Version,247380,0.06871666666666666,4.123,12,1,Wednesday,False,2026-01,No Time To Die - Epic Version L'Orchestra Cinematique,,,,,,,,,
480,2026-01-21 12:27:00,Don McLean,Crying,17550,0.004875,0.2925,12,1,Wednesday,True,2026-01,Crying Don McLean,0.466,0.302,0.344,1.53e-06,0.184,-11.894,0.0277,140.763,0.242
481,2026-01-21 12:27:00,Els Amics De Les Arts,Bed & Breakfast,155800,0.043277777777777776,2.5966666666666667,12,1,Wednesday,False,2026-01,Bed & Breakfast Els Amics De Les Arts,0.761,0.757,0.601,2.63e-06,0.0818,-9.45,0.0653,123.997,0.916
482,2026-01-21 12:34:00,Mark Maxwell,And I Love Her,396618,0.11017166666666667,6.6103,12,1,Wednesday,False,2026-01,And I Love Her Mark Maxwell,0.956,0.641,0.305,0.919,0.0932,-14.061,0.0327,123.995,0.17
483,2026-01-21 12:37:00,Queen,Another One Bites The Dust - Remastered 2011,214653,0.059625833333333336,3.57755,12,1,Wednesday,False,2026-01,Another One Bites The Dust - Remastered 2011 Queen,0.112,0.933,0.528,0.312,0.163,-6.472,0.161,109.967,0.754
484,2026-01-21 12:45:00,Nirvana,Love Buzz,156040,0.04334444444444444,2.6006666666666667,12,1,Wednesday,False,2026-01,Love Buzz Nirvana,3.1e-05,0.479,0.865,0.228,0.182,-8.281,0.0339,137.902,0.77
485,2026-01-21 12:48:00,Piano Tribute Players,One Song Glory - Instrumental,207613,0.05767027777777778,3.4602166666666667,12,1,Wednesday,False,2026-01,One Song Glory - Instrumental Piano Tribute Players,0.964,0.637,0.167,0.888,0.111,-18.029,0.0543,143.992,0.139
486,2026-01-21 12:52:00,Scott Bradlee's Postmodern Jukebox,Bad Guy,223729,0.06214694444444444,3.7288166666666664,12,1,Wednesday,False,2026-01,Bad Guy Scott Bradlee's Postmodern Jukebox,0.063,0.527,0.273,0.000242,0.0808,-16.039,0.126,126.693,0.321
487,2026-01-21 12:58:00,Queen,Bohemian Rhapsody - Remastered 2011,354320,0.09842222222222222,5.905333333333333,12,1,Wednesday,False,2026-01,Bohemian Rhapsody - Remastered 2011 Queen,0.271,0.411,0.404,0.0,0.3,-9.928,0.0511,71.068,0.226
488,2026-01-21 13:01:00,Harry Nilsson,Without You,201774,0.05604833333333333,3.3629,13,1,Wednesday,False,2026-01,Without You Harry Nilsson,0.613,0.381,0.186,2.75e-06,0.0694,-15.477,0.029,65.058,0.142
489,2026-01-21 13:05:00,Els Amics De Les Arts,Déjà vu,218013,0.060559166666666664,3.63355,13,1,Wednesday,False,2026-01,Déjà vu Els Amics De Les Arts,,,,,,,,,
490,2026-01-21 13:06:00,Nicholas Britell,"“Sorry, Pinky”",84720,0.023533333333333333,1.412,13,1,Wednesday,False,2026-01,"“Sorry, Pinky” Nicholas Britell",0.904,0.0715,0.00207,0.914,0.108,-34.438,0.0467,79.589,0.0321
491,2026-01-21 13:07:00,Violet Orlandi,Hurt,51150,0.014208333333333333,0.8525,13,1,Wednesday,False,2026-01,Hurt Violet Orlandi,,,,,,,,,
492,2026-01-21 13:10:00,Joel Minguet,Encrucijada,183960,0.0511,3.066,13,1,Wednesday,False,2026-01,Encrucijada Joel Minguet,0.772,0.531,0.551,0.00123,0.128,-13.645,0.0298,176.028,0.55
493,2026-01-21 13:11:00,Nicholas Britell,Ricercare - Strings and Voices - Bonus Track,44720,0.012422222222222222,0.7453333333333333,13,1,Wednesday,False,2026-01,Ricercare - Strings and Voices - Bonus Track Nicholas Britell,0.775,0.17,0.149,0.749,0.0711,-17.175,0.0435,84.612,0.0378
494,2026-01-21 13:13:00,Antònia Font,Per Què Vaig Venir,146600,0.04072222222222222,2.4433333333333334,13,1,Wednesday,False,2026-01,Per Què Vaig Venir Antònia Font,0.827,0.46,0.457,0.664,0.258,-10.381,0.0265,163.918,0.46
495,2026-01-21 13:19:00,Gabriella Quevedo,Sultans of Swing,323429,0.08984138888888889,5.390483333333333,13,1,Wednesday,False,2026-01,Sultans of Swing Gabriella Quevedo,0.355,0.458,0.481,0.88,0.177,-10.09,0.0363,127.269,0.403
496,2026-01-21 13:22:00,Frank Sinatra,That's Life,187040,0.05195555555555555,3.1173333333333333,13,1,Wednesday,False,2026-01,That's Life Frank Sinatra,0.55,0.56,0.434,0.0,0.346,-14.151,0.0729,112.803,0.664
497,2026-01-21 17:56:00,Gabriella Quevedo,I See Fire,243870,0.06774166666666667,4.0645,17,1,Wednesday,False,2026-01,I See Fire Gabriella Quevedo,0.898,0.539,0.233,0.912,0.107,-14.714,0.0486,75.424,0.228
498,2026-01-21 17:58:00,Frank Sinatra,That's Life,851,0.0002363888888888889,0.014183333333333333,17,1,Wednesday,True,2026-01,That's Life Frank Sinatra,0.55,0.56,0.434,0.0,0.346,-14.151,0.0729,112.803,0.664
499,2026-01-21 18:07:00,Gabriella Quevedo,Sultans of Swing,463,0.0001286111111111111,0.007716666666666667,18,1,Wednesday,True,2026-01,Sultans of Swing Gabriella Quevedo,0.355,0.458,0.481,0.88,0.177,-10.09,0.0363,127.269,0.403
500,2026-01-21 18:28:00,Gabriella Quevedo,Sultans of Swing,13131,0.0036475,0.21885,18,1,Wednesday,True,2026-01,Sultans of Swing Gabriella Quevedo,0.355,0.458,0.481,0.88,0.177,-10.09,0.0363,127.269,0.403
501,2026-01-22 05:55:00,Els Amics De Les Arts,Apologia de la Ingenuïtat,15821,0.004394722222222223,0.2636833333333333,5,1,Thursday,True,2026-01,Apologia de la Ingenuïtat Els Amics De Les Arts,0.0325,0.483,0.937,0.0,0.139,-3.642,0.155,112.624,0.367
502,2026-01-22 06:00:00,Patrik Pietschmann,Beautiful Lie - Piano Version,8650,0.002402777777777778,0.14416666666666667,6,1,Thursday,True,2026-01,Beautiful Lie - Piano Version Patrik Pietschmann,,,,,,,,,
503,2026-01-22 06:05:00,Antònia Font,Oh la la,11083,0.003078611111111111,0.18471666666666667,6,1,Thursday,True,2026-01,Oh la la Antònia Font,0.32,0.651,0.448,5.57e-06,0.11,-11.951,0.0281,134.989,0.788
504,2026-01-22 06:15:00,Sigrid,Everybody Knows,6965,0.0019347222222222222,0.11608333333333333,6,1,Thursday,True,2026-01,Everybody Knows Sigrid,0.641,0.656,0.225,6.32e-05,0.101,-11.777,0.0313,106.023,0.156
505,2026-01-22 06:20:00,Scott Bradlee's Postmodern Jukebox,Mr. Blue Sky,9314,0.002587222222222222,0.15523333333333333,6,1,Thursday,True,2026-01,Mr. Blue Sky Scott Bradlee's Postmodern Jukebox,0.867,0.399,0.287,0.0,0.111,-8.772,0.03,102.024,0.164
506,2026-01-22 06:25:00,Nirvana,Negative Creep,4728,0.0013133333333333332,0.0788,6,1,Thursday,True,2026-01,Negative Creep Nirvana,7.97e-06,0.37,0.947,0.000175,0.0762,-7.213,0.0901,81.744,0.418
507,2026-01-22 06:30:00,Els Amics De Les Arts,Els Ocells,22628,0.0062855555555555555,0.3771333333333333,6,1,Thursday,True,2026-01,Els Ocells Els Amics De Les Arts,0.8,0.633,0.302,0.00577,0.0887,-12.569,0.0391,120.859,0.311
508,2026-01-22 06:35:00,Pink Floyd,Money,16209,0.0045025,0.27015,6,1,Thursday,True,2026-01,Money Pink Floyd,0.024,0.468,0.536,0.00199,0.269,-10.422,0.144,126.256,0.785
509,2026-01-22 06:40:00,Sharon Isbin,Boston Common,15020,0.004172222222222222,0.25033333333333335,6,1,Thursday,True,2026-01,Boston Common Sharon Isbin,0.983,0.487,0.0418,0.912,0.1,-20.39,0.0431,120.15,0.0773
510,2026-01-22 06:58:00,One Piano,Will I,19363,0.005378611111111111,0.32271666666666665,6,1,Thursday,True,2026-01,Will I One Piano,0.995,0.427,0.0572,0.93,0.0846,-23.374,0.0583,93.823,0.231
511,2026-01-22 12:12:00,One Piano,Will I,183793,0.05105361111111111,3.0632166666666665,12,1,Thursday,False,2026-01,Will I One Piano,0.995,0.427,0.0572,0.93,0.0846,-23.374,0.0583,93.823,0.231
512,2026-01-22 12:14:00,Dropkick Murphys,I'm Shipping Up To Boston,153600,0.042666666666666665,2.56,12,1,Thursday,False,2026-01,I'm Shipping Up To Boston Dropkick Murphys,0.000706,0.452,0.928,0.000637,0.226,-3.133,0.079,129.188,0.6
513,2026-01-22 12:17:00,Royal Philharmonic Orchestra,"You Only Live Twice - From ""You Only Live Twice""",176320,0.04897777777777778,2.9386666666666668,12,1,Thursday,False,2026-01,"You Only Live Twice - From ""You Only Live Twice"" Royal Philharmonic Orchestra",,,,,,,,,
514,2026-01-22 12:20:00,Nirvana,Sliver,136493,0.037914722222222225,2.2748833333333334,12,1,Thursday,False,2026-01,Sliver Nirvana,1.16e-05,0.428,0.684,0.000156,0.0744,-10.044,0.0475,141.336,0.419
515,2026-01-22 12:23:00,Jim Sturgess,"Something - From ""Across The Universe"" Soundtrack",179787,0.04994083333333333,2.99645,12,1,Thursday,False,2026-01,"Something - From ""Across The Universe"" Soundtrack Jim Sturgess",0.226,0.499,0.251,3.06e-05,0.131,-10.449,0.0341,136.173,0.188
516,2026-01-23 05:55:00,Patrik Pietschmann,The Lord of the Rings Main Theme - Piano Version,23037,0.006399166666666667,0.38395,5,1,Friday,True,2026-01,The Lord of the Rings Main Theme - Piano Version Patrik Pietschmann,0.986,0.595,0.11,0.905,0.0926,-20.867,0.0396,79.992,0.105
517,2026-01-23 06:00:00,Nicholas Britell,Andantino for Brass and Orchestra in B Minor,14587,0.004051944444444445,0.24311666666666668,6,1,Friday,True,2026-01,Andantino for Brass and Orchestra in B Minor Nicholas Britell,0.988,0.321,0.0416,0.862,0.103,-17.139,0.0308,84.732,0.0562
518,2026-01-23 06:05:00,Creedence Clearwater Revival,Have You Ever Seen The Rain,11459,0.0031830555555555557,0.19098333333333334,6,1,Friday,True,2026-01,Have You Ever Seen The Rain Creedence Clearwater Revival,0.0936,0.743,0.47,3.15e-05,0.186,-13.154,0.029,116.122,0.89
519,2026-01-23 06:15:00,Nicholas Britell,Sinfonietta in A Minor - Strings Variation - “The Photo”,12830,0.003563888888888889,0.21383333333333332,6,1,Friday,True,2026-01,Sinfonietta in A Minor - Strings Variation - “The Photo” Nicholas Britell,0.6,0.157,0.281,0.896,0.116,-17.56,0.0378,134.105,0.0934
520,2026-01-23 06:20:00,Antònia Font,Viure Sense Tu,8200,0.002277777777777778,0.13666666666666666,6,1,Friday,True,2026-01,Viure Sense Tu Antònia Font,0.0771,0.565,0.534,0.0273,0.1,-12.05,0.0486,137.825,0.722
521,2026-01-23 06:30:00,Queen,Death On Two Legs (Dedicated To...) - Remastered 2011,22580,0.0062722222222222224,0.37633333333333335,6,1,Friday,True,2026-01,Death On Two Legs (Dedicated To...) - Remastered 2011 Queen,0.362,0.403,0.691,4.03e-05,0.133,-6.219,0.0544,124.695,0.5
522,2026-01-23 06:40:00,Larry Saltzman,Miss Thing,5649,0.0015691666666666666,0.09415,6,1,Friday,True,2026-01,Miss Thing Larry Saltzman,0.748,0.588,0.219,0.912,0.113,-12.265,0.0334,120.091,0.453
523,2026-01-23 06:55:00,Jennifer Ann,Mad World (Instrumental),29144,0.008095555555555555,0.48573333333333335,6,1,Friday,True,2026-01,Mad World (Instrumental) Jennifer Ann,0.795,0.322,0.194,0.836,0.12,-15.411,0.0339,97.448,0.134
524,2026-01-25 19:45:00,Scott Bradlee's Postmodern Jukebox,Crazy Train,5830,0.0016194444444444444,0.09716666666666667,19,1,Sunday,True,2026-01,Crazy Train Scott Bradlee's Postmodern Jukebox,0.593,0.555,0.731,2.41e-05,0.0805,-4.644,0.0474,134.907,0.609
525,2026-01-26 04:08:00,Scott Bradlee's Postmodern Jukebox,Crazy Train,27600,0.007666666666666666,0.46,4,1,Monday,True,2026-01,Crazy Train Scott Bradlee's Postmodern Jukebox,0.593,0.555,0.731,2.41e-05,0.0805,-4.644,0.0474,134.907,0.609
526,2026-01-26 06:00:00,Jim Sturgess,"I've Just Seen A Face - From ""Across The Universe"" Soundtrack",17567,0.004879722222222222,0.29278333333333334,6,1,Monday,True,2026-01,"I've Just Seen A Face - From ""Across The Universe"" Soundtrack Jim Sturgess",0.0259,0.498,0.841,0.000753,0.173,-6.863,0.0617,135.759,0.333
527,2026-01-26 06:15:00,Els Amics De Les Arts,Suïssa,18148,0.005041111111111111,0.30246666666666666,6,1,Monday,True,2026-01,Suïssa Els Amics De Les Arts,0.00566,0.47,0.888,0.0725,0.239,-5.715,0.0727,155.13,0.33
528,2026-01-26 06:20:00,Piano Tribute Players,Will I? - Instrumental,8925,0.002479166666666667,0.14875,6,1,Monday,True,2026-01,Will I? - Instrumental Piano Tribute Players,0.962,0.486,0.0369,0.887,0.0844,-24.019,0.0593,82.158,0.239
529,2026-01-26 06:30:00,Nicholas Britell,"Rondo in F Minor for Solo Piano - ""Kendall's Summit""",13323,0.0037008333333333333,0.22205,6,1,Monday,True,2026-01,"Rondo in F Minor for Solo Piano - ""Kendall's Summit"" Nicholas Britell",0.979,0.34,0.116,0.928,0.107,-19.694,0.0315,72.036,0.151
530,2026-01-26 06:40:00,Murray Gold,Clara's Diner,11267,0.003129722222222222,0.18778333333333333,6,1,Monday,True,2026-01,Clara's Diner Murray Gold,,,,,,,,,
531,2026-01-26 08:11:00,Michael Giacchino,"Exit Through the Lobby - from ""Spider-Man: No Way Home"" Soundtrack",10787,0.0029963888888888887,0.17978333333333332,8,1,Monday,True,2026-01,"Exit Through the Lobby - from ""Spider-Man: No Way Home"" Soundtrack Michael Giacchino",0.971,0.142,0.0177,0.934,0.0981,-23.93,0.0372,80.32,0.0329
532,2026-01-26 08:36:00,Metallica,Breadfan,227076,0.06307666666666667,3.7846,8,1,Monday,False,2026-01,Breadfan Metallica,0.000336,0.354,0.93,0.111,0.62,-7.46,0.0729,103.549,0.152
533,2026-01-26 08:39:00,Eddie Redmayne,Empty Chairs At Empty Tables,191213,0.05311472222222222,3.1868833333333333,8,1,Monday,False,2026-01,Empty Chairs At Empty Tables Eddie Redmayne,0.944,0.299,0.0656,1.89e-05,0.0943,-18.002,0.0553,170.381,0.115
534,2026-01-26 08:48:00,Guns N' Roses,November Rain,536067,0.1489075,8.93445,8,1,Monday,False,2026-01,November Rain Guns N' Roses,0.016,0.294,0.64,0.22,0.112,-9.316,0.0291,79.79,0.226
535,2026-01-26 08:52:00,L'Orchestra Cinematique,Superman Theme x Man of Steel Theme - Epic Version,225602,0.06266722222222222,3.7600333333333333,8,1,Monday,False,2026-01,Superman Theme x Man of Steel Theme - Epic Version L'Orchestra Cinematique,,,,,,,,,
536,2026-01-26 08:55:00,John Williams,Han Solo and the Princess,207427,0.057618611111111113,3.457116666666667,8,1,Monday,False,2026-01,Han Solo and the Princess John Williams,,,,,,,,,
537,2026-01-26 08:58:00,Rich Douglas,Night at the Opera - from Quantum of Solace,177836,0.04939888888888889,2.9639333333333333,8,1,Monday,False,2026-01,Night at the Opera - from Quantum of Solace Rich Douglas,0.83,0.36,0.239,0.905,0.11,-19.025,0.0349,84.102,0.0779
538,2026-01-26 09:12:00,Pink Floyd,Shine On You Crazy Diamond (Pts. 1-5),812800,0.22577777777777777,13.546666666666667,9,1,Monday,False,2026-01,Shine On You Crazy Diamond (Pts. 1-5) Pink Floyd,0.772,0.264,0.294,0.686,0.107,-11.941,0.028,137.937,0.0402
539,2026-01-26 09:27:00,‘Jesus Christ Superstar’ 1996 London Cast,Trial Before Pilate (Including the 39 Lashes) - Remastered 2005,362600,0.10072222222222223,6.043333333333333,9,1,Monday,False,2026-01,Trial Before Pilate (Including the 39 Lashes) - Remastered 2005 ‘Jesus Christ Superstar’ 1996 London Cast,,,,,,,,,
540,2026-01-26 09:31:00,John Williams,Anakin's Dark Deeds,244227,0.06784083333333334,4.07045,9,1,Monday,False,2026-01,Anakin's Dark Deeds John Williams,,,,,,,,,
541,2026-01-26 09:36:00,Nirvana,Smells Like Teen Spirit,301920,0.08386666666666667,5.032,9,1,Monday,False,2026-01,Smells Like Teen Spirit Nirvana,2.55e-05,0.502,0.912,0.000173,0.106,-4.556,0.0564,116.761,0.72
542,2026-01-26 09:39:00,The Beatles,You've Got To Hide Your Love Away - Remastered 2009,129120,0.035866666666666665,2.152,9,1,Monday,False,2026-01,You've Got To Hide Your Love Away - Remastered 2009 The Beatles,0.211,0.399,0.394,0.0,0.102,-9.05,0.0282,184.274,0.382
543,2026-01-26 09:41:00,Emily Watts,La Vie En Rose,157683,0.04380083333333333,2.62805,9,1,Monday,False,2026-01,La Vie En Rose Emily Watts,0.957,0.419,0.0842,0.0,0.285,-17.542,0.0341,88.278,0.246
544,2026-01-26 09:47:00,Metallica,Turn The Page,366467,0.1017963888888889,6.107783333333333,9,1,Monday,False,2026-01,Turn The Page Metallica,1.94e-05,0.426,0.813,0.022,0.0937,-3.963,0.0318,149.013,0.228
545,2026-01-26 09:48:00,Nicholas Britell,"Lamentoso - Clarinets, Piano, Pizzicato Strings",51427,0.014285277777777777,0.8571166666666666,9,1,Monday,False,2026-01,"Lamentoso - Clarinets, Piano, Pizzicato Strings Nicholas Britell",0.983,0.229,0.0183,0.802,0.148,-23.566,0.042,66.089,0.0381
546,2026-01-26 09:52:00,Murray Gold,The Long Song,218667,0.060740833333333334,3.64445,9,1,Monday,False,2026-01,The Long Song Murray Gold,,,,,,,,,
547,2026-01-26 09:55:00,David Bowie,Changes - 2015 Remaster,217747,0.06048527777777778,3.6291166666666665,9,1,Monday,False,2026-01,Changes - 2015 Remaster David Bowie,0.505,0.559,0.308,0.0,0.109,-11.75,0.0376,113.633,0.414
548,2026-01-26 10:02:00,Peter Gabriel,My Body Is A Cage,372667,0.10351861111111112,6.211116666666666,10,1,Monday,False,2026-01,My Body Is A Cage Peter Gabriel,0.849,0.341,0.114,0.0938,0.104,-12.885,0.0341,78.912,0.0806
549,2026-01-26 10:05:00,Scott Bradlee's Postmodern Jukebox,Umbrella,179655,0.049904166666666666,2.99425,10,1,Monday,False,2026-01,Umbrella Scott Bradlee's Postmodern Jukebox,0.691,0.623,0.842,0.0,0.236,-7.383,0.29,106.735,0.779
550,2026-01-26 10:09:00,Els Amics De Les Arts,Suïssa,282987,0.0786075,4.71645,10,1,Monday,False,2026-01,Suïssa Els Amics De Les Arts,0.00566,0.47,0.888,0.0725,0.239,-5.715,0.0727,155.13,0.33
551,2026-01-26 10:14:00,Els Amics De Les Arts,Louisiana O Els Camps De Cotó,284027,0.07889638888888889,4.733783333333333,10,1,Monday,False,2026-01,Louisiana O Els Camps De Cotó Els Amics De Les Arts,0.775,0.674,0.359,7.98e-06,0.147,-12.403,0.0588,89.967,0.485
552,2026-01-26 10:18:00,Violet Orlandi,When September Ends,213818,0.05939388888888889,3.563633333333333,10,1,Monday,False,2026-01,When September Ends Violet Orlandi,,,,,,,,,
553,2026-01-26 10:26:00,Metallica,Orion - Live,506867,0.1407963888888889,8.447783333333334,10,1,Monday,False,2026-01,Orion - Live Metallica,0.00124,0.29,0.76,0.924,0.0544,-8.37,0.0427,166.573,0.477
554,2026-01-26 10:31:00,Rodrigo y Gabriela,Stairway to Heaven,284202,0.078945,4.7367,10,1,Monday,False,2026-01,Stairway to Heaven Rodrigo y Gabriela,0.902,0.508,0.504,0.834,0.151,-10.589,0.0469,112.491,0.572
555,2026-01-26 10:36:00,Scott Bradlee's Postmodern Jukebox,Crazy Train,284400,0.079,4.74,10,1,Monday,False,2026-01,Crazy Train Scott Bradlee's Postmodern Jukebox,0.593,0.555,0.731,2.41e-05,0.0805,-4.644,0.0474,134.907,0.609
556,2026-01-26 10:39:00,Mishima,Menteix la primavera,225863,0.06273972222222222,3.7643833333333334,10,1,Monday,False,2026-01,Menteix la primavera Mishima,0.328,0.768,0.502,0.203,0.101,-8.984,0.0339,112.525,0.667
557,2026-01-26 10:42:00,Adam Pascal,One Song Glory,166840,0.046344444444444445,2.780666666666667,10,1,Monday,False,2026-01,One Song Glory Adam Pascal,0.201,0.648,0.475,0.0,0.127,-7.301,0.118,143.599,0.267
558,2026-01-26 10:45:00,John Lennon,Imagine - Remastered 2010,187867,0.052185277777777775,3.1311166666666668,10,1,Monday,False,2026-01,Imagine - Remastered 2010 John Lennon,0.907,0.547,0.257,0.183,0.0935,-12.358,0.0252,75.752,0.169
559,2026-01-26 10:50:00,Talking Heads,Psycho Killer,260507,0.07236305555555556,4.341783333333334,10,1,Monday,False,2026-01,Psycho Killer Talking Heads,0.0586,0.721,0.401,0.00259,0.122,-12.139,0.0661,123.384,0.944
560,2026-01-26 10:51:00,Wayne Wilcox,Life Support,56760,0.015766666666666665,0.946,10,1,Monday,False,2026-01,Life Support Wayne Wilcox,0.799,0.459,0.398,0.0,0.383,-8.141,0.0289,144.644,0.794
561,2026-01-26 10:56:00,David Arnold,The Problems of Your Future,332680,0.09241111111111111,5.544666666666667,10,1,Monday,False,2026-01,The Problems of Your Future David Arnold,,,,,,,,,
562,2026-01-26 10:59:00,Nicholas Britell,It's Done,169345,0.04704027777777778,2.822416666666667,10,1,Monday,False,2026-01,It's Done Nicholas Britell,0.862,0.19,0.142,0.852,0.104,-18.507,0.0359,66.967,0.0444
563,2026-01-26 11:05:00,Ted Neeley,"The Temple - From ""Jesus Christ Superstar"" Soundtrack",336067,0.09335194444444445,5.601116666666667,11,1,Monday,False,2026-01,"The Temple - From ""Jesus Christ Superstar"" Soundtrack Ted Neeley",0.417,0.329,0.6,0.0178,0.0793,-11.273,0.0736,102.448,0.353
564,2026-01-26 11:08:00,Joe Anderson,With A Little Help From My Friends,191053,0.05307027777777778,3.1842166666666665,11,1,Monday,False,2026-01,With A Little Help From My Friends Joe Anderson,0.306,0.473,0.547,0.000296,0.356,-5.802,0.0335,118.049,0.429
565,2026-01-26 11:10:00,Wilson Jermaine Heredia,I'll Cover You,149773,0.04160361111111111,2.4962166666666668,11,1,Monday,False,2026-01,I'll Cover You Wilson Jermaine Heredia,0.243,0.619,0.876,0.0,0.0752,-3.347,0.0438,111.847,0.778
566,2026-01-26 11:14:00,Els Amics De Les Arts,El Senyal Que Esperaves,204280,0.056744444444444445,3.4046666666666665,11,1,Monday,False,2026-01,El Senyal Que Esperaves Els Amics De Les Arts,,,,,,,,,
567,2026-01-26 11:19:00,Redbone,Come and Get Your Love,300200,0.08338888888888889,5.003333333333333,11,1,Monday,False,2026-01,Come and Get Your Love Redbone,0.172,0.731,0.804,0.00028,0.0685,-7.621,0.0473,107.383,0.957
568,2026-01-26 11:23:00,Els Amics De Les Arts,A La Mercè D'Un So - En Directe Al Festival De Cap Roig / 2015,242453,0.06734805555555555,4.040883333333333,11,1,Monday,False,2026-01,A La Mercè D'Un So - En Directe Al Festival De Cap Roig / 2015 Els Amics De Les Arts,0.00861,0.366,0.759,4.95e-05,0.697,-7.922,0.0461,154.475,0.405
569,2026-01-26 11:28:00,Joel Minguet,Balada del Agua del Mar,290720,0.08075555555555555,4.8453333333333335,11,1,Monday,False,2026-01,Balada del Agua del Mar Joel Minguet,0.823,0.305,0.265,0.0392,0.15,-14.787,0.0456,179.396,0.148
570,2026-01-26 11:31:00,Els Amics De Les Arts,M'He Aficionat Al Ball,191680,0.05324444444444444,3.1946666666666665,11,1,Monday,False,2026-01,M'He Aficionat Al Ball Els Amics De Les Arts,0.736,0.648,0.334,0.0,0.13,-10.476,0.0423,128.092,0.666
571,2026-01-26 11:34:00,Antònia Font,Oh la la,208600,0.057944444444444444,3.4766666666666666,11,1,Monday,False,2026-01,Oh la la Antònia Font,0.32,0.651,0.448,5.57e-06,0.11,-11.951,0.0281,134.989,0.788
572,2026-01-26 11:40:00,Mister Bond,For Your Eyes Only,322133,0.08948138888888889,5.368883333333334,11,1,Monday,False,2026-01,For Your Eyes Only Mister Bond,0.703,0.602,0.474,0.00355,0.101,-8.303,0.0291,95.962,0.141
573,2026-01-26 11:44:00,Rosario Dawson,Out Tonight,234093,0.06502583333333334,3.90155,11,1,Monday,False,2026-01,Out Tonight Rosario Dawson,0.000111,0.534,0.911,0.000406,0.078,-2.826,0.0441,139.02,0.681
574,2026-01-26 14:57:00,One Piano,James Bond Theme,5577,0.0015491666666666666,0.09295,14,1,Monday,True,2026-01,James Bond Theme One Piano,,,,,,,,,
575,2026-01-26 14:57:00,Nstens1117,Black Suited Spidey,1161,0.0003225,0.01935,14,1,Monday,True,2026-01,Black Suited Spidey Nstens1117,0.000796,0.251,0.553,0.721,0.324,-5.148,0.0385,66.242,0.0771
576,2026-01-26 14:57:00,Nstens1117,Black Suited Spidey,397,0.00011027777777777777,0.0066166666666666665,14,1,Monday,True,2026-01,Black Suited Spidey Nstens1117,0.000796,0.251,0.553,0.721,0.324,-5.148,0.0385,66.242,0.0771
577,2026-01-26 14:57:00,Martin Luther McCoy,While My Guitar Gently Weeps,2640,0.0007333333333333333,0.044,14,1,Monday,True,2026-01,While My Guitar Gently Weeps Martin Luther McCoy,0.384,0.405,0.354,5.1e-06,0.0888,-10.605,0.0308,110.078,0.19
578,2026-01-26 14:57:00,Hugh Jackman,Look Down,50510,0.014030555555555555,0.8418333333333333,14,1,Monday,False,2026-01,Look Down Hugh Jackman,0.898,0.379,0.377,1.16e-06,0.128,-11.951,0.184,152.624,0.375
579,2026-01-26 15:00:00,One Piano,James Bond Theme,119696,0.03324888888888889,1.9949333333333332,15,1,Monday,False,2026-01,James Bond Theme One Piano,,,,,,,,,
580,2026-01-26 15:01:00,Nstens1117,Black Suited Spidey,80614,0.02239277777777778,1.3435666666666666,15,1,Monday,False,2026-01,Black Suited Spidey Nstens1117,0.000796,0.251,0.553,0.721,0.324,-5.148,0.0385,66.242,0.0771
581,2026-01-26 15:05:00,Martin Luther McCoy,While My Guitar Gently Weeps,242027,0.06722972222222222,4.033783333333333,15,1,Monday,False,2026-01,While My Guitar Gently Weeps Martin Luther McCoy,0.384,0.405,0.354,5.1e-06,0.0888,-10.605,0.0308,110.078,0.19
582,2026-01-26 15:06:00,Ted Neeley,"The Crucifixion - From ""Jesus Christ Superstar"" Soundtrack",6670,0.0018527777777777778,0.11116666666666666,15,1,Monday,True,2026-01,"The Crucifixion - From ""Jesus Christ Superstar"" Soundtrack Ted Neeley",0.8,0.22,0.414,0.903,0.0977,-15.949,0.103,137.905,0.0813
583,2026-01-26 15:06:00,Nicholas Britell,Dark Minuet,65573,0.018214722222222222,1.0928833333333334,15,1,Monday,False,2026-01,Dark Minuet Nicholas Britell,0.975,0.49,0.261,0.87,0.0785,-15.64,0.0422,140.639,0.0771
584,2026-01-26 15:08:00,Larry Saltzman,Colin,129093,0.035859166666666664,2.15155,15,1,Monday,False,2026-01,Colin Larry Saltzman,0.546,0.777,0.275,0.925,0.11,-10.773,0.098,119.945,0.557
585,2026-01-26 15:12:00,The 'Les Misérables 2010' Company,One Day More - Live,220987,0.061385277777777775,3.683116666666667,15,1,Monday,False,2026-01,One Day More - Live The 'Les Misérables 2010' Company,0.821,0.265,0.456,0.0,0.741,-8.938,0.0479,81.506,0.122
586,2026-01-26 15:24:00,Hans Zimmer,Pirates Of The Caribbean Medley - Live,717373,0.19927027777777778,11.956216666666666,15,1,Monday,False,2026-01,Pirates Of The Caribbean Medley - Live Hans Zimmer,0.0221,0.196,0.423,0.0961,0.954,-11.821,0.0354,96.566,0.146
587,2026-01-26 15:27:00,The Greg Kihn Band,The Breakup Song,169707,0.04714083333333333,2.82845,15,1,Monday,False,2026-01,The Breakup Song The Greg Kihn Band,0.032,0.695,0.887,4.9e-05,0.234,-4.417,0.0291,141.541,0.965
588,2026-01-26 15:32:00,Low Roar,"Once in a Long, Long While",317480,0.08818888888888889,5.291333333333333,15,1,Monday,False,2026-01,"Once in a Long, Long While Low Roar",0.209,0.558,0.566,0.422,0.112,-12.563,0.0423,130.024,0.117
589,2026-01-26 15:36:00,Laura Lace,Winter (A.Vivaldi Rock Live),224500,0.06236111111111111,3.7416666666666667,15,1,Monday,False,2026-01,Winter (A.Vivaldi Rock Live) Laura Lace,5.14e-05,0.151,0.843,0.841,0.179,-6.642,0.0781,137.942,0.154
590,2026-01-26 15:39:00,Daniel Pemberton,Across the Spider-Verse (Intro),165173,0.04588138888888889,2.752883333333333,15,1,Monday,False,2026-01,Across the Spider-Verse (Intro) Daniel Pemberton,0.0623,0.265,0.347,0.844,0.067,-13.199,0.0377,134.884,0.22
591,2026-01-26 15:44:00,Low Roar,The Machine,337027,0.09361861111111111,5.617116666666667,15,1,Monday,False,2026-01,The Machine Low Roar,0.822,0.432,0.33,0.293,0.152,-16.483,0.0434,135.034,0.17
592,2026-01-26 15:45:00,The Beatles,Let It Be - Remastered 2009,5297,0.0014713888888888888,0.08828333333333334,15,1,Monday,True,2026-01,Let It Be - Remastered 2009 The Beatles,0.631,0.443,0.403,0.0,0.111,-8.339,0.0322,143.462,0.41
593,2026-01-26 15:50:00,John Williams,"Across the Stars (Love Theme from ""Star Wars: Attack of the Clones"")",331840,0.09217777777777778,5.530666666666667,15,1,Monday,False,2026-01,"Across the Stars (Love Theme from ""Star Wars: Attack of the Clones"") John Williams",,,,,,,,,
594,2026-01-26 15:53:00,El Canto Del Loco,No Puedo Vivir Sin Ti,6771,0.0018808333333333333,0.11285,15,1,Monday,True,2026-01,No Puedo Vivir Sin Ti El Canto Del Loco,0.0246,0.666,0.834,0.0,0.208,-3.314,0.0318,129.982,0.61
595,2026-01-26 15:53:00,One Piano,Diamonds Are Forever,156236,0.04339888888888889,2.6039333333333334,15,1,Monday,False,2026-01,Diamonds Are Forever One Piano,0.989,0.341,0.361,0.913,0.114,-9.501,0.0363,75.521,0.142
596,2026-01-26 15:53:00,John Lennon,Imagine - Remastered 2010,9288,0.00258,0.1548,15,1,Monday,True,2026-01,Imagine - Remastered 2010 John Lennon,0.907,0.547,0.257,0.183,0.0935,-12.358,0.0252,75.752,0.169
597,2026-01-26 15:53:00,Cast of the Motion Picture RENT,La Vie Boheme,5293,0.0014702777777777778,0.08821666666666667,15,1,Monday,True,2026-01,La Vie Boheme Cast of the Motion Picture RENT,0.353,0.499,0.766,0.0,0.0791,-5.484,0.127,135.159,0.401
598,2026-01-26 15:57:00,Antònia Font,Clint Eastwood,245853,0.0682925,4.09755,15,1,Monday,False,2026-01,Clint Eastwood Antònia Font,0.421,0.498,0.377,0.0042,0.153,-13.846,0.0473,81.895,0.39
599,2026-01-26 17:00:00,Amanda Seyfried,Gimme! Gimme! Gimme! (A Man After Midnight) - From 'Mamma Mia!' Original Motion Picture Soundtrack,96207,0.026724166666666667,1.60345,17,1,Monday,False,2026-01,Gimme! Gimme! Gimme! (A Man After Midnight) - From 'Mamma Mia!' Original Motion Picture Soundtrack Amanda Seyfried,0.021,0.628,0.836,0.000513,0.416,-4.776,0.0301,120.045,0.571
600,2026-01-26 17:13:00,Amanda Seyfried,Gimme! Gimme! Gimme! (A Man After Midnight) - From 'Mamma Mia!' Original Motion Picture Soundtrack,135523,0.03764527777777778,2.2587166666666665,17,1,Monday,False,2026-01,Gimme! Gimme! Gimme! (A Man After Midnight) - From 'Mamma Mia!' Original Motion Picture Soundtrack Amanda Seyfried,0.021,0.628,0.836,0.000513,0.416,-4.776,0.0301,120.045,0.571
601,2026-01-26 17:16:00,Antònia Font,Darrera una Revista,232547,0.06459638888888888,3.875783333333333,17,1,Monday,False,2026-01,Darrera una Revista Antònia Font,0.0235,0.554,0.736,3.62e-05,0.143,-6.047,0.0328,126.005,0.771
602,2026-01-26 17:21:00,a-ha,The Living Daylights - 2016 Remaster,254493,0.0706925,4.24155,17,1,Monday,False,2026-01,The Living Daylights - 2016 Remaster a-ha,0.114,0.695,0.78,0.000971,0.0785,-7.906,0.0267,120.255,0.833
603,2026-01-26 17:24:00,One Piano,Tango Maureen,224089,0.062246944444444445,3.7348166666666667,17,1,Monday,False,2026-01,Tango Maureen One Piano,0.816,0.551,0.185,0.91,0.083,-17.136,0.0516,132.983,0.421
604,2026-01-26 17:28:00,Nirvana,You Know You're Right,217000,0.06027777777777778,3.6166666666666667,17,1,Monday,False,2026-01,You Know You're Right Nirvana,0.0407,0.289,0.716,0.00123,0.135,-6.53,0.106,168.049,0.344
605,2026-01-26 17:30:00,Nicholas Britell,Succession - Andante Risoluto,148428,0.04123,2.4738,17,1,Monday,False,2026-01,Succession - Andante Risoluto Nicholas Britell,0.954,0.533,0.256,0.918,0.119,-13.023,0.0302,108.004,0.12
606,2026-01-26 17:31:00,Hugh Jackman,Suddenly,0,0.0,0.0,17,1,Monday,True,2026-01,Suddenly Hugh Jackman,0.918,0.366,0.123,5.53e-06,0.103,-21.941,0.148,74.849,0.143
607,2026-01-26 17:31:00,Apocalyptica,Path,0,0.0,0.0,17,1,Monday,True,2026-01,Path Apocalyptica,0.00058,0.447,0.686,0.0136,0.0871,-5.544,0.0357,105.017,0.345
608,2026-01-26 17:31:00,Vitamin String Quartet,bad guy,24441,0.0067891666666666664,0.40735,17,1,Monday,True,2026-01,bad guy Vitamin String Quartet,0.914,0.7,0.328,0.0362,0.0941,-9.981,0.146,135.058,0.648
609,2026-01-26 17:31:00,Patrik Pietschmann,No Time to Die - Piano Version,1647,0.0004575,0.02745,17,1,Monday,True,2026-01,No Time to Die - Piano Version Patrik Pietschmann,0.99,0.554,0.138,0.932,0.0981,-20.59,0.0438,144.085,0.0766
610,2026-01-26 17:34:00,Howard Shore,Cops or Criminals (feat. G.E. Smith & Larry Saltzman),121293,0.0336925,2.02155,17,1,Monday,False,2026-01,Cops or Criminals (feat. G.E. Smith & Larry Saltzman) Howard Shore,0.633,0.825,0.543,0.886,0.102,-11.902,0.0352,120.087,0.598
611,2026-01-26 17:36:00,Violet Orlandi,Yesterday,175909,0.04886361111111111,2.9318166666666667,17,1,Monday,False,2026-01,Yesterday Violet Orlandi,,,,,,,,,
612,2026-01-26 17:37:00,Kansas,Dust in the Wind,4642,0.0012894444444444444,0.07736666666666667,17,1,Monday,True,2026-01,Dust in the Wind Kansas,0.367,0.475,0.322,0.00056,0.11,-10.687,0.0283,93.503,0.387
613,2026-01-26 17:37:00,Silent Poets,Almost Nothing (feat. Okay Kaya),15415,0.004281944444444444,0.2569166666666667,17,1,Monday,True,2026-01,Almost Nothing (feat. Okay Kaya) Silent Poets,0.249,0.453,0.434,0.478,0.0894,-11.32,0.0291,108.016,0.0768
614,2026-01-26 17:41:00,Gabriella Quevedo,Another Brick in the Wall,266424,0.07400666666666667,4.4404,17,1,Monday,False,2026-01,Another Brick in the Wall Gabriella Quevedo,0.602,0.69,0.266,0.88,0.111,-15.028,0.0568,104.192,0.398
615,2026-01-26 17:42:00,Els Amics De Les Arts,L'Home Que Dobla En Bruce Willis - En Directe Al Festival De Cap Roig / 2015,568,0.0001577777777777778,0.009466666666666667,17,1,Monday,True,2026-01,L'Home Que Dobla En Bruce Willis - En Directe Al Festival De Cap Roig / 2015 Els Amics De Les Arts,0.406,0.27,0.427,0.0,0.348,-8.807,0.0395,188.886,0.295
616,2026-01-26 17:42:00,Els Amics De Les Arts,L'Home Que Treballa Fent De Gos,14851,0.004125277777777778,0.24751666666666666,17,1,Monday,True,2026-01,L'Home Que Treballa Fent De Gos Els Amics De Les Arts,,,,,,,,,
617,2026-01-26 17:42:00,Pink Floyd,Wish You Were Here,6529,0.0018136111111111111,0.10881666666666667,17,1,Monday,True,2026-01,Wish You Were Here Pink Floyd,0.735,0.481,0.262,0.0114,0.832,-15.73,0.0414,122.861,0.375
618,2026-01-26 17:47:00,Renée Elise Goldsberry,Satisfied,329228,0.09145222222222223,5.487133333333333,17,1,Monday,False,2026-01,Satisfied Renée Elise Goldsberry,0.287,0.707,0.593,0.0,0.15,-8.581,0.0949,123.772,0.478
619,2026-01-26 17:47:00,Creedence Clearwater Revival,Fortunate Son,13893,0.0038591666666666666,0.23155,17,1,Monday,True,2026-01,Fortunate Son Creedence Clearwater Revival,0.175,0.628,0.565,0.0693,0.349,-9.98,0.0385,132.302,0.582
620,2026-01-26 17:52:00,Murray Gold,The Shepherd's Boy,287720,0.07992222222222223,4.795333333333334,17,1,Monday,False,2026-01,The Shepherd's Boy Murray Gold,,,,,,,,,
621,2026-01-26 17:56:00,Blaumut,Only You (i el Teu Xampú),232907,0.06469638888888889,3.8817833333333334,17,1,Monday,False,2026-01,Only You (i el Teu Xampú) Blaumut,,,,,,,,,
622,2026-01-26 18:00:00,Idina Menzel,Take Me or Leave Me,21333,0.005925833333333333,0.35555,18,1,Monday,True,2026-01,Take Me or Leave Me Idina Menzel,0.318,0.457,0.763,0.0,0.0322,-3.459,0.255,175.043,0.87
623,2026-01-26 18:30:00,Blaumut,Only You (i el Teu Xampú),1001,0.00027805555555555553,0.016683333333333335,18,1,Monday,True,2026-01,Only You (i el Teu Xampú) Blaumut,,,,,,,,,
624,2026-01-26 18:51:00,a-ha,The Living Daylights - 2016 Remaster,243265,0.06757361111111111,4.054416666666667,18,1,Monday,False,2026-01,The Living Daylights - 2016 Remaster a-ha,0.114,0.695,0.78,0.000971,0.0785,-7.906,0.0267,120.255,0.833
625,2026-01-26 20:24:00,John Barry,On Her Majesty's Secret Service - From “On Her Majesty’s Secret Service” Soundtrack / Remastered 2003,25866,0.007185,0.4311,20,1,Monday,True,2026-01,On Her Majesty's Secret Service - From “On Her Majesty’s Secret Service” Soundtrack / Remastered 2003 John Barry,0.0596,0.401,0.444,0.0,0.0874,-11.391,0.0306,124.746,0.349
626,2026-01-27 06:00:00,Nirvana,Rape Me,25752,0.007153333333333334,0.4292,6,1,Tuesday,True,2026-01,Rape Me Nirvana,0.0141,0.42,0.746,0.0,0.0661,-10.628,0.0467,111.886,0.229
627,2026-01-27 06:10:00,Els Amics De Les Arts,Liverpool,15363,0.0042675,0.25605,6,1,Tuesday,True,2026-01,Liverpool Els Amics De Les Arts,0.777,0.455,0.269,3.63e-06,0.338,-14.04,0.0531,132.284,0.196
628,2026-01-27 06:15:00,Els Amics De Les Arts,L'Home Que Va Matar Liberty Valance,12315,0.0034208333333333335,0.20525,6,1,Tuesday,True,2026-01,L'Home Que Va Matar Liberty Valance Els Amics De Les Arts,0.647,0.66,0.296,0.000596,0.108,-14.954,0.0327,102.983,0.236
629,2026-01-27 06:20:00,Antònia Font,Venc amb tu,6219,0.0017275,0.10365,6,1,Tuesday,True,2026-01,Venc amb tu Antònia Font,0.0108,0.612,0.587,1.97e-06,0.263,-12.121,0.0383,152.05,0.855
630,2026-01-27 06:25:00,One Piano,Overture (Work Song),15510,0.004308333333333333,0.2585,6,1,Tuesday,True,2026-01,Overture (Work Song) One Piano,0.735,0.456,0.368,0.874,0.146,-16.465,0.0529,169.753,0.0667
631,2026-01-27 09:01:00,Royal Philharmonic Orchestra,"No Time To Die (Orchestral Version) - From ""No Time To Die""",809,0.0002247222222222222,0.013483333333333333,9,1,Tuesday,True,2026-01,"No Time To Die (Orchestral Version) - From ""No Time To Die"" Royal Philharmonic Orchestra",,,,,,,,,
632,2026-01-27 15:00:00,Green Day,Holiday,0,0.0,0.0,15,1,Tuesday,True,2026-01,Holiday Green Day,0.000138,0.538,0.884,0.0,0.466,-3.251,0.031,146.511,0.736
633,2026-01-27 15:00:00,Blaumut,Only You (i el Teu Xampú),19276,0.005354444444444445,0.32126666666666664,15,1,Tuesday,True,2026-01,Only You (i el Teu Xampú) Blaumut,,,,,,,,,
634,2026-01-27 15:00:00,Idina Menzel,Take Me or Leave Me,758,0.00021055555555555554,0.012633333333333333,15,1,Tuesday,True,2026-01,Take Me or Leave Me Idina Menzel,0.318,0.457,0.763,0.0,0.0322,-3.459,0.255,175.043,0.87
635,2026-01-27 15:02:00,Rich Douglas,Necros Attacks - from The Living Daylights,126500,0.035138888888888886,2.1083333333333334,15,1,Tuesday,False,2026-01,Necros Attacks - from The Living Daylights Rich Douglas,0.0325,0.563,0.508,0.0349,0.319,-14.596,0.0335,120.026,0.266
636,2026-01-27 15:05:00,Michael Giacchino,Space The Final Frontier / Main On Ends,163107,0.0453075,2.71845,15,1,Tuesday,False,2026-01,Space The Final Frontier / Main On Ends Michael Giacchino,0.426,0.268,0.505,0.746,0.0809,-9.629,0.0356,81.922,0.113
637,2026-01-27 15:13:00,‘Jesus Christ Superstar’ 1996 London Cast,The Last Supper - Remastered 2005,459093,0.12752583333333334,7.65155,15,1,Tuesday,False,2026-01,The Last Supper - Remastered 2005 ‘Jesus Christ Superstar’ 1996 London Cast,,,,,,,,,
638,2026-01-27 15:14:00,‘Jesus Christ Superstar’ 1996 London Cast,I Don't Know How to Love Him - Remastered 2005,41736,0.011593333333333334,0.6956,15,1,Tuesday,False,2026-01,I Don't Know How to Love Him - Remastered 2005 ‘Jesus Christ Superstar’ 1996 London Cast,,,,,,,,,
639,2026-01-27 15:17:00,Els Amics De Les Arts,Sort que sou aquí,172000,0.04777777777777778,2.8666666666666667,15,1,Tuesday,False,2026-01,Sort que sou aquí Els Amics De Les Arts,,,,,,,,,
640,2026-01-27 15:21:00,Brian Crain,Butterfly Waltz,25360,0.007044444444444444,0.4226666666666667,15,1,Tuesday,True,2026-01,Butterfly Waltz Brian Crain,0.988,0.361,0.185,0.899,0.21,-14.602,0.0362,129.439,0.401
641,2026-01-27 15:21:00,Nirvana,Love Buzz,0,0.0,0.0,15,1,Tuesday,True,2026-01,Love Buzz Nirvana,3.1e-05,0.479,0.865,0.228,0.182,-8.281,0.0339,137.902,0.77
642,2026-01-27 15:25:00,a-ha,Take On Me - 2017 Acoustic,184326,0.051201666666666666,3.0721,15,1,Tuesday,False,2026-01,Take On Me - 2017 Acoustic a-ha,0.92,0.437,0.188,1.26e-05,0.0988,-10.868,0.0307,103.883,0.223
643,2026-01-27 15:30:00,Joe Anderson,"Hey Jude - From ""Across The Universe"" Soundtrack",250053,0.06945916666666667,4.16755,15,1,Tuesday,False,2026-01,"Hey Jude - From ""Across The Universe"" Soundtrack Joe Anderson",0.0711,0.347,0.35,0.000736,0.0948,-9.254,0.0286,141.839,0.203
644,2026-01-27 16:19:00,John Williams,"Germany, 1944",20581,0.005716944444444445,0.3430166666666667,16,1,Tuesday,True,2026-01,"Germany, 1944 John Williams",0.631,0.279,0.143,0.734,0.112,-17.934,0.0389,123.996,0.0399
645,2026-01-27 16:19:00,Billy Boyd,The Last Goodbye,9999,0.0027775,0.16665,16,1,Tuesday,True,2026-01,The Last Goodbye Billy Boyd,0.892,0.304,0.175,1.95e-05,0.084,-14.034,0.0311,93.716,0.162
646,2026-01-27 16:22:00,Simon & Garfunkel,The Sound of Silence - Acoustic Version,189432,0.05262,3.1572,16,1,Tuesday,False,2026-01,The Sound of Silence - Acoustic Version Simon & Garfunkel,0.837,0.525,0.216,0.0,0.107,-13.551,0.0301,106.761,0.328
647,2026-01-27 16:28:00,Low Roar,The Machine,337660,0.09379444444444444,5.627666666666666,16,1,Tuesday,False,2026-01,The Machine Low Roar,0.822,0.432,0.33,0.293,0.152,-16.483,0.0434,135.034,0.17
648,2026-01-27 16:29:00,James Newton Howard,A Close Friend,111126,0.030868333333333334,1.8521,16,1,Tuesday,False,2026-01,A Close Friend James Newton Howard,0.976,0.082,0.0158,0.988,0.0855,-33.355,0.0466,170.441,0.0377
649,2026-01-27 16:32:00,Lorien Testard,Maelle,170000,0.04722222222222222,2.8333333333333335,16,1,Tuesday,False,2026-01,Maelle Lorien Testard,0.961,0.24,0.157,0.000862,0.14,-12.249,0.0398,105.981,0.145
650,2026-01-27 16:35:00,The National,The Rains Of Castomere,144253,0.04007027777777778,2.4042166666666667,16,1,Tuesday,False,2026-01,The Rains Of Castomere The National,0.637,0.416,0.096,0.135,0.123,-23.069,0.0331,94.685,0.204
651,2026-01-27 16:39:00,Harry Nilsson,One,138633,0.038509166666666664,2.31055,16,1,Tuesday,False,2026-01,One Harry Nilsson,0.946,0.455,0.063,0.000131,0.1,-21.191,0.0386,125.333,0.208
652,2026-01-27 16:43:00,Coldplay,Til Kingdom Come,250668,0.06963,4.1778,16,1,Tuesday,False,2026-01,Til Kingdom Come Coldplay,0.61,0.607,0.395,0.00768,0.33,-9.593,0.0287,115.068,0.274
653,2026-01-27 16:46:00,Tim Buckley,Song to the Siren - Take 7,208400,0.057888888888888886,3.473333333333333,16,1,Tuesday,False,2026-01,Song to the Siren - Take 7 Tim Buckley,0.834,0.484,0.0869,0.000125,0.131,-18.198,0.0346,134.713,0.0772
654,2026-01-27 16:50:00,Jennifer Ann,Mad World (Instrumental),245000,0.06805555555555555,4.083333333333333,16,1,Tuesday,False,2026-01,Mad World (Instrumental) Jennifer Ann,0.795,0.322,0.194,0.836,0.12,-15.411,0.0339,97.448,0.134
655,2026-01-27 16:52:00,Alexandre Desplat,Extremely Loud and Incredibly Close,117673,0.03268694444444444,1.9612166666666666,16,1,Tuesday,False,2026-01,Extremely Loud and Incredibly Close Alexandre Desplat,0.991,0.474,0.0118,0.891,0.0622,-31.108,0.0318,79.1,0.0656
656,2026-01-27 16:56:00,System Of A Down,Lonely Day,167907,0.04664083333333333,2.79845,16,1,Tuesday,False,2026-01,Lonely Day System Of A Down,0.362,0.47,0.796,1.1e-06,0.133,-3.277,0.0336,113.108,0.215
657,2026-01-27 17:00:00,Nirvana,Something In The Way,232147,0.06448527777777778,3.8691166666666668,17,1,Tuesday,False,2026-01,Something In The Way Nirvana,0.745,0.427,0.201,0.263,0.109,-13.044,0.0317,105.218,0.0668
658,2026-01-27 17:01:00,Lorien Testard,Un 33 Décembre à Paris,108465,0.030129166666666665,1.80775,17,1,Tuesday,False,2026-01,Un 33 Décembre à Paris Lorien Testard,0.982,0.488,0.185,0.625,0.138,-16.415,0.0377,119.978,0.171
659,2026-01-27 17:06:00,Wesley Sprayue,Across the Stars - Piano,210071,0.058353055555555554,3.5011833333333335,17,1,Tuesday,False,2026-01,Across the Stars - Piano Wesley Sprayue,0.993,0.474,0.0211,0.949,0.0754,-24.212,0.0527,79.368,0.183
660,2026-01-27 17:11:00,Ludovico Einaudi,Experience,315427,0.0876186111111111,5.257116666666667,17,1,Tuesday,False,2026-01,Experience Ludovico Einaudi,0.934,0.447,0.449,0.961,0.0697,-10.634,0.0376,92.468,0.036
661,2026-01-27 17:16:00,Camel,Ice,271514,0.07542055555555556,4.525233333333333,17,1,Tuesday,False,2026-01,Ice Camel,,,,,,,,,
662,2026-01-27 17:19:00,The Beatles,While My Guitar Gently Weeps - Acoustic Version - Take 1 - Remastered,207360,0.0576,3.456,17,1,Tuesday,False,2026-01,While My Guitar Gently Weeps - Acoustic Version - Take 1 - Remastered The Beatles,,,,,,,,,
663,2026-01-27 17:23:00,Enya,May It Be,211067,0.05862972222222222,3.5177833333333335,17,1,Tuesday,False,2026-01,May It Be Enya,0.98,0.129,0.179,0.013,0.134,-17.081,0.0459,59.407,0.0735
664,2026-01-27 17:27:00,John Williams,Theme From Schindler's List,255693,0.07102583333333333,4.26155,17,1,Tuesday,False,2026-01,Theme From Schindler's List John Williams,0.859,0.142,0.113,0.838,0.107,-25.362,0.0415,98.575,0.0697
665,2026-01-27 18:11:00,Hans Zimmer,Final Ascent,314580,0.08738333333333333,5.243,18,1,Tuesday,False,2026-01,Final Ascent Hans Zimmer,0.159,0.203,0.0935,0.806,0.0883,-15.575,0.0344,41.858,0.0346
666,2026-01-28 05:55:00,Nirvana,Been A Son - BBC Mark Goodier Session,17584,0.004884444444444445,0.29306666666666664,5,1,Wednesday,True,2026-01,Been A Son - BBC Mark Goodier Session Nirvana,2.7e-06,0.387,0.914,0.0,0.258,-10.101,0.0862,154.455,0.556
667,2026-01-28 06:00:00,One Piano,A View to a Kill,14917,0.004143611111111111,0.24861666666666668,6,1,Wednesday,True,2026-01,A View to a Kill One Piano,0.98,0.726,0.523,0.892,0.116,-6.918,0.0373,124.084,0.259
668,2026-01-28 06:05:00,Hugh Jackman,Look Down,11483,0.0031897222222222223,0.19138333333333332,6,1,Wednesday,True,2026-01,Look Down Hugh Jackman,0.898,0.379,0.377,1.16e-06,0.128,-11.951,0.184,152.624,0.375
669,2026-01-28 06:15:00,Murray Gold,Clara's Diner,20289,0.005635833333333333,0.33815,6,1,Wednesday,True,2026-01,Clara's Diner Murray Gold,,,,,,,,,
670,2026-01-28 06:20:00,Michael Giacchino,Can't Fight City Halloween,43648,0.012124444444444445,0.7274666666666667,6,1,Wednesday,False,2026-01,Can't Fight City Halloween Michael Giacchino,0.616,0.315,0.141,0.951,0.107,-21.368,0.0294,82.042,0.116
671,2026-01-28 06:30:00,Patrik Pietschmann,The Lord of the Rings Main Theme - Piano Version,8922,0.0024783333333333333,0.1487,6,1,Wednesday,True,2026-01,The Lord of the Rings Main Theme - Piano Version Patrik Pietschmann,0.986,0.595,0.11,0.905,0.0926,-20.867,0.0396,79.992,0.105
672,2026-01-28 06:40:00,Jackson C. Frank,My Name Is Carnival - 2001 Remaster,20246,0.005623888888888889,0.3374333333333333,6,1,Wednesday,True,2026-01,My Name Is Carnival - 2001 Remaster Jackson C. Frank,0.76,0.448,0.37,0.0,0.113,-11.653,0.0273,103.807,0.414
673,2026-01-28 07:06:00,Els Amics De Les Arts,L'Home Que Treballa Fent De Gos - En Directe Al Festival De Cap Roig / 2015,15436,0.0042877777777777775,0.25726666666666664,7,1,Wednesday,True,2026-01,L'Home Que Treballa Fent De Gos - En Directe Al Festival De Cap Roig / 2015 Els Amics De Les Arts,0.0531,0.458,0.737,0.0,0.75,-7.785,0.0295,96.92,0.517
674,2026-01-28 09:39:00,Hans Zimmer,Final Ascent,16818,0.004671666666666667,0.2803,9,1,Wednesday,True,2026-01,Final Ascent Hans Zimmer,0.159,0.203,0.0935,0.806,0.0883,-15.575,0.0344,41.858,0.0346
675,2026-01-28 09:42:00,Low Roar,Bones,169805,0.04716805555555555,2.8300833333333335,9,1,Wednesday,False,2026-01,Bones Low Roar,0.25,0.508,0.411,0.00981,0.162,-9.857,0.0386,69.995,0.353
676,2026-01-28 09:44:00,Kurt Cobain,And I Love Her,85690,0.023802777777777777,1.4281666666666666,9,1,Wednesday,False,2026-01,And I Love Her Kurt Cobain,0.983,0.61,0.287,0.827,0.129,-15.299,0.0328,96.697,0.459
677,2026-01-28 09:44:00,John Lennon,Imagine - Remastered 2010,1333,0.0003702777777777778,0.022216666666666666,9,1,Wednesday,True,2026-01,Imagine - Remastered 2010 John Lennon,0.907,0.547,0.257,0.183,0.0935,-12.358,0.0252,75.752,0.169
678,2026-01-28 09:54:00,Ramin Djawadi,Light of the Seven,589095,0.1636375,9.81825,9,1,Wednesday,False,2026-01,Light of the Seven Ramin Djawadi,0.903,0.273,0.102,0.721,0.268,-16.843,0.0494,120.378,0.0583
679,2026-01-28 09:58:00,Martin Luther McCoy,While My Guitar Gently Weeps,242027,0.06722972222222222,4.033783333333333,9,1,Wednesday,False,2026-01,While My Guitar Gently Weeps Martin Luther McCoy,0.384,0.405,0.354,5.1e-06,0.0888,-10.605,0.0308,110.078,0.19
680,2026-01-28 10:02:00,Radiohead,Creep - Acoustic,258640,0.07184444444444445,4.310666666666667,10,1,Wednesday,False,2026-01,Creep - Acoustic Radiohead,0.557,0.399,0.239,0.000203,0.121,-17.123,0.0407,166.419,0.147
681,2026-01-28 10:11:00,Patrick Doyle,Justice,569635,0.15823194444444444,9.493916666666667,10,1,Wednesday,False,2026-01,Justice Patrick Doyle,0.602,0.144,0.178,0.896,0.116,-15.693,0.0416,139.581,0.0406
682,2026-01-28 10:15:00,Gustavo Santaolalla,The Last of Us,183533,0.05098138888888889,3.058883333333333,10,1,Wednesday,False,2026-01,The Last of Us Gustavo Santaolalla,0.867,0.587,0.467,0.928,0.098,-12.392,0.0306,154.636,0.353
683,2026-01-28 10:18:00,Lorien Testard,Gustave,228000,0.06333333333333334,3.8,10,1,Wednesday,False,2026-01,Gustave Lorien Testard,0.955,0.353,0.299,0.862,0.12,-12.835,0.0318,80.135,0.284
684,2026-01-28 10:21:00,Kath Bloom,Come Here,170880,0.047466666666666664,2.848,10,1,Wednesday,False,2026-01,Come Here Kath Bloom,0.0768,0.644,0.583,0.0,0.0868,-7.312,0.0282,102.192,0.308
685,2026-01-28 10:27:00,Ludovico Einaudi,Nuvole Bianche,357707,0.09936305555555555,5.961783333333333,10,1,Wednesday,False,2026-01,Nuvole Bianche Ludovico Einaudi,0.961,0.191,0.0582,0.89,0.0941,-25.398,0.0578,132.614,0.0454
686,2026-01-28 10:29:00,The Beatles,Yesterday - Remastered 2009,125667,0.0349075,2.09445,10,1,Wednesday,False,2026-01,Yesterday - Remastered 2009 The Beatles,0.879,0.332,0.179,0.0,0.0886,-11.83,0.0326,96.524,0.315
687,2026-01-28 10:35:00,Metallica,Mama Said - Remastered,319600,0.08877777777777777,5.326666666666667,10,1,Wednesday,False,2026-01,Mama Said - Remastered Metallica,,,,,,,,,
688,2026-01-28 10:37:00,The Cinematic Orchestra,Arrival of the Birds,157240,0.04367777777777778,2.6206666666666667,10,1,Wednesday,False,2026-01,Arrival of the Birds The Cinematic Orchestra,0.937,0.175,0.143,0.933,0.0915,-17.439,0.0412,173.33,0.0662
689,2026-01-28 10:41:00,Meryl Streep,Slipping Through My Fingers - From 'Mamma Mia!' Original Motion Picture Soundtrack,230893,0.06413694444444444,3.8482166666666666,10,1,Wednesday,False,2026-01,Slipping Through My Fingers - From 'Mamma Mia!' Original Motion Picture Soundtrack Meryl Streep,0.507,0.463,0.489,0.0,0.165,-7.968,0.0288,140.034,0.249
690,2026-01-28 10:44:00,Jamie Duffy,Solas,192594,0.053498333333333335,3.2099,10,1,Wednesday,False,2026-01,Solas Jamie Duffy,0.964,0.256,0.335,0.889,0.0932,-16.708,0.0362,85.807,0.35
691,2026-01-28 10:49:00,Hozier,"Blood Upon the Snow (From ""God of War Ragnarök"" Soundtrack)",271697,0.0754713888888889,4.528283333333333,10,1,Wednesday,False,2026-01,"Blood Upon the Snow (From ""God of War Ragnarök"" Soundtrack) Hozier",0.442,0.323,0.301,0.00131,0.164,-13.564,0.0344,126.221,0.276
692,2026-01-28 10:55:00,Annie Lennox,Into the West,347600,0.09655555555555556,5.793333333333333,10,1,Wednesday,False,2026-01,Into the West Annie Lennox,0.914,0.312,0.031,8.81e-06,0.0949,-22.035,0.037,92.074,0.0399
693,2026-01-28 10:56:00,Hans Zimmer,Honor Him,79840,0.02217777777777778,1.3306666666666667,10,1,Wednesday,False,2026-01,Honor Him Hans Zimmer,0.857,0.194,0.105,0.884,0.117,-23.824,0.0418,68.08,0.0392
694,2026-01-28 11:00:00,Joe Hisaishi,The Sixth Station,218240,0.06062222222222222,3.6373333333333333,11,1,Wednesday,False,2026-01,The Sixth Station Joe Hisaishi,0.879,0.304,0.0463,0.803,0.0923,-25.773,0.0353,77.936,0.0392
695,2026-01-28 11:03:00,Harry Nilsson,Without You,201774,0.05604833333333333,3.3629,11,1,Wednesday,False,2026-01,Without You Harry Nilsson,0.613,0.381,0.186,2.75e-06,0.0694,-15.477,0.029,65.058,0.142
696,2026-01-28 11:29:00,Lorien Testard,Alicia,170000,0.04722222222222222,2.8333333333333335,11,1,Wednesday,False,2026-01,Alicia Lorien Testard,0.958,0.16,0.149,2.17e-06,0.156,-12.107,0.0419,169.141,0.141
697,2026-01-28 11:31:00,Jim Croce,Time in a Bottle,148587,0.04127416666666667,2.47645,11,1,Wednesday,False,2026-01,Time in a Bottle Jim Croce,0.888,0.533,0.155,0.0,0.108,-16.837,0.0376,134.019,0.592
698,2026-01-28 11:35:00,Johnny Cash,Hurt,216533,0.06014805555555556,3.6088833333333334,11,1,Wednesday,False,2026-01,Hurt Johnny Cash,0.649,0.534,0.392,0.000227,0.0948,-7.636,0.0267,90.379,0.163
699,2026-01-28 11:37:00,Malukah,The Rains of Castamere - Remastered 2022,136533,0.03792583333333333,2.27555,11,1,Wednesday,False,2026-01,The Rains of Castamere - Remastered 2022 Malukah,0.958,0.496,0.102,1.7e-06,0.11,-11.681,0.0338,99.309,0.236
700,2026-01-28 11:37:00,MUSASHI PROJECT,哀と悲,8250,0.0022916666666666667,0.1375,11,1,Wednesday,True,2026-01,哀と悲 MUSASHI PROJECT,0.743,0.28,0.183,0.525,0.173,-14.359,0.0361,119.685,0.0395
701,2026-01-29 05:55:00,Cream,White Room,36471,0.010130833333333334,0.60785,5,1,Thursday,False,2026-01,White Room Cream,0.191,0.553,0.576,0.00664,0.0365,-13.458,0.0304,109.827,0.457
702,2026-01-29 06:00:00,The Beatles,And I Love Her - Remastered 2009,7901,0.002194722222222222,0.13168333333333335,6,1,Thursday,True,2026-01,And I Love Her - Remastered 2009 The Beatles,0.64,0.767,0.331,0.0,0.0681,-10.777,0.0337,113.312,0.636
703,2026-01-29 06:15:00,Manel,Boomerang,11094,0.0030816666666666666,0.1849,6,1,Thursday,True,2026-01,Boomerang Manel,0.742,0.696,0.531,0.378,0.167,-13.038,0.0281,129.923,0.7
704,2026-01-29 06:20:00,Els Amics De Les Arts,Ja No Ens Passa,13551,0.0037641666666666665,0.22585,6,1,Thursday,True,2026-01,Ja No Ens Passa Els Amics De Les Arts,0.398,0.648,0.594,0.0,0.353,-8.09,0.0374,118.022,0.572
705,2026-01-29 06:25:00,Nirvana,Pennyroyal Tea,19780,0.005494444444444444,0.32966666666666666,6,1,Thursday,True,2026-01,Pennyroyal Tea Nirvana,0.000351,0.428,0.449,0.000498,0.253,-12.114,0.0342,113.308,0.196
706,2026-01-29 06:30:00,Els Amics De Les Arts,No ho entens,18216,0.00506,0.3036,6,1,Thursday,True,2026-01,No ho entens Els Amics De Les Arts,0.188,0.6,0.576,0.0432,0.0891,-8.245,0.0355,156.077,0.253
707,2026-01-29 06:35:00,Rosario Dawson,Without You,11850,0.0032916666666666667,0.1975,6,1,Thursday,True,2026-01,Without You Rosario Dawson,0.15,0.537,0.585,0.000473,0.106,-6.158,0.0317,124.051,0.12
708,2026-01-29 06:40:00,Madonna,Like a Prayer,21802,0.006056111111111111,0.36336666666666667,6,1,Thursday,True,2026-01,Like a Prayer Madonna,0.848,0.244,0.273,0.499,0.124,-13.875,0.0351,116.076,0.104
709,2026-01-29 07:01:00,Scott Bradlee's Postmodern Jukebox,Bad Guy,8811,0.0024475,0.14685,7,1,Thursday,True,2026-01,Bad Guy Scott Bradlee's Postmodern Jukebox,0.063,0.527,0.273,0.000242,0.0808,-16.039,0.126,126.693,0.321
710,2026-01-29 10:26:00,Lorien Testard,Clair-Obscur,215993,0.059998055555555554,3.5998833333333335,10,1,Thursday,False,2026-01,Clair-Obscur Lorien Testard,0.855,0.517,0.17,0.0,0.115,-14.965,0.0356,150.033,0.282
711,2026-01-29 10:29:00,a-ha,Take On Me - 2017 Acoustic,184326,0.051201666666666666,3.0721,10,1,Thursday,False,2026-01,Take On Me - 2017 Acoustic a-ha,0.92,0.437,0.188,1.26e-05,0.0988,-10.868,0.0307,103.883,0.223
712,2026-01-29 10:30:00,Hans Zimmer,Final Ascent,1123,0.00031194444444444444,0.018716666666666666,10,1,Thursday,True,2026-01,Final Ascent Hans Zimmer,0.159,0.203,0.0935,0.806,0.0883,-15.575,0.0344,41.858,0.0346
713,2026-01-29 10:30:00,Max Richter,On the Nature of Daylight,61353,0.0170425,1.02255,10,1,Thursday,False,2026-01,On the Nature of Daylight Max Richter,0.154,0.0652,0.342,0.857,0.11,-12.742,0.0483,65.602,0.0335
714,2026-01-29 10:31:00,Billy Boyd,The Last Goodbye,16243,0.004511944444444444,0.27071666666666666,10,1,Thursday,True,2026-01,The Last Goodbye Billy Boyd,0.892,0.304,0.175,1.95e-05,0.084,-14.034,0.0311,93.716,0.162
715,2026-01-29 10:35:00,Radiohead,Creep - Acoustic,258640,0.07184444444444445,4.310666666666667,10,1,Thursday,False,2026-01,Creep - Acoustic Radiohead,0.557,0.399,0.239,0.000203,0.121,-17.123,0.0407,166.419,0.147
716,2026-01-29 10:38:00,Lorien Testard,Alicia,170000,0.04722222222222222,2.8333333333333335,10,1,Thursday,False,2026-01,Alicia Lorien Testard,0.958,0.16,0.149,2.17e-06,0.156,-12.107,0.0419,169.141,0.141
717,2026-01-29 10:43:00,The Irrepressibles,In This Shirt,335147,0.0930963888888889,5.5857833333333335,10,1,Thursday,False,2026-01,In This Shirt The Irrepressibles,0.691,0.293,0.394,0.382,0.157,-9.581,0.0299,80.168,0.0384
718,2026-01-29 10:50:00,Peter Gabriel,My Body Is A Cage,372667,0.10351861111111112,6.211116666666666,10,1,Thursday,False,2026-01,My Body Is A Cage Peter Gabriel,0.849,0.341,0.114,0.0938,0.104,-12.885,0.0341,78.912,0.0806
719,2026-01-29 10:54:00,Hozier,"Blood Upon the Snow (From ""God of War Ragnarök"" Soundtrack)",271697,0.0754713888888889,4.528283333333333,10,1,Thursday,False,2026-01,"Blood Upon the Snow (From ""God of War Ragnarök"" Soundtrack) Hozier",0.442,0.323,0.301,0.00131,0.164,-13.564,0.0344,126.221,0.276
720,2026-01-29 10:57:00,Low Roar,Bones,169805,0.04716805555555555,2.8300833333333335,10,1,Thursday,False,2026-01,Bones Low Roar,0.25,0.508,0.411,0.00981,0.162,-9.857,0.0386,69.995,0.353
721,2026-01-29 11:01:00,Harry Nilsson,Without You,201774,0.05604833333333333,3.3629,11,1,Thursday,False,2026-01,Without You Harry Nilsson,0.613,0.381,0.186,2.75e-06,0.0694,-15.477,0.029,65.058,0.142
722,2026-01-29 11:04:00,Lorien Testard,Lumière - Lumière à l’Aube,232000,0.06444444444444444,3.8666666666666667,11,1,Thursday,False,2026-01,Lumière - Lumière à l’Aube Lorien Testard,0.881,0.599,0.136,0.855,0.101,-19.403,0.0435,149.849,0.396
723,2026-01-30 05:55:00,David Arnold,Pick Up,27406,0.007612777777777778,0.45676666666666665,5,1,Friday,True,2026-01,Pick Up David Arnold,,,,,,,,,
724,2026-01-30 06:00:00,Antònia Font,Un Minut Estroboscòpica,12403,0.0034452777777777776,0.20671666666666666,6,1,Friday,True,2026-01,Un Minut Estroboscòpica Antònia Font,0.144,0.504,0.531,1.29e-05,0.298,-11.83,0.03,138.12,0.746
725,2026-01-30 06:05:00,Samantha Barks,On My Own,15162,0.0042116666666666665,0.2527,6,1,Friday,True,2026-01,On My Own Samantha Barks,0.888,0.303,0.116,0.0,0.144,-15.723,0.0552,85.473,0.196
726,2026-01-30 06:10:00,Redbone,Come and Get Your Love - Single Version,7202,0.0020005555555555558,0.12003333333333334,6,1,Friday,True,2026-01,Come and Get Your Love - Single Version Redbone,0.172,0.73,0.804,0.000278,0.0685,-7.621,0.0473,107.383,0.958
727,2026-01-30 06:15:00,Royal Philharmonic Orchestra,"Living Daylights - From ""The Living Daylights""",6285,0.0017458333333333334,0.10475,6,1,Friday,True,2026-01,"Living Daylights - From ""The Living Daylights"" Royal Philharmonic Orchestra",,,,,,,,,
728,2026-01-30 06:20:00,Johnny Cash,The Man Comes Around,10753,0.0029869444444444444,0.17921666666666666,6,1,Friday,True,2026-01,The Man Comes Around Johnny Cash,0.52,0.635,0.584,0.0951,0.962,-7.912,0.144,97.067,0.753
729,2026-01-30 06:25:00,Jim Sturgess,"I've Just Seen A Face - From ""Across The Universe"" Soundtrack",9374,0.002603888888888889,0.15623333333333334,6,1,Friday,True,2026-01,"I've Just Seen A Face - From ""Across The Universe"" Soundtrack Jim Sturgess",0.0259,0.498,0.841,0.000753,0.173,-6.863,0.0617,135.759,0.333
730,2026-01-30 06:30:00,Metallica,Breadfan,10142,0.0028172222222222223,0.16903333333333334,6,1,Friday,True,2026-01,Breadfan Metallica,0.000336,0.354,0.93,0.111,0.62,-7.46,0.0729,103.549,0.152
731,2026-01-30 06:35:00,Nicholas Britell,Adagio in C Minor,895,0.0002486111111111111,0.014916666666666667,6,1,Friday,True,2026-01,Adagio in C Minor Nicholas Britell,0.87,0.159,0.0809,0.961,0.105,-17.866,0.0421,131.447,0.0363
732,2026-01-30 06:50:00,Led Zeppelin,Stairway to Heaven - Remaster,1797,0.0004991666666666666,0.02995,6,1,Friday,True,2026-01,Stairway to Heaven - Remaster Led Zeppelin,0.58,0.338,0.34,0.0032,0.116,-12.049,0.0339,82.433,0.197
733,2026-01-30 06:54:00,Ramin Djawadi,Light of the Seven,316984,0.08805111111111111,5.283066666666667,6,1,Friday,False,2026-01,Light of the Seven Ramin Djawadi,0.903,0.273,0.102,0.721,0.268,-16.843,0.0494,120.378,0.0583
734,2026-01-30 10:41:00,Ramin Djawadi,Light of the Seven,272111,0.07558638888888888,4.535183333333333,10,1,Friday,False,2026-01,Light of the Seven Ramin Djawadi,0.903,0.273,0.102,0.721,0.268,-16.843,0.0494,120.378,0.0583
735,2026-01-30 10:44:00,James Newton Howard,"The Hanging Tree - From ""The Hunger Games: Mockingjay"" Soundtraclk",218507,0.06069638888888889,3.641783333333333,10,1,Friday,False,2026-01,"The Hanging Tree - From ""The Hunger Games: Mockingjay"" Soundtraclk James Newton Howard",0.344,0.213,0.0743,3.45e-05,0.212,-18.071,0.0408,53.863,0.145
736,2026-01-30 10:47:00,Jim Croce,Time in a Bottle,148587,0.04127416666666667,2.47645,10,1,Friday,False,2026-01,Time in a Bottle Jim Croce,0.888,0.533,0.155,0.0,0.108,-16.837,0.0376,134.019,0.592
737,2026-01-30 10:52:00,Murray Gold,Doomsday,309707,0.08602972222222222,5.161783333333333,10,1,Friday,False,2026-01,Doomsday Murray Gold,,,,,,,,,
738,2026-01-30 10:57:00,Low Roar,"Once in a Long, Long While",316525,0.0879236111111111,5.275416666666667,10,1,Friday,False,2026-01,"Once in a Long, Long While Low Roar",0.209,0.558,0.566,0.422,0.112,-12.563,0.0423,130.024,0.117
739,2026-01-30 11:00:00,Elliott Smith,Between The Bars,141280,0.03924444444444444,2.3546666666666667,11,1,Friday,False,2026-01,Between The Bars Elliott Smith,0.909,0.501,0.141,0.6,0.0974,-19.297,0.0588,135.621,0.42
740,2026-01-30 11:03:00,Lorien Testard,Lumière,222000,0.06166666666666667,3.7,11,1,Friday,False,2026-01,Lumière Lorien Testard,0.95,0.426,0.185,5.02e-06,0.213,-11.717,0.0339,83.424,0.459
741,2026-01-30 16:51:00,a-ha,The Living Daylights - 2016 Remaster,254493,0.0706925,4.24155,16,1,Friday,False,2026-01,The Living Daylights - 2016 Remaster a-ha,0.114,0.695,0.78,0.000971,0.0785,-7.906,0.0267,120.255,0.833
742,2026-01-30 16:54:00,John Barry,"Air Bond / Necros Attacks - From ""The Living Daylights""",207333,0.0575925,3.45555,16,1,Friday,False,2026-01,"Air Bond / Necros Attacks - From ""The Living Daylights"" John Barry",0.111,0.374,0.481,0.964,0.0966,-10.155,0.0295,129.946,0.159
743,2026-01-30 16:57:00,John Barry,"Koskov Escapes / Hercules Take Off - From ""The Living Daylights""",180560,0.05015555555555556,3.009333333333333,16,1,Friday,False,2026-01,"Koskov Escapes / Hercules Take Off - From ""The Living Daylights"" John Barry",0.192,0.585,0.569,0.969,0.218,-10.435,0.0454,137.081,0.339
744,2026-01-30 17:01:00,Pretenders,Where Has Every Body Gone - 1992 Remaster,217467,0.0604075,3.62445,17,1,Friday,False,2026-01,Where Has Every Body Gone - 1992 Remaster Pretenders,0.29,0.656,0.663,0.282,0.167,-10.278,0.0335,119.962,0.433
745,2026-01-30 19:30:00,John Barry,"End Title - From ""The Living Daylights""",13547,0.0037630555555555555,0.22578333333333334,19,1,Friday,True,2026-01,"End Title - From ""The Living Daylights"" John Barry",0.691,0.0936,0.245,0.573,0.114,-16.362,0.0366,173.828,0.23
746,2026-01-31 21:34:00,John Barry,"End Title - From ""The Living Daylights""",3149,0.0008747222222222223,0.05248333333333333,21,1,Saturday,True,2026-01,"End Title - From ""The Living Daylights"" John Barry",0.691,0.0936,0.245,0.573,0.114,-16.362,0.0366,173.828,0.23
747,2026-01-31 21:37:00,Manu Guix,El Bevedor,121669,0.03379694444444444,2.027816666666667,21,1,Saturday,False,2026-01,El Bevedor Manu Guix,,,,,,,,,
748,2026-01-31 21:39:00,Manu Guix,Resultat,114231,0.03173083333333333,1.90385,21,1,Saturday,False,2026-01,Resultat Manu Guix,,,,,,,,,
749,2026-01-31 21:40:00,Manu Guix,El Fanaler,97420,0.027061111111111112,1.6236666666666666,21,1,Saturday,False,2026-01,El Fanaler Manu Guix,,,,,,,,,
750,2026-01-31 21:42:00,Manu Guix,El Geògraf,104040,0.0289,1.734,21,1,Saturday,False,2026-01,El Geògraf Manu Guix,,,,,,,,,
751,2026-01-31 21:46:00,a-ha,The Living Daylights,254347,0.07065194444444445,4.239116666666667,21,1,Saturday,False,2026-01,The Living Daylights a-ha,0.114,0.695,0.78,0.000971,0.0785,-7.906,0.0267,120.255,0.833
752,2026-01-31 22:14:00,Amanda Seyfried,Gimme! Gimme! Gimme! (A Man After Midnight) - From 'Mamma Mia!' Original Motion Picture Soundtrack,194314,0.053976111111111114,3.238566666666667,22,1,Saturday,False,2026-01,Gimme! Gimme! Gimme! (A Man After Midnight) - From 'Mamma Mia!' Original Motion Picture Soundtrack Amanda Seyfried,0.021,0.628,0.836,0.000513,0.416,-4.776,0.0301,120.045,0.571
753,2026-02-01 07:46:00,Ja T'ho Dire,Si Vens (Remasteritzat 2013),10837,0.003010277777777778,0.18061666666666668,7,2,Sunday,True,2026-02,Si Vens (Remasteritzat 2013) Ja T'ho Dire,0.684,0.686,0.745,0.0,0.0837,-5.648,0.0399,138.197,0.573
754,2026-02-02 05:55:00,The Doors,People Are Strange,29350,0.008152777777777778,0.4891666666666667,5,2,Monday,True,2026-02,People Are Strange The Doors,0.685,0.699,0.467,0.0,0.315,-8.578,0.0375,119.287,0.764
755,2026-02-02 06:00:00,Royal Philharmonic Orchestra,"Moonraker - From ""Moonraker""",14785,0.004106944444444444,0.24641666666666667,6,2,Monday,True,2026-02,"Moonraker - From ""Moonraker"" Royal Philharmonic Orchestra",,,,,,,,,
756,2026-02-02 06:15:00,Piano Tribute Players,A Little Fall of Rain - Instrumental,11782,0.0032727777777777777,0.19636666666666666,6,2,Monday,True,2026-02,A Little Fall of Rain - Instrumental Piano Tribute Players,0.993,0.661,0.264,0.912,0.114,-16.579,0.04,114.013,0.316
757,2026-02-02 06:20:00,Low Roar,Waiting (10 Years),13444,0.0037344444444444443,0.22406666666666666,6,2,Monday,True,2026-02,Waiting (10 Years) Low Roar,0.641,0.587,0.489,0.254,0.115,-12.757,0.0922,155.039,0.228
758,2026-02-02 06:30:00,Jared Emerson-Johnson,The Spy and the Liar,10839,0.0030108333333333332,0.18065,6,2,Monday,True,2026-02,The Spy and the Liar Jared Emerson-Johnson,0.455,0.154,0.43,0.0,0.174,-12.583,0.0358,80.167,0.283
759,2026-02-02 06:40:00,Antònia Font,Calgary 88,9957,0.0027658333333333333,0.16595,6,2,Monday,True,2026-02,Calgary 88 Antònia Font,0.548,0.608,0.592,0.00664,0.0868,-12.77,0.0473,157.917,0.646
760,2026-02-02 06:55:00,Jamie Duffy,Solas,124950,0.034708333333333334,2.0825,6,2,Monday,False,2026-02,Solas Jamie Duffy,0.964,0.256,0.335,0.889,0.0932,-16.708,0.0362,85.807,0.35
761,2026-02-02 07:18:00,Royal Philharmonic Orchestra,"Nobody Does It Better - From ""The Spy Who Loved Me""",7762,0.0021561111111111112,0.12936666666666666,7,2,Monday,True,2026-02,"Nobody Does It Better - From ""The Spy Who Loved Me"" Royal Philharmonic Orchestra",,,,,,,,,
762,2026-02-02 07:27:00,Max Richter,On the Nature of Daylight - Orchestral Version,217026,0.060285,3.6171,7,2,Monday,False,2026-02,On the Nature of Daylight - Orchestral Version Max Richter,0.708,0.0608,0.157,0.855,0.123,-15.431,0.0488,60.374,0.0325
763,2026-02-02 07:35:00,Max Richter,On the Nature of Daylight - Orchestral Version,393252,0.10923666666666666,6.5542,7,2,Monday,False,2026-02,On the Nature of Daylight - Orchestral Version Max Richter,0.708,0.0608,0.157,0.855,0.123,-15.431,0.0488,60.374,0.0325
764,2026-02-02 07:37:00,Arcane,Wasteland (from the series Arcane League of Legends),161133,0.04475916666666667,2.68555,7,2,Monday,False,2026-02,Wasteland (from the series Arcane League of Legends) Arcane,0.83,0.428,0.323,4.93e-05,0.113,-10.216,0.0312,139.169,0.189
765,2026-02-02 07:41:00,Wesley Sprayue,Across the Stars - Piano,210071,0.058353055555555554,3.5011833333333335,7,2,Monday,False,2026-02,Across the Stars - Piano Wesley Sprayue,0.993,0.474,0.0211,0.949,0.0754,-24.212,0.0527,79.368,0.183
766,2026-02-02 07:53:00,Eric Clapton,Autumn Leaves,243777,0.06771583333333334,4.06295,7,2,Monday,False,2026-02,Autumn Leaves Eric Clapton,0.795,0.326,0.188,0.676,0.112,-17.393,0.0363,82.688,0.184
767,2026-02-02 08:49:00,Meryl Streep,"The Winner Takes It All - From ""Mamma Mia!""",297933,0.08275916666666666,4.96555,8,2,Monday,False,2026-02,"The Winner Takes It All - From ""Mamma Mia!"" Meryl Streep",0.67,0.278,0.373,0.0,0.105,-8.077,0.0327,82.69,0.264
768,2026-02-02 08:54:00,Queen,Too Much Love Will Kill You - Remastered 2011,259213,0.07200361111111112,4.320216666666667,8,2,Monday,False,2026-02,Too Much Love Will Kill You - Remastered 2011 Queen,0.58,0.385,0.395,6.31e-05,0.159,-7.602,0.0313,72.933,0.21
769,2026-02-02 08:58:00,a-ha,Take On Me - MTV Unplugged,253907,0.07052972222222222,4.2317833333333335,8,2,Monday,False,2026-02,Take On Me - MTV Unplugged a-ha,0.966,0.472,0.204,4.12e-05,0.69,-13.419,0.0408,129.504,0.296
770,2026-02-02 09:07:00,a-ha,The Living Daylights - MTV Unplugged,349453,0.09707027777777778,5.824216666666667,9,2,Monday,False,2026-02,The Living Daylights - MTV Unplugged a-ha,0.265,0.581,0.762,9.8e-06,0.2,-8.54,0.0409,110.932,0.436
771,2026-02-02 09:19:00,a-ha,The Living Daylights,286000,0.07944444444444444,4.766666666666667,9,2,Monday,False,2026-02,The Living Daylights a-ha,0.114,0.695,0.78,0.000971,0.0785,-7.906,0.0267,120.255,0.833
772,2026-02-02 09:27:00,a-ha,The Living Daylights - Live,448400,0.12455555555555556,7.473333333333334,9,2,Monday,False,2026-02,The Living Daylights - Live a-ha,,,,,,,,,
773,2026-02-02 09:28:00,The City of Prague Philharmonic Orchestra,The Living Daylights (Mujahadin/Afghanistan Plan),61630,0.017119444444444444,1.0271666666666666,9,2,Monday,False,2026-02,The Living Daylights (Mujahadin/Afghanistan Plan) The City of Prague Philharmonic Orchestra,0.8,0.186,0.156,0.895,0.108,-18.498,0.0377,126.094,0.0402
774,2026-02-02 09:31:00,One Piano,The Living Daylights,195839,0.054399722222222224,3.2639833333333335,9,2,Monday,False,2026-02,The Living Daylights One Piano,,,,,,,,,
775,2026-02-02 09:34:00,Patrik Jablonski,The Living Daylights - From: The Living Daylights,203477,0.05652138888888889,3.3912833333333334,9,2,Monday,False,2026-02,The Living Daylights - From: The Living Daylights Patrik Jablonski,,,,,,,,,
776,2026-02-02 09:40:00,Thematic Pianos,"The Living Daylights (From ""The Living Daylights"") - Orchestral Mix",246500,0.06847222222222223,4.108333333333333,9,2,Monday,False,2026-02,"The Living Daylights (From ""The Living Daylights"") - Orchestral Mix Thematic Pianos",,,,,,,,,
777,2026-02-02 09:42:00,007 Piano,"The Living Daylights (From ""James Bond"") - Piano Version",122287,0.03396861111111111,2.038116666666667,9,2,Monday,False,2026-02,"The Living Daylights (From ""James Bond"") - Piano Version 007 Piano",0.994,0.581,0.0639,0.954,0.102,-25.639,0.0566,164.002,0.26
778,2026-02-02 09:43:00,The City of Prague Philharmonic Orchestra,The Living Daylights (Air Bond/Necros Attack),60890,0.016913888888888888,1.0148333333333333,9,2,Monday,False,2026-02,The Living Daylights (Air Bond/Necros Attack) The City of Prague Philharmonic Orchestra,0.139,0.401,0.489,0.973,0.109,-10.117,0.0299,129.914,0.141
779,2026-02-02 09:46:00,The City of Prague Philharmonic Orchestra,The Living Daylights (End Title),183484,0.05096777777777778,3.0580666666666665,9,2,Monday,False,2026-02,The Living Daylights (End Title) The City of Prague Philharmonic Orchestra,0.666,0.182,0.232,0.734,0.111,-16.37,0.0332,82.472,0.215
780,2026-02-02 09:50:00,Rufus Wainwright,Across The Universe - Remix,249387,0.06927416666666666,4.15645,9,2,Monday,False,2026-02,Across The Universe - Remix Rufus Wainwright,0.518,0.344,0.414,0.0,0.0982,-6.567,0.0269,148.591,0.201
781,2026-02-02 09:55:00,Coldplay,The Scientist,309600,0.086,5.16,9,2,Monday,False,2026-02,The Scientist Coldplay,0.731,0.557,0.442,1.46e-05,0.11,-7.224,0.0243,146.277,0.213
782,2026-02-02 09:57:00,Emile Mosseri,Jacob's Prayer,94763,0.026323055555555554,1.5793833333333334,9,2,Monday,False,2026-02,Jacob's Prayer Emile Mosseri,0.968,0.293,0.137,0.935,0.0779,-20.623,0.0327,81.478,0.111
783,2026-02-02 10:01:00,Max Richter,She Remembers,229404,0.06372333333333334,3.8234,10,2,Monday,False,2026-02,She Remembers Max Richter,0.979,0.0602,0.0276,0.962,0.101,-21.52,0.0528,67.561,0.0356
784,2026-02-02 10:05:00,Keane,Somewhere Only We Know,237147,0.06587416666666666,3.95245,10,2,Monday,False,2026-02,Somewhere Only We Know Keane,0.0678,0.441,0.606,1.43e-05,0.0973,-5.825,0.0259,171.978,0.358
785,2026-02-02 10:21:00,Metallica,Mama Said - Remastered,237030,0.06584166666666667,3.9505,10,2,Monday,False,2026-02,Mama Said - Remastered Metallica,,,,,,,,,
786,2026-02-02 10:26:00,Shion Miyawaki,月光,293533,0.08153694444444444,4.892216666666667,10,2,Monday,False,2026-02,月光 Shion Miyawaki,0.962,0.516,0.258,7.58e-06,0.0959,-7.627,0.0273,75.051,0.237
787,2026-02-02 10:26:00,Arcane,这样很好 (Isha's Song) (from the series Arcane League of Legends),35130,0.009758333333333334,0.5855,10,2,Monday,False,2026-02,这样很好 (Isha's Song) (from the series Arcane League of Legends) Arcane,0.236,0.456,0.524,1.42e-06,0.107,-7.634,0.0298,75.132,0.207
788,2026-02-02 11:43:00,Hoobastank,The Reason,232800,0.06466666666666666,3.88,11,2,Monday,False,2026-02,The Reason Hoobastank,0.199,0.561,0.595,6.47e-05,0.132,-4.53,0.0274,104.006,0.144
789,2026-02-02 11:45:00,Manu Guix,Comiat,128787,0.03577416666666667,2.14645,11,2,Monday,False,2026-02,Comiat Manu Guix,,,,,,,,,
790,2026-02-02 11:49:00,ABBA,Slipping Through My Fingers,233680,0.06491111111111111,3.8946666666666667,11,2,Monday,False,2026-02,Slipping Through My Fingers ABBA,0.507,0.463,0.489,0.0,0.165,-7.968,0.0288,140.034,0.249
791,2026-02-02 11:52:00,System Of A Down,Lonely Day,160443,0.0445675,2.67405,11,2,Monday,False,2026-02,Lonely Day System Of A Down,0.362,0.47,0.796,1.1e-06,0.133,-3.277,0.0336,113.108,0.215
792,2026-02-02 11:52:00,Queen,Who Wants To Live Forever - Remastered 2011,1043,0.00028972222222222225,0.017383333333333334,11,2,Monday,True,2026-02,Who Wants To Live Forever - Remastered 2011 Queen,0.544,0.182,0.388,0.00134,0.114,-8.672,0.0324,139.276,0.0392
793,2026-02-02 11:52:00,Harry Nilsson,Without You,1413,0.0003925,0.02355,11,2,Monday,True,2026-02,Without You Harry Nilsson,0.613,0.381,0.186,2.75e-06,0.0694,-15.477,0.029,65.058,0.142
794,2026-02-02 11:54:00,Arcane,The Line (from the series Arcane League of Legends),1863,0.0005175,0.03105,11,2,Monday,True,2026-02,The Line (from the series Arcane League of Legends) Arcane,0.263,0.556,0.47,0.000266,0.0835,-9.777,0.0379,142.596,0.322
795,2026-02-02 11:54:00,Ludovico Einaudi,Fly,133893,0.0371925,2.23155,11,2,Monday,False,2026-02,Fly Ludovico Einaudi,0.994,0.174,0.178,0.861,0.0737,-18.717,0.0362,167.972,0.0347
796,2026-02-02 12:22:00,Hozier,Take Me To Church,241688,0.06713555555555556,4.028133333333333,12,2,Monday,False,2026-02,Take Me To Church Hozier,0.637,0.575,0.664,0.0,0.116,-5.303,0.0481,129.071,0.437
797,2026-02-02 12:25:00,Murray Gold,Vale Decem,199293,0.05535916666666667,3.32155,12,2,Monday,False,2026-02,Vale Decem Murray Gold,,,,,,,,,
798,2026-02-02 12:29:00,Radiohead,No Surprises,229120,0.06364444444444445,3.8186666666666667,12,2,Monday,False,2026-02,No Surprises Radiohead,0.0577,0.255,0.393,0.00361,0.113,-10.654,0.0278,76.426,0.118
799,2026-02-02 12:32:00,Harry Nilsson,One,174993,0.04860916666666667,2.91655,12,2,Monday,False,2026-02,One Harry Nilsson,0.946,0.455,0.063,0.000131,0.1,-21.191,0.0386,125.333,0.208
800,2026-02-02 12:34:00,Snow Patrol,Chasing Cars,120740,0.03353888888888889,2.0123333333333333,12,2,Monday,False,2026-02,Chasing Cars Snow Patrol,0.199,0.561,0.595,6.47e-05,0.132,-4.53,0.0274,104.006,0.144
801,2026-02-02 12:40:00,Hozier,Take Me To Church,1400,0.00038888888888888887,0.023333333333333334,12,2,Monday,True,2026-02,Take Me To Church Hozier,0.637,0.575,0.664,0.0,0.116,-5.303,0.0481,129.071,0.437
802,2026-02-02 12:57:00,Murray Gold,Vale Decem,27900,0.00775,0.465,12,2,Monday,True,2026-02,Vale Decem Murray Gold,,,,,,,,,
803,2026-02-03 06:00:00,Murray Gold,Infinite Potential,22815,0.0063375,0.38025,6,2,Tuesday,True,2026-02,Infinite Potential Murray Gold,,,,,,,,,
804,2026-02-03 06:10:00,Els Amics De Les Arts,Louisiana O Els Camps De Cotó - En Directe Al Festival De Cap Roig / 2015,11744,0.0032622222222222223,0.19573333333333334,6,2,Tuesday,True,2026-02,Louisiana O Els Camps De Cotó - En Directe Al Festival De Cap Roig / 2015 Els Amics De Les Arts,0.672,0.297,0.511,4.73e-06,0.981,-12.372,0.0706,79.867,0.407
805,2026-02-03 06:15:00,David Arnold,Bones,13199,0.0036663888888888887,0.21998333333333334,6,2,Tuesday,True,2026-02,Bones David Arnold,,,,,,,,,
806,2026-02-03 06:20:00,John Williams,"Across the Stars (Love Theme from ""Star Wars: Attack of the Clones"")",26135,0.007259722222222222,0.4355833333333333,6,2,Tuesday,True,2026-02,"Across the Stars (Love Theme from ""Star Wars: Attack of the Clones"") John Williams",,,,,,,,,
807,2026-02-03 06:25:00,Tin Idols,John Nineteen: Forty-One,10672,0.0029644444444444445,0.17786666666666667,6,2,Tuesday,True,2026-02,John Nineteen: Forty-One Tin Idols,,,,,,,,,
808,2026-02-03 06:30:00,Nicholas Britell,Strings + 808 + Beat,7785,0.0021625,0.12975,6,2,Tuesday,True,2026-02,Strings + 808 + Beat Nicholas Britell,0.00727,0.747,0.433,0.778,0.109,-8.882,0.117,139.93,0.167
809,2026-02-03 06:35:00,Rosario Dawson,Out Tonight,20944,0.005817777777777778,0.3490666666666667,6,2,Tuesday,True,2026-02,Out Tonight Rosario Dawson,0.000111,0.534,0.911,0.000406,0.078,-2.826,0.0441,139.02,0.681
810,2026-02-03 06:40:00,Michael Giacchino,The Batman,29437,0.008176944444444445,0.49061666666666665,6,2,Tuesday,True,2026-02,The Batman Michael Giacchino,0.5,0.209,0.152,0.903,0.103,-16.519,0.0324,80.136,0.0482
811,2026-02-03 06:45:00,Jesse L. Martin,Today 4 U,6692,0.0018588888888888889,0.11153333333333333,6,2,Tuesday,True,2026-02,Today 4 U Jesse L. Martin,0.043,0.724,0.94,4.27e-05,0.142,-3.155,0.0507,132.006,0.684
812,2026-02-03 07:28:00,Adam Pascal,I Should Tell You,168980,0.04693888888888889,2.816333333333333,7,2,Tuesday,False,2026-02,I Should Tell You Adam Pascal,0.458,0.315,0.362,0.0,0.0922,-7.889,0.0271,98.657,0.171
813,2026-02-03 07:43:00,Adam Pascal,I Should Tell You,3100,0.0008611111111111111,0.051666666666666666,7,2,Tuesday,True,2026-02,I Should Tell You Adam Pascal,0.458,0.315,0.362,0.0,0.0922,-7.889,0.0271,98.657,0.171
814,2026-02-03 07:54:00,Damien Rice,The Blower's Daughter,286653,0.07962583333333334,4.77755,7,2,Tuesday,False,2026-02,The Blower's Daughter Damien Rice,0.134,0.342,0.2,0.000153,0.341,-13.569,0.0324,133.113,0.0743
815,2026-02-03 10:59:00,Els Amics De Les Arts,Ja no ens passa,202000,0.05611111111111111,3.3666666666666667,10,2,Tuesday,False,2026-02,Ja no ens passa Els Amics De Les Arts,0.398,0.648,0.594,0.0,0.353,-8.09,0.0374,118.022,0.572
816,2026-02-03 12:11:00,Adam Pascal,I Should Tell You,23,6.3888888888888885e-06,0.00038333333333333334,12,2,Tuesday,True,2026-02,I Should Tell You Adam Pascal,0.458,0.315,0.362,0.0,0.0922,-7.889,0.0271,98.657,0.171
817,2026-02-03 12:11:00,Els Amics De Les Arts,Ja no ens passa,1547,0.00042972222222222224,0.02578333333333333,12,2,Tuesday,True,2026-02,Ja no ens passa Els Amics De Les Arts,0.398,0.648,0.594,0.0,0.353,-8.09,0.0374,118.022,0.572
818,2026-02-03 12:11:00,Els Amics De Les Arts,Ja no ens passa,0,0.0,0.0,12,2,Tuesday,True,2026-02,Ja no ens passa Els Amics De Les Arts,0.398,0.648,0.594,0.0,0.353,-8.09,0.0374,118.022,0.572
819,2026-02-03 12:11:00,Damien Rice,The Blower's Daughter,0,0.0,0.0,12,2,Tuesday,True,2026-02,The Blower's Daughter Damien Rice,0.134,0.342,0.2,0.000153,0.341,-13.569,0.0324,133.113,0.0743
820,2026-02-03 12:11:00,Damien Rice,The Blower's Daughter,23,6.3888888888888885e-06,0.00038333333333333334,12,2,Tuesday,True,2026-02,The Blower's Daughter Damien Rice,0.134,0.342,0.2,0.000153,0.341,-13.569,0.0324,133.113,0.0743
821,2026-02-03 12:11:00,Anne Hathaway,"I Dreamed A Dream - From ""Les Misérables""",484,0.00013444444444444444,0.008066666666666666,12,2,Tuesday,True,2026-02,"I Dreamed A Dream - From ""Les Misérables"" Anne Hathaway",0.94,0.274,0.0742,2.37e-05,0.0869,-17.234,0.0456,93.48,0.15
822,2026-02-03 12:11:00,L'Orchestra Cinematique,James Bond Theme - Epic Version,191757,0.05326583333333333,3.19595,12,2,Tuesday,False,2026-02,James Bond Theme - Epic Version L'Orchestra Cinematique,,,,,,,,,
823,2026-02-03 12:11:00,L'Orchestra Cinematique,James Bond Theme - Epic Version,0,0.0,0.0,12,2,Tuesday,True,2026-02,James Bond Theme - Epic Version L'Orchestra Cinematique,,,,,,,,,
824,2026-02-03 12:12:00,Jonathan Groff,I Know Him,97980,0.027216666666666667,1.633,12,2,Tuesday,False,2026-02,I Know Him Jonathan Groff,0.649,0.67,0.436,0.0,0.722,-8.636,0.364,121.581,0.378
825,2026-02-03 12:16:00,Les Misérables Cast,One Day More,221933,0.06164805555555555,3.6988833333333333,12,2,Tuesday,False,2026-02,One Day More Les Misérables Cast,0.845,0.376,0.269,0.0,0.0795,-11.951,0.0315,86.022,0.289
826,2026-02-03 12:19:00,a-ha,Take On Me - 2017 Acoustic,184326,0.051201666666666666,3.0721,12,2,Tuesday,False,2026-02,Take On Me - 2017 Acoustic a-ha,0.92,0.437,0.188,1.26e-05,0.0988,-10.868,0.0307,103.883,0.223
827,2026-02-03 12:21:00,Nicholas Britell,"Larghetto - Piano, Celesta, Strings - ""Kendall's Return""",113949,0.0316525,1.89915,12,2,Tuesday,False,2026-02,"Larghetto - Piano, Celesta, Strings - ""Kendall's Return"" Nicholas Britell",0.825,0.349,0.0569,0.945,0.0985,-24.768,0.0341,119.927,0.0338
828,2026-02-03 12:23:00,One Piano,Castle on a Cloud,123214,0.03422611111111111,2.0535666666666668,12,2,Tuesday,False,2026-02,Castle on a Cloud One Piano,0.934,0.666,0.254,0.93,0.0945,-16.489,0.0511,111.819,0.265
829,2026-02-03 12:27:00,Joe Anderson,I Want You (She's So Heavy),222187,0.06171861111111111,3.703116666666667,12,2,Tuesday,False,2026-02,I Want You (She's So Heavy) Joe Anderson,0.0803,0.226,0.518,0.297,0.109,-7.486,0.0331,88.867,0.398
830,2026-02-03 12:30:00,Hugh Jackman,Valjean's Soliloquy,198707,0.05519638888888889,3.3117833333333335,12,2,Tuesday,False,2026-02,Valjean's Soliloquy Hugh Jackman,0.805,0.355,0.269,0.0,0.265,-14.556,0.118,67.663,0.279
831,2026-02-03 12:32:00,Larry Saltzman,Miss Thing,105373,0.029270277777777777,1.7562166666666668,12,2,Tuesday,False,2026-02,Miss Thing Larry Saltzman,0.748,0.588,0.219,0.912,0.113,-12.265,0.0334,120.091,0.453
832,2026-02-03 12:35:00,Manu Guix,Vaig Aprendre Original Cast - Bonus Track,178653,0.049625833333333334,2.97755,12,2,Tuesday,False,2026-02,Vaig Aprendre Original Cast - Bonus Track Manu Guix,,,,,,,,,
833,2026-02-03 12:37:00,Barry Dennen,"Pilate's Dream - From ""Jesus Christ Superstar"" Soundtrack",108707,0.030196388888888887,1.8117833333333333,12,2,Tuesday,False,2026-02,"Pilate's Dream - From ""Jesus Christ Superstar"" Soundtrack Barry Dennen",0.788,0.408,0.17,0.0469,0.111,-15.397,0.0422,90.109,0.327
834,2026-02-03 12:42:00,Adele,Skyfall,286082,0.07946722222222222,4.768033333333333,12,2,Tuesday,False,2026-02,Skyfall Adele,0.0816,0.263,0.604,0.775,0.0897,-11.435,0.0547,140.078,0.0799
835,2026-02-03 12:45:00,Els Amics De Les Arts,La Nit Sembla Que Serà Nostra,210320,0.05842222222222222,3.505333333333333,12,2,Tuesday,False,2026-02,La Nit Sembla Que Serà Nostra Els Amics De Les Arts,0.223,0.678,0.838,0.0,0.0883,-7.435,0.0513,154.943,0.811
836,2026-02-03 12:49:00,One Piano,What You Own,242351,0.06731972222222223,4.039183333333333,12,2,Tuesday,False,2026-02,What You Own One Piano,0.819,0.573,0.309,0.851,0.118,-16.916,0.0468,133.953,0.208
837,2026-02-03 12:52:00,Aaron Tveit,The Final Battle,186867,0.0519075,3.11445,12,2,Tuesday,False,2026-02,The Final Battle Aaron Tveit,0.286,0.226,0.629,0.513,0.209,-8.461,0.0717,108.888,0.0742
838,2026-02-03 12:55:00,Nirvana,About A Girl,166640,0.046288888888888886,2.7773333333333334,12,2,Tuesday,False,2026-02,About A Girl Nirvana,5.13e-06,0.413,0.875,0.00058,0.209,-7.48,0.031,131.951,0.575
839,2026-02-03 13:00:00,Dominic Cooper,Lay All Your Love On Me - From 'Mamma Mia!' Original Motion Picture Soundtrack,269440,0.07484444444444445,4.490666666666667,13,2,Tuesday,False,2026-02,Lay All Your Love On Me - From 'Mamma Mia!' Original Motion Picture Soundtrack Dominic Cooper,0.0102,0.705,0.738,0.000189,0.308,-5.402,0.0289,133.027,0.504
840,2026-02-03 13:03:00,Daniela Andrade,Billie Jean,1903,0.0005286111111111111,0.031716666666666664,13,2,Tuesday,True,2026-02,Billie Jean Daniela Andrade,0.874,0.618,0.127,3.95e-06,0.1,-11.33,0.0552,116.792,0.35
841,2026-02-03 13:03:00,Nicholas Britell,Ricercare - Strings and Voices - Bonus Track,23510,0.006530555555555556,0.3918333333333333,13,2,Tuesday,True,2026-02,Ricercare - Strings and Voices - Bonus Track Nicholas Britell,0.775,0.17,0.149,0.749,0.0711,-17.175,0.0435,84.612,0.0378
842,2026-02-03 13:03:00,Royal Philharmonic Orchestra,"Die Another Day - From ""Die Another Day""",181240,0.05034444444444444,3.0206666666666666,13,2,Tuesday,False,2026-02,"Die Another Day - From ""Die Another Day"" Royal Philharmonic Orchestra",,,,,,,,,
843,2026-02-03 13:09:00,a-ha,The Living Daylights - MTV Unplugged,349453,0.09707027777777778,5.824216666666667,13,2,Tuesday,False,2026-02,The Living Daylights - MTV Unplugged a-ha,0.265,0.581,0.762,9.8e-06,0.2,-8.54,0.0409,110.932,0.436
844,2026-02-03 13:12:00,Joel Minguet,Deseo,159933,0.04442583333333333,2.66555,13,2,Tuesday,False,2026-02,Deseo Joel Minguet,0.947,0.516,0.314,0.0012,0.132,-13.312,0.0323,106.13,0.205
845,2026-02-03 13:15:00,Simon & Garfunkel,The Sound of Silence - Acoustic Version,189432,0.05262,3.1572,13,2,Tuesday,False,2026-02,The Sound of Silence - Acoustic Version Simon & Garfunkel,0.837,0.525,0.216,0.0,0.107,-13.551,0.0301,106.761,0.328
846,2026-02-03 15:03:00,Els Amics De Les Arts,Ja no ens passa,424,0.00011777777777777778,0.007066666666666666,15,2,Tuesday,True,2026-02,Ja no ens passa Els Amics De Les Arts,0.398,0.648,0.594,0.0,0.353,-8.09,0.0374,118.022,0.572
847,2026-02-03 15:03:00,Anna Roig,Si la tristesa no té fi,173114,0.048087222222222226,2.8852333333333333,15,2,Tuesday,False,2026-02,Si la tristesa no té fi Anna Roig,0.908,0.437,0.277,9.18e-05,0.0859,-14.646,0.05,101.311,0.243
848,2026-02-03 15:03:00,Damien Rice,The Blower's Daughter,233,6.472222222222223e-05,0.0038833333333333333,15,2,Tuesday,True,2026-02,The Blower's Daughter Damien Rice,0.134,0.342,0.2,0.000153,0.341,-13.569,0.0324,133.113,0.0743
849,2026-02-03 15:03:00,L'Orchestra Cinematique,James Bond Theme - Epic Version,3465,0.0009625,0.05775,15,2,Tuesday,True,2026-02,James Bond Theme - Epic Version L'Orchestra Cinematique,,,,,,,,,
850,2026-02-03 15:06:00,Manu Guix,Vaig Aprendre Original Cast - Bonus Track,178653,0.049625833333333334,2.97755,15,2,Tuesday,False,2026-02,Vaig Aprendre Original Cast - Bonus Track Manu Guix,,,,,,,,,
851,2026-02-03 15:07:00,Barry Dennen,"Pilate's Dream - From ""Jesus Christ Superstar"" Soundtrack",108707,0.030196388888888887,1.8117833333333333,15,2,Tuesday,False,2026-02,"Pilate's Dream - From ""Jesus Christ Superstar"" Soundtrack Barry Dennen",0.788,0.408,0.17,0.0469,0.111,-15.397,0.0422,90.109,0.327
852,2026-02-03 15:12:00,Adele,Skyfall,286082,0.07946722222222222,4.768033333333333,15,2,Tuesday,False,2026-02,Skyfall Adele,0.0816,0.263,0.604,0.775,0.0897,-11.435,0.0547,140.078,0.0799
853,2026-02-03 15:16:00,Els Amics De Les Arts,La Nit Sembla Que Serà Nostra,210320,0.05842222222222222,3.505333333333333,15,2,Tuesday,False,2026-02,La Nit Sembla Que Serà Nostra Els Amics De Les Arts,0.223,0.678,0.838,0.0,0.0883,-7.435,0.0513,154.943,0.811
854,2026-02-03 15:31:00,One Piano,What You Own,82178,0.02282722222222222,1.3696333333333333,15,2,Tuesday,False,2026-02,What You Own One Piano,0.819,0.573,0.309,0.851,0.118,-16.916,0.0468,133.953,0.208
855,2026-02-03 15:32:00,Daniela Andrade,Billie Jean,1481,0.00041138888888888887,0.024683333333333335,15,2,Tuesday,True,2026-02,Billie Jean Daniela Andrade,0.874,0.618,0.127,3.95e-06,0.1,-11.33,0.0552,116.792,0.35
856,2026-02-03 15:32:00,Nirvana,About A Girl,416,0.00011555555555555555,0.006933333333333333,15,2,Tuesday,True,2026-02,About A Girl Nirvana,5.13e-06,0.413,0.875,0.00058,0.209,-7.48,0.031,131.951,0.575
857,2026-02-03 15:32:00,Nirvana,About A Girl,217,6.0277777777777776e-05,0.0036166666666666665,15,2,Tuesday,True,2026-02,About A Girl Nirvana,5.13e-06,0.413,0.875,0.00058,0.209,-7.48,0.031,131.951,0.575
858,2026-02-03 15:32:00,Nicholas Britell,Ricercare - Strings and Voices - Bonus Track,1658,0.0004605555555555556,0.027633333333333333,15,2,Tuesday,True,2026-02,Ricercare - Strings and Voices - Bonus Track Nicholas Britell,0.775,0.17,0.149,0.749,0.0711,-17.175,0.0435,84.612,0.0378
859,2026-02-03 15:32:00,Dominic Cooper,Lay All Your Love On Me - From 'Mamma Mia!' Original Motion Picture Soundtrack,1650,0.0004583333333333333,0.0275,15,2,Tuesday,True,2026-02,Lay All Your Love On Me - From 'Mamma Mia!' Original Motion Picture Soundtrack Dominic Cooper,0.0102,0.705,0.738,0.000189,0.308,-5.402,0.0289,133.027,0.504
860,2026-02-03 15:32:00,Royal Philharmonic Orchestra,"Die Another Day - From ""Die Another Day""",0,0.0,0.0,15,2,Tuesday,True,2026-02,"Die Another Day - From ""Die Another Day"" Royal Philharmonic Orchestra",,,,,,,,,
861,2026-02-03 15:32:00,Aaron Tveit,The Final Battle,305,8.472222222222222e-05,0.005083333333333333,15,2,Tuesday,True,2026-02,The Final Battle Aaron Tveit,0.286,0.226,0.629,0.513,0.209,-8.461,0.0717,108.888,0.0742
862,2026-02-03 15:32:00,Aaron Tveit,The Final Battle,2122,0.0005894444444444444,0.035366666666666664,15,2,Tuesday,True,2026-02,The Final Battle Aaron Tveit,0.286,0.226,0.629,0.513,0.209,-8.461,0.0717,108.888,0.0742
863,2026-02-03 16:26:00,a-ha,The Living Daylights - MTV Unplugged,623694,0.17324833333333334,10.3949,16,2,Tuesday,False,2026-02,The Living Daylights - MTV Unplugged a-ha,0.265,0.581,0.762,9.8e-06,0.2,-8.54,0.0409,110.932,0.436
864,2026-02-03 16:29:00,Joel Minguet,Deseo,159933,0.04442583333333333,2.66555,16,2,Tuesday,False,2026-02,Deseo Joel Minguet,0.947,0.516,0.314,0.0012,0.132,-13.312,0.0323,106.13,0.205
865,2026-02-03 16:47:00,Simon & Garfunkel,The Sound of Silence - Acoustic Version,70393,0.019553611111111112,1.1732166666666666,16,2,Tuesday,False,2026-02,The Sound of Silence - Acoustic Version Simon & Garfunkel,0.837,0.525,0.216,0.0,0.107,-13.551,0.0301,106.761,0.328
866,2026-02-04 06:00:00,Gabriella Quevedo,Here Comes the Sun,25978,0.0072161111111111115,0.43296666666666667,6,2,Wednesday,True,2026-02,Here Comes the Sun Gabriella Quevedo,0.772,0.488,0.49,0.928,0.0866,-10.801,0.0375,133.117,0.854
867,2026-02-04 06:10:00,Patrik Pietschmann,The Dark Knight Main Theme - Piano Version,21860,0.006072222222222222,0.36433333333333334,6,2,Wednesday,True,2026-02,The Dark Knight Main Theme - Piano Version Patrik Pietschmann,0.943,0.581,0.11,0.862,0.108,-19.787,0.038,110.049,0.0374
868,2026-02-04 06:15:00,Nicholas Britell,Bell Atmospheres,14103,0.0039175,0.23505,6,2,Wednesday,True,2026-02,Bell Atmospheres Nicholas Britell,0.675,0.218,0.0195,0.899,0.104,-30.762,0.0408,74.451,0.0375
869,2026-02-04 06:20:00,Adam Pascal,Light My Candle,12453,0.003459166666666667,0.20755,6,2,Wednesday,True,2026-02,Light My Candle Adam Pascal,0.557,0.808,0.508,0.0,0.0578,-6.429,0.0409,130.999,0.82
870,2026-02-04 06:30:00,R.E.M.,Losing My Religion,13395,0.0037208333333333334,0.22325,6,2,Wednesday,True,2026-02,Losing My Religion R.E.M.,0.0772,0.672,0.841,0.0,0.135,-5.992,0.0285,125.437,0.82
871,2026-02-04 06:42:00,One Piano,The World is Not Enough,18755,0.005209722222222222,0.3125833333333333,6,2,Wednesday,True,2026-02,The World is Not Enough One Piano,,,,,,,,,
872,2026-02-04 09:43:00,Anna Roig,Si la tristesa no té fi,21724,0.006034444444444445,0.36206666666666665,9,2,Wednesday,True,2026-02,Si la tristesa no té fi Anna Roig,0.908,0.437,0.277,9.18e-05,0.0859,-14.646,0.05,101.311,0.243
873,2026-02-04 09:46:00,One Piano,On My Own,202175,0.05615972222222222,3.3695833333333334,9,2,Wednesday,False,2026-02,On My Own One Piano,0.882,0.452,0.196,0.918,0.11,-16.18,0.0535,115.98,0.177
874,2026-02-04 09:49:00,Evan Rachel Wood,Because,149773,0.04160361111111111,2.4962166666666668,9,2,Wednesday,False,2026-02,Because Evan Rachel Wood,0.932,0.142,0.254,0.0,0.103,-10.129,0.0321,166.959,0.0885
875,2026-02-04 09:53:00,Himesh Patel,"Let It Be - From The Album ""One Man Only""",238573,0.06627027777777778,3.9762166666666667,9,2,Wednesday,False,2026-02,"Let It Be - From The Album ""One Man Only"" Himesh Patel",0.534,0.62,0.539,4.83e-06,0.11,-10.082,0.0286,140.042,0.458
876,2026-02-04 09:57:00,Nicholas Britell,Honesty (feat. Kendall Roy),234828,0.06523,3.9138,9,2,Wednesday,False,2026-02,Honesty (feat. Kendall Roy) Nicholas Britell,0.777,0.478,0.175,0.0,0.102,-14.347,0.0553,79.326,0.173
877,2026-02-04 10:01:00,Els Amics De Les Arts,4-3-3,273253,0.07590361111111112,4.554216666666667,10,2,Wednesday,False,2026-02,4-3-3 Els Amics De Les Arts,,,,,,,,,
878,2026-02-04 10:04:00,Anna Roig,Dins d'una cançó,151933,0.04220361111111111,2.532216666666667,10,2,Wednesday,False,2026-02,Dins d'una cançó Anna Roig,0.746,0.617,0.266,0.00359,0.193,-14.657,0.0312,70.948,0.455
879,2026-02-04 10:07:00,R.E.M.,Losing My Religion,873,0.0002425,0.01455,10,2,Wednesday,True,2026-02,Losing My Religion R.E.M.,0.0772,0.672,0.841,0.0,0.135,-5.992,0.0285,125.437,0.82
880,2026-02-04 10:07:00,Nicholas Britell,"Pianos + 808 + Beat - ""Welcome Home”",6200,0.0017222222222222222,0.10333333333333333,10,2,Wednesday,True,2026-02,"Pianos + 808 + Beat - ""Welcome Home” Nicholas Britell",0.0249,0.783,0.479,0.879,0.112,-9.255,0.0644,142.027,0.622
881,2026-02-04 10:07:00,Els Amics De Les Arts,"Umi O Koete, Yama O Koete",1353,0.0003758333333333333,0.02255,10,2,Wednesday,True,2026-02,"Umi O Koete, Yama O Koete Els Amics De Les Arts",0.759,0.567,0.368,1.58e-06,0.254,-13.307,0.0234,95.035,0.331
882,2026-02-04 10:07:00,Els Amics De Les Arts,Adéu,1723,0.00047861111111111113,0.028716666666666668,10,2,Wednesday,True,2026-02,Adéu Els Amics De Les Arts,0.672,0.643,0.274,0.115,0.121,-18.223,0.038,94.873,0.303
883,2026-02-04 10:07:00,Antònia Font,Viure Sense Tu,1553,0.00043138888888888887,0.025883333333333335,10,2,Wednesday,True,2026-02,Viure Sense Tu Antònia Font,0.0771,0.565,0.534,0.0273,0.1,-12.05,0.0486,137.825,0.722
884,2026-02-04 10:07:00,Simon & Garfunkel,The Sound of Silence - Acoustic Version,1383,0.00038416666666666666,0.02305,10,2,Wednesday,True,2026-02,The Sound of Silence - Acoustic Version Simon & Garfunkel,0.837,0.525,0.216,0.0,0.107,-13.551,0.0301,106.761,0.328
885,2026-02-04 10:07:00,Els Amics De Les Arts,El matrimoni Arnolfini,1833,0.0005091666666666667,0.03055,10,2,Wednesday,True,2026-02,El matrimoni Arnolfini Els Amics De Les Arts,0.117,0.601,0.859,3.09e-06,0.0777,-6.694,0.0784,107.809,0.766
886,2026-02-04 10:07:00,Piano Tribute Players,On My Own - Instrumental,1533,0.00042583333333333335,0.02555,10,2,Wednesday,True,2026-02,On My Own - Instrumental Piano Tribute Players,0.981,0.385,0.38,0.907,0.12,-13.542,0.0402,123.244,0.267
887,2026-02-04 10:07:00,The Beatles,Day Tripper - Remastered 2015,953,0.00026472222222222224,0.015883333333333333,10,2,Wednesday,True,2026-02,Day Tripper - Remastered 2015 The Beatles,0.12,0.665,0.782,4.19e-06,0.125,-8.438,0.0307,137.453,0.731
888,2026-02-04 10:07:00,Jim Sturgess,"Across The Universe - From ""Across The Universe"" Soundtrack",523,0.00014527777777777778,0.008716666666666666,10,2,Wednesday,True,2026-02,"Across The Universe - From ""Across The Universe"" Soundtrack Jim Sturgess",0.0402,0.459,0.498,1.9e-06,0.355,-8.361,0.0806,116.485,0.435
889,2026-02-04 10:07:00,Madonna,Like a Prayer - Battle Royale Mix from “Deadpool & Wolverine”,168587,0.046829722222222224,2.8097833333333333,10,2,Wednesday,False,2026-02,Like a Prayer - Battle Royale Mix from “Deadpool & Wolverine” Madonna,0.146,0.317,0.606,6.9e-05,0.0772,-10.073,0.0411,116.01,0.118
890,2026-02-04 10:10:00,Murray Gold,Break Free,183973,0.051103611111111114,3.0662166666666666,10,2,Wednesday,False,2026-02,Break Free Murray Gold,,,,,,,,,
891,2026-02-04 10:15:00,Patrik Pietschmann,James Bond Theme - Piano Version,316896,0.08802666666666667,5.2816,10,2,Wednesday,False,2026-02,James Bond Theme - Piano Version Patrik Pietschmann,0.989,0.525,0.268,0.897,0.115,-16.898,0.0393,124.883,0.0369
892,2026-02-04 10:22:00,Pink Floyd,Money,380080,0.10557777777777778,6.334666666666666,10,2,Wednesday,False,2026-02,Money Pink Floyd,0.024,0.468,0.536,0.00199,0.269,-10.422,0.144,126.256,0.785
893,2026-02-04 10:26:00,Meryl Streep,Slipping Through My Fingers - From 'Mamma Mia!' Original Motion Picture Soundtrack,230893,0.06413694444444444,3.8482166666666666,10,2,Wednesday,False,2026-02,Slipping Through My Fingers - From 'Mamma Mia!' Original Motion Picture Soundtrack Meryl Streep,0.507,0.463,0.489,0.0,0.165,-7.968,0.0288,140.034,0.249
894,2026-02-04 10:29:00,Amanda Seyfried,Gimme! Gimme! Gimme! (A Man After Midnight) - From 'Mamma Mia!' Original Motion Picture Soundtrack,231720,0.06436666666666667,3.862,10,2,Wednesday,False,2026-02,Gimme! Gimme! Gimme! (A Man After Midnight) - From 'Mamma Mia!' Original Motion Picture Soundtrack Amanda Seyfried,0.021,0.628,0.836,0.000513,0.416,-4.776,0.0301,120.045,0.571
895,2026-02-04 10:31:00,Nicholas Britell,Satyricon - Instrumental,89066,0.024740555555555554,1.4844333333333333,10,2,Wednesday,False,2026-02,Satyricon - Instrumental Nicholas Britell,0.000402,0.623,0.617,0.86,0.302,-11.24,0.0618,87.999,0.0353
896,2026-02-04 10:35:00,Billie Eilish,No Time To Die,242265,0.06729583333333333,4.03775,10,2,Wednesday,False,2026-02,No Time To Die Billie Eilish,0.824,0.227,0.125,0.00575,0.0794,-19.111,0.0416,77.651,0.0396
897,2026-02-04 10:39:00,One Piano,Take Me or Leave Me,226293,0.06285916666666666,3.77155,10,2,Wednesday,False,2026-02,Take Me or Leave Me One Piano,0.586,0.453,0.35,0.911,0.054,-15.497,0.0618,173.947,0.61
898,2026-02-04 10:44:00,Els Amics De Les Arts,L'Affaire Sofia - En Directe Al Festival De Cap Roig / 2015,281147,0.0780963888888889,4.685783333333333,10,2,Wednesday,False,2026-02,L'Affaire Sofia - En Directe Al Festival De Cap Roig / 2015 Els Amics De Les Arts,0.174,0.256,0.704,0.0,0.676,-7.536,0.0452,170.126,0.757
899,2026-02-04 10:47:00,Metallica,Wherever I May Roam - Remastered 2021,219960,0.0611,3.666,10,2,Wednesday,False,2026-02,Wherever I May Roam - Remastered 2021 Metallica,0.000617,0.537,0.831,0.000571,0.117,-7.467,0.0364,131.384,0.351
900,2026-02-05 05:55:00,Joe Anderson,"Hey Jude - From ""Across The Universe"" Soundtrack",46804,0.01300111111111111,0.7800666666666667,5,2,Thursday,False,2026-02,"Hey Jude - From ""Across The Universe"" Soundtrack Joe Anderson",0.0711,0.347,0.35,0.000736,0.0948,-9.254,0.0286,141.839,0.203
901,2026-02-05 06:00:00,Ryan Gosling,I'm Just Ken - In My Feelings Acoustic,15766,0.0043794444444444445,0.26276666666666665,6,2,Thursday,True,2026-02,I'm Just Ken - In My Feelings Acoustic Ryan Gosling,0.379,0.334,0.58,0.00199,0.111,-6.804,0.0336,144.062,0.207
902,2026-02-05 06:10:00,Josema Yuste,Un Genio Genial,8309,0.0023080555555555554,0.13848333333333335,6,2,Thursday,True,2026-02,Un Genio Genial Josema Yuste,0.553,0.678,0.629,0.0,0.391,-10.626,0.117,97.983,0.734
903,2026-02-05 06:15:00,Brian Crain,Song for Sienna,4073,0.0011313888888888888,0.06788333333333334,6,2,Thursday,True,2026-02,Song for Sienna Brian Crain,0.933,0.357,0.21,0.95,0.132,-14.532,0.0287,96.418,0.117
904,2026-02-05 06:20:00,Nicholas Britell,"Intermezzo in C Minor - ""Money Wins""",16010,0.004447222222222222,0.2668333333333333,6,2,Thursday,True,2026-02,"Intermezzo in C Minor - ""Money Wins"" Nicholas Britell",0.438,0.129,0.179,0.68,0.114,-16.566,0.0401,90.617,0.0398
905,2026-02-05 06:30:00,The Beatles,And I Love Her - Remastered 2009,6119,0.0016997222222222223,0.10198333333333333,6,2,Thursday,True,2026-02,And I Love Her - Remastered 2009 The Beatles,0.64,0.767,0.331,0.0,0.0681,-10.777,0.0337,113.312,0.636
906,2026-02-05 06:40:00,Lorien Testard,Alicia,10136,0.0028155555555555555,0.16893333333333332,6,2,Thursday,True,2026-02,Alicia Lorien Testard,0.958,0.16,0.149,2.17e-06,0.156,-12.107,0.0419,169.141,0.141
907,2026-02-05 06:53:00,Scott Bradlee's Postmodern Jukebox,Umbrella - Live,16779,0.004660833333333334,0.27965,6,2,Thursday,True,2026-02,Umbrella - Live Scott Bradlee's Postmodern Jukebox,0.403,0.473,0.779,0.0,0.685,-9.494,0.302,118.549,0.783
908,2026-02-05 16:48:00,Scott Bradlee's Postmodern Jukebox,Don't Stop Me Now,1309,0.0003636111111111111,0.021816666666666668,16,2,Thursday,True,2026-02,Don't Stop Me Now Scott Bradlee's Postmodern Jukebox,0.527,0.496,0.77,2.54e-05,0.263,-4.22,0.0976,150.892,0.692
909,2026-02-05 16:48:00,Howard Shore,Chinatown (feat. G.E. Smith),17486,0.004857222222222222,0.2914333333333333,16,2,Thursday,True,2026-02,Chinatown (feat. G.E. Smith) Howard Shore,0.408,0.504,0.361,0.748,0.184,-17.87,0.0849,120.458,0.312
910,2026-02-05 16:51:00,Jackson C. Frank,My Name Is Carnival - 2001 Remaster,224867,0.062463055555555556,3.7477833333333335,16,2,Thursday,False,2026-02,My Name Is Carnival - 2001 Remaster Jackson C. Frank,0.76,0.448,0.37,0.0,0.113,-11.653,0.0273,103.807,0.414
911,2026-02-05 16:55:00,Menaix a Truà,Pols en el Vent,204707,0.056863055555555556,3.411783333333333,16,2,Thursday,False,2026-02,Pols en el Vent Menaix a Truà,0.376,0.686,0.444,0.0584,0.11,-6.667,0.0305,90.018,0.691
912,2026-02-05 16:59:00,La Unión,Lobo-hombre en París,233267,0.06479638888888889,3.887783333333333,16,2,Thursday,False,2026-02,Lobo-hombre en París La Unión,0.0162,0.602,0.952,4.92e-05,0.112,-5.195,0.0628,146.287,0.75
913,2026-02-05 17:05:00,The Verve,Bitter Sweet Symphony - Remastered 2016,357267,0.09924083333333333,5.95445,17,2,Thursday,False,2026-02,Bitter Sweet Symphony - Remastered 2016 The Verve,0.0299,0.358,0.916,0.0,0.595,-5.958,0.0497,171.133,0.498
914,2026-02-05 17:10:00,Green Day,21 Guns,321093,0.0891925,5.35155,17,2,Thursday,False,2026-02,21 Guns Green Day,0.0518,0.268,0.742,0.0,0.626,-4.939,0.0355,159.779,0.416
915,2026-02-05 17:16:00,Els Amics De Les Arts,Louisiana o els camps de cotó (amb la col·laboració de l'Orfeó Català),325395,0.0903875,5.42325,17,2,Thursday,False,2026-02,Louisiana o els camps de cotó (amb la col·laboració de l'Orfeó Català) Els Amics De Les Arts,0.956,0.456,0.247,0.0,0.131,-13.723,0.0437,163.92,0.279
916,2026-02-05 17:20:00,Otis Taylor,Ten Million Slaves,249160,0.06921111111111111,4.152666666666667,17,2,Thursday,False,2026-02,Ten Million Slaves Otis Taylor,0.527,0.477,0.431,0.00667,0.211,-8.192,0.0277,132.393,0.572
917,2026-02-05 17:25:00,Low Roar,Patience,344453,0.09568138888888889,5.740883333333334,17,2,Thursday,False,2026-02,Patience Low Roar,0.882,0.182,0.141,0.728,0.0934,-13.949,0.0374,99.836,0.0388
918,2026-02-05 17:30:00,Scott Bradlee's Postmodern Jukebox,Mr. Blue Sky,288340,0.08009444444444444,4.805666666666666,17,2,Thursday,False,2026-02,Mr. Blue Sky Scott Bradlee's Postmodern Jukebox,0.867,0.399,0.287,0.0,0.111,-8.772,0.03,102.024,0.164
919,2026-02-05 17:35:00,Menaix a Truà,No em Deixis Mai,291787,0.08105194444444444,4.8631166666666665,17,2,Thursday,False,2026-02,No em Deixis Mai Menaix a Truà,0.371,0.711,0.503,0.413,0.107,-9.277,0.0279,122.01,0.678
920,2026-02-05 17:40:00,Els Amics De Les Arts,Et Vaig Dir,268066,0.07446277777777778,4.467766666666667,17,2,Thursday,False,2026-02,Et Vaig Dir Els Amics De Les Arts,0.355,0.497,0.582,0.000112,0.099,-6.452,0.04,80.089,0.239
921,2026-02-05 17:42:00,Michael Giacchino,Space The Final Frontier / Main On Ends,163107,0.0453075,2.71845,17,2,Thursday,False,2026-02,Space The Final Frontier / Main On Ends Michael Giacchino,0.426,0.268,0.505,0.746,0.0809,-9.629,0.0356,81.922,0.113
922,2026-02-05 17:44:00,Pierce Brosnan,When All Is Said And Done - From 'Mamma Mia!' Original Motion Picture Soundtrack,13971,0.0038808333333333334,0.23285,17,2,Thursday,True,2026-02,When All Is Said And Done - From 'Mamma Mia!' Original Motion Picture Soundtrack Pierce Brosnan,0.547,0.603,0.444,0.000886,0.192,-9.713,0.0266,115.989,0.339
923,2026-02-05 17:44:00,El Canto Del Loco,No Puedo Vivir Sin Ti,3998,0.0011105555555555556,0.06663333333333334,17,2,Thursday,True,2026-02,No Puedo Vivir Sin Ti El Canto Del Loco,0.0246,0.666,0.834,0.0,0.208,-3.314,0.0318,129.982,0.61
924,2026-02-05 17:44:00,Els Amics De Les Arts,Reykjavik - En Directe Al Festival De Cap Roig / 2015,6176,0.0017155555555555555,0.10293333333333334,17,2,Thursday,True,2026-02,Reykjavik - En Directe Al Festival De Cap Roig / 2015 Els Amics De Les Arts,0.201,0.43,0.371,0.00376,0.834,-12.828,0.0294,133.295,0.186
925,2026-02-05 17:44:00,Green Day,Wake Me up When September Ends,99650,0.027680555555555555,1.6608333333333334,17,2,Thursday,False,2026-02,Wake Me up When September Ends Green Day,0.023,0.546,0.814,0.0,0.0972,-5.146,0.0314,104.98,0.146
926,2026-02-05 17:45:00,One Piano,From Russia with Love,7877,0.0021880555555555555,0.13128333333333334,17,2,Thursday,True,2026-02,From Russia with Love One Piano,0.983,0.4,0.312,0.931,0.168,-10.715,0.0549,179.673,0.268
927,2026-02-05 17:47:00,Nicholas Britell,Impromptu No. 2 for Piano and Orchestra,131427,0.0365075,2.19045,17,2,Thursday,False,2026-02,Impromptu No. 2 for Piano and Orchestra Nicholas Britell,0.98,0.413,0.075,0.898,0.101,-20.436,0.0394,135.141,0.0372
928,2026-02-05 17:51:00,Scott Bradlee's Postmodern Jukebox,I'll Be There for You (Theme From “Friends”),228679,0.06352194444444445,3.8113166666666665,17,2,Thursday,False,2026-02,I'll Be There for You (Theme From “Friends”) Scott Bradlee's Postmodern Jukebox,0.419,0.306,0.623,0.0,0.14,-7.67,0.049,166.929,0.614
929,2026-02-05 18:53:00,Leslie Odom Jr.,Non-Stop,321685,0.08935694444444445,5.361416666666667,18,2,Thursday,False,2026-02,Non-Stop Leslie Odom Jr.,0.211,0.77,0.482,0.0,0.223,-9.529,0.351,91.994,0.441
930,2026-02-06 05:55:00,Nicholas Britell,Andante Con Moto - Strings in E-flat Minor,29575,0.008215277777777778,0.49291666666666667,5,2,Friday,True,2026-02,Andante Con Moto - Strings in E-flat Minor Nicholas Britell,0.268,0.353,0.241,0.878,0.11,-16.249,0.0503,99.184,0.0295
931,2026-02-06 06:00:00,One Piano,Friend Like Me,11324,0.0031455555555555555,0.18873333333333334,6,2,Friday,True,2026-02,Friend Like Me One Piano,0.993,0.425,0.0915,0.923,0.107,-24.976,0.0445,104.008,0.218
932,2026-02-06 06:05:00,One Piano,Without You,9005,0.002501388888888889,0.15008333333333335,6,2,Friday,True,2026-02,Without You One Piano,,,,,,,,,
933,2026-02-06 06:15:00,Hugh Jackman,Look Down,7386,0.0020516666666666665,0.1231,6,2,Friday,True,2026-02,Look Down Hugh Jackman,0.898,0.379,0.377,1.16e-06,0.128,-11.951,0.184,152.624,0.375
934,2026-02-06 06:20:00,Redbone,Come and Get Your Love,8940,0.0024833333333333335,0.149,6,2,Friday,True,2026-02,Come and Get Your Love Redbone,0.172,0.731,0.804,0.00028,0.0685,-7.621,0.0473,107.383,0.957
935,2026-02-06 06:25:00,Radiohead,Creep,7313,0.002031388888888889,0.12188333333333333,6,2,Friday,True,2026-02,Creep Radiohead,0.557,0.399,0.239,0.000203,0.121,-17.123,0.0407,166.419,0.147
936,2026-02-06 06:30:00,Pat Metheny,And I Love Her,9118,0.002532777777777778,0.15196666666666667,6,2,Friday,True,2026-02,And I Love Her Pat Metheny,,,,,,,,,
937,2026-02-06 06:35:00,Nstens1117,The Electro Suite,9363,0.0026008333333333335,0.15605,6,2,Friday,True,2026-02,The Electro Suite Nstens1117,0.0792,0.43,0.645,0.863,0.518,-9.161,0.0322,80.053,0.176
938,2026-02-06 06:40:00,Henry Jackman,Frankenstein's Monster,10822,0.0030061111111111113,0.18036666666666668,6,2,Friday,True,2026-02,Frankenstein's Monster Henry Jackman,0.596,0.147,0.331,0.866,0.114,-11.869,0.0344,68.159,0.0395
939,2026-02-06 07:28:00,Scott Bradlee's Postmodern Jukebox,Umbrella,15178,0.0042161111111111114,0.2529666666666667,7,2,Friday,True,2026-02,Umbrella Scott Bradlee's Postmodern Jukebox,0.691,0.623,0.842,0.0,0.236,-7.383,0.29,106.735,0.779
940,2026-02-06 15:02:00,Scott Bradlee's Postmodern Jukebox,Thriller,11250,0.003125,0.1875,15,2,Friday,True,2026-02,Thriller Scott Bradlee's Postmodern Jukebox,0.68,0.569,0.791,0.0,0.623,-4.81,0.0948,117.344,0.753
941,2026-02-06 15:02:00,Piano Tribute Players,Light My Candle,7603,0.0021119444444444445,0.12671666666666667,15,2,Friday,True,2026-02,Light My Candle Piano Tribute Players,0.985,0.618,0.282,0.908,0.105,-17.688,0.0468,131.025,0.441
942,2026-02-06 15:02:00,Scott Bradlee's Postmodern Jukebox,Umbrella,9761,0.002711388888888889,0.16268333333333335,15,2,Friday,True,2026-02,Umbrella Scott Bradlee's Postmodern Jukebox,0.691,0.623,0.842,0.0,0.236,-7.383,0.29,106.735,0.779
943,2026-02-06 15:03:00,Billie Eilish,hotline (edit),60720,0.016866666666666665,1.012,15,2,Friday,False,2026-02,hotline (edit) Billie Eilish,0.816,0.516,0.254,0.855,0.189,-16.027,0.0589,56.829,0.304
944,2026-02-06 15:06:00,Royal Philharmonic Orchestra,"Goldeneye - From ""Goldeneye""",173120,0.04808888888888889,2.8853333333333335,15,2,Friday,False,2026-02,"Goldeneye - From ""Goldeneye"" Royal Philharmonic Orchestra",,,,,,,,,
945,2026-02-06 15:07:00,Halocene,Bohemian Rhapsody,19665,0.0054625,0.32775,15,2,Friday,True,2026-02,Bohemian Rhapsody Halocene,0.252,0.323,0.521,1.17e-06,0.11,-7.286,0.0336,145.515,0.325
946,2026-02-06 15:11:00,Jonas Kvarnström,"Skyfall - From "" Skyfall - James Bond""",297828,0.08273,4.9638,15,2,Friday,False,2026-02,"Skyfall - From "" Skyfall - James Bond"" Jonas Kvarnström",0.976,0.528,0.258,0.86,0.136,-12.297,0.0279,75.016,0.19
947,2026-02-06 15:15:00,Laura Marling,A Hard Rain's A-Gonna Fall,235123,0.06531194444444445,3.9187166666666666,15,2,Friday,False,2026-02,A Hard Rain's A-Gonna Fall Laura Marling,0.295,0.593,0.424,0.00012,0.109,-11.988,0.0464,132.977,0.188
948,2026-02-06 15:19:00,Ja T'ho Dire,Si Vens (Remasteritzat 2013),205730,0.057147222222222224,3.4288333333333334,15,2,Friday,False,2026-02,Si Vens (Remasteritzat 2013) Ja T'ho Dire,0.684,0.686,0.745,0.0,0.0837,-5.648,0.0399,138.197,0.573
949,2026-02-06 15:23:00,Stan Rogers,Free In The Harbour,237600,0.066,3.96,15,2,Friday,False,2026-02,Free In The Harbour Stan Rogers,0.717,0.374,0.252,6.76e-06,0.183,-15.056,0.0298,153.585,0.398
950,2026-02-06 15:25:00,Els Amics De Les Arts,Déja-Vu,156227,0.04339638888888889,2.6037833333333333,15,2,Friday,False,2026-02,Déja-Vu Els Amics De Les Arts,0.74,0.583,0.503,0.0,0.309,-11.532,0.133,174.978,0.273
951,2026-02-06 15:29:00,One Piano,Seasons of Love,186333,0.05175916666666667,3.10555,15,2,Friday,False,2026-02,Seasons of Love One Piano,0.968,0.655,0.274,0.923,0.106,-15.438,0.0438,98.158,0.3
952,2026-02-06 15:33:00,L'Orchestra Cinematique,James Bond Theme - Epic Version,293030,0.08139722222222222,4.8838333333333335,15,2,Friday,False,2026-02,James Bond Theme - Epic Version L'Orchestra Cinematique,,,,,,,,,
953,2026-02-06 15:37:00,The 'Les Misérables 2010' Company,One Day More - Live,220987,0.061385277777777775,3.683116666666667,15,2,Friday,False,2026-02,One Day More - Live The 'Les Misérables 2010' Company,0.821,0.265,0.456,0.0,0.741,-8.938,0.0479,81.506,0.122
954,2026-02-06 15:40:00,Low Roar,Anything You Need,192373,0.05343694444444445,3.2062166666666667,15,2,Friday,False,2026-02,Anything You Need Low Roar,0.806,0.221,0.34,0.989,0.104,-10.935,0.0314,85.665,0.0397
955,2026-02-06 15:43:00,The Greg Kihn Band,The Breakup Song,169707,0.04714083333333333,2.82845,15,2,Friday,False,2026-02,The Breakup Song The Greg Kihn Band,0.032,0.695,0.887,4.9e-05,0.234,-4.417,0.0291,141.541,0.965
956,2026-02-06 15:43:00,Evan Rachel Wood,Hold Me Tight,3919,0.0010886111111111112,0.06531666666666666,15,2,Friday,True,2026-02,Hold Me Tight Evan Rachel Wood,0.00676,0.587,0.646,1.23e-06,0.148,-5.734,0.0332,135.991,0.597
957,2026-02-06 15:43:00,Celtas Cortos,20 de abril,5377,0.0014936111111111111,0.08961666666666666,15,2,Friday,True,2026-02,20 de abril Celtas Cortos,0.0274,0.611,0.866,2.89e-05,0.278,-5.135,0.0285,114.016,0.826
958,2026-02-06 15:44:00,Nirvana,You Know You're Right,20318,0.005643888888888889,0.33863333333333334,15,2,Friday,True,2026-02,You Know You're Right Nirvana,0.0407,0.289,0.716,0.00123,0.135,-6.53,0.106,168.049,0.344
959,2026-02-06 15:48:00,Patrik Pietschmann,"One Day (From ""Pirates of the Caribbean 3"") - Piano Version",235488,0.06541333333333334,3.9248,15,2,Friday,False,2026-02,"One Day (From ""Pirates of the Caribbean 3"") - Piano Version Patrik Pietschmann",0.976,0.369,0.128,0.876,0.0872,-18.472,0.0395,125.836,0.0536
960,2026-02-06 15:52:00,Royal Philharmonic Orchestra,"Skyfall - From ""Skyfall""",239227,0.06645194444444444,3.9871166666666666,15,2,Friday,False,2026-02,"Skyfall - From ""Skyfall"" Royal Philharmonic Orchestra",,,,,,,,,
961,2026-02-06 15:54:00,Cast of the Motion Picture RENT,Love Heals - Bonus Track,5467,0.0015186111111111112,0.09111666666666667,15,2,Friday,True,2026-02,Love Heals - Bonus Track Cast of the Motion Picture RENT,0.191,0.387,0.611,0.0,0.257,-4.619,0.0322,101.626,0.329
962,2026-02-06 15:54:00,Sharon Isbin,Madolyn,134267,0.037296388888888886,2.2377833333333332,15,2,Friday,False,2026-02,Madolyn Sharon Isbin,0.99,0.658,0.0635,0.95,0.105,-19.838,0.0847,183.961,0.352
963,2026-02-06 15:54:00,Jennifer Ann,Mad World,9734,0.002703888888888889,0.16223333333333334,15,2,Friday,True,2026-02,Mad World Jennifer Ann,0.882,0.29,0.233,4.45e-05,0.124,-11.668,0.0356,98.218,0.243
964,2026-02-06 15:57:00,Hugh Jackman,Look Down,196680,0.05463333333333333,3.278,15,2,Friday,False,2026-02,Look Down Hugh Jackman,0.898,0.379,0.377,1.16e-06,0.128,-11.951,0.184,152.624,0.375
965,2026-02-06 17:01:00,Wayne Wilcox,Life Support,28200,0.007833333333333333,0.47,17,2,Friday,True,2026-02,Life Support Wayne Wilcox,0.799,0.459,0.398,0.0,0.383,-8.141,0.0289,144.644,0.794
966,2026-02-08 08:45:00,Nicholas Britell,Marcato e con Forza,22026,0.006118333333333333,0.3671,8,2,Sunday,True,2026-02,Marcato e con Forza Nicholas Britell,0.579,0.45,0.275,0.9,0.0862,-9.969,0.0276,140.181,0.502
967,2026-02-09 06:00:00,Malukah,Misty Mountains - Remastered 2022,24082,0.006689444444444444,0.40136666666666665,6,2,Monday,True,2026-02,Misty Mountains - Remastered 2022 Malukah,0.933,0.464,0.148,0.00136,0.114,-11.775,0.0345,111.587,0.19
968,2026-02-09 06:10:00,Brian Crain,Butterfly Waltz,9227,0.0025630555555555554,0.15378333333333333,6,2,Monday,True,2026-02,Butterfly Waltz Brian Crain,0.988,0.361,0.185,0.899,0.21,-14.602,0.0362,129.439,0.401
969,2026-02-09 06:15:00,Els Amics De Les Arts,Preferiria No Fer-Ho - En Directe Al Festival De Cap Roig / 2015,13241,0.0036780555555555555,0.22068333333333334,6,2,Monday,True,2026-02,Preferiria No Fer-Ho - En Directe Al Festival De Cap Roig / 2015 Els Amics De Les Arts,0.0448,0.465,0.793,1.26e-06,0.785,-8.107,0.137,121.874,0.413
970,2026-02-09 06:20:00,Himesh Patel,I Want To Hold Your Hand - Tracks On The Tracks Sessions,10377,0.0028825,0.17295,6,2,Monday,True,2026-02,I Want To Hold Your Hand - Tracks On The Tracks Sessions Himesh Patel,0.299,0.595,0.563,0.0,0.474,-9.837,0.0317,132.113,0.721
971,2026-02-09 06:30:00,Dana Fuchs,Dear Prudence,13366,0.003712777777777778,0.22276666666666667,6,2,Monday,True,2026-02,Dear Prudence Dana Fuchs,0.135,0.53,0.377,0.207,0.11,-10.517,0.0252,142.125,0.12
972,2026-02-09 06:40:00,Jeff Buckley,Hallelujah,8381,0.0023280555555555554,0.13968333333333333,6,2,Monday,True,2026-02,Hallelujah Jeff Buckley,0.931,0.324,0.136,0.00117,0.176,-10.33,0.0318,97.256,0.0831
973,2026-02-09 06:54:00,John Owen-Jones,The Confrontation - Live,47364,0.013156666666666667,0.7894,6,2,Monday,False,2026-02,The Confrontation - Live John Owen-Jones,0.764,0.403,0.49,0.0,0.388,-10.261,0.122,98.559,0.475
974,2026-02-09 07:04:00,Els Amics De Les Arts,Les Meves Ex I Tu,16605,0.0046125,0.27675,7,2,Monday,True,2026-02,Les Meves Ex I Tu Els Amics De Les Arts,0.292,0.624,0.751,0.0,0.12,-9.151,0.0434,140.044,0.669
975,2026-02-09 08:14:00,Amanda Seyfried,Thank You For The Music - From 'Mamma Mia!' Original Motion Picture Soundtrack,1933,0.0005369444444444445,0.032216666666666664,8,2,Monday,True,2026-02,Thank You For The Music - From 'Mamma Mia!' Original Motion Picture Soundtrack Amanda Seyfried,0.932,0.527,0.134,0.0,0.103,-11.264,0.0348,98.879,0.479
976,2026-02-09 08:14:00,Michael Giacchino,Can't Fight City Halloween,1373,0.0003813888888888889,0.022883333333333332,8,2,Monday,True,2026-02,Can't Fight City Halloween Michael Giacchino,0.616,0.315,0.141,0.951,0.107,-21.368,0.0294,82.042,0.116
977,2026-02-09 08:14:00,Orquesta Mondragon,Caperucita feroz,1564,0.00043444444444444444,0.026066666666666665,8,2,Monday,True,2026-02,Caperucita feroz Orquesta Mondragon,0.0199,0.58,0.949,0.582,0.147,-7.593,0.144,94.302,0.395
978,2026-02-09 08:14:00,John Owen-Jones,The Confrontation - Live,14332,0.0039811111111111115,0.23886666666666667,8,2,Monday,True,2026-02,The Confrontation - Live John Owen-Jones,0.764,0.403,0.49,0.0,0.388,-10.261,0.122,98.559,0.475
979,2026-02-09 08:14:00,Els Amics De Les Arts,Els Ocells,1223,0.0003397222222222222,0.020383333333333333,8,2,Monday,True,2026-02,Els Ocells Els Amics De Les Arts,0.8,0.633,0.302,0.00577,0.0887,-12.569,0.0391,120.859,0.311
980,2026-02-09 08:14:00,Nstens1117,Spider-Man the Animated Series Theme,1573,0.00043694444444444445,0.026216666666666666,8,2,Monday,True,2026-02,Spider-Man the Animated Series Theme Nstens1117,6.34e-06,0.221,0.626,0.963,0.242,-6.732,0.0555,122.717,0.538
981,2026-02-09 08:15:00,John Williams,Anakin's Betrayal,1403,0.00038972222222222224,0.023383333333333332,8,2,Monday,True,2026-02,Anakin's Betrayal John Williams,,,,,,,,,
982,2026-02-09 08:15:00,Adam Pascal,You'll See,1693,0.0004702777777777778,0.028216666666666668,8,2,Monday,True,2026-02,You'll See Adam Pascal,0.0918,0.508,0.846,0.0,0.397,-5.693,0.0457,110.983,0.529
983,2026-02-09 08:15:00,Menaix a Truà,Tal Vegada,1293,0.00035916666666666665,0.02155,8,2,Monday,True,2026-02,Tal Vegada Menaix a Truà,0.414,0.527,0.529,2.82e-05,0.281,-6.937,0.0371,182.228,0.511
984,2026-02-09 08:15:00,Jesse L. Martin,Today 4 U,1163,0.00032305555555555554,0.019383333333333332,8,2,Monday,True,2026-02,Today 4 U Jesse L. Martin,0.043,0.724,0.94,4.27e-05,0.142,-3.155,0.0507,132.006,0.684
985,2026-02-09 08:15:00,Simon & Garfunkel,Scarborough Fair / Canticle,1223,0.0003397222222222222,0.020383333333333333,8,2,Monday,True,2026-02,Scarborough Fair / Canticle Simon & Garfunkel,0.65,0.336,0.248,0.0,0.113,-15.626,0.0324,128.548,0.298
986,2026-02-09 08:15:00,Eddie Redmayne,A Heart Full Of Love,1183,0.0003286111111111111,0.019716666666666667,8,2,Monday,True,2026-02,A Heart Full Of Love Eddie Redmayne,0.974,0.246,0.0987,5.78e-05,0.108,-19.41,0.0412,169.452,0.181
987,2026-02-09 08:18:00,Joel Minguet,Balada del Agua del Mar,5890,0.0016361111111111112,0.09816666666666667,8,2,Monday,True,2026-02,Balada del Agua del Mar Joel Minguet,0.823,0.305,0.265,0.0392,0.15,-14.787,0.0456,179.396,0.148
988,2026-02-09 08:18:00,Els Amics De Les Arts,Preferiria no fer-ho,1613,0.00044805555555555554,0.026883333333333332,8,2,Monday,True,2026-02,Preferiria no fer-ho Els Amics De Les Arts,,,,,,,,,
989,2026-02-09 08:18:00,Els Amics De Les Arts,Tren Transsiberià,216693,0.0601925,3.61155,8,2,Monday,False,2026-02,Tren Transsiberià Els Amics De Les Arts,0.349,0.602,0.72,0.0,0.109,-8.497,0.0586,134.992,0.633
990,2026-02-09 08:18:00,Nicholas Britell,"Andante Moderato - End Credits - ""Amen""",3873,0.0010758333333333334,0.06455,8,2,Monday,True,2026-02,"Andante Moderato - End Credits - ""Amen"" Nicholas Britell",0.759,0.121,0.161,0.945,0.131,-14.012,0.0477,84.788,0.0362
991,2026-02-09 08:21:00,Anna Roig,Après la tendresse,143200,0.03977777777777778,2.3866666666666667,8,2,Monday,False,2026-02,Après la tendresse Anna Roig,0.879,0.428,0.216,0.0145,0.118,-15.555,0.0351,141.454,0.23
992,2026-02-09 08:23:00,Dana Fuchs,"Helter Skelter - From ""Across The Universe"" Soundtrack",102870,0.028575,1.7145,8,2,Monday,False,2026-02,"Helter Skelter - From ""Across The Universe"" Soundtrack Dana Fuchs",0.000195,0.266,0.911,0.0113,0.35,-3.824,0.0656,165.966,0.337
993,2026-02-09 08:25:00,Els Amics De Les Arts,Sort que sou aquí,172000,0.04777777777777778,2.8666666666666667,8,2,Monday,False,2026-02,Sort que sou aquí Els Amics De Les Arts,,,,,,,,,
994,2026-02-09 08:29:00,Scott Bradlee's Postmodern Jukebox,Mad World,198000,0.055,3.3,8,2,Monday,False,2026-02,Mad World Scott Bradlee's Postmodern Jukebox,0.759,0.481,0.267,0.0,0.156,-8.588,0.0322,106.143,0.397
995,2026-02-09 08:29:00,Tears For Fears,Mad World,40620,0.011283333333333333,0.677,8,2,Monday,False,2026-02,Mad World Tears For Fears,0.976,0.344,0.0585,0.000362,0.103,-17.212,0.0373,174.149,0.323
996,2026-02-09 08:33:00,Gary Jules,Mad World,189507,0.05264083333333333,3.15845,8,2,Monday,False,2026-02,Mad World Gary Jules,0.976,0.344,0.0585,0.000362,0.103,-17.212,0.0373,174.149,0.323
997,2026-02-09 08:37:00,Scott Bradlee's Postmodern Jukebox,Seven Nation Army,246062,0.06835055555555555,4.1010333333333335,8,2,Monday,False,2026-02,Seven Nation Army Scott Bradlee's Postmodern Jukebox,0.708,0.485,0.513,0.0,0.508,-5.91,0.0614,90.374,0.385
998,2026-02-09 08:40:00,Scott Bradlee's Postmodern Jukebox,Smooth Criminal,219005,0.06083472222222222,3.6500833333333333,8,2,Monday,False,2026-02,Smooth Criminal Scott Bradlee's Postmodern Jukebox,0.44,0.578,0.49,4.38e-05,0.228,-9.729,0.0933,138.427,0.5
999,2026-02-09 08:41:00,Leonard Cohen,Everybody Knows,13090,0.0036361111111111112,0.21816666666666668,8,2,Monday,True,2026-02,Everybody Knows Leonard Cohen,0.643,0.785,0.457,2.57e-06,0.172,-13.827,0.0273,104.205,0.692
1000,2026-02-09 08:45:00,Scott Bradlee's Postmodern Jukebox,Creep,283259,0.07868305555555556,4.720983333333334,8,2,Monday,False,2026-02,Creep Scott Bradlee's Postmodern Jukebox,0.697,0.292,0.359,1.85e-05,0.108,-9.043,0.0328,177.334,0.228
1001,2026-02-09 08:47:00,Scott Bradlee,City of Stars,125000,0.034722222222222224,2.0833333333333335,8,2,Monday,False,2026-02,City of Stars Scott Bradlee,0.952,0.457,0.259,0.874,0.0875,-12.295,0.0411,125.029,0.39
1002,2026-02-09 11:01:00,Relaxing Piano Covers,Golden - Piano Version,23320,0.006477777777777778,0.38866666666666666,11,2,Monday,True,2026-02,Golden - Piano Version Relaxing Piano Covers,,,,,,,,,
1003,2026-02-09 11:01:00,Scott Bradlee's Postmodern Jukebox,Careless Whisper,135193,0.037553611111111114,2.253216666666667,11,2,Monday,False,2026-02,Careless Whisper Scott Bradlee's Postmodern Jukebox,0.418,0.621,0.565,6.01e-06,0.186,-7.288,0.0561,108.262,0.931
1004,2026-02-09 12:04:00,Henry Smith,You're The One That I Want - Piano Version,101861,0.02829472222222222,1.6976833333333334,12,2,Monday,False,2026-02,You're The One That I Want - Piano Version Henry Smith,0.991,0.493,0.0504,0.826,0.099,-18.244,0.0689,110.532,0.131
1005,2026-02-09 14:59:00,Henry Smith,Your Song - Piano Version,9997,0.0027769444444444443,0.16661666666666666,14,2,Monday,True,2026-02,Your Song - Piano Version Henry Smith,0.993,0.445,0.0467,0.929,0.106,-21.057,0.0502,123.427,0.0857
1006,2026-02-09 15:00:00,Scott Bradlee's Postmodern Jukebox,Mad World,44026,0.012229444444444444,0.7337666666666667,15,2,Monday,False,2026-02,Mad World Scott Bradlee's Postmodern Jukebox,0.759,0.481,0.267,0.0,0.156,-8.588,0.0322,106.143,0.397
1007,2026-02-09 15:04:00,a-ha,The Living Daylights - 2016 Remaster,254493,0.0706925,4.24155,15,2,Monday,False,2026-02,The Living Daylights - 2016 Remaster a-ha,0.114,0.695,0.78,0.000971,0.0785,-7.906,0.0267,120.255,0.833
1008,2026-02-09 15:07:00,Scott Bradlee's Postmodern Jukebox,Smooth Criminal,219005,0.06083472222222222,3.6500833333333333,15,2,Monday,False,2026-02,Smooth Criminal Scott Bradlee's Postmodern Jukebox,0.44,0.578,0.49,4.38e-05,0.228,-9.729,0.0933,138.427,0.5
1009,2026-02-09 15:13:00,Scott Bradlee's Postmodern Jukebox,Smells Like Teen Spirit,319000,0.08861111111111111,5.316666666666666,15,2,Monday,False,2026-02,Smells Like Teen Spirit Scott Bradlee's Postmodern Jukebox,0.572,0.258,0.324,2.74e-06,0.145,-6.099,0.0351,183.513,0.221
1010,2026-02-09 15:15:00,Scott Bradlee's Postmodern Jukebox,Umbrella - Piano Version,149755,0.041598611111111114,2.4959166666666666,15,2,Monday,False,2026-02,Umbrella - Piano Version Scott Bradlee's Postmodern Jukebox,0.945,0.518,0.575,0.907,0.151,-7.517,0.0595,117.39,0.954
1011,2026-02-09 15:19:00,Scott Bradlee's Postmodern Jukebox,I'll Be There for You (Theme From “Friends”),228679,0.06352194444444445,3.8113166666666665,15,2,Monday,False,2026-02,I'll Be There for You (Theme From “Friends”) Scott Bradlee's Postmodern Jukebox,0.419,0.306,0.623,0.0,0.14,-7.67,0.049,166.929,0.614
1012,2026-02-09 15:20:00,Scott Bradlee's Postmodern Jukebox,Seven Nation Army,40729,0.011313611111111111,0.6788166666666666,15,2,Monday,False,2026-02,Seven Nation Army Scott Bradlee's Postmodern Jukebox,0.708,0.485,0.513,0.0,0.508,-5.91,0.0614,90.374,0.385
1013,2026-02-09 15:24:00,Scott Bradlee's Postmodern Jukebox,Lovefool - Piano Version,216515,0.060143055555555554,3.6085833333333333,15,2,Monday,False,2026-02,Lovefool - Piano Version Scott Bradlee's Postmodern Jukebox,0.945,0.539,0.398,0.867,0.118,-7.9,0.0469,131.06,0.586
1014,2026-02-09 15:27:00,Scott Bradlee's Postmodern Jukebox,The Final Countdown,229750,0.06381944444444444,3.8291666666666666,15,2,Monday,False,2026-02,The Final Countdown Scott Bradlee's Postmodern Jukebox,0.775,0.559,0.678,0.0259,0.421,-10.468,0.0602,122.482,0.615
1015,2026-02-09 15:32:00,Scott Bradlee's Postmodern Jukebox,Crazy Train,284400,0.079,4.74,15,2,Monday,False,2026-02,Crazy Train Scott Bradlee's Postmodern Jukebox,0.593,0.555,0.731,2.41e-05,0.0805,-4.644,0.0474,134.907,0.609
1016,2026-02-09 15:37:00,Scott Bradlee's Postmodern Jukebox,Dream On,298250,0.08284722222222222,4.970833333333333,15,2,Monday,False,2026-02,Dream On Scott Bradlee's Postmodern Jukebox,0.561,0.433,0.463,9.69e-06,0.203,-5.992,0.0282,95.509,0.336
1017,2026-02-09 15:41:00,Scott Bradlee's Postmodern Jukebox,I Will Survive,241188,0.06699666666666666,4.0198,15,2,Monday,False,2026-02,I Will Survive Scott Bradlee's Postmodern Jukebox,0.736,0.452,0.753,7.72e-06,0.354,-5.235,0.176,139.258,0.514
1018,2026-02-09 15:45:00,Scott Bradlee's Postmodern Jukebox,Lovefool,239500,0.06652777777777778,3.9916666666666667,15,2,Monday,False,2026-02,Lovefool Scott Bradlee's Postmodern Jukebox,0.802,0.424,0.355,0.0,0.27,-6.883,0.0358,124.657,0.37
1019,2026-02-09 15:48:00,Scott Bradlee's Postmodern Jukebox,Every Breath You Take,200360,0.055655555555555555,3.3393333333333333,15,2,Monday,False,2026-02,Every Breath You Take Scott Bradlee's Postmodern Jukebox,0.816,0.351,0.351,1.59e-06,0.457,-7.628,0.0496,157.699,0.238
1020,2026-02-09 15:53:00,Scott Bradlee's Postmodern Jukebox,Heroes,249013,0.06917027777777777,4.150216666666667,15,2,Monday,False,2026-02,Heroes Scott Bradlee's Postmodern Jukebox,0.852,0.439,0.373,0.000108,0.115,-9.683,0.0396,128.509,0.221
1021,2026-02-09 15:56:00,Scott Bradlee's Postmodern Jukebox,Umbrella - Live,180253,0.050070277777777776,3.0042166666666668,15,2,Monday,False,2026-02,Umbrella - Live Scott Bradlee's Postmodern Jukebox,0.403,0.473,0.779,0.0,0.685,-9.494,0.302,118.549,0.783
1022,2026-02-09 16:53:00,Scott Bradlee's Postmodern Jukebox,Mr. Blue Sky,176671,0.04907527777777778,2.9445166666666664,16,2,Monday,False,2026-02,Mr. Blue Sky Scott Bradlee's Postmodern Jukebox,0.867,0.399,0.287,0.0,0.111,-8.772,0.03,102.024,0.164
1023,2026-02-10 05:55:00,Lorien Testard,Alicia,30250,0.008402777777777778,0.5041666666666667,5,2,Tuesday,False,2026-02,Alicia Lorien Testard,0.958,0.16,0.149,2.17e-06,0.156,-12.107,0.0419,169.141,0.141
1024,2026-02-10 06:00:00,One Piano,Another Way to Die,14307,0.003974166666666667,0.23845,6,2,Tuesday,True,2026-02,Another Way to Die One Piano,,,,,,,,,
1025,2026-02-10 06:15:00,Piano Tribute Players,Empty Chairs at Empty Tables,13461,0.0037391666666666667,0.22435,6,2,Tuesday,True,2026-02,Empty Chairs at Empty Tables Piano Tribute Players,0.991,0.513,0.274,0.924,0.105,-18.302,0.0384,80.85,0.233
1026,2026-02-10 08:11:00,Henry Smith,You're The One That I Want - Piano Version,19473,0.005409166666666666,0.32455,8,2,Tuesday,True,2026-02,You're The One That I Want - Piano Version Henry Smith,0.991,0.493,0.0504,0.826,0.099,-18.244,0.0689,110.532,0.131
1027,2026-02-10 08:14:00,Samantha Fade,Hey Jude,199079,0.05529972222222222,3.3179833333333333,8,2,Tuesday,False,2026-02,Hey Jude Samantha Fade,0.981,0.681,0.172,0.932,0.0915,-15.473,0.0362,130.026,0.174
1028,2026-02-10 08:17:00,Eden Brown,Blackbird,198400,0.05511111111111111,3.3066666666666666,8,2,Tuesday,False,2026-02,Blackbird Eden Brown,0.973,0.47,0.121,0.911,0.111,-17.892,0.0374,75.005,0.117
1029,2026-02-10 08:21:00,Samantha Fade,Let It Be,192000,0.05333333333333334,3.2,8,2,Tuesday,False,2026-02,Let It Be Samantha Fade,0.909,0.653,0.284,0.872,0.114,-13.027,0.0438,120.011,0.277
1030,2026-02-10 08:24:00,Felisja Allen,Yesterday,178378,0.049549444444444445,2.9729666666666668,8,2,Tuesday,False,2026-02,Yesterday Felisja Allen,0.971,0.65,0.143,0.903,0.123,-15.637,0.0336,74.0,0.156
1031,2026-02-10 08:27:00,Eden Brown,Come Together,230546,0.06404055555555556,3.842433333333333,8,2,Tuesday,False,2026-02,Come Together Eden Brown,0.97,0.61,0.246,0.917,0.105,-12.294,0.0328,140.0,0.0751
1032,2026-02-10 08:31:00,Samantha Fade,Something,215172,0.05977,3.5862,8,2,Tuesday,False,2026-02,Something Samantha Fade,0.961,0.648,0.316,0.941,0.0938,-14.597,0.0433,116.0,0.0979
1033,2026-02-10 08:34:00,Eden Brown,Good Night,150763,0.04187861111111111,2.5127166666666665,8,2,Tuesday,False,2026-02,Good Night Eden Brown,0.966,0.616,0.142,0.878,0.103,-16.239,0.0348,117.984,0.285
1034,2026-02-10 08:37:00,Matchstick Piano Man,Strawberry Fields Forever (Instrumental Piano),204882,0.056911666666666666,3.4147,8,2,Tuesday,False,2026-02,Strawberry Fields Forever (Instrumental Piano) Matchstick Piano Man,,,,,,,,,
1035,2026-02-10 08:40:00,Music Lab Collective,In My Life (arr. piano),194215,0.053948611111111114,3.2369166666666667,8,2,Tuesday,False,2026-02,In My Life (arr. piano) Music Lab Collective,,,,,,,,,
1036,2026-02-10 08:43:00,Matchstick Piano Man,From Me to You (Instrumental Piano),153175,0.04254861111111111,2.5529166666666665,8,2,Tuesday,False,2026-02,From Me to You (Instrumental Piano) Matchstick Piano Man,0.996,0.405,0.0306,0.958,0.0945,-26.812,0.0512,67.507,0.284
1037,2026-02-10 08:45:00,Piano Tribute Players,A Hard Day's Night,149893,0.04163694444444444,2.4982166666666665,8,2,Tuesday,False,2026-02,A Hard Day's Night Piano Tribute Players,0.98,0.546,0.414,0.892,0.144,-14.303,0.0442,133.018,0.405
1038,2026-02-10 08:49:00,Susan Sunnemo,Here comes the sun,213489,0.0593025,3.55815,8,2,Tuesday,False,2026-02,Here comes the sun Susan Sunnemo,0.993,0.42,0.136,0.941,0.106,-23.57,0.0655,180.164,0.307
1039,2026-02-10 08:52:00,Matchstick Piano Man,Nowhere Man (Instrumental Piano),196102,0.05447277777777778,3.2683666666666666,8,2,Tuesday,False,2026-02,Nowhere Man (Instrumental Piano) Matchstick Piano Man,0.996,0.439,0.0125,0.964,0.117,-27.938,0.0646,99.909,0.213
1040,2026-02-10 08:55:00,David Healer,Lucy In The Sky With Diamonds - Piano Lullaby Version,140712,0.039086666666666665,2.3452,8,2,Tuesday,False,2026-02,Lucy In The Sky With Diamonds - Piano Lullaby Version David Healer,0.988,0.689,0.227,0.917,0.115,-17.283,0.0842,119.943,0.277
1041,2026-02-10 08:58:00,Wayne Gratz,You've Got To Hide Your Love Away,212091,0.05891416666666666,3.53485,8,2,Tuesday,False,2026-02,You've Got To Hide Your Love Away Wayne Gratz,0.97,0.29,0.104,0.919,0.109,-18.24,0.0519,150.154,0.186
1042,2026-02-10 14:27:00,Matchstick Piano Man,Girl (Instrumental Piano),201955,0.05609861111111111,3.3659166666666667,14,2,Tuesday,False,2026-02,Girl (Instrumental Piano) Matchstick Piano Man,0.995,0.49,0.0299,0.966,0.126,-25.407,0.0573,73.913,0.139
1043,2026-02-10 15:03:00,Piano Tribute Players,I Want to Hold Your Hand,85840,0.023844444444444446,1.4306666666666668,15,2,Tuesday,False,2026-02,I Want to Hold Your Hand Piano Tribute Players,0.976,0.47,0.42,0.869,0.166,-15.473,0.0405,134.99,0.327
1044,2026-02-10 15:04:00,Matchstick Piano Man,Girl (Instrumental Piano),61772,0.01715888888888889,1.0295333333333334,15,2,Tuesday,False,2026-02,Girl (Instrumental Piano) Matchstick Piano Man,0.995,0.49,0.0299,0.966,0.126,-25.407,0.0573,73.913,0.139
1045,2026-02-10 15:07:00,Piano Tribute Players,I Want to Hold Your Hand,158653,0.04407027777777778,2.644216666666667,15,2,Tuesday,False,2026-02,I Want to Hold Your Hand Piano Tribute Players,0.976,0.47,0.42,0.869,0.166,-15.473,0.0405,134.99,0.327
1046,2026-02-10 15:09:00,Piano Tribute Players,We Can Work It Out,29905,0.008306944444444445,0.4984166666666667,15,2,Tuesday,True,2026-02,We Can Work It Out Piano Tribute Players,0.972,0.552,0.322,0.925,0.167,-15.089,0.0407,104.003,0.418
1047,2026-02-10 15:09:00,Len Rhodes,The Fool On The Hill,89038,0.024732777777777777,1.4839666666666667,15,2,Tuesday,False,2026-02,The Fool On The Hill Len Rhodes,0.995,0.383,0.039,0.943,0.103,-27.12,0.0783,50.939,0.188
1048,2026-02-10 15:13:00,Matchstick Piano Man,Ticket to Ride (Instrumental Piano),218293,0.060636944444444445,3.6382166666666667,15,2,Tuesday,False,2026-02,Ticket to Ride (Instrumental Piano) Matchstick Piano Man,0.994,0.527,0.0296,0.968,0.123,-23.159,0.0512,68.979,0.158
1049,2026-02-10 15:16:00,Piano Tribute Players,"Hello, Goodbye",196640,0.054622222222222225,3.2773333333333334,15,2,Tuesday,False,2026-02,"Hello, Goodbye Piano Tribute Players",0.989,0.553,0.321,0.93,0.119,-16.48,0.0443,92.014,0.193
1050,2026-02-10 15:17:00,Wayne Gratz,Do You Want To Know A Secret,48653,0.013514722222222221,0.8108833333333333,15,2,Tuesday,False,2026-02,Do You Want To Know A Secret Wayne Gratz,0.994,0.417,0.0813,0.934,0.106,-21.818,0.0526,107.46,0.174
1051,2026-02-10 15:18:00,TJR,Got to Get You Into My Life,74456,0.020682222222222223,1.2409333333333334,15,2,Tuesday,False,2026-02,Got to Get You Into My Life TJR,0.941,0.506,0.275,0.942,0.111,-15.917,0.0518,128.957,0.529
1052,2026-02-10 15:19:00,Piano Tribute Players,Paperback Writer,40041,0.0111225,0.66735,15,2,Tuesday,False,2026-02,Paperback Writer Piano Tribute Players,0.97,0.507,0.357,0.825,0.124,-14.66,0.0444,157.978,0.448
1053,2026-02-10 15:22:00,Matchstick Piano Man,Eleanor Rigby (Instrumental Piano),186346,0.051762777777777776,3.105766666666667,15,2,Tuesday,False,2026-02,Eleanor Rigby (Instrumental Piano) Matchstick Piano Man,0.994,0.337,0.04,0.947,0.086,-25.523,0.0618,204.231,0.059
1054,2026-02-10 15:24:00,Piano Tribute Players,Get Back,156200,0.04338888888888889,2.6033333333333335,15,2,Tuesday,False,2026-02,Get Back Piano Tribute Players,0.988,0.615,0.316,0.89,0.105,-15.779,0.0435,123.086,0.312
1055,2026-02-10 15:25:00,Beegie Adair,Can't Buy Me Love,8484,0.0023566666666666666,0.1414,15,2,Tuesday,True,2026-02,Can't Buy Me Love Beegie Adair,0.991,0.695,0.232,0.881,0.103,-15.407,0.0479,133.822,0.513
1056,2026-02-10 15:29:00,Matchstick Piano Man,Michelle (Instrumental Piano),203419,0.05650527777777778,3.3903166666666666,15,2,Tuesday,False,2026-02,Michelle (Instrumental Piano) Matchstick Piano Man,0.995,0.467,0.00753,0.967,0.0914,-28.458,0.057,74.044,0.229
1057,2026-02-10 15:36:00,David Healer,Penny Lane - Piano Lullaby Version,55431,0.0153975,0.92385,15,2,Tuesday,False,2026-02,Penny Lane - Piano Lullaby Version David Healer,0.983,0.623,0.234,0.94,0.156,-17.322,0.0504,101.96,0.397
1058,2026-02-10 15:39:00,Piano Tribute Players,Twist and Shout,159200,0.044222222222222225,2.6533333333333333,15,2,Tuesday,False,2026-02,Twist and Shout Piano Tribute Players,0.961,0.677,0.374,0.894,0.102,-13.967,0.0818,126.026,0.552
1059,2026-02-10 16:25:00,Matchstick Piano Man,And I Love Her (Instrumental Piano),197077,0.05474361111111111,3.2846166666666665,16,2,Tuesday,False,2026-02,And I Love Her (Instrumental Piano) Matchstick Piano Man,0.994,0.337,0.0161,0.901,0.0978,-29.811,0.0463,64.959,0.247
1060,2026-02-10 16:29:00,Erik Satie,Gymnopédie No. 1,205867,0.05718527777777778,3.4311166666666666,16,2,Tuesday,False,2026-02,Gymnopédie No. 1 Erik Satie,0.994,0.468,0.0127,0.937,0.094,-36.856,0.123,72.776,0.356
1061,2026-02-10 16:39:00,Piano King,Love Me Do,22113,0.0061425,0.36855,16,2,Tuesday,True,2026-02,Love Me Do Piano King,0.987,0.471,0.224,0.785,0.122,-16.316,0.0565,96.571,0.328
1062,2026-02-10 16:58:00,Piano King,Love Me Do,97780,0.02716111111111111,1.6296666666666666,16,2,Tuesday,False,2026-02,Love Me Do Piano King,0.987,0.471,0.224,0.785,0.122,-16.316,0.0565,96.571,0.328
1063,2026-02-10 16:59:00,Piano Tribute Players,Oh Darling,42787,0.011885277777777778,0.7131166666666666,16,2,Tuesday,False,2026-02,Oh Darling Piano Tribute Players,0.995,0.581,0.279,0.948,0.109,-15.143,0.0657,172.106,0.593
1064,2026-02-10 17:00:00,Matchstick Piano Man,She Loves You (Instrumental Piano),47760,0.013266666666666666,0.796,17,2,Tuesday,False,2026-02,She Loves You (Instrumental Piano) Matchstick Piano Man,0.995,0.44,0.0218,0.971,0.0957,-26.155,0.0597,179.455,0.141
1065,2026-02-10 17:03:00,David Healer,Because - Piano Lullaby Version,183255,0.05090416666666667,3.05425,17,2,Tuesday,False,2026-02,Because - Piano Lullaby Version David Healer,0.995,0.603,0.0194,0.891,0.0941,-29.089,0.0494,147.965,0.249
1066,2026-02-10 17:07:00,Erik Satie,Gymnopédie No. 1,205867,0.05718527777777778,3.4311166666666666,17,2,Tuesday,False,2026-02,Gymnopédie No. 1 Erik Satie,0.994,0.468,0.0127,0.937,0.094,-36.856,0.123,72.776,0.356
1067,2026-02-10 17:13:00,Erik Satie,Gymnopédie No. 1,299107,0.08308527777777777,4.985116666666666,17,2,Tuesday,False,2026-02,Gymnopédie No. 1 Erik Satie,0.994,0.468,0.0127,0.937,0.094,-36.856,0.123,72.776,0.356
1068,2026-02-10 17:17:00,Finghin Collins,Gymnopédie No. 1,220733,0.06131472222222222,3.6788833333333333,17,2,Tuesday,False,2026-02,Gymnopédie No. 1 Finghin Collins,0.995,0.456,0.0108,0.961,0.101,-28.383,0.0755,69.457,0.315
1069,2026-02-10 18:28:00,Lullaby Piano Series,She's Leaving Home,58090,0.01613611111111111,0.9681666666666666,18,2,Tuesday,False,2026-02,She's Leaving Home Lullaby Piano Series,0.981,0.358,0.0943,0.849,0.143,-20.965,0.0331,70.532,0.287
1070,2026-02-11 05:55:00,The Beatles,Penny Lane - Remastered 2009,17611,0.004891944444444444,0.29351666666666665,5,2,Wednesday,True,2026-02,Penny Lane - Remastered 2009 The Beatles,0.212,0.651,0.488,0.026,0.136,-8.22,0.0316,113.032,0.491
1071,2026-02-11 06:18:00,John Owen-Jones,The Confrontation - Live,28782,0.007995,0.4797,6,2,Wednesday,True,2026-02,The Confrontation - Live John Owen-Jones,0.764,0.403,0.49,0.0,0.388,-10.261,0.122,98.559,0.475
1072,2026-02-12 05:45:00,John Owen-Jones,The Confrontation - Live,46393,0.012886944444444444,0.7732166666666667,5,2,Thursday,False,2026-02,The Confrontation - Live John Owen-Jones,0.764,0.403,0.49,0.0,0.388,-10.261,0.122,98.559,0.475
1073,2026-02-12 06:00:00,David Arnold,"Vesper (From ""Casino Royale"" Soundtrack)",37312,0.010364444444444445,0.6218666666666667,6,2,Thursday,False,2026-02,"Vesper (From ""Casino Royale"" Soundtrack) David Arnold",0.886,0.235,0.0546,0.913,0.0711,-23.644,0.0391,63.678,0.071
1074,2026-02-12 06:15:00,Royal Philharmonic Orchestra,"James Bond Theme - From ""Dr. No""",12186,0.003385,0.2031,6,2,Thursday,True,2026-02,"James Bond Theme - From ""Dr. No"" Royal Philharmonic Orchestra",,,,,,,,,
1075,2026-02-12 06:20:00,Mister Bond,Licence To Kill,19087,0.005301944444444444,0.31811666666666666,6,2,Thursday,True,2026-02,Licence To Kill Mister Bond,0.505,0.532,0.431,3.69e-06,0.11,-7.981,0.0558,159.783,0.195
1076,2026-02-12 06:30:00,Steve Balsamo,Simon Zealotes / Poor Jerusalem (Medley) - Remastered 2005,12735,0.0035375,0.21225,6,2,Thursday,True,2026-02,Simon Zealotes / Poor Jerusalem (Medley) - Remastered 2005 Steve Balsamo,,,,,,,,,
1077,2026-02-12 09:45:00,David Healer,Penny Lane - Piano Lullaby Version,123728,0.034368888888888886,2.062133333333333,9,2,Thursday,False,2026-02,Penny Lane - Piano Lullaby Version David Healer,0.983,0.623,0.234,0.94,0.156,-17.322,0.0504,101.96,0.397
1078,2026-02-12 09:47:00,Piano Tribute Players,Twist and Shout,159200,0.044222222222222225,2.6533333333333333,9,2,Thursday,False,2026-02,Twist and Shout Piano Tribute Players,0.961,0.677,0.374,0.894,0.102,-13.967,0.0818,126.026,0.552
1079,2026-02-12 09:51:00,Matchstick Piano Man,And I Love Her (Instrumental Piano),197077,0.05474361111111111,3.2846166666666665,9,2,Thursday,False,2026-02,And I Love Her (Instrumental Piano) Matchstick Piano Man,0.994,0.337,0.0161,0.901,0.0978,-29.811,0.0463,64.959,0.247
1080,2026-02-12 09:53:00,Piano King,Love Me Do,119888,0.03330222222222222,1.9981333333333333,9,2,Thursday,False,2026-02,Love Me Do Piano King,0.987,0.471,0.224,0.785,0.122,-16.316,0.0565,96.571,0.328
1081,2026-02-12 12:14:00,Samantha Barks,On My Own,18478,0.005132777777777778,0.30796666666666667,12,2,Thursday,True,2026-02,On My Own Samantha Barks,0.888,0.303,0.116,0.0,0.144,-15.723,0.0552,85.473,0.196
1082,2026-02-13 05:55:00,Unknown Artist,Unknown Track,7534,0.0020927777777777776,0.12556666666666666,5,2,Friday,True,2026-02,Unknown Track Unknown Artist,,,,,,,,,
1083,2026-02-13 05:55:00,Michael Giacchino,Can't Fight City Halloween,49380,0.013716666666666667,0.823,5,2,Friday,False,2026-02,Can't Fight City Halloween Michael Giacchino,0.616,0.315,0.141,0.951,0.107,-21.368,0.0294,82.042,0.116
1084,2026-02-13 06:00:00,Els Amics De Les Arts,El Vent Tallant,3459,0.0009608333333333333,0.05765,6,2,Friday,True,2026-02,El Vent Tallant Els Amics De Les Arts,0.0535,0.21,0.606,0.231,0.107,-7.487,0.0387,100.831,0.286
1085,2026-02-13 06:15:00,Jonas Kvarnström,"Skyfall - From "" Skyfall - James Bond""",3516,0.0009766666666666667,0.0586,6,2,Friday,True,2026-02,"Skyfall - From "" Skyfall - James Bond"" Jonas Kvarnström",0.976,0.528,0.258,0.86,0.136,-12.297,0.0279,75.016,0.19
1086,2026-02-13 06:20:00,Els Amics De Les Arts,Louisiana o els camps de cotó,13220,0.003672222222222222,0.22033333333333333,6,2,Friday,True,2026-02,Louisiana o els camps de cotó Els Amics De Les Arts,0.775,0.674,0.359,7.98e-06,0.147,-12.403,0.0588,89.967,0.485
1087,2026-02-13 06:30:00,Anna Roig,Dins d'una cançó,2234,0.0006205555555555555,0.037233333333333334,6,2,Friday,True,2026-02,Dins d'una cançó Anna Roig,0.746,0.617,0.266,0.00359,0.193,-14.657,0.0312,70.948,0.455
1088,2026-02-13 06:40:00,One Piano,Stars,8882,0.002467222222222222,0.14803333333333332,6,2,Friday,True,2026-02,Stars One Piano,0.986,0.424,0.0426,0.897,0.11,-23.03,0.0403,114.217,0.154
1089,2026-02-13 06:49:00,Piano Tribute Players,Oh Darling,182250,0.050625,3.0375,6,2,Friday,False,2026-02,Oh Darling Piano Tribute Players,0.995,0.581,0.279,0.948,0.109,-15.143,0.0657,172.106,0.593
1090,2026-02-13 06:57:00,Manel,Aniversari,5275,0.0014652777777777778,0.08791666666666667,6,2,Friday,True,2026-02,Aniversari Manel,0.856,0.409,0.473,6.38e-05,0.118,-9.471,0.0346,134.646,0.498
1091,2026-02-13 07:39:00,Piano Tribute Players,Oh Darling,24763,0.006878611111111111,0.4127166666666667,7,2,Friday,True,2026-02,Oh Darling Piano Tribute Players,0.995,0.581,0.279,0.948,0.109,-15.143,0.0657,172.106,0.593
1092,2026-02-13 07:43:00,Matchstick Piano Man,She Loves You (Instrumental Piano),225858,0.06273833333333333,3.7643,7,2,Friday,False,2026-02,She Loves You (Instrumental Piano) Matchstick Piano Man,0.995,0.44,0.0218,0.971,0.0957,-26.155,0.0597,179.455,0.141
1093,2026-02-13 07:46:00,David Healer,Because - Piano Lullaby Version,183255,0.05090416666666667,3.05425,7,2,Friday,False,2026-02,Because - Piano Lullaby Version David Healer,0.995,0.603,0.0194,0.891,0.0941,-29.089,0.0494,147.965,0.249
1094,2026-02-13 07:50:00,Lullaby Piano Series,She's Leaving Home,213629,0.05934138888888889,3.5604833333333334,7,2,Friday,False,2026-02,She's Leaving Home Lullaby Piano Series,0.981,0.358,0.0943,0.849,0.143,-20.965,0.0331,70.532,0.287
1095,2026-02-13 07:53:00,Matchstick Piano Man,Help (Instrumental Piano),191224,0.05311777777777778,3.1870666666666665,7,2,Friday,False,2026-02,Help (Instrumental Piano) Matchstick Piano Man,0.994,0.301,0.0157,0.948,0.109,-23.898,0.0511,179.268,0.258
1096,2026-02-13 07:55:00,Jean Philippe Colange,When I'm 64,147693,0.04102583333333333,2.46155,7,2,Friday,False,2026-02,When I'm 64 Jean Philippe Colange,0.928,0.618,0.365,0.845,0.259,-9.602,0.0448,129.424,0.593
1097,2026-02-13 07:59:00,Matchstick Piano Man,Across the Universe (Instrumental Piano),234150,0.06504166666666666,3.9025,7,2,Friday,False,2026-02,Across the Universe (Instrumental Piano) Matchstick Piano Man,0.996,0.403,0.0643,0.966,0.0919,-25.681,0.0543,70.826,0.0946
1098,2026-02-13 08:02:00,David Healer,Rain - Piano Lullaby Version,162219,0.045060833333333335,2.70365,8,2,Friday,False,2026-02,Rain - Piano Lullaby Version David Healer,0.756,0.408,0.376,0.979,0.415,-15.989,0.0396,102.353,0.481
1099,2026-02-13 08:05:00,Piano Tribute Players,Sgt. Pepper's Lonely Hearts Club Band,148827,0.041340833333333334,2.48045,8,2,Friday,False,2026-02,Sgt. Pepper's Lonely Hearts Club Band Piano Tribute Players,0.987,0.588,0.373,0.937,0.0997,-15.945,0.0557,93.983,0.389
1100,2026-02-13 08:08:00,Matchstick Piano Man,Norwegian Wood (Instrumental Piano),206833,0.05745361111111111,3.447216666666667,8,2,Friday,False,2026-02,Norwegian Wood (Instrumental Piano) Matchstick Piano Man,0.995,0.381,0.0122,0.95,0.118,-28.764,0.105,200.64,0.394
1101,2026-02-13 08:11:00,John Lennon,Cry Baby Cry,152000,0.042222222222222223,2.533333333333333,8,2,Friday,False,2026-02,Cry Baby Cry John Lennon,0.994,0.485,0.0691,0.935,0.108,-28.107,0.0532,79.849,0.123
1102,2026-02-13 08:13:00,Christopher Phillips,I Will,156973,0.043603611111111114,2.616216666666667,8,2,Friday,False,2026-02,I Will Christopher Phillips,0.762,0.532,0.227,0.947,0.165,-17.659,0.0327,120.011,0.253
1103,2026-02-13 08:16:00,Matchstick Piano Man,For No One (Instrumental Piano),186346,0.051762777777777776,3.105766666666667,8,2,Friday,False,2026-02,For No One (Instrumental Piano) Matchstick Piano Man,0.996,0.446,0.0265,0.97,0.0832,-24.95,0.058,78.598,0.209
1104,2026-02-13 08:19:00,Maestro Di Piano,I’ll Follow the Sun,160818,0.044671666666666665,2.6803,8,2,Friday,False,2026-02,I’ll Follow the Sun Maestro Di Piano,0.978,0.312,0.321,0.828,0.127,-15.362,0.0533,207.444,0.362
1105,2026-02-13 08:21:00,Piano Tribute Players,Yellow Submarine,133133,0.03698138888888889,2.2188833333333333,8,2,Friday,False,2026-02,Yellow Submarine Piano Tribute Players,0.978,0.542,0.223,0.898,0.0911,-17.823,0.0735,110.979,0.236
1106,2026-02-13 08:24:00,Matchstick Piano Man,If I Fell (Instrumental Piano),175126,0.04864611111111111,2.9187666666666665,8,2,Friday,False,2026-02,If I Fell (Instrumental Piano) Matchstick Piano Man,0.996,0.513,0.0266,0.966,0.107,-25.04,0.0571,95.677,0.31
1107,2026-02-13 08:26:00,David Healer,"Ob-La-Di, Ob-La-Da - Piano Lullaby Version",121224,0.03367333333333333,2.0204,8,2,Friday,False,2026-02,"Ob-La-Di, Ob-La-Da - Piano Lullaby Version David Healer",0.924,0.681,0.336,0.883,0.0786,-18.645,0.0505,111.99,0.718
1108,2026-02-13 08:29:00,Christopher Phillips,All My Loving,173920,0.04831111111111111,2.8986666666666667,8,2,Friday,False,2026-02,All My Loving Christopher Phillips,0.986,0.45,0.162,0.96,0.101,-21.191,0.0356,137.625,0.31
1109,2026-02-13 08:29:00,Christopher Phillips,All My Loving,0,0.0,0.0,8,2,Friday,True,2026-02,All My Loving Christopher Phillips,0.986,0.45,0.162,0.96,0.101,-21.191,0.0356,137.625,0.31
1110,2026-02-13 08:36:00,Christopher Phillips,All My Loving,0,0.0,0.0,8,2,Friday,True,2026-02,All My Loving Christopher Phillips,0.986,0.45,0.162,0.96,0.101,-21.191,0.0356,137.625,0.31
1111,2026-02-13 08:36:00,Matchstick Piano Man,Octopus's Garden (Instrumental Piano),31014,0.008615,0.5169,8,2,Friday,False,2026-02,Octopus's Garden (Instrumental Piano) Matchstick Piano Man,0.995,0.318,0.0142,0.959,0.0821,-28.191,0.0567,76.594,0.133
1112,2026-02-13 09:00:00,Matchstick Piano Man,Octopus's Garden (Instrumental Piano),5616,0.00156,0.0936,9,2,Friday,True,2026-02,Octopus's Garden (Instrumental Piano) Matchstick Piano Man,0.995,0.318,0.0142,0.959,0.0821,-28.191,0.0567,76.594,0.133
1113,2026-02-13 12:32:00,Matchstick Piano Man,Octopus's Garden (Instrumental Piano),207845,0.05773472222222222,3.4640833333333334,12,2,Friday,False,2026-02,Octopus's Garden (Instrumental Piano) Matchstick Piano Man,0.995,0.318,0.0142,0.959,0.0821,-28.191,0.0567,76.594,0.133
1114,2026-02-13 12:36:00,Piano Tribute Players,While My Guitar Gently Weeps,249880,0.06941111111111112,4.164666666666666,12,2,Friday,False,2026-02,While My Guitar Gently Weeps Piano Tribute Players,0.984,0.623,0.264,0.932,0.0969,-15.129,0.0522,112.989,0.306
1115,2026-02-13 12:39:00,Maestro Di Piano,With a Little Help From My Friends,172820,0.04800555555555556,2.880333333333333,12,2,Friday,False,2026-02,With a Little Help From My Friends Maestro Di Piano,0.984,0.409,0.224,0.941,0.181,-14.678,0.0395,110.165,0.154
1116,2026-02-13 12:42:00,Matchstick Piano Man,All You Need Is Love (Instrumental Piano),205370,0.05704722222222222,3.422833333333333,12,2,Friday,False,2026-02,All You Need Is Love (Instrumental Piano) Matchstick Piano Man,0.996,0.483,0.00638,0.965,0.097,-28.316,0.0804,131.897,0.345
1117,2026-02-13 12:45:00,Music Lab Collective,Real Love,142947,0.0397075,2.38245,12,2,Friday,False,2026-02,Real Love Music Lab Collective,,,,,,,,,
1118,2026-02-13 12:51:00,Wayne Gratz,P.S. I Love You,95630,0.02656388888888889,1.5938333333333334,12,2,Friday,False,2026-02,P.S. I Love You Wayne Gratz,0.994,0.417,0.0813,0.934,0.106,-21.818,0.0526,107.46,0.174
1119,2026-02-14 19:16:00,Wayne Gratz,P.S. I Love You,108363,0.030100833333333334,1.80605,19,2,Saturday,False,2026-02,P.S. I Love You Wayne Gratz,0.994,0.417,0.0813,0.934,0.106,-21.818,0.0526,107.46,0.174
1120,2026-02-14 19:19:00,Matchstick Piano Man,The Long and Winding Road (Instrumental Piano),197565,0.054879166666666666,3.29275,19,2,Saturday,False,2026-02,The Long and Winding Road (Instrumental Piano) Matchstick Piano Man,0.996,0.63,0.0537,0.969,0.121,-22.52,0.0836,72.45,0.236
1121,2026-02-14 19:19:00,Piano Tribute Players,Ballad of John and Yoko,11680,0.0032444444444444443,0.19466666666666665,19,2,Saturday,True,2026-02,Ballad of John and Yoko Piano Tribute Players,0.957,0.515,0.42,0.83,0.125,-16.509,0.0425,134.97,0.36
1122,2026-02-14 19:22:00,L'Últim Indi,La Sorra Del Desert,160800,0.04466666666666667,2.68,19,2,Saturday,False,2026-02,La Sorra Del Desert L'Últim Indi,,,,,,,,,
1123,2026-02-14 19:28:00,Queen,Bohemian Rhapsody - Remastered 2011,354320,0.09842222222222222,5.905333333333333,19,2,Saturday,False,2026-02,Bohemian Rhapsody - Remastered 2011 Queen,0.271,0.411,0.404,0.0,0.3,-9.928,0.0511,71.068,0.226
1124,2026-02-14 19:30:00,Hugh Jackman,Suddenly,152467,0.04235194444444444,2.5411166666666665,19,2,Saturday,False,2026-02,Suddenly Hugh Jackman,0.918,0.366,0.123,5.53e-06,0.103,-21.941,0.148,74.849,0.143
1125,2026-02-14 19:36:00,Ted Neeley,"The Temple - From ""Jesus Christ Superstar"" Soundtrack",336067,0.09335194444444445,5.601116666666667,19,2,Saturday,False,2026-02,"The Temple - From ""Jesus Christ Superstar"" Soundtrack Ted Neeley",0.417,0.329,0.6,0.0178,0.0793,-11.273,0.0736,102.448,0.353
1126,2026-02-14 19:43:00,The Beatles,Hey Jude - Remastered 2009,431333,0.11981472222222223,7.188883333333333,19,2,Saturday,False,2026-02,Hey Jude - Remastered 2009 The Beatles,0.0275,0.399,0.555,1.33e-05,0.0928,-10.156,0.0259,145.164,0.663
1127,2026-02-14 19:47:00,Amanda Seyfried,Thank You For The Music - From 'Mamma Mia!' Original Motion Picture Soundtrack,224107,0.06225194444444444,3.735116666666667,19,2,Saturday,False,2026-02,Thank You For The Music - From 'Mamma Mia!' Original Motion Picture Soundtrack Amanda Seyfried,0.932,0.527,0.134,0.0,0.103,-11.264,0.0348,98.879,0.479
1128,2026-02-14 19:52:00,Els Amics De Les Arts,Apunto Shakespeare,299838,0.08328833333333334,4.9973,19,2,Saturday,False,2026-02,Apunto Shakespeare Els Amics De Les Arts,0.508,0.465,0.434,5.1e-06,0.231,-10.548,0.0337,186.881,0.507
1129,2026-02-14 19:57:00,Els Amics De Les Arts,A Vegades - En Directe Al Festival De Cap Roig / 2015,304000,0.08444444444444445,5.066666666666666,19,2,Saturday,False,2026-02,A Vegades - En Directe Al Festival De Cap Roig / 2015 Els Amics De Les Arts,0.00445,0.36,0.774,0.0,0.817,-7.461,0.0513,147.337,0.374
1130,2026-02-14 20:00:00,Andrew Lloyd Webber,The Arrest - Remastered 2005,199427,0.05539638888888889,3.3237833333333335,20,2,Saturday,False,2026-02,The Arrest - Remastered 2005 Andrew Lloyd Webber,,,,,,,,,
1131,2026-02-14 20:05:00,David Bowie,Space Oddity - 2015 Remaster,318027,0.08834083333333333,5.30045,20,2,Saturday,False,2026-02,Space Oddity - 2015 Remaster David Bowie,0.0726,0.31,0.403,9.27e-05,0.139,-13.664,0.0326,134.48,0.466
1132,2026-02-14 20:12:00,Barry Dennen,"Trial Before Pilate - From ""Jesus Christ Superstar"" Soundtrack",409307,0.11369638888888889,6.821783333333333,20,2,Saturday,False,2026-02,"Trial Before Pilate - From ""Jesus Christ Superstar"" Soundtrack Barry Dennen",0.879,0.402,0.654,0.000119,0.114,-9.714,0.633,175.441,0.279
1133,2026-02-14 20:16:00,AtinPiano,Order 66,206333,0.057314722222222225,3.4388833333333335,20,2,Saturday,False,2026-02,Order 66 AtinPiano,0.897,0.352,0.122,0.864,0.0953,-20.486,0.0471,79.845,0.111
1134,2026-02-14 20:18:00,Nicholas Britell,“Tuscany” Suite for Piano and Orchestra,123654,0.034348333333333335,2.0609,20,2,Saturday,False,2026-02,“Tuscany” Suite for Piano and Orchestra Nicholas Britell,0.776,0.438,0.221,0.68,0.0886,-15.551,0.0349,120.831,0.0889
1135,2026-02-14 20:21:00,Els Pets,Blue tack,219106,0.06086277777777778,3.6517666666666666,20,2,Saturday,False,2026-02,Blue tack Els Pets,0.749,0.694,0.519,6.7e-05,0.122,-7.863,0.0283,126.077,0.56
1136,2026-02-14 20:24:00,G.E. Smith,The Baby,168133,0.04670361111111111,2.802216666666667,20,2,Saturday,False,2026-02,The Baby G.E. Smith,0.691,0.755,0.394,0.0,0.0524,-7.438,0.126,107.751,0.803
1137,2026-02-14 20:28:00,Gabriella Quevedo,That's Life,197972,0.05499222222222222,3.299533333333333,20,2,Saturday,False,2026-02,That's Life Gabriella Quevedo,0.659,0.485,0.442,0.792,0.132,-8.909,0.0539,109.537,0.345
1138,2026-02-14 20:31:00,One Piano,Licence to Kill,220028,0.06111888888888889,3.667133333333333,20,2,Saturday,False,2026-02,Licence to Kill One Piano,,,,,,,,,
1139,2026-02-15 08:30:00,The Beatles,While My Guitar Gently Weeps - Acoustic Version - Take 1,32497,0.009026944444444445,0.5416166666666666,8,2,Sunday,False,2026-02,While My Guitar Gently Weeps - Acoustic Version - Take 1 The Beatles,0.863,0.592,0.0871,4.84e-06,0.0636,-17.016,0.0382,122.708,0.211
1140,2026-02-15 08:47:00,Nirvana,Jesus Doesn't Want Me For A Sunbeam - Live,12341,0.0034280555555555557,0.20568333333333333,8,2,Sunday,True,2026-02,Jesus Doesn't Want Me For A Sunbeam - Live Nirvana,0.0638,0.51,0.641,3.65e-06,0.272,-10.312,0.0812,113.646,0.295
1141,2026-02-15 17:34:00,John Williams,Han Solo and the Princess,29288,0.008135555555555556,0.4881333333333333,17,2,Sunday,True,2026-02,Han Solo and the Princess John Williams,,,,,,,,,
1142,2026-02-15 19:34:00,John Williams,Marion's Theme / The Crate,16906,0.004696111111111111,0.28176666666666667,19,2,Sunday,True,2026-02,Marion's Theme / The Crate John Williams,0.94,0.181,0.176,0.92,0.0945,-16.799,0.0414,84.091,0.0659
1143,2026-02-15 21:44:00,One Piano,Who Am I,59830,0.016619444444444444,0.9971666666666666,21,2,Sunday,False,2026-02,Who Am I One Piano,0.816,0.346,0.17,0.86,0.196,-18.344,0.0592,115.959,0.157
1144,2026-02-16 05:55:00,Hans Zimmer,Pirates Of The Caribbean Medley - Live,0,0.0,0.0,5,2,Monday,True,2026-02,Pirates Of The Caribbean Medley - Live Hans Zimmer,0.0221,0.196,0.423,0.0961,0.954,-11.821,0.0354,96.566,0.146
1145,2026-02-16 06:39:00,Blaumut,Only You (i el Teu Xampú),29832,0.008286666666666666,0.4972,6,2,Monday,True,2026-02,Only You (i el Teu Xampú) Blaumut,,,,,,,,,
1146,2026-02-16 06:50:00,Gary Glitter,Rock & Roll Part 2,1338,0.0003716666666666667,0.0223,6,2,Monday,True,2026-02,Rock & Roll Part 2 Gary Glitter,0.000292,0.71,0.314,0.785,0.0857,-10.666,0.082,129.124,0.401
1147,2026-02-16 14:59:00,Gary Glitter,Rock & Roll Part 2,26922,0.007478333333333333,0.4487,14,2,Monday,True,2026-02,Rock & Roll Part 2 Gary Glitter,0.000292,0.71,0.314,0.785,0.0857,-10.666,0.082,129.124,0.401
1148,2026-02-16 15:08:00,Rosalind James,On My Own - Live,6331,0.0017586111111111112,0.10551666666666666,15,2,Monday,True,2026-02,On My Own - Live Rosalind James,0.894,0.384,0.245,0.0,0.736,-10.802,0.0465,110.06,0.192
1149,2026-02-16 15:08:00,Gary Glitter,Rock & Roll Part 2,178312,0.04953111111111111,2.9718666666666667,15,2,Monday,False,2026-02,Rock & Roll Part 2 Gary Glitter,0.000292,0.71,0.314,0.785,0.0857,-10.666,0.082,129.124,0.401
1150,2026-02-16 15:10:00,One Piano,Who Am I,127059,0.03529416666666667,2.11765,15,2,Monday,False,2026-02,Who Am I One Piano,0.816,0.346,0.17,0.86,0.196,-18.344,0.0592,115.959,0.157
1151,2026-02-16 15:14:00,Metallica,Master Of Puppets - Live,3957,0.0010991666666666667,0.06595,15,2,Monday,True,2026-02,Master Of Puppets - Live Metallica,6.43e-06,0.285,0.99,0.0052,0.718,-3.344,0.102,106.829,0.232
1152,2026-02-16 15:14:00,Nicholas Britell,"Intermezzo in C Minor - ""Money Wins""",3743,0.0010397222222222223,0.06238333333333333,15,2,Monday,True,2026-02,"Intermezzo in C Minor - ""Money Wins"" Nicholas Britell",0.438,0.129,0.179,0.68,0.114,-16.566,0.0401,90.617,0.0398
1153,2026-02-16 15:14:00,One Piano,Without You,256116,0.07114333333333334,4.2686,15,2,Monday,False,2026-02,Without You One Piano,,,,,,,,,
1154,2026-02-16 15:15:00,The Beatles,Blackbird - 2018 Mix,44313,0.012309166666666666,0.73855,15,2,Monday,False,2026-02,Blackbird - 2018 Mix The Beatles,0.841,0.648,0.139,3.31e-06,0.0589,-14.744,0.0368,93.874,0.373
1155,2026-02-16 15:15:00,Johnny Cash,Ain't No Grave,5369,0.0014913888888888889,0.08948333333333333,15,2,Monday,True,2026-02,Ain't No Grave Johnny Cash,0.894,0.52,0.35,0.000778,0.0895,-10.713,0.052,79.647,0.39
1156,2026-02-16 15:15:00,Stan Rogers,Free In The Harbour,4036,0.0011211111111111111,0.06726666666666667,15,2,Monday,True,2026-02,Free In The Harbour Stan Rogers,0.717,0.374,0.252,6.76e-06,0.183,-15.056,0.0298,153.585,0.398
1157,2026-02-16 15:16:00,Metallica,The Unforgiven III,8469,0.0023525,0.14115,15,2,Monday,True,2026-02,The Unforgiven III Metallica,0.00196,0.297,0.692,3.75e-06,0.115,-5.625,0.0344,121.52,0.103
1158,2026-02-16 15:19:00,The Rolling Stones,"Paint It, Black",202267,0.05618527777777778,3.3711166666666665,15,2,Monday,False,2026-02,"Paint It, Black The Rolling Stones",0.0145,0.503,0.86,0.191,0.366,-7.909,0.0925,159.611,0.742
1159,2026-02-16 15:20:00,Nicholas Britell,Million Dollar Home Run,90840,0.025233333333333333,1.514,15,2,Monday,False,2026-02,Million Dollar Home Run Nicholas Britell,0.676,0.665,0.339,0.929,0.104,-15.96,0.0356,130.999,0.0392
1160,2026-02-16 15:23:00,Schell Games,I Expect You To Die,156480,0.04346666666666667,2.608,15,2,Monday,False,2026-02,I Expect You To Die Schell Games,0.632,0.378,0.269,8.2e-05,0.202,-11.872,0.0353,115.471,0.179
1161,2026-02-16 15:27:00,Phillip Phillips,"Gone, Gone, Gone",209693,0.05824805555555555,3.494883333333333,15,2,Monday,False,2026-02,"Gone, Gone, Gone Phillip Phillips",0.129,0.664,0.642,0.0,0.114,-5.961,0.038,118.006,0.501
1162,2026-02-16 15:30:00,Nirvana,Come As You Are,218920,0.060811111111111114,3.6486666666666667,15,2,Monday,False,2026-02,Come As You Are Nirvana,0.00016,0.5,0.824,0.00161,0.0916,-5.846,0.0388,120.125,0.539
1163,2026-02-16 15:30:00,Secret Machines,Flying,4536,0.00126,0.0756,15,2,Monday,True,2026-02,Flying Secret Machines,0.0243,0.384,0.925,0.848,0.0837,-6.928,0.0504,94.298,0.209
1164,2026-02-16 15:30:00,Els Amics De Les Arts,No Vam Saber Tornar,7930,0.002202777777777778,0.13216666666666665,15,2,Monday,True,2026-02,No Vam Saber Tornar Els Amics De Les Arts,0.00833,0.574,0.881,0.00362,0.0838,-5.463,0.0356,132.02,0.423
1165,2026-02-16 15:31:00,Gabriella Quevedo,That's Life,3569,0.0009913888888888889,0.05948333333333333,15,2,Monday,True,2026-02,That's Life Gabriella Quevedo,0.659,0.485,0.442,0.792,0.132,-8.909,0.0539,109.537,0.345
1166,2026-02-16 15:33:00,Himesh Patel,Help! - Live At Pier Hotel,158240,0.04395555555555555,2.6373333333333333,15,2,Monday,False,2026-02,Help! - Live At Pier Hotel Himesh Patel,0.000123,0.342,0.968,7.38e-06,0.38,-6.206,0.2,113.016,0.126
1167,2026-02-16 15:33:00,Pink Floyd,Have a Cigar,3105,0.0008625,0.05175,15,2,Monday,True,2026-02,Have a Cigar Pink Floyd,0.407,0.454,0.65,0.0488,0.589,-10.191,0.0437,120.155,0.72
1168,2026-02-16 15:38:00,Damien Rice,The Blower's Daughter,286653,0.07962583333333334,4.77755,15,2,Monday,False,2026-02,The Blower's Daughter Damien Rice,0.134,0.342,0.2,0.000153,0.341,-13.569,0.0324,133.113,0.0743
1169,2026-02-16 15:42:00,Howard Shore,The Last Rites (feat. G.E. Smith & Sharon Isbin),185627,0.051563055555555556,3.0937833333333336,15,2,Monday,False,2026-02,The Last Rites (feat. G.E. Smith & Sharon Isbin) Howard Shore,0.949,0.14,0.159,0.776,0.131,-13.51,0.0353,82.006,0.0825
1170,2026-02-16 15:44:00,The Beatles,And I Love Her - Remastered 2009,149693,0.04158138888888889,2.494883333333333,15,2,Monday,False,2026-02,And I Love Her - Remastered 2009 The Beatles,0.64,0.767,0.331,0.0,0.0681,-10.777,0.0337,113.312,0.636
1171,2026-02-16 15:48:00,The Beatles,Let It Be - Remastered 2009,243027,0.0675075,4.05045,15,2,Monday,False,2026-02,Let It Be - Remastered 2009 The Beatles,0.631,0.443,0.403,0.0,0.111,-8.339,0.0322,143.462,0.41
1172,2026-02-16 15:51:00,Wilson Jermaine Heredia,I'll Cover You,149773,0.04160361111111111,2.4962166666666668,15,2,Monday,False,2026-02,I'll Cover You Wilson Jermaine Heredia,0.243,0.619,0.876,0.0,0.0752,-3.347,0.0438,111.847,0.778
1173,2026-02-16 15:54:00,Josema Yuste,Príncipe Ali,172773,0.0479925,2.87955,15,2,Monday,False,2026-02,Príncipe Ali Josema Yuste,0.732,0.524,0.486,0.0,0.17,-11.4,0.0921,104.283,0.668
1174,2026-02-16 15:58:00,Anna Roig,Soc la flor,267800,0.0743888888888889,4.463333333333333,15,2,Monday,False,2026-02,Soc la flor Anna Roig,0.767,0.434,0.324,0.0513,0.0852,-13.635,0.0454,123.474,0.315
1175,2026-02-16 16:01:00,Joel Minguet,Hora de Estrellas,191314,0.053142777777777775,3.1885666666666665,16,2,Monday,False,2026-02,Hora de Estrellas Joel Minguet,0.139,0.419,0.524,0.071,0.1,-11.297,0.041,128.672,0.275
1176,2026-02-16 16:02:00,Guns N' Roses,This I Love,12862,0.0035727777777777776,0.21436666666666668,16,2,Monday,True,2026-02,This I Love Guns N' Roses,0.603,0.263,0.442,2.99e-06,0.106,-8.279,0.0309,92.179,0.133
1177,2026-02-16 16:57:00,Murray Gold,The Shepherd's Boy,229397,0.06372138888888888,3.8232833333333334,16,2,Monday,False,2026-02,The Shepherd's Boy Murray Gold,,,,,,,,,
1178,2026-02-16 17:35:00,Murray Gold,The Shepherd's Boy,59980,0.016661111111111113,0.9996666666666667,17,2,Monday,False,2026-02,The Shepherd's Boy Murray Gold,,,,,,,,,
1179,2026-02-16 17:38:00,Anna Roig,Escolta,177800,0.04938888888888889,2.9633333333333334,17,2,Monday,False,2026-02,Escolta Anna Roig,0.667,0.427,0.366,0.0841,0.0995,-13.625,0.0607,97.931,0.208
1180,2026-02-16 17:39:00,Low Roar,I'm Leaving,13390,0.0037194444444444445,0.22316666666666668,17,2,Monday,True,2026-02,I'm Leaving Low Roar,0.499,0.203,0.527,0.0449,0.0897,-8.398,0.0344,90.128,0.124
1181,2026-02-16 17:49:00,William Solo,Drink With Me,1230,0.00034166666666666666,0.0205,17,2,Monday,True,2026-02,Drink With Me William Solo,0.949,0.279,0.033,0.0,0.0904,-25.081,0.0368,93.886,0.0751
1182,2026-02-16 17:49:00,One Piano,The World is Not Enough,1656,0.00046,0.0276,17,2,Monday,True,2026-02,The World is Not Enough One Piano,,,,,,,,,
1183,2026-02-16 17:49:00,Els Amics De Les Arts,No Ho Entens - des de casa,578,0.00016055555555555555,0.009633333333333334,17,2,Monday,True,2026-02,No Ho Entens - des de casa Els Amics De Les Arts,0.745,0.59,0.396,2.75e-06,0.23,-11.772,0.0322,156.038,0.553
1184,2026-02-16 17:49:00,One Piano,Goodbye Love,341613,0.0948925,5.69355,17,2,Monday,False,2026-02,Goodbye Love One Piano,0.989,0.732,0.12,0.959,0.104,-19.971,0.0565,133.478,0.273
1185,2026-02-16 17:49:00,Els Amics De Les Arts,Museu D'Història Natural,4095,0.0011375,0.06825,17,2,Monday,True,2026-02,Museu D'Història Natural Els Amics De Les Arts,0.679,0.572,0.463,2.74e-06,0.377,-9.448,0.0489,173.887,0.361
1186,2026-02-16 17:49:00,Nicholas Britell,Minuet in C Minor - Strings and Viola Solo,1701,0.0004725,0.02835,17,2,Monday,True,2026-02,Minuet in C Minor - Strings and Viola Solo Nicholas Britell,0.733,0.228,0.263,0.945,0.116,-13.008,0.0406,141.19,0.29
1187,2026-02-16 17:49:00,Nicholas Britell,Succession - End Title Theme - Piano and Cello Variation,2395,0.0006652777777777778,0.03991666666666667,17,2,Monday,True,2026-02,Succession - End Title Theme - Piano and Cello Variation Nicholas Britell,0.96,0.454,0.125,0.794,0.119,-15.297,0.036,130.544,0.161
1188,2026-02-16 17:49:00,Jim Sturgess,"Across The Universe - From ""Across The Universe"" Soundtrack",2161,0.0006002777777777778,0.03601666666666667,17,2,Monday,True,2026-02,"Across The Universe - From ""Across The Universe"" Soundtrack Jim Sturgess",0.0402,0.459,0.498,1.9e-06,0.355,-8.361,0.0806,116.485,0.435
1189,2026-02-16 18:02:00,Mister Bond,Die Another Day,117772,0.03271444444444444,1.9628666666666668,18,2,Monday,False,2026-02,Die Another Day Mister Bond,0.787,0.651,0.543,0.0125,0.121,-7.583,0.0276,101.006,0.186
1190,2026-02-16 19:42:00,Mister Bond,Die Another Day,279107,0.07752972222222222,4.651783333333333,19,2,Monday,False,2026-02,Die Another Day Mister Bond,0.787,0.651,0.543,0.0125,0.121,-7.583,0.0276,101.006,0.186
1191,2026-02-16 19:45:00,One Piano,Die Another Day,165255,0.04590416666666667,2.75425,19,2,Monday,False,2026-02,Die Another Day One Piano,,,,,,,,,
1192,2026-02-17 05:45:00,Els Amics De Les Arts,Les paraules que triem no dir,111390,0.030941666666666666,1.8565,5,2,Tuesday,False,2026-02,Les paraules que triem no dir Els Amics De Les Arts,0.271,0.733,0.581,0.0,0.0623,-7.744,0.0857,118.063,0.465
1193,2026-02-17 05:55:00,Sam Smith,"Writing's On The Wall - From ""Spectre"" Soundtrack",17676,0.00491,0.2946,5,2,Tuesday,True,2026-02,"Writing's On The Wall - From ""Spectre"" Soundtrack Sam Smith",0.769,0.261,0.302,2.57e-06,0.0863,-8.19,0.0339,81.418,0.0883
1194,2026-02-17 06:00:00,Nicholas Britell,"Larghetto - Piano, Celesta, Strings - ""Kendall's Return""",39573,0.0109925,0.65955,6,2,Tuesday,False,2026-02,"Larghetto - Piano, Celesta, Strings - ""Kendall's Return"" Nicholas Britell",0.825,0.349,0.0569,0.945,0.0985,-24.768,0.0341,119.927,0.0338
1195,2026-02-17 06:10:00,Meryl Streep,Slipping Through My Fingers - From 'Mamma Mia!' Original Motion Picture Soundtrack,25765,0.007156944444444444,0.42941666666666667,6,2,Tuesday,True,2026-02,Slipping Through My Fingers - From 'Mamma Mia!' Original Motion Picture Soundtrack Meryl Streep,0.507,0.463,0.489,0.0,0.165,-7.968,0.0288,140.034,0.249
1196,2026-02-17 06:15:00,a-ha,The Living Daylights - 2016 Remaster,15788,0.004385555555555556,0.26313333333333333,6,2,Tuesday,True,2026-02,The Living Daylights - 2016 Remaster a-ha,0.114,0.695,0.78,0.000971,0.0785,-7.906,0.0267,120.255,0.833
1197,2026-02-17 06:20:00,Nirvana,Oh Me - Live,8218,0.0022827777777777777,0.13696666666666665,6,2,Tuesday,True,2026-02,Oh Me - Live Nirvana,0.726,0.538,0.51,0.0187,0.205,-13.192,0.102,72.471,0.262
1198,2026-02-17 06:25:00,Anna Roig,Après la tendresse,23622,0.006561666666666667,0.3937,6,2,Tuesday,True,2026-02,Après la tendresse Anna Roig,0.879,0.428,0.216,0.0145,0.118,-15.555,0.0351,141.454,0.23
1199,2026-02-17 06:30:00,The Beatles,Get Back - Remastered 2009,11347,0.0031519444444444446,0.18911666666666666,6,2,Tuesday,True,2026-02,Get Back - Remastered 2009 The Beatles,0.492,0.761,0.592,0.00626,0.61,-9.836,0.0586,123.095,0.332
1200,2026-02-17 08:33:00,Sam Smith,"Writing's On The Wall - From ""Spectre"" Soundtrack",261272,0.07257555555555556,4.354533333333333,8,2,Tuesday,False,2026-02,"Writing's On The Wall - From ""Spectre"" Soundtrack Sam Smith",0.769,0.261,0.302,2.57e-06,0.0863,-8.19,0.0339,81.418,0.0883
1201,2026-02-17 08:36:00,The Beatles,Here Comes The Sun - Remastered 2009,185733,0.0515925,3.09555,8,2,Tuesday,False,2026-02,Here Comes The Sun - Remastered 2009 The Beatles,0.0339,0.557,0.54,0.00248,0.179,-10.484,0.0347,129.177,0.394
1202,2026-02-17 08:40:00,Els Amics De Les Arts,Citant Mercè Rodoreda,237125,0.06586805555555555,3.9520833333333334,8,2,Tuesday,False,2026-02,Citant Mercè Rodoreda Els Amics De Les Arts,0.133,0.734,0.793,4.03e-06,0.0626,-7.87,0.0426,102.021,0.757
1203,2026-02-17 08:43:00,Meryl Streep,"Money, Money, Money - From 'Mamma Mia!' Original Motion Picture Soundtrack",186453,0.0517925,3.10755,8,2,Tuesday,False,2026-02,"Money, Money, Money - From 'Mamma Mia!' Original Motion Picture Soundtrack Meryl Streep",0.246,0.759,0.733,2.11e-06,0.0493,-4.773,0.0362,121.977,0.481
1204,2026-02-17 08:47:00,Celtas Cortos,20 de abril,235333,0.06537027777777778,3.9222166666666665,8,2,Tuesday,False,2026-02,20 de abril Celtas Cortos,0.0274,0.611,0.866,2.89e-05,0.278,-5.135,0.0285,114.016,0.826
1205,2026-02-17 08:51:00,Ja T'ho Dire,Si Vens (Remasteritzat 2013),205730,0.057147222222222224,3.4288333333333334,8,2,Tuesday,False,2026-02,Si Vens (Remasteritzat 2013) Ja T'ho Dire,0.684,0.686,0.745,0.0,0.0837,-5.648,0.0399,138.197,0.573
1206,2026-02-17 09:44:00,Carl Anderson,"Superstar - From ""Jesus Christ Superstar"" Soundtrack",13882,0.003856111111111111,0.23136666666666666,9,2,Tuesday,True,2026-02,"Superstar - From ""Jesus Christ Superstar"" Soundtrack Carl Anderson",0.501,0.398,0.487,1.42e-05,0.175,-9.362,0.0459,119.747,0.514
1207,2026-02-17 10:46:00,Patrik Pietschmann,"Time (From ""Inception"") [Remake] - Piano Version",252264,0.07007333333333333,4.2044,10,2,Tuesday,False,2026-02,"Time (From ""Inception"") [Remake] - Piano Version Patrik Pietschmann",0.982,0.523,0.136,0.939,0.0737,-20.607,0.047,139.977,0.0384
1208,2026-02-17 10:50:00,Adele,Hello,295502,0.08208388888888889,4.925033333333333,10,2,Tuesday,False,2026-02,Hello Adele,0.893,0.556,0.319,0.0,0.0996,-8.251,0.0281,135.187,0.294
1209,2026-02-17 10:53:00,Creedence Clearwater Revival,Have You Ever Seen The Rain,160133,0.04448138888888889,2.6688833333333335,10,2,Tuesday,False,2026-02,Have You Ever Seen The Rain Creedence Clearwater Revival,0.0936,0.743,0.47,3.15e-05,0.186,-13.154,0.029,116.122,0.89
1210,2026-02-17 10:55:00,Els Amics De Les Arts,Preferiria No Fer-Ho,127057,0.03529361111111111,2.1176166666666667,10,2,Tuesday,False,2026-02,Preferiria No Fer-Ho Els Amics De Les Arts,,,,,,,,,
1211,2026-02-17 15:06:00,Nirvana,Heart-Shaped Box,281160,0.0781,4.686,15,2,Tuesday,False,2026-02,Heart-Shaped Box Nirvana,0.199,0.256,0.641,0.0329,0.0853,-10.283,0.0552,203.006,0.382
1212,2026-02-17 15:12:00,Patrik Pietschmann,"Across the Stars (From ""Star Wars: Attack of the Clones"") - Piano Version",230928,0.06414666666666667,3.8488,15,2,Tuesday,False,2026-02,"Across the Stars (From ""Star Wars: Attack of the Clones"") - Piano Version Patrik Pietschmann",0.984,0.627,0.0601,0.894,0.0914,-18.692,0.0488,112.198,0.0766
1213,2026-02-17 15:16:00,Wesley Sprayue,Across the Stars - Piano,210071,0.058353055555555554,3.5011833333333335,15,2,Tuesday,False,2026-02,Across the Stars - Piano Wesley Sprayue,0.993,0.474,0.0211,0.949,0.0754,-24.212,0.0527,79.368,0.183
1214,2026-02-17 15:25:00,Alex Gobbett,Star Wars - Across The Stars - Piano Version,271184,0.07532888888888889,4.519733333333333,15,2,Tuesday,False,2026-02,Star Wars - Across The Stars - Piano Version Alex Gobbett,0.988,0.402,0.0956,0.926,0.0939,-16.998,0.0392,112.382,0.0718
1215,2026-02-17 15:29:00,Steven Bear,"Across the Stars (Love theme from ""Star Wars: Attack of the Clones"")",212477,0.05902138888888889,3.5412833333333333,15,2,Tuesday,False,2026-02,"Across the Stars (Love theme from ""Star Wars: Attack of the Clones"") Steven Bear",0.986,0.475,0.0485,0.853,0.0843,-21.063,0.0386,73.085,0.0631
1216,2026-02-17 15:30:00,The Beatles,I Want You (She's So Heavy) - Remastered 2009,1265,0.0003513888888888889,0.021083333333333332,15,2,Tuesday,True,2026-02,I Want You (She's So Heavy) - Remastered 2009 The Beatles,0.0235,0.37,0.514,0.213,0.0966,-9.488,0.0321,115.716,0.413
1217,2026-02-17 15:30:00,The Beatles,In My Life - Remastered 2009,0,0.0,0.0,15,2,Tuesday,True,2026-02,In My Life - Remastered 2009 The Beatles,0.449,0.688,0.435,0.0,0.113,-11.359,0.0323,103.239,0.435
1218,2026-02-17 15:30:00,Low Roar,Because We Have To,1295,0.0003597222222222222,0.021583333333333333,15,2,Tuesday,True,2026-02,Because We Have To Low Roar,0.933,0.303,0.159,0.251,0.107,-14.491,0.0305,105.004,0.111
1219,2026-02-17 15:30:00,Nicholas Britell,"Kendall's Departure - ""This Is Not For Tears""",57901,0.01608361111111111,0.9650166666666666,15,2,Tuesday,False,2026-02,"Kendall's Departure - ""This Is Not For Tears"" Nicholas Britell",0.968,0.0949,0.0963,0.935,0.0695,-18.787,0.0446,72.893,0.0344
1220,2026-02-17 15:32:00,Josema Yuste,Un Genio Genial,148947,0.04137416666666666,2.48245,15,2,Tuesday,False,2026-02,Un Genio Genial Josema Yuste,0.553,0.678,0.629,0.0,0.391,-10.626,0.117,97.983,0.734
1221,2026-02-17 16:37:00,Richard Hawley,Ballad of a Thin Man,263072,0.07307555555555556,4.384533333333334,16,2,Tuesday,False,2026-02,Ballad of a Thin Man Richard Hawley,0.35,0.246,0.555,2.69e-06,0.194,-9.276,0.0493,73.314,0.276
1222,2026-02-17 16:42:00,Richard Hawley,Ballad of a Thin Man,145356,0.040376666666666665,2.4226,16,2,Tuesday,False,2026-02,Ballad of a Thin Man Richard Hawley,0.35,0.246,0.555,2.69e-06,0.194,-9.276,0.0493,73.314,0.276
1223,2026-02-17 16:45:00,Paul Engemann,Scarface (Push It To The Limit),178480,0.049577777777777776,2.974666666666667,16,2,Tuesday,False,2026-02,Scarface (Push It To The Limit) Paul Engemann,0.0299,0.571,0.609,2.89e-06,0.66,-10.691,0.0324,156.203,0.27
1224,2026-02-17 16:46:00,Nicholas Britell,Satyricon - Instrumental,89066,0.024740555555555554,1.4844333333333333,16,2,Tuesday,False,2026-02,Satyricon - Instrumental Nicholas Britell,0.000402,0.623,0.617,0.86,0.302,-11.24,0.0618,87.999,0.0353
1225,2026-02-17 16:49:00,Barbie Sailers,Toss a Coin to Your Witcher,160446,0.044568333333333335,2.6741,16,2,Tuesday,False,2026-02,Toss a Coin to Your Witcher Barbie Sailers,0.0538,0.562,0.656,9.93e-05,0.111,-7.636,0.0316,104.861,0.339
1226,2026-02-17 16:53:00,Nirvana,Negative Creep,19920,0.005533333333333334,0.332,16,2,Tuesday,True,2026-02,Negative Creep Nirvana,7.97e-06,0.37,0.947,0.000175,0.0762,-7.213,0.0901,81.744,0.418
1227,2026-02-17 16:53:00,Joel Minguet,Chopo Muerto,228773,0.06354805555555555,3.812883333333333,16,2,Tuesday,False,2026-02,Chopo Muerto Joel Minguet,0.759,0.713,0.357,3e-06,0.106,-11.99,0.0359,85.259,0.431
1228,2026-02-17 16:54:00,Billie Eilish,hotline (edit),60720,0.016866666666666665,1.012,16,2,Tuesday,False,2026-02,hotline (edit) Billie Eilish,0.816,0.516,0.254,0.855,0.189,-16.027,0.0589,56.829,0.304
1229,2026-02-17 20:44:00,Els Pets,Tantes Coses a Fer,172850,0.04801388888888889,2.8808333333333334,20,2,Tuesday,False,2026-02,Tantes Coses a Fer Els Pets,0.0239,0.609,0.918,1.51e-05,0.204,-3.923,0.0282,150.066,0.932
1230,2026-02-18 06:00:00,Nicholas Britell,Power - Instrumental,37055,0.010293055555555555,0.6175833333333334,6,2,Wednesday,False,2026-02,Power - Instrumental Nicholas Britell,0.00715,0.582,0.499,0.901,0.108,-8.878,0.0529,140.121,0.319
1231,2026-02-18 06:15:00,Heroes Del Silencio,Entre dos tierras,28437,0.007899166666666667,0.47395,6,2,Wednesday,True,2026-02,Entre dos tierras Heroes Del Silencio,0.0351,0.458,0.746,0.0,0.172,-9.444,0.0318,166.095,0.511
1232,2026-02-18 06:20:00,Nstens1117,X-Men the Animated Series Theme,8877,0.0024658333333333333,0.14795,6,2,Wednesday,True,2026-02,X-Men the Animated Series Theme Nstens1117,9.54e-06,0.183,0.721,0.973,0.19,-4.698,0.0673,121.113,0.746
1233,2026-02-18 06:30:00,Els Amics De Les Arts,Obertura Per Catalogar - En Directe Al Festival De Cap Roig / 2015,6175,0.0017152777777777778,0.10291666666666667,6,2,Wednesday,True,2026-02,Obertura Per Catalogar - En Directe Al Festival De Cap Roig / 2015 Els Amics De Les Arts,0.00184,0.37,0.562,0.308,0.473,-8.479,0.0367,130.521,0.35
1234,2026-02-18 06:40:00,Scott Bradlee's Postmodern Jukebox,I'll Be There for You (Theme From “Friends”),12591,0.0034975,0.20985,6,2,Wednesday,True,2026-02,I'll Be There for You (Theme From “Friends”) Scott Bradlee's Postmodern Jukebox,0.419,0.306,0.623,0.0,0.14,-7.67,0.049,166.929,0.614
1235,2026-02-18 07:02:00,Scott Bradlee's Postmodern Jukebox,Bad Guy,22328,0.006202222222222222,0.3721333333333333,7,2,Wednesday,True,2026-02,Bad Guy Scott Bradlee's Postmodern Jukebox,0.063,0.527,0.273,0.000242,0.0808,-16.039,0.126,126.693,0.321
1236,2026-02-18 08:59:00,Creedence Clearwater Revival,Bad Moon Rising,141600,0.03933333333333333,2.36,8,2,Wednesday,False,2026-02,Bad Moon Rising Creedence Clearwater Revival,0.0586,0.508,0.774,4.87e-06,0.063,-5.973,0.0321,178.946,0.942
1237,2026-02-18 09:03:00,One Piano,Skyfall,198965,0.055268055555555556,3.3160833333333333,9,2,Wednesday,False,2026-02,Skyfall One Piano,,,,,,,,,
1238,2026-02-18 09:05:00,One Piano,Goldfinger,153951,0.042764166666666666,2.56585,9,2,Wednesday,False,2026-02,Goldfinger One Piano,0.987,0.658,0.359,0.966,0.11,-8.747,0.0418,102.583,0.0392
1239,2026-02-18 09:09:00,John Williams,Battle of the Heroes,222600,0.06183333333333333,3.71,9,2,Wednesday,False,2026-02,Battle of the Heroes John Williams,,,,,,,,,
1240,2026-02-18 09:10:00,Nstens1117,Black Suited Spidey,80614,0.02239277777777778,1.3435666666666666,9,2,Wednesday,False,2026-02,Black Suited Spidey Nstens1117,0.000796,0.251,0.553,0.721,0.324,-5.148,0.0385,66.242,0.0771
1241,2026-02-18 09:14:00,Amanda Seyfried,Gimme! Gimme! Gimme! (A Man After Midnight) - From 'Mamma Mia!' Original Motion Picture Soundtrack,231720,0.06436666666666667,3.862,9,2,Wednesday,False,2026-02,Gimme! Gimme! Gimme! (A Man After Midnight) - From 'Mamma Mia!' Original Motion Picture Soundtrack Amanda Seyfried,0.021,0.628,0.836,0.000513,0.416,-4.776,0.0301,120.045,0.571
1242,2026-02-18 09:18:00,Nirvana,Serve The Servants,217173,0.060325833333333335,3.61955,9,2,Wednesday,False,2026-02,Serve The Servants Nirvana,1.13e-05,0.435,0.895,0.0318,0.19,-8.7,0.0421,119.659,0.668
1243,2026-02-18 09:20:00,Melissa Benoist,Moon River,134787,0.03744083333333333,2.24645,9,2,Wednesday,False,2026-02,Moon River Melissa Benoist,0.938,0.29,0.154,0.0,0.118,-11.548,0.033,65.924,0.185
1244,2026-02-18 09:23:00,Madonna,Like a Prayer - Battle Royale Mix from “Deadpool & Wolverine”,168587,0.046829722222222224,2.8097833333333333,9,2,Wednesday,False,2026-02,Like a Prayer - Battle Royale Mix from “Deadpool & Wolverine” Madonna,0.146,0.317,0.606,6.9e-05,0.0772,-10.073,0.0411,116.01,0.118
1245,2026-02-18 09:27:00,Nicholas Britell,Honesty (feat. Kendall Roy),234828,0.06523,3.9138,9,2,Wednesday,False,2026-02,Honesty (feat. Kendall Roy) Nicholas Britell,0.777,0.478,0.175,0.0,0.102,-14.347,0.0553,79.326,0.173
1246,2026-02-18 09:29:00,The Doors,People Are Strange,130173,0.036159166666666666,2.16955,9,2,Wednesday,False,2026-02,People Are Strange The Doors,0.685,0.699,0.467,0.0,0.315,-8.578,0.0375,119.287,0.764
1247,2026-02-18 09:31:00,Hugh Jackman,The Confrontation,114987,0.031940833333333335,1.91645,9,2,Wednesday,False,2026-02,The Confrontation Hugh Jackman,0.781,0.404,0.524,0.0,0.214,-11.051,0.143,85.569,0.458
1248,2026-02-18 09:36:00,Jerry Bock,If I Were a Rich Man,313347,0.08704083333333333,5.22245,9,2,Wednesday,False,2026-02,If I Were a Rich Man Jerry Bock,0.776,0.569,0.149,0.0,0.0779,-14.099,0.261,73.516,0.352
1249,2026-02-18 09:39:00,Els Amics De Les Arts,4-3-3,193997,0.05388805555555556,3.2332833333333335,9,2,Wednesday,False,2026-02,4-3-3 Els Amics De Les Arts,,,,,,,,,
1250,2026-02-18 09:44:00,Jarabe De Palo,La flaca,261200,0.07255555555555555,4.3533333333333335,9,2,Wednesday,False,2026-02,La flaca Jarabe De Palo,0.0838,0.751,0.731,0.0,0.0556,-4.419,0.0308,97.007,0.973
1251,2026-02-18 09:55:00,Lorien Testard,Une vie à t'aimer,660000,0.18333333333333332,11.0,9,2,Wednesday,False,2026-02,Une vie à t'aimer Lorien Testard,0.0634,0.16,0.862,3.65e-06,0.366,-4.397,0.288,179.986,0.0652
1252,2026-02-18 09:59:00,Els Amics De Les Arts,Tots Els Homes D'Escòcia,271160,0.07532222222222222,4.519333333333333,9,2,Wednesday,False,2026-02,Tots Els Homes D'Escòcia Els Amics De Les Arts,0.917,0.512,0.279,1.98e-05,0.131,-11.31,0.037,124.342,0.43
1253,2026-02-18 10:03:00,One Piano,Without You,256116,0.07114333333333334,4.2686,10,2,Wednesday,False,2026-02,Without You One Piano,,,,,,,,,
1254,2026-02-18 10:09:00,Jeff Beck,A Day In The Life - Live,315440,0.08762222222222223,5.257333333333333,10,2,Wednesday,False,2026-02,A Day In The Life - Live Jeff Beck,0.196,0.358,0.573,0.69,0.953,-9.89,0.0434,70.448,0.277
1255,2026-02-18 10:13:00,Secret Machines,Blue Jay Way,282000,0.07833333333333334,4.7,10,2,Wednesday,False,2026-02,Blue Jay Way Secret Machines,0.035,0.27,0.612,0.0341,0.0946,-8.418,0.0367,93.028,0.0413
1256,2026-02-18 10:18:00,Scott Bradlee's Postmodern Jukebox,Creep,283259,0.07868305555555556,4.720983333333334,10,2,Wednesday,False,2026-02,Creep Scott Bradlee's Postmodern Jukebox,0.697,0.292,0.359,1.85e-05,0.108,-9.043,0.0328,177.334,0.228
1257,2026-02-18 10:21:00,The Beatles,Michelle - Remastered 2009,162373,0.04510361111111111,2.7062166666666667,10,2,Wednesday,False,2026-02,Michelle - Remastered 2009 The Beatles,0.652,0.578,0.29,0.0,0.105,-12.501,0.0341,117.403,0.666
1258,2026-02-18 10:23:00,Nicholas Britell,"End Credits - ""Action That""",125373,0.034825833333333334,2.08955,10,2,Wednesday,False,2026-02,"End Credits - ""Action That"" Nicholas Britell",0.153,0.071,0.396,0.939,0.112,-13.447,0.0476,68.054,0.07
1259,2026-02-19 05:45:00,Howard Shore,Cops or Criminals (feat. G.E. Smith & Larry Saltzman),18383,0.005106388888888889,0.30638333333333334,5,2,Thursday,True,2026-02,Cops or Criminals (feat. G.E. Smith & Larry Saltzman) Howard Shore,0.633,0.825,0.543,0.886,0.102,-11.902,0.0352,120.087,0.598
1260,2026-02-19 06:00:00,Metallica,Bleeding Me - Live,42390,0.011775,0.7065,6,2,Thursday,False,2026-02,Bleeding Me - Live Metallica,6.44e-05,0.281,0.91,6.58e-05,0.978,-5.003,0.0583,114.344,0.314
1261,2026-02-19 06:15:00,Rosario Dawson,Seasons of Love,21532,0.0059811111111111115,0.35886666666666667,6,2,Thursday,True,2026-02,Seasons of Love Rosario Dawson,0.609,0.475,0.579,0.0,0.0756,-4.096,0.0334,178.151,0.466
1262,2026-02-19 06:20:00,One Piano,Overture (Work Song),11882,0.0033005555555555557,0.19803333333333334,6,2,Thursday,True,2026-02,Overture (Work Song) One Piano,0.735,0.456,0.368,0.874,0.146,-16.465,0.0529,169.753,0.0667
1263,2026-02-19 06:30:00,Nirvana,Molly's Lips - BBC John Peel Session 1990,9183,0.0025508333333333333,0.15305,6,2,Thursday,True,2026-02,Molly's Lips - BBC John Peel Session 1990 Nirvana,1.91e-05,0.311,0.895,0.195,0.0584,-9.401,0.0476,167.107,0.681
1264,2026-02-19 06:40:00,The Beatles,With A Little Help From My Friends - 2017 Mix,5798,0.0016105555555555556,0.09663333333333333,6,2,Thursday,True,2026-02,With A Little Help From My Friends - 2017 Mix The Beatles,0.12,0.673,0.639,0.0,0.22,-6.673,0.0274,112.311,0.748
1265,2026-02-19 07:01:00,Queen,Too Much Love Will Kill You - Remastered 2011,2174,0.0006038888888888889,0.03623333333333333,7,2,Thursday,True,2026-02,Too Much Love Will Kill You - Remastered 2011 Queen,0.58,0.385,0.395,6.31e-05,0.159,-7.602,0.0313,72.933,0.21
1266,2026-02-19 07:01:00,Howard Shore,Cops or Criminals (feat. G.E. Smith & Larry Saltzman),7250,0.002013888888888889,0.12083333333333333,7,2,Thursday,True,2026-02,Cops or Criminals (feat. G.E. Smith & Larry Saltzman) Howard Shore,0.633,0.825,0.543,0.886,0.102,-11.902,0.0352,120.087,0.598
1267,2026-02-19 07:04:00,The Beatles,While My Guitar Gently Weeps - Acoustic Version - Take 1,207560,0.05765555555555556,3.4593333333333334,7,2,Thursday,False,2026-02,While My Guitar Gently Weeps - Acoustic Version - Take 1 The Beatles,0.863,0.592,0.0871,4.84e-06,0.0636,-17.016,0.0382,122.708,0.211
1268,2026-02-19 07:09:00,Snow Patrol,Chasing Cars,267960,0.07443333333333334,4.466,7,2,Thursday,False,2026-02,Chasing Cars Snow Patrol,0.199,0.561,0.595,6.47e-05,0.132,-4.53,0.0274,104.006,0.144
1269,2026-02-19 07:10:00,Emile Mosseri,Jacob's Prayer,94763,0.026323055555555554,1.5793833333333334,7,2,Thursday,False,2026-02,Jacob's Prayer Emile Mosseri,0.968,0.293,0.137,0.935,0.0779,-20.623,0.0327,81.478,0.111
1270,2026-02-19 07:14:00,Johnny Cash,Hurt,216533,0.06014805555555556,3.6088833333333334,7,2,Thursday,False,2026-02,Hurt Johnny Cash,0.649,0.534,0.392,0.000227,0.0948,-7.636,0.0267,90.379,0.163
1271,2026-02-19 07:20:00,Annie Lennox,Into the West,347600,0.09655555555555556,5.793333333333333,7,2,Thursday,False,2026-02,Into the West Annie Lennox,0.914,0.312,0.031,8.81e-06,0.0949,-22.035,0.037,92.074,0.0399
1272,2026-02-19 07:24:00,a-ha,Take On Me - MTV Unplugged,253907,0.07052972222222222,4.2317833333333335,7,2,Thursday,False,2026-02,Take On Me - MTV Unplugged a-ha,0.966,0.472,0.204,4.12e-05,0.69,-13.419,0.0408,129.504,0.296
1273,2026-02-19 07:27:00,Harry Nilsson,One,174993,0.04860916666666667,2.91655,7,2,Thursday,False,2026-02,One Harry Nilsson,0.946,0.455,0.063,0.000131,0.1,-21.191,0.0386,125.333,0.208
1274,2026-02-19 07:29:00,James Newton Howard,A Close Friend,111126,0.030868333333333334,1.8521,7,2,Thursday,False,2026-02,A Close Friend James Newton Howard,0.976,0.082,0.0158,0.988,0.0855,-33.355,0.0466,170.441,0.0377
1275,2026-02-19 07:33:00,John Williams,Theme From Schindler's List,255693,0.07102583333333333,4.26155,7,2,Thursday,False,2026-02,Theme From Schindler's List John Williams,0.859,0.142,0.113,0.838,0.107,-25.362,0.0415,98.575,0.0697
1276,2026-02-19 07:36:00,Gary Jules,Mad World,189507,0.05264083333333333,3.15845,7,2,Thursday,False,2026-02,Mad World Gary Jules,0.976,0.344,0.0585,0.000362,0.103,-17.212,0.0373,174.149,0.323
1277,2026-02-19 07:40:00,Lorien Testard,Lumière,222000,0.06166666666666667,3.7,7,2,Thursday,False,2026-02,Lumière Lorien Testard,0.95,0.426,0.185,5.02e-06,0.213,-11.717,0.0339,83.424,0.459
1278,2026-02-19 07:47:00,Hans Zimmer,Final Ascent,445400,0.12372222222222222,7.423333333333333,7,2,Thursday,False,2026-02,Final Ascent Hans Zimmer,0.159,0.203,0.0935,0.806,0.0883,-15.575,0.0344,41.858,0.0346
1279,2026-02-19 07:52:00,Hozier,"Blood Upon the Snow (From ""God of War Ragnarök"" Soundtrack)",271697,0.0754713888888889,4.528283333333333,7,2,Thursday,False,2026-02,"Blood Upon the Snow (From ""God of War Ragnarök"" Soundtrack) Hozier",0.442,0.323,0.301,0.00131,0.164,-13.564,0.0344,126.221,0.276
1280,2026-02-19 07:57:00,Coldplay,The Scientist,309600,0.086,5.16,7,2,Thursday,False,2026-02,The Scientist Coldplay,0.731,0.557,0.442,1.46e-05,0.11,-7.224,0.0243,146.277,0.213
1281,2026-02-19 08:01:00,Hozier,Take Me To Church,241688,0.06713555555555556,4.028133333333333,8,2,Thursday,False,2026-02,Take Me To Church Hozier,0.637,0.575,0.664,0.0,0.116,-5.303,0.0481,129.071,0.437
1282,2026-02-19 08:04:00,a-ha,Take On Me - 2017 Acoustic,184326,0.051201666666666666,3.0721,8,2,Thursday,False,2026-02,Take On Me - 2017 Acoustic a-ha,0.92,0.437,0.188,1.26e-05,0.0988,-10.868,0.0307,103.883,0.223
1283,2026-02-19 08:07:00,John Lennon,Imagine - Remastered 2010,187867,0.052185277777777775,3.1311166666666668,8,2,Thursday,False,2026-02,Imagine - Remastered 2010 John Lennon,0.907,0.547,0.257,0.183,0.0935,-12.358,0.0252,75.752,0.169
1284,2026-02-19 08:11:00,Jamie Duffy,Solas,192594,0.053498333333333335,3.2099,8,2,Thursday,False,2026-02,Solas Jamie Duffy,0.964,0.256,0.335,0.889,0.0932,-16.708,0.0362,85.807,0.35
1285,2026-02-19 08:17:00,Peter Gabriel,My Body Is A Cage,372667,0.10351861111111112,6.211116666666666,8,2,Thursday,False,2026-02,My Body Is A Cage Peter Gabriel,0.849,0.341,0.114,0.0938,0.104,-12.885,0.0341,78.912,0.0806
1286,2026-02-19 08:19:00,Jim Croce,Time in a Bottle,148587,0.04127416666666667,2.47645,8,2,Thursday,False,2026-02,Time in a Bottle Jim Croce,0.888,0.533,0.155,0.0,0.108,-16.837,0.0376,134.019,0.592
1287,2026-02-19 08:24:00,Radiohead,Karma Police,264067,0.07335194444444444,4.401116666666667,8,2,Thursday,False,2026-02,Karma Police Radiohead,0.0638,0.36,0.501,9.32e-05,0.172,-9.129,0.0258,74.807,0.324
1288,2026-02-19 08:27:00,Lorien Testard,Gustave,228000,0.06333333333333334,3.8,8,2,Thursday,False,2026-02,Gustave Lorien Testard,0.955,0.353,0.299,0.862,0.12,-12.835,0.0318,80.135,0.284
1289,2026-02-19 08:28:00,Billie Eilish,hotline (edit),60720,0.016866666666666665,1.012,8,2,Thursday,False,2026-02,hotline (edit) Billie Eilish,0.816,0.516,0.254,0.855,0.189,-16.027,0.0589,56.829,0.304
1290,2026-02-19 08:33:00,Coldplay,Til Kingdom Come,250668,0.06963,4.1778,8,2,Thursday,False,2026-02,Til Kingdom Come Coldplay,0.61,0.607,0.395,0.00768,0.33,-9.593,0.0287,115.068,0.274
1291,2026-02-19 08:38:00,Queen,Who Wants To Live Forever - Remastered 2011,315653,0.08768138888888889,5.260883333333333,8,2,Thursday,False,2026-02,Who Wants To Live Forever - Remastered 2011 Queen,0.544,0.182,0.388,0.00134,0.114,-8.672,0.0324,139.276,0.0392
1292,2026-02-19 08:42:00,Radiohead,No Surprises,229120,0.06364444444444445,3.8186666666666667,8,2,Thursday,False,2026-02,No Surprises Radiohead,0.0577,0.255,0.393,0.00361,0.113,-10.654,0.0278,76.426,0.118
1293,2026-02-19 08:45:00,Low Roar,Bones,169805,0.04716805555555555,2.8300833333333335,8,2,Thursday,False,2026-02,Bones Low Roar,0.25,0.508,0.411,0.00981,0.162,-9.857,0.0386,69.995,0.353
1294,2026-02-19 08:49:00,Eric Clapton,Tears in Heaven - Acoustic Live,280000,0.07777777777777778,4.666666666666667,8,2,Thursday,False,2026-02,Tears in Heaven - Acoustic Live Eric Clapton,0.806,0.694,0.331,0.00235,0.707,-13.0,0.0284,79.055,0.458
1295,2026-02-19 08:53:00,Lorien Testard,Lumière - Lumière à l’Aube,232000,0.06444444444444444,3.8666666666666667,8,2,Thursday,False,2026-02,Lumière - Lumière à l’Aube Lorien Testard,0.881,0.599,0.136,0.855,0.101,-19.403,0.0435,149.849,0.396
1296,2026-02-19 08:57:00,Jackson C. Frank,My Name Is Carnival - 2001 Remaster,224867,0.062463055555555556,3.7477833333333335,8,2,Thursday,False,2026-02,My Name Is Carnival - 2001 Remaster Jackson C. Frank,0.76,0.448,0.37,0.0,0.113,-11.653,0.0273,103.807,0.414
1297,2026-02-19 08:59:00,Harry Nilsson,One,138633,0.038509166666666664,2.31055,8,2,Thursday,False,2026-02,One Harry Nilsson,0.946,0.455,0.063,0.000131,0.1,-21.191,0.0386,125.333,0.208
1298,2026-02-19 09:03:00,James Newton Howard,"The Hanging Tree - From ""The Hunger Games: Mockingjay"" Soundtraclk",218507,0.06069638888888889,3.641783333333333,9,2,Thursday,False,2026-02,"The Hanging Tree - From ""The Hunger Games: Mockingjay"" Soundtraclk James Newton Howard",0.344,0.213,0.0743,3.45e-05,0.212,-18.071,0.0408,53.863,0.145
1299,2026-02-19 09:09:00,The Irrepressibles,In This Shirt,335147,0.0930963888888889,5.5857833333333335,9,2,Thursday,False,2026-02,In This Shirt The Irrepressibles,0.691,0.293,0.394,0.382,0.157,-9.581,0.0299,80.168,0.0384
1300,2026-02-19 09:13:00,Radiohead,Creep - Acoustic,258640,0.07184444444444445,4.310666666666667,9,2,Thursday,False,2026-02,Creep - Acoustic Radiohead,0.557,0.399,0.239,0.000203,0.121,-17.123,0.0407,166.419,0.147
1301,2026-02-19 09:19:00,Eric Clapton,Autumn Leaves,340787,0.09466305555555556,5.679783333333333,9,2,Thursday,False,2026-02,Autumn Leaves Eric Clapton,0.795,0.326,0.188,0.676,0.112,-17.393,0.0363,82.688,0.184
1302,2026-02-19 09:22:00,Enya,May It Be,211067,0.05862972222222222,3.5177833333333335,9,2,Thursday,False,2026-02,May It Be Enya,0.98,0.129,0.179,0.013,0.134,-17.081,0.0459,59.407,0.0735
1303,2026-02-19 09:24:00,The National,The Rains Of Castomere,144253,0.04007027777777778,2.4042166666666667,9,2,Thursday,False,2026-02,The Rains Of Castomere The National,0.637,0.416,0.096,0.135,0.123,-23.069,0.0331,94.685,0.204
1304,2026-02-19 09:31:00,Max Richter,On the Nature of Daylight - Orchestral Version,396067,0.11001861111111111,6.601116666666667,9,2,Thursday,False,2026-02,On the Nature of Daylight - Orchestral Version Max Richter,0.708,0.0608,0.157,0.855,0.123,-15.431,0.0488,60.374,0.0325
1305,2026-02-19 09:36:00,Scott Bradlee's Postmodern Jukebox,Creep,283259,0.07868305555555556,4.720983333333334,9,2,Thursday,False,2026-02,Creep Scott Bradlee's Postmodern Jukebox,0.697,0.292,0.359,1.85e-05,0.108,-9.043,0.0328,177.334,0.228
1306,2026-02-19 09:42:00,Low Roar,Patience,345307,0.09591861111111111,5.755116666666667,9,2,Thursday,False,2026-02,Patience Low Roar,0.882,0.182,0.141,0.728,0.0934,-13.949,0.0374,99.836,0.0388
1307,2026-02-19 09:47:00,Ludovico Einaudi,Experience,315427,0.0876186111111111,5.257116666666667,9,2,Thursday,False,2026-02,Experience Ludovico Einaudi,0.934,0.447,0.449,0.961,0.0697,-10.634,0.0376,92.468,0.036
1308,2026-02-19 09:49:00,Nicholas Britell,"Minuet in C Minor - English Horn - ""I Need You""",15226,0.0042294444444444445,0.25376666666666664,9,2,Thursday,True,2026-02,"Minuet in C Minor - English Horn - ""I Need You"" Nicholas Britell",0.775,0.152,0.172,0.926,0.12,-16.571,0.0363,91.865,0.135
1309,2026-02-19 10:31:00,Ludovico Einaudi,Nuvole Bianche,240270,0.06674166666666667,4.0045,10,2,Thursday,False,2026-02,Nuvole Bianche Ludovico Einaudi,0.961,0.191,0.0582,0.89,0.0941,-25.398,0.0578,132.614,0.0454
1310,2026-02-19 10:33:00,The Beatles,Yesterday - Remastered 2009,125667,0.0349075,2.09445,10,2,Thursday,False,2026-02,Yesterday - Remastered 2009 The Beatles,0.879,0.332,0.179,0.0,0.0886,-11.83,0.0326,96.524,0.315
1311,2026-02-19 10:34:00,Arcane,Wasteland (from the series Arcane League of Legends),24360,0.0067666666666666665,0.406,10,2,Thursday,True,2026-02,Wasteland (from the series Arcane League of Legends) Arcane,0.83,0.428,0.323,4.93e-05,0.113,-10.216,0.0312,139.169,0.189
1312,2026-02-19 10:37:00,Erik Satie,Gymnopédie No. 1,205867,0.05718527777777778,3.4311166666666666,10,2,Thursday,False,2026-02,Gymnopédie No. 1 Erik Satie,0.994,0.468,0.0127,0.937,0.094,-36.856,0.123,72.776,0.356
1313,2026-02-19 14:33:00,Max Richter,She Remembers,229404,0.06372333333333334,3.8234,14,2,Thursday,False,2026-02,She Remembers Max Richter,0.979,0.0602,0.0276,0.962,0.101,-21.52,0.0528,67.561,0.0356
1314,2026-02-20 05:45:00,Ramin Djawadi,Light of the Seven,287834,0.0799538888888889,4.797233333333334,5,2,Friday,False,2026-02,Light of the Seven Ramin Djawadi,0.903,0.273,0.102,0.721,0.268,-16.843,0.0494,120.378,0.0583
1315,2026-02-20 06:00:00,Guns N' Roses,November Rain,23103,0.0064175,0.38505,6,2,Friday,True,2026-02,November Rain Guns N' Roses,0.016,0.294,0.64,0.22,0.112,-9.316,0.0291,79.79,0.226
1316,2026-02-20 06:10:00,Cream,White Room,21542,0.005983888888888889,0.3590333333333333,6,2,Friday,True,2026-02,White Room Cream,0.191,0.553,0.576,0.00664,0.0365,-13.458,0.0304,109.827,0.457
1317,2026-02-20 06:15:00,Kevin Kiner,Ahsoka Leaves,14068,0.003907777777777777,0.23446666666666666,6,2,Friday,True,2026-02,Ahsoka Leaves Kevin Kiner,0.608,0.0754,0.19,0.915,0.126,-16.307,0.036,175.525,0.0391
1318,2026-02-20 06:20:00,Brian Crain,Ballet of the Little Cafe,18495,0.0051375,0.30825,6,2,Friday,True,2026-02,Ballet of the Little Cafe Brian Crain,0.977,0.296,0.131,0.914,0.111,-18.338,0.0376,150.194,0.335
1319,2026-02-20 06:25:00,Nirvana,Marigold,15522,0.004311666666666667,0.2587,6,2,Friday,True,2026-02,Marigold Nirvana,0.126,0.367,0.326,0.000599,0.12,-13.025,0.0395,175.109,0.333
1320,2026-02-20 06:37:00,Nicholas Britell,"Concerto Grosso in C Minor + End Credits - ""You Have To Be A Killer""",25774,0.007159444444444445,0.42956666666666665,6,2,Friday,True,2026-02,"Concerto Grosso in C Minor + End Credits - ""You Have To Be A Killer"" Nicholas Britell",0.614,0.352,0.281,0.932,0.111,-13.878,0.0436,121.769,0.0391
1321,2026-02-20 06:52:00,Ramin Djawadi,Light of the Seven,154250,0.042847222222222224,2.5708333333333333,6,2,Friday,False,2026-02,Light of the Seven Ramin Djawadi,0.903,0.273,0.102,0.721,0.268,-16.843,0.0494,120.378,0.0583
1322,2026-02-20 07:22:00,Ramin Djawadi,Light of the Seven,434845,0.12079027777777777,7.247416666666667,7,2,Friday,False,2026-02,Light of the Seven Ramin Djawadi,0.903,0.273,0.102,0.721,0.268,-16.843,0.0494,120.378,0.0583
1323,2026-02-20 07:24:00,Kurt Cobain,And I Love Her,124920,0.0347,2.082,7,2,Friday,False,2026-02,And I Love Her Kurt Cobain,0.983,0.61,0.287,0.827,0.129,-15.299,0.0328,96.697,0.459
1324,2026-02-20 07:28:00,Wilco,How to Fight Loneliness,232027,0.06445194444444445,3.8671166666666665,7,2,Friday,False,2026-02,How to Fight Loneliness Wilco,0.596,0.692,0.378,0.11,0.134,-12.671,0.0308,123.658,0.4
1325,2026-02-20 07:32:00,Billie Eilish,No Time To Die,242265,0.06729583333333333,4.03775,7,2,Friday,False,2026-02,No Time To Die Billie Eilish,0.824,0.227,0.125,0.00575,0.0794,-19.111,0.0416,77.651,0.0396
1326,2026-02-20 07:36:00,Hoobastank,The Reason,232800,0.06466666666666666,3.88,7,2,Friday,False,2026-02,The Reason Hoobastank,0.199,0.561,0.595,6.47e-05,0.132,-4.53,0.0274,104.006,0.144
1327,2026-02-20 07:40:00,Billie Eilish,No Time To Die,0,0.0,0.0,7,2,Friday,True,2026-02,No Time To Die Billie Eilish,0.824,0.227,0.125,0.00575,0.0794,-19.111,0.0416,77.651,0.0396
1328,2026-02-20 07:40:00,Damien Rice,The Blower's Daughter,248790,0.06910833333333333,4.1465,7,2,Friday,False,2026-02,The Blower's Daughter Damien Rice,0.134,0.342,0.2,0.000153,0.341,-13.569,0.0324,133.113,0.0743
1329,2026-02-20 10:41:00,Billie Eilish,No Time To Die,9468,0.00263,0.1578,10,2,Friday,True,2026-02,No Time To Die Billie Eilish,0.824,0.227,0.125,0.00575,0.0794,-19.111,0.0416,77.651,0.0396
1330,2026-02-21 08:28:00,Els Amics De Les Arts,Cada Cel,159,4.4166666666666665e-05,0.00265,8,2,Saturday,True,2026-02,Cada Cel Els Amics De Les Arts,0.231,0.672,0.59,0.00187,0.116,-8.566,0.0323,160.034,0.59
1331,2026-02-22 08:05:00,Ryan Gosling,I'm Just Ken,25457,0.007071388888888889,0.42428333333333335,8,2,Sunday,True,2026-02,I'm Just Ken Ryan Gosling,0.0264,0.352,0.628,4.74e-05,0.0952,-6.259,0.0428,140.431,0.387
1332,2026-02-22 08:30:00,Stan Rogers,Free In The Harbour,17878,0.004966111111111111,0.29796666666666666,8,2,Sunday,True,2026-02,Free In The Harbour Stan Rogers,0.717,0.374,0.252,6.76e-06,0.183,-15.056,0.0298,153.585,0.398
1333,2026-02-22 22:39:00,Stan Rogers,Free In The Harbour,8742,0.002428333333333333,0.1457,22,2,Sunday,True,2026-02,Free In The Harbour Stan Rogers,0.717,0.374,0.252,6.76e-06,0.183,-15.056,0.0298,153.585,0.398
1334,2026-02-23 06:00:00,Pink Floyd,Wish You Were Here,51896,0.014415555555555555,0.8649333333333333,6,2,Monday,False,2026-02,Wish You Were Here Pink Floyd,0.735,0.481,0.262,0.0114,0.832,-15.73,0.0414,122.861,0.375
1335,2026-02-23 06:15:00,Barbie Sailers,No Time to Die,13840,0.0038444444444444446,0.23066666666666666,6,2,Monday,True,2026-02,No Time to Die Barbie Sailers,0.0167,0.357,0.686,0.000351,0.187,-6.395,0.0541,143.638,0.186
1336,2026-02-23 06:20:00,‘Jesus Christ Superstar’ 1996 London Cast,Peter's Denial - Remastered 2005,12607,0.0035019444444444442,0.21011666666666667,6,2,Monday,True,2026-02,Peter's Denial - Remastered 2005 ‘Jesus Christ Superstar’ 1996 London Cast,,,,,,,,,
1337,2026-02-23 06:30:00,Nicholas Britell,"Theme Variation - Piano, Orchestra, 808",11337,0.003149166666666667,0.18895,6,2,Monday,True,2026-02,"Theme Variation - Piano, Orchestra, 808 Nicholas Britell",0.674,0.317,0.287,0.927,0.128,-13.928,0.0406,142.08,0.0382
1338,2026-02-23 06:44:00,Evan Rachel Wood,"It Won't Be Long - From ""Across The Universe"" Soundtrack",12751,0.0035419444444444444,0.21251666666666666,6,2,Monday,True,2026-02,"It Won't Be Long - From ""Across The Universe"" Soundtrack Evan Rachel Wood",0.118,0.588,0.61,0.0,0.165,-4.433,0.0273,136.094,0.539
1339,2026-02-23 09:51:00,Billie Eilish,No Time To Die,20317,0.005643611111111111,0.3386166666666667,9,2,Monday,True,2026-02,No Time To Die Billie Eilish,0.824,0.227,0.125,0.00575,0.0794,-19.111,0.0416,77.651,0.0396
1340,2026-02-23 14:54:00,Evan Rachel Wood,"It Won't Be Long - From ""Across The Universe"" Soundtrack",124010,0.03444722222222222,2.0668333333333333,14,2,Monday,False,2026-02,"It Won't Be Long - From ""Across The Universe"" Soundtrack Evan Rachel Wood",0.118,0.588,0.61,0.0,0.165,-4.433,0.0273,136.094,0.539
1341,2026-02-23 14:54:00,Hoobastank,The Reason,1027,0.0002852777777777778,0.017116666666666665,14,2,Monday,True,2026-02,The Reason Hoobastank,0.199,0.561,0.595,6.47e-05,0.132,-4.53,0.0274,104.006,0.144
1342,2026-02-23 14:57:00,Childish Gambino,Lithonia,179320,0.04981111111111111,2.9886666666666666,14,2,Monday,False,2026-02,Lithonia Childish Gambino,0.0948,0.415,0.383,0.0,0.118,-7.629,0.0287,140.102,0.172
1343,2026-02-23 15:00:00,Geek Music,"Lithonia (From ""Daredevil: Born Again Trailer"") - Epic Version",179714,0.04992055555555556,2.995233333333333,15,2,Monday,False,2026-02,"Lithonia (From ""Daredevil: Born Again Trailer"") - Epic Version Geek Music",,,,,,,,,
1344,2026-02-23 15:07:00,Leiki Ueda,Pirates of the Caribbean Piano Suite,392928,0.10914666666666667,6.5488,15,2,Monday,False,2026-02,Pirates of the Caribbean Piano Suite Leiki Ueda,0.978,0.278,0.256,0.872,0.104,-17.365,0.0392,67.986,0.146
1345,2026-02-23 15:10:00,Lorne Balfe,Pirates of the Caribbean Suite: Part 1,198850,0.05523611111111111,3.3141666666666665,15,2,Monday,False,2026-02,Pirates of the Caribbean Suite: Part 1 Lorne Balfe,0.168,0.278,0.486,0.841,0.119,-15.074,0.0439,97.346,0.129
1346,2026-02-23 15:13:00,Lorne Balfe,Pirates of the Caribbean Suite: Part 2,164432,0.04567555555555555,2.7405333333333335,15,2,Monday,False,2026-02,Pirates of the Caribbean Suite: Part 2 Lorne Balfe,0.0491,0.315,0.64,0.0495,0.0838,-12.18,0.0685,97.538,0.151
1347,2026-02-23 15:20:00,Hans Zimmer,"Pirates of The Caribbean Orchestra Suite: Part 1, I Don't Think Now Is The Best Time / At Wit's End - Live",425458,0.11818277777777778,7.090966666666667,15,2,Monday,False,2026-02,"Pirates of The Caribbean Orchestra Suite: Part 1, I Don't Think Now Is The Best Time / At Wit's End - Live Hans Zimmer",0.00416,0.228,0.675,0.798,0.105,-10.955,0.0639,135.154,0.0705
1348,2026-02-23 15:23:00,Hans Zimmer,"Pirates of The Caribbean Orchestra Suite: Part 2, Drink Up Me Hearties Yo Ho - Live",170753,0.04743138888888889,2.8458833333333335,15,2,Monday,False,2026-02,"Pirates of The Caribbean Orchestra Suite: Part 2, Drink Up Me Hearties Yo Ho - Live Hans Zimmer",0.00202,0.233,0.565,0.881,0.709,-10.614,0.0474,97.538,0.0836
1349,2026-02-23 15:26:00,Steve Mazzaro,No Time To Die Suite: Part 1,186570,0.051825,3.1095,15,2,Monday,False,2026-02,No Time To Die Suite: Part 1 Steve Mazzaro,0.38,0.161,0.161,0.839,0.131,-18.541,0.0333,141.988,0.0379
1350,2026-02-23 15:29:00,Steve Mazzaro,"No Time To Die Suite: Part 2, Final Ascent",169180,0.04699444444444444,2.8196666666666665,15,2,Monday,False,2026-02,"No Time To Die Suite: Part 2, Final Ascent Steve Mazzaro",0.062,0.137,0.284,0.82,0.236,-17.632,0.037,88.612,0.0341
1351,2026-02-23 15:31:00,Hans Zimmer,Sherlock Holmes Suite: Part 1,122176,0.033937777777777775,2.0362666666666667,15,2,Monday,False,2026-02,Sherlock Holmes Suite: Part 1 Hans Zimmer,0.439,0.298,0.281,0.708,0.275,-20.597,0.0622,130.836,0.141
1352,2026-02-23 15:37:00,Hans Zimmer,Sherlock Holmes Suite: Part 2,357724,0.09936777777777778,5.962066666666667,15,2,Monday,False,2026-02,Sherlock Holmes Suite: Part 2 Hans Zimmer,0.133,0.344,0.631,0.906,0.145,-13.77,0.0467,141.951,0.38
1353,2026-02-23 15:40:00,Steve Mazzaro,No Time To Die Suite: Part 1,186570,0.051825,3.1095,15,2,Monday,False,2026-02,No Time To Die Suite: Part 1 Steve Mazzaro,0.38,0.161,0.161,0.839,0.131,-18.541,0.0333,141.988,0.0379
1354,2026-02-23 15:43:00,Steve Mazzaro,"No Time To Die Suite: Part 2, Final Ascent",169180,0.04699444444444444,2.8196666666666665,15,2,Monday,False,2026-02,"No Time To Die Suite: Part 2, Final Ascent Steve Mazzaro",0.062,0.137,0.284,0.82,0.236,-17.632,0.037,88.612,0.0341
1355,2026-02-23 15:47:00,Hans Zimmer,"Pirates of the Caribbean Suite: Part 1 ""Jack Sparrow"" - Live",251180,0.06977222222222222,4.186333333333334,15,2,Monday,False,2026-02,"Pirates of the Caribbean Suite: Part 1 ""Jack Sparrow"" - Live Hans Zimmer",0.022,0.282,0.566,0.807,0.225,-13.43,0.0702,91.547,0.372
1356,2026-02-23 16:04:00,Hans Zimmer,Pirates of the Caribbean Suite: Part 2 - Live,266900,0.07413888888888889,4.448333333333333,16,2,Monday,False,2026-02,Pirates of the Caribbean Suite: Part 2 - Live Hans Zimmer,0.0428,0.0987,0.119,0.326,0.337,-18.709,0.0329,84.529,0.0577
1357,2026-02-24 06:00:00,Leonard Cohen,Hallelujah,28058,0.007793888888888889,0.46763333333333335,6,2,Tuesday,True,2026-02,Hallelujah Leonard Cohen,0.583,0.293,0.408,0.000706,0.101,-10.039,0.0279,171.413,0.247
1358,2026-02-24 06:15:00,One Piano,Writing's on the Wall,8351,0.002319722222222222,0.13918333333333333,6,2,Tuesday,True,2026-02,Writing's on the Wall One Piano,,,,,,,,,
1359,2026-02-24 06:20:00,Hans Zimmer,Pirates of the Caribbean Suite: Part 3 - Live,14866,0.004129444444444444,0.24776666666666666,6,2,Tuesday,True,2026-02,Pirates of the Caribbean Suite: Part 3 - Live Hans Zimmer,0.0205,0.249,0.589,0.93,0.73,-13.816,0.0771,97.515,0.0895
1360,2026-02-24 06:30:00,Metallica,Mama Said - Remastered,13106,0.0036405555555555557,0.21843333333333334,6,2,Tuesday,True,2026-02,Mama Said - Remastered Metallica,,,,,,,,,
1361,2026-02-24 06:40:00,Eagles,Hotel California - 2013 Remaster,606,0.00016833333333333332,0.0101,6,2,Tuesday,True,2026-02,Hotel California - 2013 Remaster Eagles,0.00574,0.579,0.508,0.000494,0.0575,-9.484,0.027,147.125,0.609
1362,2026-02-24 06:56:00,The Tender Box,"Spectacular Spider-Man Theme Song (From ""The Spectacular Spider-Man"")",7864,0.0021844444444444446,0.13106666666666666,6,2,Tuesday,True,2026-02,"Spectacular Spider-Man Theme Song (From ""The Spectacular Spider-Man"") The Tender Box",,,,,,,,,
1363,2026-02-24 07:25:00,Leonard Cohen,Hallelujah,251845,0.06995694444444445,4.197416666666666,7,2,Tuesday,False,2026-02,Hallelujah Leonard Cohen,0.583,0.293,0.408,0.000706,0.101,-10.039,0.0279,171.413,0.247
1364,2026-02-24 07:30:00,Hans Zimmer,Pirates of the Caribbean Suite: Part 3 - Live,285259,0.0792386111111111,4.754316666666667,7,2,Tuesday,False,2026-02,Pirates of the Caribbean Suite: Part 3 - Live Hans Zimmer,0.0205,0.249,0.589,0.93,0.73,-13.816,0.0771,97.515,0.0895
1365,2026-02-24 07:36:00,Hans Zimmer,No Time To Die Suite - Live,350608,0.09739111111111111,5.843466666666667,7,2,Tuesday,False,2026-02,No Time To Die Suite - Live Hans Zimmer,0.00243,0.491,0.857,0.764,0.847,-10.158,0.0798,135.819,0.126
1366,2026-02-24 07:40:00,L'Orchestra Cinematique,"Marry Me (from ""At World's End"") - Epic Version",266880,0.07413333333333333,4.448,7,2,Tuesday,False,2026-02,"Marry Me (from ""At World's End"") - Epic Version L'Orchestra Cinematique",,,,,,,,,
1367,2026-02-24 07:44:00,Hans Zimmer,One Day,241560,0.0671,4.026,7,2,Tuesday,False,2026-02,One Day Hans Zimmer,0.688,0.173,0.306,0.924,0.106,-16.531,0.0417,82.348,0.0358
1368,2026-02-24 07:49:00,Hans Zimmer,"Pirates of the Caribbean Suite: Part 1 ""Jack Sparrow"" - Live",251180,0.06977222222222222,4.186333333333334,7,2,Tuesday,False,2026-02,"Pirates of the Caribbean Suite: Part 1 ""Jack Sparrow"" - Live Hans Zimmer",0.022,0.282,0.566,0.807,0.225,-13.43,0.0702,91.547,0.372
1369,2026-02-24 08:30:00,Hans Zimmer,Pirates of the Caribbean Suite: Part 2 - Live,299211,0.08311416666666667,4.98685,8,2,Tuesday,False,2026-02,Pirates of the Caribbean Suite: Part 2 - Live Hans Zimmer,0.0428,0.0987,0.119,0.326,0.337,-18.709,0.0329,84.529,0.0577
1370,2026-02-24 08:35:00,Hans Zimmer,Pirates of the Caribbean Suite: Part 3 - Live,285259,0.0792386111111111,4.754316666666667,8,2,Tuesday,False,2026-02,Pirates of the Caribbean Suite: Part 3 - Live Hans Zimmer,0.0205,0.249,0.589,0.93,0.73,-13.816,0.0771,97.515,0.0895
1371,2026-02-24 08:38:00,Steve Mazzaro,No Time To Die Suite: Part 1,186570,0.051825,3.1095,8,2,Tuesday,False,2026-02,No Time To Die Suite: Part 1 Steve Mazzaro,0.38,0.161,0.161,0.839,0.131,-18.541,0.0333,141.988,0.0379
1372,2026-02-24 08:41:00,Steve Mazzaro,"No Time To Die Suite: Part 2, Final Ascent",169180,0.04699444444444444,2.8196666666666665,8,2,Tuesday,False,2026-02,"No Time To Die Suite: Part 2, Final Ascent Steve Mazzaro",0.062,0.137,0.284,0.82,0.236,-17.632,0.037,88.612,0.0341
1373,2026-02-24 08:45:00,Billie Eilish,No Time To Die,242265,0.06729583333333333,4.03775,8,2,Tuesday,False,2026-02,No Time To Die Billie Eilish,0.824,0.227,0.125,0.00575,0.0794,-19.111,0.0416,77.651,0.0396
1374,2026-02-24 08:49:00,Piano ZeroL,No Time to Die (Piano),228000,0.06333333333333334,3.8,8,2,Tuesday,False,2026-02,No Time to Die (Piano) Piano ZeroL,0.993,0.545,0.0205,0.928,0.0915,-29.564,0.0648,75.82,0.185
1375,2026-02-24 08:51:00,2Hooks,No Time to Die - Epic Suite Version,171935,0.047759722222222224,2.8655833333333334,8,2,Tuesday,False,2026-02,No Time to Die - Epic Suite Version 2Hooks,0.031,0.086,0.599,0.783,0.164,-10.332,0.0498,179.808,0.035
1376,2026-02-24 14:53:00,Hans Zimmer,Sherlock Holmes Suite: Part 1,3860,0.0010722222222222222,0.06433333333333334,14,2,Tuesday,True,2026-02,Sherlock Holmes Suite: Part 1 Hans Zimmer,0.439,0.298,0.281,0.708,0.275,-20.597,0.0622,130.836,0.141
1377,2026-02-24 14:54:00,Hans Zimmer,Pirates of the Caribbean Suite: Part 2 - Live,127671,0.035464166666666665,2.12785,14,2,Tuesday,False,2026-02,Pirates of the Caribbean Suite: Part 2 - Live Hans Zimmer,0.0428,0.0987,0.119,0.326,0.337,-18.709,0.0329,84.529,0.0577
1378,2026-02-24 14:59:00,Hans Zimmer,Pirates of the Caribbean Suite: Part 3 - Live,285259,0.0792386111111111,4.754316666666667,14,2,Tuesday,False,2026-02,Pirates of the Caribbean Suite: Part 3 - Live Hans Zimmer,0.0205,0.249,0.589,0.93,0.73,-13.816,0.0771,97.515,0.0895
1379,2026-02-24 15:02:00,Steve Mazzaro,No Time To Die Suite: Part 1,186570,0.051825,3.1095,15,2,Tuesday,False,2026-02,No Time To Die Suite: Part 1 Steve Mazzaro,0.38,0.161,0.161,0.839,0.131,-18.541,0.0333,141.988,0.0379
1380,2026-02-24 15:05:00,Steve Mazzaro,"No Time To Die Suite: Part 2, Final Ascent",169180,0.04699444444444444,2.8196666666666665,15,2,Tuesday,False,2026-02,"No Time To Die Suite: Part 2, Final Ascent Steve Mazzaro",0.062,0.137,0.284,0.82,0.236,-17.632,0.037,88.612,0.0341
1381,2026-02-24 15:09:00,Billie Eilish,No Time To Die,242265,0.06729583333333333,4.03775,15,2,Tuesday,False,2026-02,No Time To Die Billie Eilish,0.824,0.227,0.125,0.00575,0.0794,-19.111,0.0416,77.651,0.0396
1382,2026-02-24 15:13:00,Piano ZeroL,No Time to Die (Piano),228000,0.06333333333333334,3.8,15,2,Tuesday,False,2026-02,No Time to Die (Piano) Piano ZeroL,0.993,0.545,0.0205,0.928,0.0915,-29.564,0.0648,75.82,0.185
1383,2026-02-24 15:21:00,2Hooks,No Time to Die - Epic Suite Version,41509,0.011530277777777778,0.6918166666666666,15,2,Tuesday,False,2026-02,No Time to Die - Epic Suite Version 2Hooks,0.031,0.086,0.599,0.783,0.164,-10.332,0.0498,179.808,0.035
1384,2026-02-24 15:23:00,Hans Zimmer,Sherlock Holmes Suite: Part 1,122176,0.033937777777777775,2.0362666666666667,15,2,Tuesday,False,2026-02,Sherlock Holmes Suite: Part 1 Hans Zimmer,0.439,0.298,0.281,0.708,0.275,-20.597,0.0622,130.836,0.141
1385,2026-02-24 15:29:00,Hans Zimmer,Sherlock Holmes Suite: Part 2,357724,0.09936777777777778,5.962066666666667,15,2,Tuesday,False,2026-02,Sherlock Holmes Suite: Part 2 Hans Zimmer,0.133,0.344,0.631,0.906,0.145,-13.77,0.0467,141.951,0.38
1386,2026-02-24 16:23:00,Patrik Pietschmann,"One Day (From ""Pirates of the Caribbean 3"") - Piano Version",235488,0.06541333333333334,3.9248,16,2,Tuesday,False,2026-02,"One Day (From ""Pirates of the Caribbean 3"") - Piano Version Patrik Pietschmann",0.976,0.369,0.128,0.876,0.0872,-18.472,0.0395,125.836,0.0536
1387,2026-02-24 16:26:00,Music Lab Collective,Final Ascent (arr. piano),174421,0.04845027777777778,2.907016666666667,16,2,Tuesday,False,2026-02,Final Ascent (arr. piano) Music Lab Collective,0.982,0.33,0.0418,0.907,0.0689,-24.593,0.0491,121.04,0.0557
1388,2026-02-24 16:37:00,Hans Zimmer,Final Ascent,53851,0.014958611111111112,0.8975166666666666,16,2,Tuesday,False,2026-02,Final Ascent Hans Zimmer,0.159,0.203,0.0935,0.806,0.0883,-15.575,0.0344,41.858,0.0346
1389,2026-02-24 16:39:00,Skid Row,18 and Life,0,0.0,0.0,16,2,Tuesday,True,2026-02,18 and Life Skid Row,0.000384,0.457,0.794,7.18e-05,0.131,-6.624,0.0298,90.439,0.354
1390,2026-02-24 16:39:00,Hans Zimmer,Final Ascent,60142,0.016706111111111113,1.0023666666666666,16,2,Tuesday,False,2026-02,Final Ascent Hans Zimmer,0.159,0.203,0.0935,0.806,0.0883,-15.575,0.0344,41.858,0.0346
1391,2026-02-24 16:45:00,Laurie Théberge,Final Ascent (No Time To Die) - Piano Version,365000,0.10138888888888889,6.083333333333333,16,2,Tuesday,False,2026-02,Final Ascent (No Time To Die) - Piano Version Laurie Théberge,,,,,,,,,
1392,2026-02-24 16:55:00,Solar Flare Piano,Final Ascent,438696,0.12186,7.3116,16,2,Tuesday,False,2026-02,Final Ascent Solar Flare Piano,,,,,,,,,
1393,2026-02-25 05:45:00,Piano Master Music,"Final Ascent (From ""No Time To Die"") - Piano + Orchestra",45927,0.0127575,0.76545,5,2,Wednesday,False,2026-02,"Final Ascent (From ""No Time To Die"") - Piano + Orchestra Piano Master Music",,,,,,,,,
1394,2026-02-25 06:00:00,Anna Roig,Tant de bo fossis aquí,36396,0.01011,0.6066,6,2,Wednesday,False,2026-02,Tant de bo fossis aquí Anna Roig,0.833,0.554,0.0972,0.00101,0.107,-19.099,0.288,58.853,0.155
1395,2026-02-25 06:10:00,Metallica,Wherever I May Roam - Remastered 2021,9215,0.0025597222222222223,0.15358333333333332,6,2,Wednesday,True,2026-02,Wherever I May Roam - Remastered 2021 Metallica,0.000617,0.537,0.831,0.000571,0.117,-7.467,0.0364,131.384,0.351
1396,2026-02-25 06:15:00,Els Amics De Les Arts,Les Coses,11073,0.003075833333333333,0.18455,6,2,Wednesday,True,2026-02,Les Coses Els Amics De Les Arts,0.0948,0.638,0.717,6.1e-06,0.175,-5.424,0.0368,121.033,0.67
1397,2026-02-25 06:47:00,Chris Cornell,"You Know My Name - From ""Casino Royale"" Soundtrack",8198,0.002277222222222222,0.13663333333333333,6,2,Wednesday,True,2026-02,"You Know My Name - From ""Casino Royale"" Soundtrack Chris Cornell",0.0207,0.366,0.869,0.0,0.254,-3.316,0.0387,138.051,0.384
1398,2026-02-25 07:14:00,Lorien Testard,L'Amour d'une Mère,597,0.00016583333333333334,0.00995,7,2,Wednesday,True,2026-02,L'Amour d'une Mère Lorien Testard,0.956,0.393,0.176,0.24,0.122,-16.833,0.0347,108.044,0.139
1399,2026-02-25 07:18:00,Phillip Phillips,"Gone, Gone, Gone",209693,0.05824805555555555,3.494883333333333,7,2,Wednesday,False,2026-02,"Gone, Gone, Gone Phillip Phillips",0.129,0.664,0.642,0.0,0.114,-5.961,0.038,118.006,0.501
1400,2026-02-25 07:21:00,Hans Zimmer,No Time To Die Suite: Part 1,186573,0.051825833333333335,3.10955,7,2,Wednesday,False,2026-02,No Time To Die Suite: Part 1 Hans Zimmer,0.38,0.161,0.161,0.839,0.131,-18.541,0.0333,141.988,0.0379
1401,2026-02-25 07:24:00,Hans Zimmer,"No Time To Die Suite: Part 2, Final Ascent",169173,0.0469925,2.81955,7,2,Wednesday,False,2026-02,"No Time To Die Suite: Part 2, Final Ascent Hans Zimmer",0.062,0.137,0.284,0.82,0.236,-17.632,0.037,88.612,0.0341
1402,2026-02-25 07:29:00,Michael Giacchino,Jyn Erso & Hope Suite,351667,0.09768527777777777,5.861116666666667,7,2,Wednesday,False,2026-02,Jyn Erso & Hope Suite Michael Giacchino,0.853,0.134,0.117,0.925,0.328,-17.025,0.0391,71.9,0.0355
1403,2026-02-25 07:31:00,Mercuzio Pianist,"J'y suis jamais allé - Theme from ""Amelie""",91040,0.02528888888888889,1.5173333333333334,7,2,Wednesday,False,2026-02,"J'y suis jamais allé - Theme from ""Amelie"" Mercuzio Pianist",0.964,0.517,0.41,0.924,0.119,-17.598,0.0393,105.034,0.317
1404,2026-02-25 07:33:00,Jacob's Piano,"Comptine d'un autre été: l'Après-midi (from ""Amélie"")",146000,0.04055555555555555,2.433333333333333,7,2,Wednesday,False,2026-02,"Comptine d'un autre été: l'Après-midi (from ""Amélie"") Jacob's Piano",0.988,0.479,0.0764,0.918,0.0789,-23.448,0.0325,98.178,0.118
1405,2026-02-25 07:37:00,Tom Odell,Another Love,244360,0.06787777777777777,4.072666666666667,7,2,Wednesday,False,2026-02,Another Love Tom Odell,0.695,0.445,0.537,1.65e-05,0.0944,-8.532,0.04,122.769,0.131
1406,2026-02-25 07:41:00,Katherine Cordova,Lumière (piano solo) [from Clair Obscur: Expedition 33),220500,0.06125,3.675,7,2,Wednesday,False,2026-02,Lumière (piano solo) [from Clair Obscur: Expedition 33) Katherine Cordova,,,,,,,,,
1407,2026-02-25 07:46:00,Shion Miyawaki,月光,293533,0.08153694444444444,4.892216666666667,7,2,Wednesday,False,2026-02,月光 Shion Miyawaki,0.962,0.516,0.258,7.58e-06,0.0959,-7.627,0.0273,75.051,0.237
1408,2026-02-25 07:47:00,David Arnold,Irene's Theme,42933,0.011925833333333333,0.71555,7,2,Wednesday,False,2026-02,Irene's Theme David Arnold,,,,,,,,,
1409,2026-02-25 07:53:00,Peter Gabriel,My Body Is A Cage,372667,0.10351861111111112,6.211116666666666,7,2,Wednesday,False,2026-02,My Body Is A Cage Peter Gabriel,0.849,0.341,0.114,0.0938,0.104,-12.885,0.0341,78.912,0.0806
1410,2026-02-25 07:56:00,Murray Gold,The Sad Man With A Box,198387,0.0551075,3.30645,7,2,Wednesday,False,2026-02,The Sad Man With A Box Murray Gold,,,,,,,,,
1411,2026-02-25 07:59:00,Jartisto,Bundle of Joy,174328,0.048424444444444444,2.905466666666667,7,2,Wednesday,False,2026-02,Bundle of Joy Jartisto,0.98,0.461,0.0605,0.947,0.0929,-30.646,0.0926,126.556,0.195
1412,2026-02-25 08:03:00,Meryl Streep,Slipping Through My Fingers - From 'Mamma Mia!' Original Motion Picture Soundtrack,230893,0.06413694444444444,3.8482166666666666,8,2,Wednesday,False,2026-02,Slipping Through My Fingers - From 'Mamma Mia!' Original Motion Picture Soundtrack Meryl Streep,0.507,0.463,0.489,0.0,0.165,-7.968,0.0288,140.034,0.249
1413,2026-02-25 08:09:00,Laurie Théberge,Final Ascent (No Time To Die) - Piano Version,365000,0.10138888888888889,6.083333333333333,8,2,Wednesday,False,2026-02,Final Ascent (No Time To Die) - Piano Version Laurie Théberge,,,,,,,,,
1414,2026-02-25 08:13:00,Skid Row,18 and Life,229960,0.06387777777777778,3.832666666666667,8,2,Wednesday,False,2026-02,18 and Life Skid Row,0.000384,0.457,0.794,7.18e-05,0.131,-6.624,0.0298,90.439,0.354
1415,2026-02-25 08:16:00,Gustavo Santaolalla,The Apology Song Latino Americano,152187,0.04227416666666667,2.53645,8,2,Wednesday,False,2026-02,The Apology Song Latino Americano Gustavo Santaolalla,0.808,0.693,0.365,0.00178,0.131,-10.797,0.064,120.559,0.798
1416,2026-02-25 08:18:00,The Meridian Studio Ensemble,The Woman - Series 2,154025,0.042784722222222224,2.567083333333333,8,2,Wednesday,False,2026-02,The Woman - Series 2 The Meridian Studio Ensemble,0.845,0.347,0.0466,0.926,0.104,-24.043,0.0332,121.899,0.142
1417,2026-02-25 08:22:00,Lorien Testard,Gustave,228000,0.06333333333333334,3.8,8,2,Wednesday,False,2026-02,Gustave Lorien Testard,0.955,0.353,0.299,0.862,0.12,-12.835,0.0318,80.135,0.284
1418,2026-02-25 08:26:00,David Arnold,SHERlocked,224187,0.062274166666666665,3.73645,8,2,Wednesday,False,2026-02,SHERlocked David Arnold,,,,,,,,,
1419,2026-02-25 08:31:00,David Arnold,The Problems of Your Future,332680,0.09241111111111111,5.544666666666667,8,2,Wednesday,False,2026-02,The Problems of Your Future David Arnold,,,,,,,,,
1420,2026-02-25 08:36:00,Megadeth,A Tout Le Monde - Remastered 2004,262133,0.07281472222222223,4.368883333333334,8,2,Wednesday,False,2026-02,A Tout Le Monde - Remastered 2004 Megadeth,0.000305,0.337,0.814,1.74e-05,0.162,-3.466,0.039,202.726,0.343
1421,2026-02-25 08:39:00,Els Pets,Blue tack,219106,0.06086277777777778,3.6517666666666666,8,2,Wednesday,False,2026-02,Blue tack Els Pets,0.749,0.694,0.519,6.7e-05,0.122,-7.863,0.0283,126.077,0.56
1422,2026-02-25 09:30:00,Ludovico Einaudi,Experience,315427,0.0876186111111111,5.257116666666667,9,2,Wednesday,False,2026-02,Experience Ludovico Einaudi,0.934,0.447,0.449,0.961,0.0697,-10.634,0.0376,92.468,0.036
1423,2026-02-25 09:33:00,Aaron Lohr,Will I,166333,0.04620361111111111,2.7722166666666666,9,2,Wednesday,False,2026-02,Will I Aaron Lohr,0.457,0.157,0.382,0.0,0.167,-8.875,0.0313,178.017,0.38
1424,2026-02-25 09:38:00,Murray Gold,Doomsday,309707,0.08602972222222222,5.161783333333333,9,2,Wednesday,False,2026-02,Doomsday Murray Gold,,,,,,,,,
1425,2026-02-25 09:41:00,Murray Gold,Same Old Day,193133,0.05364805555555555,3.2188833333333333,9,2,Wednesday,False,2026-02,Same Old Day Murray Gold,,,,,,,,,
1426,2026-02-25 09:42:00,Mercuzio Pianist,J'y suis jamais allé - From ''Amelie'',63831,0.017730833333333335,1.06385,9,2,Wednesday,False,2026-02,J'y suis jamais allé - From ''Amelie'' Mercuzio Pianist,0.964,0.517,0.41,0.924,0.119,-17.598,0.0393,105.034,0.317
1427,2026-02-25 09:46:00,Hoobastank,The Reason,232800,0.06466666666666666,3.88,9,2,Wednesday,False,2026-02,The Reason Hoobastank,0.199,0.561,0.595,6.47e-05,0.132,-4.53,0.0274,104.006,0.144
1428,2026-02-25 09:48:00,Murray Gold,Infinite Potential,125973,0.0349925,2.09955,9,2,Wednesday,False,2026-02,Infinite Potential Murray Gold,,,,,,,,,
1429,2026-02-25 09:52:00,David Arnold,Prepared to do Anything,258933,0.07192583333333333,4.31555,9,2,Wednesday,False,2026-02,Prepared to do Anything David Arnold,,,,,,,,,
1430,2026-02-25 09:55:00,Nàiade,J'y suis jamais allé,162680,0.04518888888888889,2.711333333333333,9,2,Wednesday,False,2026-02,J'y suis jamais allé Nàiade,0.932,0.75,0.385,0.0102,0.0547,-11.351,0.0428,83.99,0.615
1431,2026-02-25 09:58:00,David Arnold,Deduction and Deception,165227,0.04589638888888889,2.7537833333333332,9,2,Wednesday,False,2026-02,Deduction and Deception David Arnold,,,,,,,,,
1432,2026-02-25 10:05:00,Hans Zimmer,Final Ascent,445400,0.12372222222222222,7.423333333333333,10,2,Wednesday,False,2026-02,Final Ascent Hans Zimmer,0.159,0.203,0.0935,0.806,0.0883,-15.575,0.0344,41.858,0.0346
1433,2026-02-25 10:08:00,Adam Pascal,One Song Glory,166840,0.046344444444444445,2.780666666666667,10,2,Wednesday,False,2026-02,One Song Glory Adam Pascal,0.201,0.648,0.475,0.0,0.127,-7.301,0.118,143.599,0.267
1434,2026-02-25 10:11:00,Gustavo Santaolalla,The Apology Song Demo,171653,0.04768138888888889,2.8608833333333332,10,2,Wednesday,False,2026-02,The Apology Song Demo Gustavo Santaolalla,0.895,0.705,0.0898,1.15e-05,0.104,-16.627,0.0739,93.96,0.235
1435,2026-02-25 10:22:00,Lorien Testard,Une vie à t'aimer,660000,0.18333333333333332,11.0,10,2,Wednesday,False,2026-02,Une vie à t'aimer Lorien Testard,0.0634,0.16,0.862,3.65e-06,0.366,-4.397,0.288,179.986,0.0652
1436,2026-02-25 10:25:00,Music Lab Collective,Final Ascent (arr. piano),174421,0.04845027777777778,2.907016666666667,10,2,Wednesday,False,2026-02,Final Ascent (arr. piano) Music Lab Collective,0.982,0.33,0.0418,0.907,0.0689,-24.593,0.0491,121.04,0.0557
1437,2026-02-25 10:29:00,Riyandi Kusuma,Another Love (Piano Version),247697,0.06880472222222223,4.128283333333333,10,2,Wednesday,False,2026-02,Another Love (Piano Version) Riyandi Kusuma,0.979,0.412,0.229,0.904,0.153,-17.6,0.0481,120.462,0.0585
1438,2026-02-25 10:31:00,Murray Gold,Vale - 2,97373,0.027048055555555554,1.6228833333333332,10,2,Wednesday,False,2026-02,Vale - 2 Murray Gold,,,,,,,,,
1439,2026-02-25 10:34:00,Lorien Testard,Gustave,228000,0.06333333333333334,3.8,10,2,Wednesday,False,2026-02,Gustave Lorien Testard,0.955,0.353,0.299,0.862,0.12,-12.835,0.0318,80.135,0.284
1440,2026-02-25 10:39:00,Rosario Dawson,Without You,256747,0.07131861111111111,4.279116666666667,10,2,Wednesday,False,2026-02,Without You Rosario Dawson,0.15,0.537,0.585,0.000473,0.106,-6.158,0.0317,124.051,0.12
1441,2026-02-25 10:42:00,Hans Zimmer,Day One (Interstellar Theme),199423,0.05539527777777778,3.323716666666667,10,2,Wednesday,False,2026-02,Day One (Interstellar Theme) Hans Zimmer,0.927,0.311,0.0173,0.964,0.0727,-27.788,0.0348,95.985,0.0658
1442,2026-02-25 10:43:00,Murray Gold,Clara's Diner,82520,0.022922222222222222,1.3753333333333333,10,2,Wednesday,False,2026-02,Clara's Diner Murray Gold,,,,,,,,,
1443,2026-02-26 05:55:00,Nicholas Britell,Austerlitz - Allegretto,36520,0.010144444444444444,0.6086666666666667,5,2,Thursday,False,2026-02,Austerlitz - Allegretto Nicholas Britell,0.919,0.688,0.102,0.199,0.109,-29.191,0.0504,119.996,0.142
1444,2026-02-26 06:00:00,Carl Anderson,"Judas' Death - From ""Jesus Christ Superstar"" Soundtrack",7221,0.0020058333333333334,0.12035,6,2,Thursday,True,2026-02,"Judas' Death - From ""Jesus Christ Superstar"" Soundtrack Carl Anderson",0.828,0.418,0.43,0.0321,0.31,-13.366,0.11,115.288,0.162
1445,2026-02-26 06:05:00,Ted Neeley,"The Arrest - From ""Jesus Christ Superstar"" Soundtrack",16924,0.004701111111111111,0.2820666666666667,6,2,Thursday,True,2026-02,"The Arrest - From ""Jesus Christ Superstar"" Soundtrack Ted Neeley",0.826,0.445,0.553,8.2e-05,0.0882,-11.494,0.355,88.263,0.366
1446,2026-02-26 06:15:00,Nirvana,About A Girl,3223,0.0008952777777777778,0.05371666666666667,6,2,Thursday,True,2026-02,About A Girl Nirvana,5.13e-06,0.413,0.875,0.00058,0.209,-7.48,0.031,131.951,0.575
1447,2026-02-26 06:20:00,Nicholas Britell,"""My Dear, Dear, World of a Father""",1809,0.0005025,0.03015,6,2,Thursday,True,2026-02,"""My Dear, Dear, World of a Father"" Nicholas Britell",0.987,0.446,0.0152,0.911,0.084,-24.392,0.0498,65.51,0.0435
1448,2026-02-26 06:30:00,Ted Neeley,"Hosanna - From ""Jesus Christ Superstar"" Soundtrack",4210,0.0011694444444444445,0.07016666666666667,6,2,Thursday,True,2026-02,"Hosanna - From ""Jesus Christ Superstar"" Soundtrack Ted Neeley",0.428,0.31,0.484,7.35e-05,0.324,-8.883,0.0487,79.689,0.351
1449,2026-02-26 06:43:00,Murray Gold,Break Free,11057,0.0030713888888888887,0.18428333333333333,6,2,Thursday,True,2026-02,Break Free Murray Gold,,,,,,,,,
1450,2026-02-27 06:00:00,Scott Bradlee's Postmodern Jukebox,Umbrella - Live,8252,0.0022922222222222224,0.13753333333333334,6,2,Friday,True,2026-02,Umbrella - Live Scott Bradlee's Postmodern Jukebox,0.403,0.473,0.779,0.0,0.685,-9.494,0.302,118.549,0.783
1451,2026-02-27 06:15:00,David Bowie,Moonage Daydream - 2012 Remaster,6515,0.0018097222222222221,0.10858333333333334,6,2,Friday,True,2026-02,Moonage Daydream - 2012 Remaster David Bowie,0.0408,0.56,0.605,0.000162,0.0585,-11.209,0.0348,144.478,0.756
1452,2026-02-27 06:20:00,Teddybears,Punkrocker (feat. Iggy Pop) - As featured in Superman,6530,0.001813888888888889,0.10883333333333334,6,2,Friday,True,2026-02,Punkrocker (feat. Iggy Pop) - As featured in Superman Teddybears,0.000422,0.552,0.797,0.655,0.148,-6.367,0.0295,141.859,0.306
1453,2026-02-27 06:25:00,Samantha Barks,On My Own,17046,0.004735,0.2841,6,2,Friday,True,2026-02,On My Own Samantha Barks,0.888,0.303,0.116,0.0,0.144,-15.723,0.0552,85.473,0.196
1454,2026-02-27 06:30:00,Nirvana,Mr. Moustache,11877,0.003299166666666667,0.19795,6,2,Friday,True,2026-02,Mr. Moustache Nirvana,5.58e-06,0.194,0.898,0.141,0.108,-6.12,0.0608,177.191,0.482
1455,2026-02-27 06:35:00,Anna Roig,"Que difícil, dir que no",14093,0.003914722222222222,0.23488333333333333,6,2,Friday,True,2026-02,"Que difícil, dir que no Anna Roig",0.842,0.623,0.313,0.0236,0.144,-14.168,0.0378,145.807,0.267
1456,2026-02-27 06:40:00,Guus Dielissen,No Time To Die (Instrumental Guitar),16239,0.004510833333333334,0.27065,6,2,Friday,True,2026-02,No Time To Die (Instrumental Guitar) Guus Dielissen,0.988,0.492,0.0478,0.925,0.0838,-20.035,0.0553,141.924,0.285
1457,2026-02-27 08:26:00,Nicholas Britell,"Andante Con Moto - Piano and Strings - ""Vaulter""",2439,0.0006775,0.04065,8,2,Friday,True,2026-02,"Andante Con Moto - Piano and Strings - ""Vaulter"" Nicholas Britell",0.957,0.493,0.0968,0.913,0.102,-17.953,0.0385,99.207,0.0364
1458,2026-02-27 08:48:00,David Arnold,The Woman,151493,0.04208138888888889,2.5248833333333334,8,2,Friday,False,2026-02,The Woman David Arnold,,,,,,,,,
1459,2026-02-27 10:33:00,Jesse L. Martin,I'll Cover You - Reprise,71042,0.019733888888888888,1.1840333333333333,10,2,Friday,False,2026-02,I'll Cover You - Reprise Jesse L. Martin,0.831,0.313,0.413,3.81e-06,0.0781,-7.342,0.0406,79.902,0.181
1460,2026-02-27 10:40:00,Tierra Santa,La Canción Del Pirata,408707,0.11352972222222223,6.8117833333333335,10,2,Friday,False,2026-02,La Canción Del Pirata Tierra Santa,0.00637,0.231,0.944,0.000151,0.902,-5.232,0.24,174.334,0.0624
1461,2026-02-27 10:44:00,Hans Zimmer,Driving / Discombobulate / Zoosters Breakout - Live / From Driving Miss Daisy / Sherlock Holmes / Madagascar,234730,0.06520277777777778,3.912166666666667,10,2,Friday,False,2026-02,Driving / Discombobulate / Zoosters Breakout - Live / From Driving Miss Daisy / Sherlock Holmes / Madagascar Hans Zimmer,0.0833,0.405,0.658,0.579,0.97,-11.1,0.0437,140.174,0.26
1462,2026-02-27 10:56:00,Hans Zimmer,Pirates Of The Caribbean Medley - Live,717373,0.19927027777777778,11.956216666666666,10,2,Friday,False,2026-02,Pirates Of The Caribbean Medley - Live Hans Zimmer,0.0221,0.196,0.423,0.0961,0.954,-11.821,0.0354,96.566,0.146
1463,2026-02-27 11:09:00,Hans Zimmer,The Dark Knight Trilogy Medley - Live,790227,0.2195075,13.17045,11,2,Friday,False,2026-02,The Dark Knight Trilogy Medley - Live Hans Zimmer,0.0367,0.357,0.504,0.798,0.381,-14.247,0.0458,112.021,0.0871
1464,2026-02-27 11:13:00,Murray Gold,Four Knocks,244333,0.06787027777777778,4.072216666666667,11,2,Friday,False,2026-02,Four Knocks Murray Gold,,,,,,,,,
1465,2026-02-27 11:16:00,Riyandi Kusuma,Somewhere Only We Know (Piano Version),212677,0.059076944444444446,3.5446166666666667,11,2,Friday,False,2026-02,Somewhere Only We Know (Piano Version) Riyandi Kusuma,0.982,0.468,0.277,0.884,0.0934,-19.092,0.0415,169.707,0.0969
1466,2026-02-27 11:19:00,David Arnold,Who You Really Are,155773,0.043270277777777776,2.596216666666667,11,2,Friday,False,2026-02,Who You Really Are David Arnold,,,,,,,,,
1467,2026-02-27 11:21:00,Gustavo Santaolalla,"Si Puedes Perdonar - from ""The Book of Life"" Soundtrack",104280,0.02896666666666667,1.738,11,2,Friday,False,2026-02,"Si Puedes Perdonar - from ""The Book of Life"" Soundtrack Gustavo Santaolalla",0.946,0.4,0.114,1.5e-06,0.109,-13.997,0.0671,188.503,0.408
1468,2026-02-27 11:24:00,Bon Iver,Flume,219000,0.060833333333333336,3.65,11,2,Friday,False,2026-02,Flume Bon Iver,0.929,0.448,0.143,0.0356,0.109,-17.012,0.0328,132.829,0.0873
1469,2026-02-27 11:27:00,Murray Gold,Break Free,183973,0.051103611111111114,3.0662166666666666,11,2,Friday,False,2026-02,Break Free Murray Gold,,,,,,,,,
1470,2026-02-27 11:29:00,Patrick Doyle,Ma Katherine,69024,0.019173333333333334,1.1504,11,2,Friday,False,2026-02,Ma Katherine Patrick Doyle,0.9,0.145,0.225,0.979,0.101,-18.164,0.0357,102.601,0.0369
1471,2026-02-27 11:31:00,David Arnold,Blood on the Pavement,127347,0.035374166666666665,2.12245,11,2,Friday,False,2026-02,Blood on the Pavement David Arnold,,,,,,,,,
1472,2026-02-27 11:35:00,Michael Giacchino,"Exit Through the Lobby - from ""Spider-Man: No Way Home"" Soundtrack",255296,0.07091555555555555,4.254933333333334,11,2,Friday,False,2026-02,"Exit Through the Lobby - from ""Spider-Man: No Way Home"" Soundtrack Michael Giacchino",0.971,0.142,0.0177,0.934,0.0981,-23.93,0.0372,80.32,0.0329
1473,2026-02-27 11:38:00,Guardz of Spanish Guitars,"The Apology Song (From ""The Book of Life"") [Spanish Guitar Version]",171572,0.04765888888888889,2.8595333333333333,11,2,Friday,False,2026-02,"The Apology Song (From ""The Book of Life"") [Spanish Guitar Version] Guardz of Spanish Guitars",0.941,0.723,0.125,0.702,0.105,-16.458,0.0393,95.039,0.419
1474,2026-02-27 11:43:00,Damien Rice,The Blower's Daughter,286653,0.07962583333333334,4.77755,11,2,Friday,False,2026-02,The Blower's Daughter Damien Rice,0.134,0.342,0.2,0.000153,0.341,-13.569,0.0324,133.113,0.0743
1475,2026-02-27 11:47:00,Billie Eilish,No Time To Die,242265,0.06729583333333333,4.03775,11,2,Friday,False,2026-02,No Time To Die Billie Eilish,0.824,0.227,0.125,0.00575,0.0794,-19.111,0.0416,77.651,0.0396
1476,2026-02-27 11:51:00,Lorien Testard,Lumière,222000,0.06166666666666667,3.7,11,2,Friday,False,2026-02,Lumière Lorien Testard,0.95,0.426,0.185,5.02e-06,0.213,-11.717,0.0339,83.424,0.459
1477,2026-02-27 11:54:00,Murray Gold,Vale Decem,199293,0.05535916666666667,3.32155,11,2,Friday,False,2026-02,Vale Decem Murray Gold,,,,,,,,,
1478,2026-02-27 12:00:00,Brandon Roberts,Past/Present/Future,356880,0.09913333333333334,5.948,12,2,Friday,False,2026-02,Past/Present/Future Brandon Roberts,,,,,,,,,
1479,2026-02-27 12:05:00,Jonas Kvarnström,"Comptine D'un Autre Été, L'après-Midi - Amelie Movie Theme",290595,0.08072083333333334,4.84325,12,2,Friday,False,2026-02,"Comptine D'un Autre Été, L'après-Midi - Amelie Movie Theme Jonas Kvarnström",0.955,0.281,0.188,0.917,0.103,-17.51,0.0413,183.873,0.213
1480,2026-02-27 12:07:00,Murray Gold,The Mad Man With A Box,131467,0.03651861111111111,2.191116666666667,12,2,Friday,False,2026-02,The Mad Man With A Box Murray Gold,,,,,,,,,
1481,2026-02-27 12:11:00,Riyandi Kusuma,The Reason (Piano Version),226645,0.06295694444444444,3.777416666666667,12,2,Friday,False,2026-02,The Reason (Piano Version) Riyandi Kusuma,0.967,0.446,0.249,0.892,0.0972,-18.791,0.0379,82.458,0.0453
1482,2026-02-27 12:16:00,David Arnold,Pick Up,315213,0.08755916666666666,5.25355,12,2,Friday,False,2026-02,Pick Up David Arnold,,,,,,,,,
1483,2026-02-27 12:19:00,David Arnold,"Death of Vesper (From ""Casino Royale"" Soundtrack)",170440,0.047344444444444446,2.8406666666666665,12,2,Friday,False,2026-02,"Death of Vesper (From ""Casino Royale"" Soundtrack) David Arnold",0.582,0.104,0.0835,0.857,0.113,-24.411,0.0399,77.448,0.0361
1484,2026-02-27 12:20:00,Alexandre Desplat,Night Time,47013,0.013059166666666667,0.78355,12,2,Friday,False,2026-02,Night Time Alexandre Desplat,0.966,0.421,0.0704,0.625,0.136,-21.406,0.0371,89.9,0.0389
1485,2026-02-27 12:24:00,Murray Gold,Vale,260160,0.07226666666666667,4.336,12,2,Friday,False,2026-02,Vale Murray Gold,,,,,,,,,
1486,2026-02-28 08:15:00,Royal Philharmonic Orchestra,"Moonraker - From ""Moonraker""",15733,0.004370277777777778,0.26221666666666665,8,2,Saturday,True,2026-02,"Moonraker - From ""Moonraker"" Royal Philharmonic Orchestra",,,,,,,,,
1487,2026-03-01 15:43:00,Borna Matosic,"The Shepherd's Boy (From ""Doctor Who"") [Electric Guitar Version]",287081,0.07974472222222222,4.784683333333334,15,3,Sunday,False,2026-03,"The Shepherd's Boy (From ""Doctor Who"") [Electric Guitar Version] Borna Matosic",0.237,0.2,0.347,0.812,0.338,-11.95,0.0348,82.263,0.0396
1488,2026-03-01 15:45:00,Hans Zimmer,Hoist the Colours,91080,0.0253,1.518,15,3,Sunday,False,2026-03,Hoist the Colours Hans Zimmer,0.662,0.341,0.0848,4.77e-06,0.543,-23.807,0.0389,80.011,0.293
1489,2026-03-01 15:49:00,Hans Zimmer,Singapore,220867,0.061351944444444445,3.6811166666666666,15,3,Sunday,False,2026-03,Singapore Hans Zimmer,0.178,0.219,0.254,0.589,0.11,-16.294,0.0374,94.43,0.131
1490,2026-03-01 15:57:00,Hans Zimmer,At Wit's End,485907,0.13497416666666667,8.09845,15,3,Sunday,False,2026-03,At Wit's End Hans Zimmer,0.598,0.0622,0.169,0.888,0.106,-18.778,0.0454,63.613,0.037
1491,2026-03-01 16:01:00,Hans Zimmer,Multiple Jacks,231840,0.0644,3.864,16,3,Sunday,False,2026-03,Multiple Jacks Hans Zimmer,0.704,0.235,0.0608,0.827,0.148,-24.025,0.0384,79.547,0.0338
1492,2026-03-01 16:03:00,Hans Zimmer,Up Is Down,162200,0.04505555555555556,2.703333333333333,16,3,Sunday,False,2026-03,Up Is Down Hans Zimmer,0.266,0.46,0.423,0.909,0.107,-14.704,0.0528,129.906,0.121
1493,2026-03-01 16:10:00,Hans Zimmer,I See Dead People in Boats,429187,0.11921861111111111,7.153116666666667,16,3,Sunday,False,2026-03,I See Dead People in Boats Hans Zimmer,0.789,0.159,0.0577,0.921,0.106,-23.589,0.0402,107.466,0.0344
1494,2026-03-01 16:13:00,Hans Zimmer,The Brethren Court,141147,0.0392075,2.35245,16,3,Sunday,False,2026-03,The Brethren Court Hans Zimmer,0.822,0.286,0.039,0.8,0.266,-26.541,0.0311,104.052,0.0364
1495,2026-03-01 16:15:00,Hans Zimmer,Parlay,130360,0.03621111111111111,2.1726666666666667,16,3,Sunday,False,2026-03,Parlay Hans Zimmer,0.273,0.264,0.236,0.908,0.215,-16.169,0.0311,77.393,0.101
1496,2026-03-02 05:45:00,Hans Zimmer,Calypso,118826,0.03300722222222222,1.9804333333333333,5,3,Monday,False,2026-03,Calypso Hans Zimmer,0.74,0.0943,0.144,0.899,0.177,-17.059,0.0379,86.019,0.0352
1497,2026-03-02 05:55:00,Nicholas Britell,Satyricon - Instrumental,18303,0.0050841666666666665,0.30505,5,3,Monday,True,2026-03,Satyricon - Instrumental Nicholas Britell,0.000402,0.623,0.617,0.86,0.302,-11.24,0.0618,87.999,0.0353
1498,2026-03-02 06:00:00,Ja T'ho Dire,Si Vens (Remasteritzat 2013),17407,0.004835277777777778,0.2901166666666667,6,3,Monday,True,2026-03,Si Vens (Remasteritzat 2013) Ja T'ho Dire,0.684,0.686,0.745,0.0,0.0837,-5.648,0.0399,138.197,0.573
1499,2026-03-02 06:05:00,Jack White,Another Way to Die,8595,0.0023875,0.14325,6,3,Monday,True,2026-03,Another Way to Die Jack White,0.0239,0.486,0.765,3.02e-05,0.11,-4.23,0.128,141.933,0.386
1500,2026-03-02 06:15:00,Els Amics De Les Arts,Monsieur Cousteau - En Directe Al Festival De Cap Roig / 2015,17098,0.004749444444444444,0.28496666666666665,6,3,Monday,True,2026-03,Monsieur Cousteau - En Directe Al Festival De Cap Roig / 2015 Els Amics De Les Arts,0.0387,0.461,0.642,3.33e-05,0.751,-8.566,0.0346,145.393,0.518
1501,2026-03-02 06:20:00,Guns N' Roses,This I Love,15390,0.004275,0.2565,6,3,Monday,True,2026-03,This I Love Guns N' Roses,0.603,0.263,0.442,2.99e-06,0.106,-8.279,0.0309,92.179,0.133
1502,2026-03-02 06:25:00,One Piano,Alexander Hamilton,4415,0.0012263888888888888,0.07358333333333333,6,3,Monday,True,2026-03,Alexander Hamilton One Piano,0.88,0.593,0.278,0.884,0.0948,-17.237,0.0507,132.98,0.143
1503,2026-03-02 06:30:00,One Piano,You Only Live Twice,4051,0.0011252777777777778,0.06751666666666667,6,3,Monday,True,2026-03,You Only Live Twice One Piano,0.985,0.558,0.331,0.938,0.12,-8.741,0.0326,87.729,0.199
1504,2026-03-02 06:47:00,Lily Allen,Somewhere Only We Know,80080,0.022244444444444445,1.3346666666666667,6,3,Monday,False,2026-03,Somewhere Only We Know Lily Allen,0.934,0.313,0.286,0.0451,0.0974,-10.593,0.0324,80.925,0.287
1505,2026-03-02 08:48:00,Nicholas Britell,"Moderato Con Brio for Violin, Harp, and Orchestra",219,6.083333333333333e-05,0.00365,8,3,Monday,True,2026-03,"Moderato Con Brio for Violin, Harp, and Orchestra Nicholas Britell",0.714,0.681,0.338,0.924,0.0911,-11.889,0.0335,112.936,0.217
1506,2026-03-02 08:57:00,Lily Allen,Somewhere Only We Know,128424,0.035673333333333335,2.1404,8,3,Monday,False,2026-03,Somewhere Only We Know Lily Allen,0.934,0.313,0.286,0.0451,0.0974,-10.593,0.0324,80.925,0.287
1507,2026-03-02 08:58:00,Tom Dabrowski,15th Doctor's Dark Theme - Dot and Bubble (from Doctor Who),68250,0.018958333333333334,1.1375,8,3,Monday,False,2026-03,15th Doctor's Dark Theme - Dot and Bubble (from Doctor Who) Tom Dabrowski,0.417,0.142,0.167,0.981,0.39,-18.258,0.0361,83.08,0.13
1508,2026-03-02 09:05:00,Murray Gold,"This Time There's Three of Us (The Majestic Tale) [From ""Doctor Who - The Day of The Doctor""]",423320,0.1175888888888889,7.0553333333333335,9,3,Monday,False,2026-03,"This Time There's Three of Us (The Majestic Tale) [From ""Doctor Who - The Day of The Doctor""] Murray Gold",,,,,,,,,
1509,2026-03-02 14:56:00,Nicholas Britell,"Moderato Con Brio for Violin, Harp, and Orchestra",0,0.0,0.0,14,3,Monday,True,2026-03,"Moderato Con Brio for Violin, Harp, and Orchestra Nicholas Britell",0.714,0.681,0.338,0.924,0.0911,-11.889,0.0335,112.936,0.217
1510,2026-03-02 14:57:00,Sebastien Skaf,"Gustave (from ""Clair Obscur: Expedition 33"")",135998,0.03777722222222222,2.2666333333333335,14,3,Monday,False,2026-03,"Gustave (from ""Clair Obscur: Expedition 33"") Sebastien Skaf",,,,,,,,,
1511,2026-03-02 14:59:00,Royal Philharmonic Orchestra,"Goldeneye - From ""Goldeneye""",173120,0.04808888888888889,2.8853333333333335,14,3,Monday,False,2026-03,"Goldeneye - From ""Goldeneye"" Royal Philharmonic Orchestra",,,,,,,,,
1512,2026-03-02 15:03:00,Wesley Sprayue,Across the Stars - Piano,210071,0.058353055555555554,3.5011833333333335,15,3,Monday,False,2026-03,Across the Stars - Piano Wesley Sprayue,0.993,0.474,0.0211,0.949,0.0754,-24.212,0.0527,79.368,0.183
1513,2026-03-02 15:07:00,Lou Reed,Perfect Day,226510,0.06291944444444444,3.775166666666667,15,3,Monday,False,2026-03,Perfect Day Lou Reed,0.744,0.4,0.267,0.00734,0.103,-12.488,0.0323,144.799,0.0872
1514,2026-03-02 15:10:00,Els Amics De Les Arts,L'Endocrina,184533,0.05125916666666667,3.07555,15,3,Monday,False,2026-03,L'Endocrina Els Amics De Les Arts,0.849,0.794,0.365,1.53e-06,0.0784,-10.886,0.047,125.068,0.616
1515,2026-03-02 15:14:00,Els Amics De Les Arts,Els desperfectes,268250,0.0745138888888889,4.470833333333333,15,3,Monday,False,2026-03,Els desperfectes Els Amics De Les Arts,0.0215,0.437,0.718,2.64e-06,0.0738,-5.621,0.0364,154.771,0.156
1516,2026-03-02 15:17:00,Anna Roig,Dins d'una cançó,151933,0.04220361111111111,2.532216666666667,15,3,Monday,False,2026-03,Dins d'una cançó Anna Roig,0.746,0.617,0.266,0.00359,0.193,-14.657,0.0312,70.948,0.455
1517,2026-03-02 15:21:00,Els Amics De Les Arts,Museu D'Història Natural - En Directe Al Festival De Cap Roig / 2015,276653,0.07684805555555556,4.610883333333334,15,3,Monday,False,2026-03,Museu D'Història Natural - En Directe Al Festival De Cap Roig / 2015 Els Amics De Les Arts,0.105,0.462,0.551,5.73e-06,0.962,-8.849,0.0263,90.879,0.317
1518,2026-03-02 15:25:00,Patrik Pietschmann,The Lord of the Rings Main Theme - Piano Version,213648,0.059346666666666666,3.5608,15,3,Monday,False,2026-03,The Lord of the Rings Main Theme - Piano Version Patrik Pietschmann,0.986,0.595,0.11,0.905,0.0926,-20.867,0.0396,79.992,0.105
1519,2026-03-02 15:27:00,One Piano,James Bond Theme,119946,0.03331833333333333,1.9991,15,3,Monday,False,2026-03,James Bond Theme One Piano,,,,,,,,,
1520,2026-03-02 15:33:00,Metallica,Master Of Puppets - Live,9924,0.002756666666666667,0.1654,15,3,Monday,True,2026-03,Master Of Puppets - Live Metallica,6.43e-06,0.285,0.99,0.0052,0.718,-3.344,0.102,106.829,0.232
1521,2026-03-02 15:33:00,Peter Gabriel,My Body Is A Cage,372667,0.10351861111111112,6.211116666666666,15,3,Monday,False,2026-03,My Body Is A Cage Peter Gabriel,0.849,0.341,0.114,0.0938,0.104,-12.885,0.0341,78.912,0.0806
1522,2026-03-02 15:36:00,T.V. Carpio,"I Want To Hold Your Hand - From ""Across The Universe"" Soundtrack",165533,0.04598138888888889,2.7588833333333334,15,3,Monday,False,2026-03,"I Want To Hold Your Hand - From ""Across The Universe"" Soundtrack T.V. Carpio",0.506,0.55,0.247,2.53e-05,0.112,-9.75,0.0316,80.715,0.158
1523,2026-03-02 15:41:00,David Bowie,Space Oddity - 2015 Remaster,318027,0.08834083333333333,5.30045,15,3,Monday,False,2026-03,Space Oddity - 2015 Remaster David Bowie,0.0726,0.31,0.403,9.27e-05,0.139,-13.664,0.0326,134.48,0.466
1524,2026-03-02 15:42:00,Johnny Cash,Redemption Song,334,9.277777777777778e-05,0.005566666666666667,15,3,Monday,True,2026-03,Redemption Song Johnny Cash,0.759,0.518,0.378,0.0,0.0883,-9.995,0.0342,113.541,0.518
1525,2026-03-02 15:42:00,The Beatles,Here Comes The Sun - Remastered 2009,1210,0.00033611111111111114,0.020166666666666666,15,3,Monday,True,2026-03,Here Comes The Sun - Remastered 2009 The Beatles,0.0339,0.557,0.54,0.00248,0.179,-10.484,0.0347,129.177,0.394
1526,2026-03-02 15:42:00,Nicholas Britell,"“Sorry, Pinky”",1073,0.00029805555555555553,0.017883333333333334,15,3,Monday,True,2026-03,"“Sorry, Pinky” Nicholas Britell",0.904,0.0715,0.00207,0.914,0.108,-34.438,0.0467,79.589,0.0321
1527,2026-03-02 15:42:00,Els Amics De Les Arts,Ja No Ens Passa - En Directe Al Festival De Cap Roig / 2015,42852,0.011903333333333333,0.7142,15,3,Monday,False,2026-03,Ja No Ens Passa - En Directe Al Festival De Cap Roig / 2015 Els Amics De Les Arts,0.0857,0.457,0.769,1.35e-06,0.713,-7.15,0.0389,126.992,0.635
1528,2026-03-02 15:46:00,Yusuf / Cat Stevens,Wild World,200560,0.055711111111111114,3.3426666666666667,15,3,Monday,False,2026-03,Wild World Yusuf / Cat Stevens,0.345,0.48,0.542,0.000609,0.113,-8.51,0.0348,152.853,0.567
1529,2026-03-02 15:49:00,Els Amics De Les Arts,Tothom es separa,188630,0.05239722222222222,3.1438333333333333,15,3,Monday,False,2026-03,Tothom es separa Els Amics De Les Arts,,,,,,,,,
1530,2026-03-02 15:53:00,Johnny Cash,The Man Comes Around,266733,0.0740925,4.44555,15,3,Monday,False,2026-03,The Man Comes Around Johnny Cash,0.52,0.635,0.584,0.0951,0.962,-7.912,0.144,97.067,0.753
1531,2026-03-02 16:05:00,Jeff Beck,A Day In The Life - Live,46601,0.012944722222222222,0.7766833333333333,16,3,Monday,False,2026-03,A Day In The Life - Live Jeff Beck,0.196,0.358,0.573,0.69,0.953,-9.89,0.0434,70.448,0.277
1532,2026-03-03 05:55:00,Otis Taylor,Ten Million Slaves,19594,0.005442777777777778,0.32656666666666667,5,3,Tuesday,True,2026-03,Ten Million Slaves Otis Taylor,0.527,0.477,0.431,0.00667,0.211,-8.192,0.0277,132.393,0.572
1533,2026-03-03 06:00:00,a-ha,The Living Daylights,8682,0.0024116666666666666,0.1447,6,3,Tuesday,True,2026-03,The Living Daylights a-ha,0.114,0.695,0.78,0.000971,0.0785,-7.906,0.0267,120.255,0.833
1534,2026-03-03 06:10:00,Pink Floyd,Money,10111,0.002808611111111111,0.16851666666666668,6,3,Tuesday,True,2026-03,Money Pink Floyd,0.024,0.468,0.536,0.00199,0.269,-10.422,0.144,126.256,0.785
1535,2026-03-03 06:15:00,Mishima,Menteix la primavera - En directe,12753,0.0035425,0.21255,6,3,Tuesday,True,2026-03,Menteix la primavera - En directe Mishima,0.417,0.479,0.725,1.9e-06,0.777,-7.859,0.13,121.155,0.594
1536,2026-03-03 06:20:00,Low Roar,I'm Leaving,17842,0.004956111111111111,0.29736666666666667,6,3,Tuesday,True,2026-03,I'm Leaving Low Roar,0.499,0.203,0.527,0.0449,0.0897,-8.398,0.0344,90.128,0.124
1537,2026-03-03 06:25:00,Nicholas Britell,"Rondo in F Minor for Solo Piano - ""Kendall's Summit""",8537,0.002371388888888889,0.14228333333333334,6,3,Tuesday,True,2026-03,"Rondo in F Minor for Solo Piano - ""Kendall's Summit"" Nicholas Britell",0.979,0.34,0.116,0.928,0.107,-19.694,0.0315,72.036,0.151
1538,2026-03-03 06:30:00,Els Amics De Les Arts,Tothom es separa,10319,0.002866388888888889,0.17198333333333332,6,3,Tuesday,True,2026-03,Tothom es separa Els Amics De Les Arts,,,,,,,,,
1539,2026-03-03 06:35:00,Antònia Font,Viure Sense Tu,12789,0.0035525,0.21315,6,3,Tuesday,True,2026-03,Viure Sense Tu Antònia Font,0.0771,0.565,0.534,0.0273,0.1,-12.05,0.0486,137.825,0.722
1540,2026-03-03 06:47:00,John Powell,Reminiscence Therapy,3720,0.0010333333333333334,0.062,6,3,Tuesday,True,2026-03,Reminiscence Therapy John Powell,0.21,0.15,0.451,0.757,0.392,-15.855,0.0482,80.049,0.089
1541,2026-03-03 07:13:00,John Powell,Reminiscence Therapy,8458,0.0023494444444444444,0.14096666666666666,7,3,Tuesday,True,2026-03,Reminiscence Therapy John Powell,0.21,0.15,0.451,0.757,0.392,-15.855,0.0482,80.049,0.089
1542,2026-03-03 08:38:00,Metallica,The Unforgiven - Remastered 2021,2293,0.0006369444444444444,0.03821666666666667,8,3,Tuesday,True,2026-03,The Unforgiven - Remastered 2021 Metallica,0.0179,0.526,0.579,0.00861,0.216,-9.489,0.0257,139.496,0.211
1543,2026-03-03 08:38:00,Rufus Wainwright,Hallelujah,1323,0.0003675,0.02205,8,3,Tuesday,True,2026-03,Hallelujah Rufus Wainwright,0.88,0.367,0.156,0.0,0.0972,-10.052,0.0314,73.138,0.44
1544,2026-03-03 08:38:00,Jim Croce,Time in a Bottle,2104,0.0005844444444444444,0.03506666666666667,8,3,Tuesday,True,2026-03,Time in a Bottle Jim Croce,0.888,0.533,0.155,0.0,0.108,-16.837,0.0376,134.019,0.592
1545,2026-03-03 08:41:00,Nirvana,Come As You Are,218920,0.060811111111111114,3.6486666666666667,8,3,Tuesday,False,2026-03,Come As You Are Nirvana,0.00016,0.5,0.824,0.00161,0.0916,-5.846,0.0388,120.125,0.539
1546,2026-03-03 08:46:00,Els Amics De Les Arts,Reykjavík,275789,0.07660805555555555,4.5964833333333335,8,3,Tuesday,False,2026-03,Reykjavík Els Amics De Les Arts,,,,,,,,,
1547,2026-03-03 08:49:00,Tom Waits,Little Drop Of Poison,189307,0.05258527777777778,3.155116666666667,8,3,Tuesday,False,2026-03,Little Drop Of Poison Tom Waits,0.837,0.625,0.355,0.0038,0.197,-12.969,0.0588,111.53,0.826
1548,2026-03-03 08:53:00,David Bowie,Changes - 2015 Remaster,217747,0.06048527777777778,3.6291166666666665,8,3,Tuesday,False,2026-03,Changes - 2015 Remaster David Bowie,0.505,0.559,0.308,0.0,0.109,-11.75,0.0376,113.633,0.414
1549,2026-03-03 08:57:00,‘Jesus Christ Superstar’ 1996 London Cast,Judas' Death - Remastered 2005,270133,0.07503694444444445,4.5022166666666665,8,3,Tuesday,False,2026-03,Judas' Death - Remastered 2005 ‘Jesus Christ Superstar’ 1996 London Cast,,,,,,,,,
1550,2026-03-03 12:25:00,Hans Zimmer,This Land,20183,0.005606388888888889,0.3363833333333333,12,3,Tuesday,True,2026-03,This Land Hans Zimmer,0.433,0.152,0.129,0.647,0.171,-22.61,0.0404,99.042,0.136
1551,2026-03-03 12:25:00,Spotify,Es martes,2923,0.0008119444444444445,0.048716666666666665,12,3,Tuesday,True,2026-03,Es martes Spotify,,,,,,,,,
1552,2026-03-03 12:25:00,Els Amics De Les Arts,Exercici Seixanta,1303,0.00036194444444444447,0.021716666666666665,12,3,Tuesday,True,2026-03,Exercici Seixanta Els Amics De Les Arts,0.465,0.676,0.387,1.81e-06,0.0958,-11.949,0.3,92.166,0.349
1553,2026-03-03 12:25:00,Pink Floyd,Shine On You Crazy Diamond (Pts. 6-9),16763,0.004656388888888889,0.2793833333333333,12,3,Tuesday,True,2026-03,Shine On You Crazy Diamond (Pts. 6-9) Pink Floyd,0.576,0.288,0.485,0.9,0.322,-13.162,0.0491,135.87,0.124
1554,2026-03-03 12:25:00,Nicholas Britell,Austerlitz - Allegro Moderato,22054,0.006126111111111111,0.36756666666666665,12,3,Tuesday,True,2026-03,Austerlitz - Allegro Moderato Nicholas Britell,0.957,0.5,0.128,0.877,0.111,-27.45,0.0472,119.741,0.156
1555,2026-03-03 12:29:00,Lorien Testard,Gustave,228000,0.06333333333333334,3.8,12,3,Tuesday,False,2026-03,Gustave Lorien Testard,0.955,0.353,0.299,0.862,0.12,-12.835,0.0318,80.135,0.284
1556,2026-03-03 12:30:00,Billie Eilish,hotline (edit),60720,0.016866666666666665,1.012,12,3,Tuesday,False,2026-03,hotline (edit) Billie Eilish,0.816,0.516,0.254,0.855,0.189,-16.027,0.0589,56.829,0.304
1557,2026-03-03 12:36:00,Jeff Beck,A Day In The Life - Live,315440,0.08762222222222223,5.257333333333333,12,3,Tuesday,False,2026-03,A Day In The Life - Live Jeff Beck,0.196,0.358,0.573,0.69,0.953,-9.89,0.0434,70.448,0.277
1558,2026-03-03 12:40:00,One Piano,Without You,256116,0.07114333333333334,4.2686,12,3,Tuesday,False,2026-03,Without You One Piano,,,,,,,,,
1559,2026-03-03 12:51:00,Phillip Phillips,"Gone, Gone, Gone",209693,0.05824805555555555,3.494883333333333,12,3,Tuesday,False,2026-03,"Gone, Gone, Gone Phillip Phillips",0.129,0.664,0.642,0.0,0.114,-5.961,0.038,118.006,0.501
1560,2026-03-03 12:54:00,Royal Philharmonic Orchestra,"Goldeneye - From ""Goldeneye""",173120,0.04808888888888889,2.8853333333333335,12,3,Tuesday,False,2026-03,"Goldeneye - From ""Goldeneye"" Royal Philharmonic Orchestra",,,,,,,,,
1561,2026-03-03 12:57:00,Meryl Streep,Slipping Through My Fingers - From 'Mamma Mia!' Original Motion Picture Soundtrack,230893,0.06413694444444444,3.8482166666666666,12,3,Tuesday,False,2026-03,Slipping Through My Fingers - From 'Mamma Mia!' Original Motion Picture Soundtrack Meryl Streep,0.507,0.463,0.489,0.0,0.165,-7.968,0.0288,140.034,0.249
1562,2026-03-03 13:02:00,Damien Rice,The Blower's Daughter,286653,0.07962583333333334,4.77755,13,3,Tuesday,False,2026-03,The Blower's Daughter Damien Rice,0.134,0.342,0.2,0.000153,0.341,-13.569,0.0324,133.113,0.0743
1563,2026-03-03 13:07:00,Scott Bradlee's Postmodern Jukebox,Creep,283259,0.07868305555555556,4.720983333333334,13,3,Tuesday,False,2026-03,Creep Scott Bradlee's Postmodern Jukebox,0.697,0.292,0.359,1.85e-05,0.108,-9.043,0.0328,177.334,0.228
1564,2026-03-03 13:11:00,The Beatles,While My Guitar Gently Weeps - Acoustic Version - Take 1,207560,0.05765555555555556,3.4593333333333334,13,3,Tuesday,False,2026-03,While My Guitar Gently Weeps - Acoustic Version - Take 1 The Beatles,0.863,0.592,0.0871,4.84e-06,0.0636,-17.016,0.0382,122.708,0.211
1565,2026-03-03 13:15:00,Amanda Seyfried,Gimme! Gimme! Gimme! (A Man After Midnight) - From 'Mamma Mia!' Original Motion Picture Soundtrack,231720,0.06436666666666667,3.862,13,3,Tuesday,False,2026-03,Gimme! Gimme! Gimme! (A Man After Midnight) - From 'Mamma Mia!' Original Motion Picture Soundtrack Amanda Seyfried,0.021,0.628,0.836,0.000513,0.416,-4.776,0.0301,120.045,0.571
1566,2026-03-03 13:19:00,Anna Roig,Tant de bo fossis aquí,260360,0.07232222222222222,4.339333333333333,13,3,Tuesday,False,2026-03,Tant de bo fossis aquí Anna Roig,0.833,0.554,0.0972,0.00101,0.107,-19.099,0.288,58.853,0.155
1567,2026-03-03 13:21:00,Metallica,Bleeding Me - Live,2524,0.0007011111111111111,0.04206666666666667,13,3,Tuesday,True,2026-03,Bleeding Me - Live Metallica,6.44e-05,0.281,0.91,6.58e-05,0.978,-5.003,0.0583,114.344,0.314
1568,2026-03-03 13:51:00,Fleetwood Mac,The Chain - 2004 Remaster,251863,0.06996194444444444,4.1977166666666665,13,3,Tuesday,False,2026-03,The Chain - 2004 Remaster Fleetwood Mac,,,,,,,,,
1569,2026-03-03 14:52:00,One Piano,Prince Ali,1587,0.00044083333333333333,0.02645,14,3,Tuesday,True,2026-03,Prince Ali One Piano,0.99,0.524,0.0934,0.945,0.113,-21.961,0.0462,132.465,0.214
1570,2026-03-03 14:55:00,One Piano,Prince Ali,180664,0.05018444444444444,3.011066666666667,14,3,Tuesday,False,2026-03,Prince Ali One Piano,0.99,0.524,0.0934,0.945,0.113,-21.961,0.0462,132.465,0.214
1571,2026-03-03 14:58:00,Josema Yuste,Príncipe Ali,172773,0.0479925,2.87955,14,3,Tuesday,False,2026-03,Príncipe Ali Josema Yuste,0.732,0.524,0.486,0.0,0.17,-11.4,0.0921,104.283,0.668
1572,2026-03-03 15:01:00,Michael Giacchino,The Glory Days,212133,0.05892583333333333,3.53555,15,3,Tuesday,False,2026-03,The Glory Days Michael Giacchino,0.732,0.334,0.262,0.388,0.235,-14.193,0.0391,80.446,0.145
1573,2026-03-03 15:03:00,José María Guzmán,No dejaré que te eches a perder,125787,0.03494083333333333,2.09645,15,3,Tuesday,False,2026-03,No dejaré que te eches a perder José María Guzmán,0.565,0.587,0.901,1.49e-05,0.163,-7.118,0.0442,106.151,0.88
1574,2026-03-03 15:09:00,Hans Zimmer,Jack Sparrow,365427,0.1015075,6.09045,15,3,Tuesday,False,2026-03,Jack Sparrow Hans Zimmer,0.759,0.335,0.323,0.824,0.0717,-14.71,0.0564,91.599,0.291
1575,2026-03-03 15:13:00,Randy Newman,Strange Things,198587,0.055163055555555555,3.3097833333333333,15,3,Tuesday,False,2026-03,Strange Things Randy Newman,,,,,,,,,
1576,2026-03-03 15:15:00,Josema Yuste,Un Genio Genial,148947,0.04137416666666666,2.48245,15,3,Tuesday,False,2026-03,Un Genio Genial Josema Yuste,0.553,0.678,0.629,0.0,0.391,-10.626,0.117,97.983,0.734
1577,2026-03-03 15:19:00,Flavio,Quiero Ser Como Tú,241587,0.0671075,4.02645,15,3,Tuesday,False,2026-03,Quiero Ser Como Tú Flavio,,,,,,,,,
1578,2026-03-03 15:23:00,The Citizens of Halloween,This Is Halloween,196187,0.054496388888888886,3.2697833333333333,15,3,Tuesday,False,2026-03,This Is Halloween The Citizens of Halloween,,,,,,,,,
1579,2026-03-03 15:26:00,Los Cantaseries,"No Se Que Va a Ser de Mi (De ""Toy Story"")",197067,0.054740833333333336,3.28445,15,3,Tuesday,False,2026-03,"No Se Que Va a Ser de Mi (De ""Toy Story"") Los Cantaseries",0.351,0.678,0.629,5.4e-05,0.168,-9.195,0.0275,136.0,0.881
1580,2026-03-03 16:22:00,One Piano,Friend Like Me,186667,0.051851944444444444,3.1111166666666668,16,3,Tuesday,False,2026-03,Friend Like Me One Piano,0.993,0.425,0.0915,0.923,0.107,-24.976,0.0445,104.008,0.218
1581,2026-03-03 16:25:00,Randy Newman,I Will Go Sailing No More,177853,0.04940361111111111,2.9642166666666667,16,3,Tuesday,False,2026-03,I Will Go Sailing No More Randy Newman,0.928,0.19,0.0991,0.0037,0.12,-14.478,0.0311,83.447,0.0578
1582,2026-03-03 16:28:00,Danny Elfman,What's This?,185440,0.05151111111111111,3.0906666666666665,16,3,Tuesday,False,2026-03,What's This? Danny Elfman,,,,,,,,,
1583,2026-03-03 16:32:00,Michael Giacchino,Married Life,250573,0.06960361111111112,4.176216666666667,16,3,Tuesday,False,2026-03,Married Life Michael Giacchino,0.97,0.278,0.0675,0.732,0.0812,-20.946,0.04,82.626,0.112
1584,2026-03-03 16:34:00,One Piano,Prince Ali,152522,0.04236722222222222,2.5420333333333334,16,3,Tuesday,False,2026-03,Prince Ali One Piano,0.99,0.524,0.0934,0.945,0.113,-21.961,0.0462,132.465,0.214
1585,2026-03-03 16:36:00,Manu Guix,Astres,111,3.0833333333333335e-05,0.00185,16,3,Tuesday,True,2026-03,Astres Manu Guix,,,,,,,,,
1586,2026-03-03 16:36:00,Manu Guix,Astres,0,0.0,0.0,16,3,Tuesday,True,2026-03,Astres Manu Guix,,,,,,,,,
1587,2026-03-03 16:36:00,Jordi Doncos,Preparaos,101613,0.028225833333333332,1.69355,16,3,Tuesday,False,2026-03,Preparaos Jordi Doncos,,,,,,,,,
1588,2026-03-03 16:42:00,Albert Sergi,Conspirar (with Damaris Martinez & Jorge Ahijado),272480,0.07568888888888889,4.541333333333333,16,3,Tuesday,False,2026-03,Conspirar (with Damaris Martinez & Jorge Ahijado) Albert Sergi,0.242,0.5,0.829,3.91e-06,0.0662,-6.867,0.17,123.954,0.674
1589,2026-03-03 16:46:00,Jordi Doncos,Preparaos,219880,0.06107777777777778,3.6646666666666667,16,3,Tuesday,False,2026-03,Preparaos Jordi Doncos,,,,,,,,,
1590,2026-03-03 16:46:00,Albert Sergi,Conspirar (with Damaris Martinez & Jorge Ahijado),8758,0.0024327777777777776,0.14596666666666666,16,3,Tuesday,True,2026-03,Conspirar (with Damaris Martinez & Jorge Ahijado) Albert Sergi,0.242,0.5,0.829,3.91e-06,0.0662,-6.867,0.17,123.954,0.674
1591,2026-03-03 16:48:00,One Piano,Be Prepared,115917,0.03219916666666667,1.93195,16,3,Tuesday,False,2026-03,Be Prepared One Piano,0.965,0.304,0.161,0.896,0.108,-21.777,0.0445,62.742,0.069
1592,2026-03-03 16:51:00,Gisela,Mucho más allá,195027,0.05417416666666667,3.25045,16,3,Tuesday,False,2026-03,Mucho más allá Gisela,0.826,0.319,0.396,0.000183,0.153,-7.805,0.0415,157.709,0.322
1593,2026-03-03 16:53:00,Miguel Antelo,Cuando madure,111267,0.0309075,1.85445,16,3,Tuesday,False,2026-03,Cuando madure Miguel Antelo,0.763,0.647,0.421,0.0,0.164,-5.258,0.121,116.383,0.454
1594,2026-03-03 17:00:00,Hans Zimmer,Jack Sparrow,365427,0.1015075,6.09045,17,3,Tuesday,False,2026-03,Jack Sparrow Hans Zimmer,0.759,0.335,0.323,0.824,0.0717,-14.71,0.0564,91.599,0.291
1595,2026-03-03 17:03:00,Randy Newman,Strange Things,198587,0.055163055555555555,3.3097833333333333,17,3,Tuesday,False,2026-03,Strange Things Randy Newman,,,,,,,,,
1596,2026-03-03 17:26:00,One Piano,Be Prepared,49057,0.013626944444444445,0.8176166666666667,17,3,Tuesday,False,2026-03,Be Prepared One Piano,0.965,0.304,0.161,0.896,0.108,-21.777,0.0445,62.742,0.069
1597,2026-03-04 06:00:00,Meryl Streep,"The Winner Takes It All - From ""Mamma Mia!""",27210,0.007558333333333334,0.4535,6,3,Wednesday,True,2026-03,"The Winner Takes It All - From ""Mamma Mia!"" Meryl Streep",0.67,0.278,0.373,0.0,0.105,-8.077,0.0327,82.69,0.264
1598,2026-03-04 06:15:00,Michael Ball,Empty Chairs At Empty Tables - Live,22578,0.006271666666666667,0.3763,6,3,Wednesday,True,2026-03,Empty Chairs At Empty Tables - Live Michael Ball,0.917,0.252,0.187,0.000324,0.681,-21.692,0.0783,87.449,0.09
1599,2026-03-04 06:20:00,Michael Ball,Empty Chairs At Empty Tables,6954,0.0019316666666666666,0.1159,6,3,Wednesday,True,2026-03,Empty Chairs At Empty Tables Michael Ball,0.944,0.3,0.252,0.000653,0.115,-11.327,0.0322,95.282,0.136
1600,2026-03-04 06:25:00,Guns N' Roses,Estranged,12038,0.003343888888888889,0.20063333333333333,6,3,Wednesday,True,2026-03,Estranged Guns N' Roses,0.0105,0.358,0.762,0.282,0.368,-8.323,0.0324,89.246,0.168
1601,2026-03-04 06:30:00,Nstens1117,The Flash Vs. Arrow,15027,0.004174166666666666,0.25045,6,3,Wednesday,True,2026-03,The Flash Vs. Arrow Nstens1117,0.00178,0.262,0.851,0.824,0.115,-8.244,0.0473,130.921,0.14
1602,2026-03-04 06:35:00,Els Amics De Les Arts,Déja-Vu,11936,0.0033155555555555555,0.19893333333333332,6,3,Wednesday,True,2026-03,Déja-Vu Els Amics De Les Arts,0.74,0.583,0.503,0.0,0.309,-11.532,0.133,174.978,0.273
1603,2026-03-04 06:40:00,Eddie Redmayne,A Heart Full Of Love,25378,0.007049444444444444,0.42296666666666666,6,3,Wednesday,True,2026-03,A Heart Full Of Love Eddie Redmayne,0.974,0.246,0.0987,5.78e-05,0.108,-19.41,0.0412,169.452,0.181
1604,2026-03-04 07:55:00,One Piano,Prince Ali,3594,0.0009983333333333333,0.0599,7,3,Wednesday,True,2026-03,Prince Ali One Piano,0.99,0.524,0.0934,0.945,0.113,-21.961,0.0462,132.465,0.214
1605,2026-03-04 07:55:00,Randy Newman,I Will Go Sailing No More,1260,0.00035,0.021,7,3,Wednesday,True,2026-03,I Will Go Sailing No More Randy Newman,0.928,0.19,0.0991,0.0037,0.12,-14.478,0.0311,83.447,0.0578
1606,2026-03-04 07:58:00,Los Cantaseries,"No Se Que Va a Ser de Mi (De ""Toy Story"")",197067,0.054740833333333336,3.28445,7,3,Wednesday,False,2026-03,"No Se Que Va a Ser de Mi (De ""Toy Story"") Los Cantaseries",0.351,0.678,0.629,5.4e-05,0.168,-9.195,0.0275,136.0,0.881
1607,2026-03-04 08:03:00,Albert Sergi,Conspirar (with Damaris Martinez & Jorge Ahijado),272480,0.07568888888888889,4.541333333333333,8,3,Wednesday,False,2026-03,Conspirar (with Damaris Martinez & Jorge Ahijado) Albert Sergi,0.242,0.5,0.829,3.91e-06,0.0662,-6.867,0.17,123.954,0.674
1608,2026-03-04 08:05:00,Josh Gad,When I Am Older,111452,0.03095888888888889,1.8575333333333333,8,3,Wednesday,False,2026-03,When I Am Older Josh Gad,0.708,0.754,0.326,0.0,0.103,-7.001,0.243,117.004,0.435
1609,2026-03-04 08:09:00,Michael Giacchino,Married Life,250573,0.06960361111111112,4.176216666666667,8,3,Wednesday,False,2026-03,Married Life Michael Giacchino,0.97,0.278,0.0675,0.732,0.0812,-20.946,0.04,82.626,0.112
1610,2026-03-04 08:13:00,Jordi Doncos,Preparaos,219880,0.06107777777777778,3.6646666666666667,8,3,Wednesday,False,2026-03,Preparaos Jordi Doncos,,,,,,,,,
1611,2026-03-04 08:16:00,AURORA,Into the Unknown,199960,0.055544444444444445,3.332666666666667,8,3,Wednesday,False,2026-03,Into the Unknown AURORA,0.849,0.321,0.405,0.000544,0.138,-8.533,0.0412,146.072,0.274
1612,2026-03-04 08:19:00,The Citizens of Halloween,This Is Halloween,196187,0.054496388888888886,3.2697833333333333,8,3,Wednesday,False,2026-03,This Is Halloween The Citizens of Halloween,,,,,,,,,
1613,2026-03-04 08:22:00,Josema Yuste,Príncipe Ali,172773,0.0479925,2.87955,8,3,Wednesday,False,2026-03,Príncipe Ali Josema Yuste,0.732,0.524,0.486,0.0,0.17,-11.4,0.0921,104.283,0.668
1614,2026-03-04 08:23:00,One Piano,On My Own,723,0.00020083333333333333,0.01205,8,3,Wednesday,True,2026-03,On My Own One Piano,0.882,0.452,0.196,0.918,0.11,-16.18,0.0535,115.98,0.177
1615,2026-03-04 08:24:00,José María Guzmán,No dejaré que te eches a perder,125787,0.03494083333333333,2.09645,8,3,Wednesday,False,2026-03,No dejaré que te eches a perder José María Guzmán,0.565,0.587,0.901,1.49e-05,0.163,-7.118,0.0442,106.151,0.88
1616,2026-03-04 08:28:00,Randy Newman,Strange Things,198587,0.055163055555555555,3.3097833333333333,8,3,Wednesday,False,2026-03,Strange Things Randy Newman,,,,,,,,,
1617,2026-03-04 08:31:00,Patrik Pietschmann,"Into the Unknown (From ""Frozen 2"") - Piano Version",187224,0.052006666666666666,3.1204,8,3,Wednesday,False,2026-03,"Into the Unknown (From ""Frozen 2"") - Piano Version Patrik Pietschmann",,,,,,,,,
1618,2026-03-04 08:34:00,Michael Giacchino,The Glory Days,212133,0.05892583333333333,3.53555,8,3,Wednesday,False,2026-03,The Glory Days Michael Giacchino,0.732,0.334,0.262,0.388,0.235,-14.193,0.0391,80.446,0.145
1619,2026-03-04 08:41:00,Hans Zimmer,Jack Sparrow,365427,0.1015075,6.09045,8,3,Wednesday,False,2026-03,Jack Sparrow Hans Zimmer,0.759,0.335,0.323,0.824,0.0717,-14.71,0.0564,91.599,0.291
1620,2026-03-04 08:44:00,One Piano,Friend Like Me,186667,0.051851944444444444,3.1111166666666668,8,3,Wednesday,False,2026-03,Friend Like Me One Piano,0.993,0.425,0.0915,0.923,0.107,-24.976,0.0445,104.008,0.218
1621,2026-03-04 08:46:00,Josema Yuste,Un Genio Genial,148947,0.04137416666666666,2.48245,8,3,Wednesday,False,2026-03,Un Genio Genial Josema Yuste,0.553,0.678,0.629,0.0,0.391,-10.626,0.117,97.983,0.734
1622,2026-03-04 08:49:00,Robin Williams,Friend Like Me,146440,0.04067777777777778,2.4406666666666665,8,3,Wednesday,False,2026-03,Friend Like Me Robin Williams,0.621,0.648,0.478,0.0,0.703,-13.584,0.145,98.412,0.653
1623,2026-03-04 08:53:00,Flavio,Quiero Ser Como Tú,241587,0.0671075,4.02645,8,3,Wednesday,False,2026-03,Quiero Ser Como Tú Flavio,,,,,,,,,
1624,2026-03-04 08:56:00,Jeremy Irons,Be Prepared,220213,0.061170277777777775,3.6702166666666667,8,3,Wednesday,False,2026-03,Be Prepared Jeremy Irons,0.303,0.709,0.536,0.0,0.102,-11.317,0.116,121.782,0.393
1625,2026-03-04 08:59:00,Danny Elfman,What's This?,185440,0.05151111111111111,3.0906666666666665,8,3,Wednesday,False,2026-03,What's This? Danny Elfman,,,,,,,,,
1626,2026-03-04 09:03:00,One Piano,Be Prepared,231120,0.0642,3.852,9,3,Wednesday,False,2026-03,Be Prepared One Piano,0.965,0.304,0.161,0.896,0.108,-21.777,0.0445,62.742,0.069
1627,2026-03-04 09:06:00,One Piano,Prince Ali,182250,0.050625,3.0375,9,3,Wednesday,False,2026-03,Prince Ali One Piano,0.99,0.524,0.0934,0.945,0.113,-21.961,0.0462,132.465,0.214
1628,2026-03-04 09:09:00,Randy Newman,I Will Go Sailing No More,177853,0.04940361111111111,2.9642166666666667,9,3,Wednesday,False,2026-03,I Will Go Sailing No More Randy Newman,0.928,0.19,0.0991,0.0037,0.12,-14.478,0.0311,83.447,0.0578
1629,2026-03-04 09:13:00,Los Cantaseries,"No Se Que Va a Ser de Mi (De ""Toy Story"")",197067,0.054740833333333336,3.28445,9,3,Wednesday,False,2026-03,"No Se Que Va a Ser de Mi (De ""Toy Story"") Los Cantaseries",0.351,0.678,0.629,5.4e-05,0.168,-9.195,0.0275,136.0,0.881
1630,2026-03-04 09:17:00,Albert Sergi,Conspirar (with Damaris Martinez & Jorge Ahijado),272480,0.07568888888888889,4.541333333333333,9,3,Wednesday,False,2026-03,Conspirar (with Damaris Martinez & Jorge Ahijado) Albert Sergi,0.242,0.5,0.829,3.91e-06,0.0662,-6.867,0.17,123.954,0.674
1631,2026-03-04 09:19:00,Josh Gad,When I Am Older,111452,0.03095888888888889,1.8575333333333333,9,3,Wednesday,False,2026-03,When I Am Older Josh Gad,0.708,0.754,0.326,0.0,0.103,-7.001,0.243,117.004,0.435
1632,2026-03-04 09:23:00,Michael Giacchino,Married Life,250573,0.06960361111111112,4.176216666666667,9,3,Wednesday,False,2026-03,Married Life Michael Giacchino,0.97,0.278,0.0675,0.732,0.0812,-20.946,0.04,82.626,0.112
1633,2026-03-04 09:27:00,Jordi Doncos,Preparaos,219880,0.06107777777777778,3.6646666666666667,9,3,Wednesday,False,2026-03,Preparaos Jordi Doncos,,,,,,,,,
1634,2026-03-04 09:30:00,AURORA,Into the Unknown,199960,0.055544444444444445,3.332666666666667,9,3,Wednesday,False,2026-03,Into the Unknown AURORA,0.849,0.321,0.405,0.000544,0.138,-8.533,0.0412,146.072,0.274
1635,2026-03-04 09:34:00,The Citizens of Halloween,This Is Halloween,196187,0.054496388888888886,3.2697833333333333,9,3,Wednesday,False,2026-03,This Is Halloween The Citizens of Halloween,,,,,,,,,
1636,2026-03-04 09:34:00,Unknown Artist,Unknown Track,2508,0.0006966666666666666,0.0418,9,3,Wednesday,True,2026-03,Unknown Track Unknown Artist,,,,,,,,,
1637,2026-03-04 09:34:00,Josema Yuste,Príncipe Ali,5980,0.001661111111111111,0.09966666666666667,9,3,Wednesday,True,2026-03,Príncipe Ali Josema Yuste,0.732,0.524,0.486,0.0,0.17,-11.4,0.0921,104.283,0.668
1638,2026-03-04 09:38:00,Unknown Artist,Unknown Track,36676,0.010187777777777778,0.6112666666666666,9,3,Wednesday,False,2026-03,Unknown Track Unknown Artist,,,,,,,,,
1639,2026-03-04 09:38:00,Meryl Streep,Slipping Through My Fingers - From 'Mamma Mia!' Original Motion Picture Soundtrack,206773,0.05743694444444444,3.4462166666666665,9,3,Wednesday,False,2026-03,Slipping Through My Fingers - From 'Mamma Mia!' Original Motion Picture Soundtrack Meryl Streep,0.507,0.463,0.489,0.0,0.165,-7.968,0.0288,140.034,0.249
1640,2026-03-04 09:48:00,Lorien Testard,Une vie à t'aimer,605512,0.16819777777777778,10.091866666666666,9,3,Wednesday,False,2026-03,Une vie à t'aimer Lorien Testard,0.0634,0.16,0.862,3.65e-06,0.366,-4.397,0.288,179.986,0.0652
1641,2026-03-04 09:54:00,Peter Gabriel,My Body Is A Cage,367906,0.10219611111111111,6.131766666666667,9,3,Wednesday,False,2026-03,My Body Is A Cage Peter Gabriel,0.849,0.341,0.114,0.0938,0.104,-12.885,0.0341,78.912,0.0806
1642,2026-03-04 09:57:00,Amanda Seyfried,Gimme! Gimme! Gimme! (A Man After Midnight) - From 'Mamma Mia!' Original Motion Picture Soundtrack,209143,0.05809527777777778,3.485716666666667,9,3,Wednesday,False,2026-03,Gimme! Gimme! Gimme! (A Man After Midnight) - From 'Mamma Mia!' Original Motion Picture Soundtrack Amanda Seyfried,0.021,0.628,0.836,0.000513,0.416,-4.776,0.0301,120.045,0.571
1643,2026-03-04 10:01:00,Phillip Phillips,"Gone, Gone, Gone",209472,0.058186666666666664,3.4912,10,3,Wednesday,False,2026-03,"Gone, Gone, Gone Phillip Phillips",0.129,0.664,0.642,0.0,0.114,-5.961,0.038,118.006,0.501
1644,2026-03-04 10:01:00,Unknown Artist,Unknown Track,8019,0.0022275,0.13365,10,3,Wednesday,True,2026-03,Unknown Track Unknown Artist,,,,,,,,,
1645,2026-03-04 10:01:00,Unknown Artist,Unknown Track,4101,0.0011391666666666666,0.06835,10,3,Wednesday,True,2026-03,Unknown Track Unknown Artist,,,,,,,,,
1646,2026-03-04 10:05:00,Hozier,"Blood Upon the Snow (From ""God of War Ragnarök"" Soundtrack)",244060,0.06779444444444445,4.067666666666667,10,3,Wednesday,False,2026-03,"Blood Upon the Snow (From ""God of War Ragnarök"" Soundtrack) Hozier",0.442,0.323,0.301,0.00131,0.164,-13.564,0.0344,126.221,0.276
1647,2026-03-04 10:10:00,Hans Zimmer,Pirates of the Caribbean Suite: Part 2 - Live,280521,0.0779225,4.67535,10,3,Wednesday,False,2026-03,Pirates of the Caribbean Suite: Part 2 - Live Hans Zimmer,0.0428,0.0987,0.119,0.326,0.337,-18.709,0.0329,84.529,0.0577
1648,2026-03-04 10:13:00,Lorien Testard,Lumière,201380,0.05593888888888889,3.356333333333333,10,3,Wednesday,False,2026-03,Lumière Lorien Testard,0.95,0.426,0.185,5.02e-06,0.213,-11.717,0.0339,83.424,0.459
1649,2026-03-04 10:14:00,Nicholas Britell,"End Credits - ""Action That""",101467,0.028185277777777778,1.6911166666666666,10,3,Wednesday,False,2026-03,"End Credits - ""Action That"" Nicholas Britell",0.153,0.071,0.396,0.939,0.112,-13.447,0.0476,68.054,0.07
1650,2026-03-04 10:18:00,Billie Eilish,No Time To Die,216487,0.06013527777777778,3.6081166666666666,10,3,Wednesday,False,2026-03,No Time To Die Billie Eilish,0.824,0.227,0.125,0.00575,0.0794,-19.111,0.0416,77.651,0.0396
1651,2026-03-04 10:18:00,Unknown Artist,Unknown Track,7261,0.0020169444444444445,0.12101666666666666,10,3,Wednesday,True,2026-03,Unknown Track Unknown Artist,,,,,,,,,
1652,2026-03-04 10:18:00,Unknown Artist,Unknown Track,3135,0.0008708333333333334,0.05225,10,3,Wednesday,True,2026-03,Unknown Track Unknown Artist,,,,,,,,,
1653,2026-03-04 10:22:00,The Rolling Stones,Gimme Shelter,267090,0.07419166666666667,4.4515,10,3,Wednesday,False,2026-03,Gimme Shelter The Rolling Stones,0.447,0.634,0.63,0.039,0.17,-8.277,0.031,118.628,0.489
1654,2026-03-04 10:25:00,Henry Jackman,Frankenstein's Monster,170533,0.047370277777777775,2.842216666666667,10,3,Wednesday,False,2026-03,Frankenstein's Monster Henry Jackman,0.596,0.147,0.331,0.866,0.114,-11.869,0.0344,68.159,0.0395
1655,2026-03-04 10:29:00,Nirvana,Something In The Way,219103,0.06086194444444445,3.6517166666666667,10,3,Wednesday,False,2026-03,Something In The Way Nirvana,0.745,0.427,0.201,0.263,0.109,-13.044,0.0317,105.218,0.0668
1656,2026-03-04 10:32:00,Jordi Doncos,Preparaos,196270,0.05451944444444445,3.271166666666667,10,3,Wednesday,False,2026-03,Preparaos Jordi Doncos,,,,,,,,,
1657,2026-03-04 10:36:00,Johnny Cash,Hurt,216533,0.06014805555555556,3.6088833333333334,10,3,Wednesday,False,2026-03,Hurt Johnny Cash,0.649,0.534,0.392,0.000227,0.0948,-7.636,0.0267,90.379,0.163
1658,2026-03-04 10:36:00,Unknown Artist,Unknown Track,8228,0.0022855555555555554,0.13713333333333333,10,3,Wednesday,True,2026-03,Unknown Track Unknown Artist,,,,,,,,,
1659,2026-03-04 10:36:00,Unknown Artist,Unknown Track,3030,0.0008416666666666667,0.0505,10,3,Wednesday,True,2026-03,Unknown Track Unknown Artist,,,,,,,,,
1660,2026-03-04 10:41:00,a-ha,The Living Daylights - MTV Unplugged,311175,0.0864375,5.18625,10,3,Wednesday,False,2026-03,The Living Daylights - MTV Unplugged a-ha,0.265,0.581,0.762,9.8e-06,0.2,-8.54,0.0409,110.932,0.436
1661,2026-03-04 10:43:00,Himesh Patel,Help! - Live At Pier Hotel,125808,0.03494666666666667,2.0968,10,3,Wednesday,False,2026-03,Help! - Live At Pier Hotel Himesh Patel,0.000123,0.342,0.968,7.38e-06,0.38,-6.206,0.2,113.016,0.126
1662,2026-03-04 10:49:00,Anotnia Thomas,I'm Gonna Be (500 Miles),354668,0.09851888888888889,5.911133333333333,10,3,Wednesday,False,2026-03,I'm Gonna Be (500 Miles) Anotnia Thomas,0.85,0.441,0.252,0.000138,0.114,-8.6,0.0337,139.853,0.502
1663,2026-03-04 10:53:00,Sam Smith,"Writing's On The Wall - From ""Spectre"" Soundtrack",265580,0.07377222222222223,4.426333333333333,10,3,Wednesday,False,2026-03,"Writing's On The Wall - From ""Spectre"" Soundtrack Sam Smith",0.769,0.261,0.302,2.57e-06,0.0863,-8.19,0.0339,81.418,0.0883
1664,2026-03-04 10:56:00,The Greg Kihn Band,The Breakup Song,169707,0.04714083333333333,2.82845,10,3,Wednesday,False,2026-03,The Breakup Song The Greg Kihn Band,0.032,0.695,0.887,4.9e-05,0.234,-4.417,0.0291,141.541,0.965
1665,2026-03-04 10:56:00,Unknown Artist,Unknown Track,11154,0.003098333333333333,0.1859,10,3,Wednesday,True,2026-03,Unknown Track Unknown Artist,,,,,,,,,
1666,2026-03-04 10:56:00,Unknown Artist,Unknown Track,3135,0.0008708333333333334,0.05225,10,3,Wednesday,True,2026-03,Unknown Track Unknown Artist,,,,,,,,,
1667,2026-03-04 10:58:00,Madonna,Like a Prayer - Battle Royale Mix from “Deadpool & Wolverine”,127506,0.035418333333333336,2.1251,10,3,Wednesday,False,2026-03,Like a Prayer - Battle Royale Mix from “Deadpool & Wolverine” Madonna,0.146,0.317,0.606,6.9e-05,0.0772,-10.073,0.0411,116.01,0.118
1668,2026-03-04 11:01:00,Childish Gambino,Lithonia,153239,0.04256638888888889,2.5539833333333335,11,3,Wednesday,False,2026-03,Lithonia Childish Gambino,0.0948,0.415,0.383,0.0,0.118,-7.629,0.0287,140.102,0.172
1669,2026-03-04 11:05:00,Fleetwood Mac,The Chain - 2004 Remaster,259362,0.072045,4.3227,11,3,Wednesday,False,2026-03,The Chain - 2004 Remaster Fleetwood Mac,,,,,,,,,
1670,2026-03-04 11:10:00,The Verve,Bitter Sweet Symphony - Remastered 2016,308958,0.08582166666666667,5.1493,11,3,Wednesday,False,2026-03,Bitter Sweet Symphony - Remastered 2016 The Verve,0.0299,0.358,0.916,0.0,0.595,-5.958,0.0497,171.133,0.498
1671,2026-03-04 12:55:00,Unknown Artist,Unknown Track,3500,0.0009722222222222222,0.058333333333333334,12,3,Wednesday,True,2026-03,Unknown Track Unknown Artist,,,,,,,,,
1672,2026-03-04 12:55:00,David Bowie,Space Oddity - 2015 Remaster,301201,0.08366694444444445,5.020016666666667,12,3,Wednesday,False,2026-03,Space Oddity - 2015 Remaster David Bowie,0.0726,0.31,0.403,9.27e-05,0.139,-13.664,0.0326,134.48,0.466
1673,2026-03-04 12:55:00,Unknown Artist,Unknown Track,21629,0.0060080555555555555,0.3604833333333333,12,3,Wednesday,True,2026-03,Unknown Track Unknown Artist,,,,,,,,,
1674,2026-03-04 12:59:00,Scott Bradlee's Postmodern Jukebox,Seven Nation Army,229082,0.06363388888888889,3.818033333333333,12,3,Wednesday,False,2026-03,Seven Nation Army Scott Bradlee's Postmodern Jukebox,0.708,0.485,0.513,0.0,0.508,-5.91,0.0614,90.374,0.385
1675,2026-03-04 13:01:00,Melissa Benoist,Moon River,120137,0.03337138888888889,2.002283333333333,13,3,Wednesday,False,2026-03,Moon River Melissa Benoist,0.938,0.29,0.154,0.0,0.118,-11.548,0.033,65.924,0.185
1676,2026-03-04 13:06:00,Ted Neeley,"Gethsemane (I Only Wanted To Say) - From ""Jesus Christ Superstar"" Soundtrack",270354,0.07509833333333334,4.5059,13,3,Wednesday,False,2026-03,"Gethsemane (I Only Wanted To Say) - From ""Jesus Christ Superstar"" Soundtrack Ted Neeley",0.385,0.412,0.472,0.000685,0.125,-10.156,0.0477,137.26,0.311
1677,2026-03-04 16:22:00,Fleetwood Mac,The Chain - 2004 Remaster,6424,0.0017844444444444444,0.10706666666666667,16,3,Wednesday,True,2026-03,The Chain - 2004 Remaster Fleetwood Mac,,,,,,,,,
1678,2026-03-04 16:22:00,Childish Gambino,Lithonia,0,0.0,0.0,16,3,Wednesday,True,2026-03,Lithonia Childish Gambino,0.0948,0.415,0.383,0.0,0.118,-7.629,0.0287,140.102,0.172
1679,2026-03-04 16:25:00,Childish Gambino,Lithonia,164601,0.0457225,2.74335,16,3,Wednesday,False,2026-03,Lithonia Childish Gambino,0.0948,0.415,0.383,0.0,0.118,-7.629,0.0287,140.102,0.172
1680,2026-03-04 16:29:00,The Verve,Bitter Sweet Symphony - Remastered 2016,9482,0.0026338888888888887,0.15803333333333333,16,3,Wednesday,True,2026-03,Bitter Sweet Symphony - Remastered 2016 The Verve,0.0299,0.358,0.916,0.0,0.595,-5.958,0.0497,171.133,0.498
1681,2026-03-04 16:29:00,Fleetwood Mac,The Chain - 2004 Remaster,259362,0.072045,4.3227,16,3,Wednesday,False,2026-03,The Chain - 2004 Remaster Fleetwood Mac,,,,,,,,,
1682,2026-03-04 16:29:00,David Bowie,Space Oddity - 2015 Remaster,8417,0.0023380555555555555,0.14028333333333334,16,3,Wednesday,True,2026-03,Space Oddity - 2015 Remaster David Bowie,0.0726,0.31,0.403,9.27e-05,0.139,-13.664,0.0326,134.48,0.466
1683,2026-03-04 16:30:00,Unknown Artist,Unknown Track,21629,0.0060080555555555555,0.3604833333333333,16,3,Wednesday,True,2026-03,Unknown Track Unknown Artist,,,,,,,,,
1684,2026-03-04 16:34:00,Melissa Benoist,Moon River,32746,0.00909611111111111,0.5457666666666666,16,3,Wednesday,False,2026-03,Moon River Melissa Benoist,0.938,0.29,0.154,0.0,0.118,-11.548,0.033,65.924,0.185
1685,2026-03-04 16:34:00,Scott Bradlee's Postmodern Jukebox,Seven Nation Army,229083,0.06363416666666667,3.81805,16,3,Wednesday,False,2026-03,Seven Nation Army Scott Bradlee's Postmodern Jukebox,0.708,0.485,0.513,0.0,0.508,-5.91,0.0614,90.374,0.385
1686,2026-03-04 18:25:00,Ted Neeley,"Gethsemane (I Only Wanted To Say) - From ""Jesus Christ Superstar"" Soundtrack",186480,0.0518,3.108,18,3,Wednesday,False,2026-03,"Gethsemane (I Only Wanted To Say) - From ""Jesus Christ Superstar"" Soundtrack Ted Neeley",0.385,0.412,0.472,0.000685,0.125,-10.156,0.0477,137.26,0.311
1687,2026-03-05 06:20:00,Menaix a Truà,No em Deixis Mai,5322,0.0014783333333333332,0.0887,6,3,Thursday,True,2026-03,No em Deixis Mai Menaix a Truà,0.371,0.711,0.503,0.413,0.107,-9.277,0.0279,122.01,0.678
1688,2026-03-05 06:25:00,Violet Orlandi,Zombie,3725,0.0010347222222222222,0.06208333333333333,6,3,Thursday,True,2026-03,Zombie Violet Orlandi,,,,,,,,,
1689,2026-03-05 06:30:00,Gabriella Quevedo,That's Life,6248,0.0017355555555555555,0.10413333333333333,6,3,Thursday,True,2026-03,That's Life Gabriella Quevedo,0.659,0.485,0.442,0.792,0.132,-8.909,0.0539,109.537,0.345
1690,2026-03-05 06:40:00,Joel Minguet,Hora de Estrellas,5215,0.001448611111111111,0.08691666666666667,6,3,Thursday,True,2026-03,Hora de Estrellas Joel Minguet,0.139,0.419,0.524,0.071,0.1,-11.297,0.041,128.672,0.275
1691,2026-03-05 06:55:00,Jonas Kvarnström,"Skyfall - From "" Skyfall - James Bond""",22252,0.006181111111111111,0.3708666666666667,6,3,Thursday,True,2026-03,"Skyfall - From "" Skyfall - James Bond"" Jonas Kvarnström",0.976,0.528,0.258,0.86,0.136,-12.297,0.0279,75.016,0.19
1692,2026-03-05 08:00:00,Nicholas Britell,Succession (Main Title Theme) - Orchestral Intro Version,95611,0.026558611111111113,1.5935166666666667,8,3,Thursday,False,2026-03,Succession (Main Title Theme) - Orchestral Intro Version Nicholas Britell,0.00301,0.35,0.38,0.869,0.108,-11.139,0.0351,140.25,0.0378
1693,2026-03-05 08:05:00,Unknown Artist,Unknown Track,3788,0.0010522222222222222,0.06313333333333333,8,3,Thursday,True,2026-03,Unknown Track Unknown Artist,,,,,,,,,
1694,2026-03-05 08:05:00,Unknown Artist,Unknown Track,9534,0.0026483333333333333,0.1589,8,3,Thursday,True,2026-03,Unknown Track Unknown Artist,,,,,,,,,
1695,2026-03-05 08:05:00,Murray Gold,Doomsday,309707,0.08602972222222222,5.161783333333333,8,3,Thursday,False,2026-03,Doomsday Murray Gold,,,,,,,,,
1696,2026-03-05 08:08:00,Paul Engemann,Scarface (Push It To The Limit),170000,0.04722222222222222,2.8333333333333335,8,3,Thursday,False,2026-03,Scarface (Push It To The Limit) Paul Engemann,0.0299,0.571,0.609,2.89e-06,0.66,-10.691,0.0324,156.203,0.27
1697,2026-03-05 08:10:00,JAŸ-Z,No Church In The Wild,124042,0.03445611111111111,2.0673666666666666,8,3,Thursday,False,2026-03,No Church In The Wild JAŸ-Z,0.269,0.676,0.726,0.0238,0.136,-8.261,0.0928,92.804,0.569
1698,2026-03-06 05:55:00,Els Amics De Les Arts,Semblava Que Fossis Tu,17626,0.0048961111111111115,0.2937666666666667,5,3,Friday,True,2026-03,Semblava Que Fossis Tu Els Amics De Les Arts,0.162,0.708,0.738,2e-05,0.145,-4.783,0.0384,125.041,0.43
1699,2026-03-06 06:00:00,Evan Rachel Wood,"Black Bird - From ""Across The Universe"" Soundtrack",5230,0.0014527777777777779,0.08716666666666667,6,3,Friday,True,2026-03,"Black Bird - From ""Across The Universe"" Soundtrack Evan Rachel Wood",,,,,,,,,
1700,2026-03-06 06:05:00,Murray Gold,Doomsday,4841,0.0013447222222222222,0.08068333333333333,6,3,Friday,True,2026-03,Doomsday Murray Gold,,,,,,,,,
1701,2026-03-06 06:10:00,Nirvana,Pennyroyal Tea,8693,0.002414722222222222,0.14488333333333334,6,3,Friday,True,2026-03,Pennyroyal Tea Nirvana,0.000351,0.428,0.449,0.000498,0.253,-12.114,0.0342,113.308,0.196
1702,2026-03-06 06:15:00,Russell Crowe,Javert's Suicide,3126,0.0008683333333333334,0.0521,6,3,Friday,True,2026-03,Javert's Suicide Russell Crowe,0.682,0.417,0.336,0.0,0.348,-14.455,0.0858,106.928,0.234
1703,2026-03-06 06:20:00,Els Amics De Les Arts,Apunto Shakespeare,6812,0.0018922222222222222,0.11353333333333333,6,3,Friday,True,2026-03,Apunto Shakespeare Els Amics De Les Arts,0.508,0.465,0.434,5.1e-06,0.231,-10.548,0.0337,186.881,0.507
1704,2026-03-06 06:25:00,Les Misérables - International Cast,Turning,3607,0.0010019444444444444,0.060116666666666665,6,3,Friday,True,2026-03,Turning Les Misérables - International Cast,0.96,0.323,0.0335,0.0,0.116,-20.194,0.0501,85.874,0.266
1705,2026-03-06 06:30:00,The Beatles,Something - Remastered 2009,13061,0.0036280555555555554,0.21768333333333334,6,3,Friday,True,2026-03,Something - Remastered 2009 The Beatles,0.195,0.406,0.338,2.57e-06,0.138,-10.872,0.0303,132.875,0.379
1706,2026-03-06 06:35:00,Nstens1117,Sherlock Theme,10207,0.0028352777777777777,0.17011666666666667,6,3,Friday,True,2026-03,Sherlock Theme Nstens1117,0.0131,0.232,0.479,0.757,0.145,-6.853,0.0306,97.903,0.4
1707,2026-03-06 06:40:00,Guns N' Roses,Sweet Child O' Mine,7019,0.0019497222222222223,0.11698333333333333,6,3,Friday,True,2026-03,Sweet Child O' Mine Guns N' Roses,0.09,0.445,0.952,0.0843,0.112,-5.321,0.0522,125.304,0.624
1708,2026-03-06 06:45:00,Nicholas Britell,"Roman's Beat - ""Hearts""",4143,0.0011508333333333334,0.06905,6,3,Friday,True,2026-03,"Roman's Beat - ""Hearts"" Nicholas Britell",0.0536,0.8,0.714,0.869,0.0809,-8.447,0.028,88.14,0.504
1709,2026-03-06 06:50:00,System Of A Down,Toxicity,15096,0.004193333333333334,0.2516,6,3,Friday,True,2026-03,Toxicity System Of A Down,0.000278,0.417,0.934,0.0015,0.132,-3.908,0.119,127.066,0.287
1710,2026-03-06 06:50:00,Michael Giacchino,The Batman,1479,0.0004108333333333333,0.02465,6,3,Friday,True,2026-03,The Batman Michael Giacchino,0.5,0.209,0.152,0.903,0.103,-16.519,0.0324,80.136,0.0482
1711,2026-03-06 08:20:00,Hugh Jackman,Suddenly,5904,0.00164,0.0984,8,3,Friday,True,2026-03,Suddenly Hugh Jackman,0.918,0.366,0.123,5.53e-06,0.103,-21.941,0.148,74.849,0.143
1712,2026-03-06 09:02:00,Hugh Jackman,Suddenly,146564,0.04071222222222222,2.4427333333333334,9,3,Friday,False,2026-03,Suddenly Hugh Jackman,0.918,0.366,0.123,5.53e-06,0.103,-21.941,0.148,74.849,0.143
1713,2026-03-06 09:04:00,One Piano,Drink With Me (To Days Gone By),150833,0.041898055555555556,2.5138833333333332,9,3,Friday,False,2026-03,Drink With Me (To Days Gone By) One Piano,0.918,0.475,0.307,0.934,0.103,-14.519,0.0623,179.898,0.367
1714,2026-03-06 09:08:00,Laura Marling,A Hard Rain's A-Gonna Fall,235123,0.06531194444444445,3.9187166666666666,9,3,Friday,False,2026-03,A Hard Rain's A-Gonna Fall Laura Marling,0.295,0.593,0.424,0.00012,0.109,-11.988,0.0464,132.977,0.188
1715,2026-03-06 09:12:00,Jennifer Ann,Mad World,244000,0.06777777777777778,4.066666666666666,9,3,Friday,False,2026-03,Mad World Jennifer Ann,0.882,0.29,0.233,4.45e-05,0.124,-11.668,0.0356,98.218,0.243
1716,2026-03-06 09:17:00,Gabriella Quevedo,No Time to Die,270000,0.075,4.5,9,3,Friday,False,2026-03,No Time to Die Gabriella Quevedo,0.834,0.54,0.303,0.865,0.146,-10.025,0.0471,130.309,0.157
1717,2026-03-06 09:19:00,The Runaways,Cherry Bomb,138707,0.03852972222222222,2.3117833333333335,9,3,Friday,False,2026-03,Cherry Bomb The Runaways,0.0455,0.501,0.813,4.75e-05,0.131,-8.192,0.0639,136.59,0.495
1718,2026-03-06 09:24:00,Antònia Font,Bamboo,266360,0.0739888888888889,4.439333333333333,9,3,Friday,False,2026-03,Bamboo Antònia Font,0.0696,0.504,0.516,0.0138,0.0969,-12.162,0.0284,104.017,0.364
1719,2026-03-06 09:28:00,Anna Roig,Soc la flor,267800,0.0743888888888889,4.463333333333333,9,3,Friday,False,2026-03,Soc la flor Anna Roig,0.767,0.434,0.324,0.0513,0.0852,-13.635,0.0454,123.474,0.315
1720,2026-03-06 09:34:00,David Arnold,The Problems of Your Future,332680,0.09241111111111111,5.544666666666667,9,3,Friday,False,2026-03,The Problems of Your Future David Arnold,,,,,,,,,
1721,2026-03-06 09:37:00,One Piano,Another Way to Die,181715,0.05047638888888889,3.028583333333333,9,3,Friday,False,2026-03,Another Way to Die One Piano,,,,,,,,,
1722,2026-03-06 09:39:00,The Beatles,Eleanor Rigby - Remastered 2009,126533,0.03514805555555556,2.1088833333333334,9,3,Friday,False,2026-03,Eleanor Rigby - Remastered 2009 The Beatles,0.936,0.581,0.28,1.56e-05,0.305,-9.091,0.0381,137.831,0.813
1723,2026-03-06 09:46:00,Patrik Pietschmann,The Dark Knight Main Theme - Piano Version,448078,0.12446611111111111,7.467966666666666,9,3,Friday,False,2026-03,The Dark Knight Main Theme - Piano Version Patrik Pietschmann,0.943,0.581,0.11,0.862,0.108,-19.787,0.038,110.049,0.0374
1724,2026-03-06 09:50:00,Els Amics De Les Arts,Citant Mercè Rodoreda,237827,0.06606305555555556,3.963783333333333,9,3,Friday,False,2026-03,Citant Mercè Rodoreda Els Amics De Les Arts,0.133,0.734,0.793,4.03e-06,0.0626,-7.87,0.0426,102.021,0.757
1725,2026-03-06 09:53:00,Antònia Font,Vitamina sol,159933,0.04442583333333333,2.66555,9,3,Friday,False,2026-03,Vitamina sol Antònia Font,0.794,0.274,0.431,8.09e-06,0.416,-9.385,0.0415,190.238,0.637
1726,2026-03-06 09:56:00,William Ross,I Will Do What I Must,168507,0.0468075,2.80845,9,3,Friday,False,2026-03,I Will Do What I Must William Ross,0.238,0.103,0.604,0.98,0.103,-12.787,0.0498,77.379,0.0467
1727,2026-03-06 09:59:00,Evan Rachel Wood,If I Fell,156813,0.04355916666666667,2.61355,9,3,Friday,False,2026-03,If I Fell Evan Rachel Wood,0.968,0.474,0.0663,4.73e-06,0.142,-17.908,0.0353,79.217,0.11
1728,2026-03-06 10:01:00,One Piano,Hooked on a Feeling,164860,0.04579444444444444,2.7476666666666665,10,3,Friday,False,2026-03,Hooked on a Feeling One Piano,0.961,0.75,0.458,0.95,0.106,-9.363,0.0494,116.139,0.285
1729,2026-03-06 10:06:00,‘Jesus Christ Superstar’ 1996 London Cast,Overture - Remastered 2005,255360,0.07093333333333333,4.256,10,3,Friday,False,2026-03,Overture - Remastered 2005 ‘Jesus Christ Superstar’ 1996 London Cast,,,,,,,,,
1730,2026-03-06 10:09:00,Johnny Cash,Redemption Song,207200,0.057555555555555554,3.453333333333333,10,3,Friday,False,2026-03,Redemption Song Johnny Cash,0.759,0.518,0.378,0.0,0.0883,-9.995,0.0342,113.541,0.518
1731,2026-03-06 10:11:00,The Beatles,Yesterday - Remastered 2009,125667,0.0349075,2.09445,10,3,Friday,False,2026-03,Yesterday - Remastered 2009 The Beatles,0.879,0.332,0.179,0.0,0.0886,-11.83,0.0326,96.524,0.315
1732,2026-03-06 10:16:00,Silent Poets,Almost Nothing (feat. Okay Kaya),0,0.0,0.0,10,3,Friday,True,2026-03,Almost Nothing (feat. Okay Kaya) Silent Poets,0.249,0.453,0.434,0.478,0.0894,-11.32,0.0291,108.016,0.0768
1733,2026-03-06 10:16:00,Silent Poets,Almost Nothing (feat. Okay Kaya),275670,0.076575,4.5945,10,3,Friday,False,2026-03,Almost Nothing (feat. Okay Kaya) Silent Poets,0.249,0.453,0.434,0.478,0.0894,-11.32,0.0291,108.016,0.0768
1734,2026-03-06 10:17:00,Silent Poets,Almost Nothing (feat. Okay Kaya),22894,0.0063594444444444445,0.38156666666666667,10,3,Friday,True,2026-03,Almost Nothing (feat. Okay Kaya) Silent Poets,0.249,0.453,0.434,0.478,0.0894,-11.32,0.0291,108.016,0.0768
1735,2026-03-06 10:31:00,Yvonne Elliman,"Peter's Denial - From ""Jesus Christ Superstar"" Soundtrack",12626,0.0035072222222222223,0.21043333333333333,10,3,Friday,True,2026-03,"Peter's Denial - From ""Jesus Christ Superstar"" Soundtrack Yvonne Elliman",0.913,0.512,0.393,0.00021,0.139,-12.803,0.0534,116.6,0.546
1736,2026-03-06 10:34:00,Yvonne Elliman,"Peter's Denial - From ""Jesus Christ Superstar"" Soundtrack",76910,0.02136388888888889,1.2818333333333334,10,3,Friday,False,2026-03,"Peter's Denial - From ""Jesus Christ Superstar"" Soundtrack Yvonne Elliman",0.913,0.512,0.393,0.00021,0.139,-12.803,0.0534,116.6,0.546
1737,2026-03-08 08:28:00,Yvonne Elliman,"I Don't Know How To Love Him - From ""Jesus Christ Superstar"" Soundtrack",42633,0.0118425,0.71055,8,3,Sunday,False,2026-03,"I Don't Know How To Love Him - From ""Jesus Christ Superstar"" Soundtrack Yvonne Elliman",0.862,0.316,0.135,0.0,0.098,-15.419,0.0354,144.381,0.342
1738,2026-03-09 05:55:00,The Beatles,Help! - Remastered 2009,15285,0.004245833333333333,0.25475,5,3,Monday,True,2026-03,Help! - Remastered 2009 The Beatles,0.188,0.534,0.725,0.0,0.0994,-7.576,0.0333,94.963,0.767
1739,2026-03-09 06:00:00,Wig Wam,Do Ya Wanna Taste It,11825,0.0032847222222222223,0.19708333333333333,6,3,Monday,True,2026-03,Do Ya Wanna Taste It Wig Wam,0.0191,0.559,0.793,0.0,0.394,-3.536,0.028,92.034,0.69
1740,2026-03-09 06:05:00,G.E. Smith,344 Wash,9622,0.002672777777777778,0.16036666666666666,6,3,Monday,True,2026-03,344 Wash G.E. Smith,0.882,0.186,0.305,0.785,0.121,-14.41,0.0314,78.942,0.0398
1741,2026-03-09 06:10:00,Adam Pascal,You'll See,5566,0.0015461111111111112,0.09276666666666666,6,3,Monday,True,2026-03,You'll See Adam Pascal,0.0918,0.508,0.846,0.0,0.397,-5.693,0.0457,110.983,0.529
1742,2026-03-09 06:15:00,The Beatles,While My Guitar Gently Weeps - Acoustic Version - Take 1,6545,0.0018180555555555556,0.10908333333333334,6,3,Monday,True,2026-03,While My Guitar Gently Weeps - Acoustic Version - Take 1 The Beatles,0.863,0.592,0.0871,4.84e-06,0.0636,-17.016,0.0382,122.708,0.211
1743,2026-03-09 06:20:00,Nicholas Britell,"“Sorry, Pinky”",32268,0.008963333333333334,0.5378,6,3,Monday,False,2026-03,"“Sorry, Pinky” Nicholas Britell",0.904,0.0715,0.00207,0.914,0.108,-34.438,0.0467,79.589,0.0321
1744,2026-03-09 06:25:00,Nirvana,Rape Me,6812,0.0018922222222222222,0.11353333333333333,6,3,Monday,True,2026-03,Rape Me Nirvana,0.0141,0.42,0.746,0.0,0.0661,-10.628,0.0467,111.886,0.229
1745,2026-03-09 06:30:00,Nirvana,Been A Son - BBC Mark Goodier Session,6008,0.0016688888888888888,0.10013333333333334,6,3,Monday,True,2026-03,Been A Son - BBC Mark Goodier Session Nirvana,2.7e-06,0.387,0.914,0.0,0.258,-10.101,0.0862,154.455,0.556
1746,2026-03-09 06:35:00,Violet Orlandi,Come As You Are,10404,0.00289,0.1734,6,3,Monday,True,2026-03,Come As You Are Violet Orlandi,,,,,,,,,
1747,2026-03-09 06:40:00,Jared Emerson-Johnson,The Spy and the Liar (String Orchestra Mix),11201,0.003111388888888889,0.18668333333333334,6,3,Monday,True,2026-03,The Spy and the Liar (String Orchestra Mix) Jared Emerson-Johnson,0.199,0.242,0.275,0.92,0.13,-12.566,0.0374,118.927,0.249
1748,2026-03-09 08:47:00,Guns N' Roses,Estranged,563893,0.15663694444444445,9.398216666666666,8,3,Monday,False,2026-03,Estranged Guns N' Roses,0.0105,0.358,0.762,0.282,0.368,-8.323,0.0324,89.246,0.168
1749,2026-03-09 08:53:00,Luis Eduardo Aute,Quinta del Sordo - Remasterizado,364973,0.10138138888888888,6.082883333333333,8,3,Monday,False,2026-03,Quinta del Sordo - Remasterizado Luis Eduardo Aute,0.194,0.598,0.632,0.00142,0.125,-7.727,0.0527,139.944,0.259
1750,2026-03-09 08:57:00,Els Amics De Les Arts,L'Arquitecte,246067,0.06835194444444445,4.101116666666667,8,3,Monday,False,2026-03,L'Arquitecte Els Amics De Les Arts,0.511,0.482,0.385,0.00026,0.302,-10.043,0.0312,155.939,0.303
1751,2026-03-09 09:02:00,Eric Clapton,Layla - Acoustic Live,289027,0.08028527777777777,4.817116666666666,9,3,Monday,False,2026-03,Layla - Acoustic Live Eric Clapton,0.318,0.559,0.524,0.00094,0.933,-11.64,0.0462,93.85,0.652
1752,2026-03-09 09:44:00,Nicholas Britell,"Interlude - Ricercare - ""On the Lot""",3484,0.0009677777777777778,0.05806666666666667,9,3,Monday,True,2026-03,"Interlude - Ricercare - ""On the Lot"" Nicholas Britell",0.00108,0.247,0.375,0.898,0.126,-12.992,0.0516,80.921,0.0361
1753,2026-03-09 15:01:00,Els Amics De Les Arts,L'Home Que Treballa Fent De Gos - En Directe Al Festival De Cap Roig / 2015,1758,0.0004883333333333333,0.0293,15,3,Monday,True,2026-03,L'Home Que Treballa Fent De Gos - En Directe Al Festival De Cap Roig / 2015 Els Amics De Les Arts,0.0531,0.458,0.737,0.0,0.75,-7.785,0.0295,96.92,0.517
1754,2026-03-09 15:01:00,Dropkick Murphys,I'm Shipping Up To Boston,148670,0.04129722222222222,2.4778333333333333,15,3,Monday,False,2026-03,I'm Shipping Up To Boston Dropkick Murphys,0.000706,0.452,0.928,0.000637,0.226,-3.133,0.079,129.188,0.6
1755,2026-03-09 15:01:00,Els Amics De Les Arts,El senyal que esperaves,14008,0.0038911111111111112,0.23346666666666666,15,3,Monday,True,2026-03,El senyal que esperaves Els Amics De Les Arts,,,,,,,,,
1756,2026-03-09 15:01:00,One Piano,Father and Son,942,0.00026166666666666667,0.0157,15,3,Monday,True,2026-03,Father and Son One Piano,0.986,0.704,0.172,0.941,0.159,-12.782,0.0511,131.959,0.201
1757,2026-03-09 15:01:00,Nicholas Britell,Andante in C Minor - Main Theme Strings Variation,518,0.0001438888888888889,0.008633333333333333,15,3,Monday,True,2026-03,Andante in C Minor - Main Theme Strings Variation Nicholas Britell,0.981,0.259,0.0327,0.635,0.0692,-20.94,0.0408,94.809,0.0579
1758,2026-03-09 15:04:00,Robin Williams,Friend Like Me,146440,0.04067777777777778,2.4406666666666665,15,3,Monday,False,2026-03,Friend Like Me Robin Williams,0.621,0.648,0.478,0.0,0.703,-13.584,0.145,98.412,0.653
1759,2026-03-09 15:06:00,Josema Yuste,Un Genio Genial,148947,0.04137416666666666,2.48245,15,3,Monday,False,2026-03,Un Genio Genial Josema Yuste,0.553,0.678,0.629,0.0,0.391,-10.626,0.117,97.983,0.734
1760,2026-03-09 15:07:00,Michael Giacchino,The Glory Days,27478,0.007632777777777777,0.4579666666666667,15,3,Monday,True,2026-03,The Glory Days Michael Giacchino,0.732,0.334,0.262,0.388,0.235,-14.193,0.0391,80.446,0.145
1761,2026-03-09 15:10:00,One Piano,Friend Like Me,186667,0.051851944444444444,3.1111166666666668,15,3,Monday,False,2026-03,Friend Like Me One Piano,0.993,0.425,0.0915,0.923,0.107,-24.976,0.0445,104.008,0.218
1762,2026-03-09 15:13:00,Walt's Piano,Friend Like Me,152552,0.042375555555555555,2.5425333333333335,15,3,Monday,False,2026-03,Friend Like Me Walt's Piano,0.991,0.549,0.206,0.955,0.166,-21.592,0.0404,58.548,0.279
1763,2026-03-09 15:15:00,The Piano Kid,"Friend Like Me (Piano Version) [from ""Aladdin""]",130481,0.03624472222222222,2.1746833333333333,15,3,Monday,False,2026-03,"Friend Like Me (Piano Version) [from ""Aladdin""] The Piano Kid",0.986,0.659,0.294,0.884,0.118,-15.278,0.0311,110.01,0.294
1764,2026-03-09 15:21:00,Hans Zimmer,Jack Sparrow,365427,0.1015075,6.09045,15,3,Monday,False,2026-03,Jack Sparrow Hans Zimmer,0.759,0.335,0.323,0.824,0.0717,-14.71,0.0564,91.599,0.291
1765,2026-03-09 15:23:00,José María Guzmán,No dejaré que te eches a perder,125787,0.03494083333333333,2.09645,15,3,Monday,False,2026-03,No dejaré que te eches a perder José María Guzmán,0.565,0.587,0.901,1.49e-05,0.163,-7.118,0.0442,106.151,0.88
1766,2026-03-09 15:38:00,Jordi Doncos,Preparaos,199737,0.0554825,3.32895,15,3,Monday,False,2026-03,Preparaos Jordi Doncos,,,,,,,,,
1767,2026-03-09 15:45:00,Jordi Doncos,Preparaos,20158,0.005599444444444444,0.3359666666666667,15,3,Monday,True,2026-03,Preparaos Jordi Doncos,,,,,,,,,
1768,2026-03-09 15:48:00,Danny Elfman,What's This?,185440,0.05151111111111111,3.0906666666666665,15,3,Monday,False,2026-03,What's This? Danny Elfman,,,,,,,,,
1769,2026-03-09 15:51:00,One Piano,Friend Like Me,186667,0.051851944444444444,3.1111166666666668,15,3,Monday,False,2026-03,Friend Like Me One Piano,0.993,0.425,0.0915,0.923,0.107,-24.976,0.0445,104.008,0.218
1770,2026-03-09 15:52:00,The Citizens of Halloween,This Is Halloween,10902,0.0030283333333333334,0.1817,15,3,Monday,True,2026-03,This Is Halloween The Citizens of Halloween,,,,,,,,,
1771,2026-03-09 15:55:00,Jeremy Irons,Be Prepared,220213,0.061170277777777775,3.6702166666666667,15,3,Monday,False,2026-03,Be Prepared Jeremy Irons,0.303,0.709,0.536,0.0,0.102,-11.317,0.116,121.782,0.393
1772,2026-03-09 15:59:00,Randy Newman,Strange Things,198587,0.055163055555555555,3.3097833333333333,15,3,Monday,False,2026-03,Strange Things Randy Newman,,,,,,,,,
1773,2026-03-09 16:56:00,Josh Gad,When I Am Older,2460,0.0006833333333333333,0.041,16,3,Monday,True,2026-03,When I Am Older Josh Gad,0.708,0.754,0.326,0.0,0.103,-7.001,0.243,117.004,0.435
1774,2026-03-10 05:45:00,One Piano,Goldeneye,28592,0.007942222222222222,0.4765333333333333,5,3,Tuesday,True,2026-03,Goldeneye One Piano,,,,,,,,,
1775,2026-03-10 06:00:00,Nstens1117,X-Men the Animated Series Theme,8523,0.0023675,0.14205,6,3,Tuesday,True,2026-03,X-Men the Animated Series Theme Nstens1117,9.54e-06,0.183,0.721,0.973,0.19,-4.698,0.0673,121.113,0.746
1776,2026-03-10 06:10:00,Els Amics De Les Arts,Les Meves Ex I Tu,12550,0.0034861111111111113,0.20916666666666667,6,3,Tuesday,True,2026-03,Les Meves Ex I Tu Els Amics De Les Arts,0.292,0.624,0.751,0.0,0.12,-9.151,0.0434,140.044,0.669
1777,2026-03-10 06:45:00,Guns N' Roses,Civil War,17539,0.004871944444444444,0.29231666666666667,6,3,Tuesday,True,2026-03,Civil War Guns N' Roses,0.0803,0.33,0.787,0.0632,0.32,-8.806,0.0732,139.918,0.382
1778,2026-03-10 07:22:00,Jordi Doncos,Preparaos,0,0.0,0.0,7,3,Tuesday,True,2026-03,Preparaos Jordi Doncos,,,,,,,,,
1779,2026-03-10 07:34:00,Danny Elfman,What's This?,185440,0.05151111111111111,3.0906666666666665,7,3,Tuesday,False,2026-03,What's This? Danny Elfman,,,,,,,,,
1780,2026-03-10 07:40:00,Film Symphony Orchestra,"Suite (From ""Pirates of the Caribbean: The Curse of the Black Pearl"") - Live",354067,0.09835194444444445,5.901116666666667,7,3,Tuesday,False,2026-03,"Suite (From ""Pirates of the Caribbean: The Curse of the Black Pearl"") - Live Film Symphony Orchestra",0.917,0.376,0.666,0.878,0.678,-10.024,0.121,109.644,0.194
1781,2026-03-10 07:44:00,Hans Zimmer,"Pirates of the Caribbean Suite: Part 1 ""Jack Sparrow"" - Live",251180,0.06977222222222222,4.186333333333334,7,3,Tuesday,False,2026-03,"Pirates of the Caribbean Suite: Part 1 ""Jack Sparrow"" - Live Hans Zimmer",0.022,0.282,0.566,0.807,0.225,-13.43,0.0702,91.547,0.372
1782,2026-03-10 07:49:00,Hans Zimmer,Pirates of the Caribbean Suite: Part 2 - Live,299211,0.08311416666666667,4.98685,7,3,Tuesday,False,2026-03,Pirates of the Caribbean Suite: Part 2 - Live Hans Zimmer,0.0428,0.0987,0.119,0.326,0.337,-18.709,0.0329,84.529,0.0577
1783,2026-03-10 07:54:00,Hans Zimmer,Pirates of the Caribbean Suite: Part 3 - Live,285259,0.0792386111111111,4.754316666666667,7,3,Tuesday,False,2026-03,Pirates of the Caribbean Suite: Part 3 - Live Hans Zimmer,0.0205,0.249,0.589,0.93,0.73,-13.816,0.0771,97.515,0.0895
1784,2026-03-10 07:57:00,One Piano,Friend Like Me,186667,0.051851944444444444,3.1111166666666668,7,3,Tuesday,False,2026-03,Friend Like Me One Piano,0.993,0.425,0.0915,0.923,0.107,-24.976,0.0445,104.008,0.218
1785,2026-03-10 14:51:00,L'Orchestra Cinematique,"Marry Me (from ""At World's End"") - Epic Version",62214,0.017281666666666667,1.0369,14,3,Tuesday,False,2026-03,"Marry Me (from ""At World's End"") - Epic Version L'Orchestra Cinematique",,,,,,,,,
1786,2026-03-10 14:57:00,El Pony Pisador,L'Abordatge,365826,0.10161833333333334,6.0971,14,3,Tuesday,False,2026-03,L'Abordatge El Pony Pisador,0.322,0.376,0.585,0.000303,0.157,-10.636,0.0406,124.701,0.242
1787,2026-03-10 15:01:00,El Pony Pisador,John Kanaka,199084,0.05530111111111111,3.3180666666666667,15,3,Tuesday,False,2026-03,John Kanaka El Pony Pisador,0.343,0.501,0.639,0.0,0.119,-10.318,0.0396,149.835,0.694
1788,2026-03-10 15:02:00,El Pony Pisador,Fathom the Bowl,101948,0.02831888888888889,1.6991333333333334,15,3,Tuesday,False,2026-03,Fathom the Bowl El Pony Pisador,0.448,0.69,0.433,0.0,0.188,-10.705,0.0286,89.947,0.96
1789,2026-03-10 15:05:00,El Pony Pisador,Bully in the Alley,131593,0.03655361111111111,2.193216666666667,15,3,Tuesday,False,2026-03,Bully in the Alley El Pony Pisador,0.503,0.503,0.548,0.0,0.206,-8.327,0.0762,170.035,0.812
1790,2026-03-10 15:06:00,El Pony Pisador,Eliza Lee,94660,0.026294444444444443,1.5776666666666668,15,3,Tuesday,False,2026-03,Eliza Lee El Pony Pisador,0.406,0.702,0.437,0.0,0.318,-10.156,0.303,179.46,0.948
1791,2026-03-10 15:15:00,El Pony Pisador,Pass Around the Grog,140990,0.03916388888888889,2.349833333333333,15,3,Tuesday,False,2026-03,Pass Around the Grog El Pony Pisador,0.797,0.535,0.164,0.0,0.115,-9.087,0.0517,111.046,0.29
1792,2026-03-10 15:18:00,El Pony Pisador,Pay Me My Money Down,129308,0.03591888888888889,2.155133333333333,15,3,Tuesday,False,2026-03,Pay Me My Money Down El Pony Pisador,0.25,0.778,0.653,0.0,0.0984,-8.153,0.0338,105.043,0.965
1793,2026-03-10 15:20:00,El Pony Pisador,Don't Forget Your Old Shipmate,144093,0.04002583333333333,2.40155,15,3,Tuesday,False,2026-03,Don't Forget Your Old Shipmate El Pony Pisador,0.536,0.768,0.403,0.0,0.299,-8.814,0.205,94.301,0.595
1794,2026-03-10 15:23:00,El Pony Pisador,Roll the Woodpile Down,147926,0.041090555555555554,2.4654333333333334,15,3,Tuesday,False,2026-03,Roll the Woodpile Down El Pony Pisador,0.754,0.494,0.254,0.0,0.275,-9.043,0.0921,171.262,0.736
1795,2026-03-10 15:25:00,El Pony Pisador,Essequibo River,98585,0.027384722222222223,1.6430833333333332,15,3,Tuesday,False,2026-03,Essequibo River El Pony Pisador,0.212,0.568,0.368,0.0,0.166,-11.158,0.192,142.807,0.709
1796,2026-03-10 16:23:00,El Pony Pisador,Wellerman,65480,0.01818888888888889,1.0913333333333333,16,3,Tuesday,False,2026-03,Wellerman El Pony Pisador,0.207,0.658,0.686,0.0,0.0788,-8.812,0.0277,105.098,0.808
1797,2026-03-10 16:27:00,El Pony Pisador,Wellerman,165545,0.045984722222222225,2.7590833333333333,16,3,Tuesday,False,2026-03,Wellerman El Pony Pisador,0.207,0.658,0.686,0.0,0.0788,-8.812,0.0277,105.098,0.808
1798,2026-03-10 16:35:00,El Pony Pisador,Carta de Navegar,339002,0.09416722222222222,5.650033333333333,16,3,Tuesday,False,2026-03,Carta de Navegar El Pony Pisador,0.877,0.568,0.123,0.0,0.107,-13.427,0.0326,129.991,0.292
1799,2026-03-10 16:39:00,El Pony Pisador,Whip Jamboree,268640,0.07462222222222223,4.477333333333333,16,3,Tuesday,False,2026-03,Whip Jamboree El Pony Pisador,0.0443,0.844,0.393,0.0,0.0862,-9.476,0.0508,116.945,0.616
1800,2026-03-10 16:40:00,El Pony Pisador,L'Abordatge,52896,0.014693333333333333,0.8816,16,3,Tuesday,False,2026-03,L'Abordatge El Pony Pisador,0.322,0.376,0.585,0.000303,0.157,-10.636,0.0406,124.701,0.242
1801,2026-03-10 16:44:00,El Pony Pisador,Tot és part de ser un pirata,220103,0.06113972222222222,3.6683833333333333,16,3,Tuesday,False,2026-03,Tot és part de ser un pirata El Pony Pisador,,,,,,,,,
1802,2026-03-10 16:48:00,El Pony Pisador,Tot és part de ser un pirata,220103,0.06113972222222222,3.6683833333333333,16,3,Tuesday,False,2026-03,Tot és part de ser un pirata El Pony Pisador,,,,,,,,,
1803,2026-03-10 20:43:00,El Pony Pisador,L'Abordatge,343364,0.09537888888888889,5.722733333333333,20,3,Tuesday,False,2026-03,L'Abordatge El Pony Pisador,0.322,0.376,0.585,0.000303,0.157,-10.636,0.0406,124.701,0.242
1804,2026-03-11 06:00:00,Renée Elise Goldsberry,Ain't No Grave,22468,0.006241111111111111,0.37446666666666667,6,3,Wednesday,True,2026-03,Ain't No Grave Renée Elise Goldsberry,0.205,0.507,0.535,8e-06,0.112,-9.35,0.0571,144.188,0.462
1805,2026-03-11 06:10:00,Nicholas Britell,"Allegro Bellicoso - ""Pirates""",13610,0.0037805555555555557,0.22683333333333333,6,3,Wednesday,True,2026-03,"Allegro Bellicoso - ""Pirates"" Nicholas Britell",0.837,0.154,0.0809,0.849,0.131,-16.88,0.0414,93.535,0.0381
1806,2026-03-11 06:15:00,Pink Floyd,Wish You Were Here,27842,0.007733888888888889,0.46403333333333335,6,3,Wednesday,True,2026-03,Wish You Were Here Pink Floyd,0.735,0.481,0.262,0.0114,0.832,-15.73,0.0414,122.861,0.375
1807,2026-03-11 06:20:00,Joel Minguet,Chopo Muerto,11309,0.003141388888888889,0.18848333333333334,6,3,Wednesday,True,2026-03,Chopo Muerto Joel Minguet,0.759,0.713,0.357,3e-06,0.106,-11.99,0.0359,85.259,0.431
1808,2026-03-11 06:30:00,Piano Tribute Players,A Little Fall of Rain - Instrumental,9224,0.0025622222222222222,0.15373333333333333,6,3,Wednesday,True,2026-03,A Little Fall of Rain - Instrumental Piano Tribute Players,0.993,0.661,0.264,0.912,0.114,-16.579,0.04,114.013,0.316
1809,2026-03-11 06:40:00,The Irish Rovers,Johnny I Hardly Knew Ye,805,0.0002236111111111111,0.013416666666666667,6,3,Wednesday,True,2026-03,Johnny I Hardly Knew Ye The Irish Rovers,0.62,0.439,0.84,8.91e-06,0.617,-8.161,0.0873,111.748,0.34
1810,2026-03-11 09:28:00,Renée Elise Goldsberry,Ain't No Grave,1414,0.00039277777777777775,0.023566666666666666,9,3,Wednesday,True,2026-03,Ain't No Grave Renée Elise Goldsberry,0.205,0.507,0.535,8e-06,0.112,-9.35,0.0571,144.188,0.462
1811,2026-03-11 09:33:00,Hans Zimmer,Pirates of the Caribbean Suite: Part 2 - Live,299211,0.08311416666666667,4.98685,9,3,Wednesday,False,2026-03,Pirates of the Caribbean Suite: Part 2 - Live Hans Zimmer,0.0428,0.0987,0.119,0.326,0.337,-18.709,0.0329,84.529,0.0577
1812,2026-03-11 09:34:00,Hans Zimmer,War,87950,0.024430555555555556,1.4658333333333333,9,3,Wednesday,False,2026-03,War Hans Zimmer,0.89,0.0753,0.163,0.936,0.115,-17.328,0.0402,76.405,0.0395
1813,2026-03-11 09:40:00,Hans Zimmer,"Pirates of the Caribbean Suite: Part 1 ""Jack Sparrow"" - Live",251180,0.06977222222222222,4.186333333333334,9,3,Wednesday,False,2026-03,"Pirates of the Caribbean Suite: Part 1 ""Jack Sparrow"" - Live Hans Zimmer",0.022,0.282,0.566,0.807,0.225,-13.43,0.0702,91.547,0.372
1814,2026-03-11 09:45:00,Hans Zimmer,Pirates of the Caribbean Suite: Part 2 - Live,299211,0.08311416666666667,4.98685,9,3,Wednesday,False,2026-03,Pirates of the Caribbean Suite: Part 2 - Live Hans Zimmer,0.0428,0.0987,0.119,0.326,0.337,-18.709,0.0329,84.529,0.0577
1815,2026-03-11 09:50:00,Hans Zimmer,Pirates of the Caribbean Suite: Part 3 - Live,285259,0.0792386111111111,4.754316666666667,9,3,Wednesday,False,2026-03,Pirates of the Caribbean Suite: Part 3 - Live Hans Zimmer,0.0205,0.249,0.589,0.93,0.73,-13.816,0.0771,97.515,0.0895
1816,2026-03-11 09:56:00,Film Symphony Orchestra,"Suite (From ""Pirates of the Caribbean: The Curse of the Black Pearl"") - Live",354067,0.09835194444444445,5.901116666666667,9,3,Wednesday,False,2026-03,"Suite (From ""Pirates of the Caribbean: The Curse of the Black Pearl"") - Live Film Symphony Orchestra",0.917,0.376,0.666,0.878,0.678,-10.024,0.121,109.644,0.194
1817,2026-03-11 10:03:00,Hans Zimmer,"Pirates of The Caribbean Orchestra Suite: Part 1, I Don't Think Now Is The Best Time / At Wit's End - Live",425458,0.11818277777777778,7.090966666666667,10,3,Wednesday,False,2026-03,"Pirates of The Caribbean Orchestra Suite: Part 1, I Don't Think Now Is The Best Time / At Wit's End - Live Hans Zimmer",0.00416,0.228,0.675,0.798,0.105,-10.955,0.0639,135.154,0.0705
1818,2026-03-11 10:06:00,Hans Zimmer,"Pirates of The Caribbean Orchestra Suite: Part 2, Drink Up Me Hearties Yo Ho - Live",170753,0.04743138888888889,2.8458833333333335,10,3,Wednesday,False,2026-03,"Pirates of The Caribbean Orchestra Suite: Part 2, Drink Up Me Hearties Yo Ho - Live Hans Zimmer",0.00202,0.233,0.565,0.881,0.709,-10.614,0.0474,97.538,0.0836
1819,2026-03-11 12:21:00,Els Amics De Les Arts,Preferiria no fer-ho,1410,0.0003916666666666667,0.0235,12,3,Wednesday,True,2026-03,Preferiria no fer-ho Els Amics De Les Arts,,,,,,,,,
1820,2026-03-12 05:55:00,Don McLean,Crying,30712,0.00853111111111111,0.5118666666666667,5,3,Thursday,False,2026-03,Crying Don McLean,0.466,0.302,0.344,1.53e-06,0.184,-11.894,0.0277,140.763,0.242
1821,2026-03-12 06:00:00,Nicholas Britell,Power - Instrumental,6865,0.0019069444444444444,0.11441666666666667,6,3,Thursday,True,2026-03,Power - Instrumental Nicholas Britell,0.00715,0.582,0.499,0.901,0.108,-8.878,0.0529,140.121,0.319
1822,2026-03-12 06:05:00,Kansas,Dust in the Wind,9618,0.002671666666666667,0.1603,6,3,Thursday,True,2026-03,Dust in the Wind Kansas,0.367,0.475,0.322,0.00056,0.11,-10.687,0.0283,93.503,0.387
1823,2026-03-12 06:10:00,Jennifer Ann,Mad World,13177,0.003660277777777778,0.21961666666666665,6,3,Thursday,True,2026-03,Mad World Jennifer Ann,0.882,0.29,0.233,4.45e-05,0.124,-11.668,0.0356,98.218,0.243
1824,2026-03-12 06:15:00,Antònia Font,Islas Baleares,12277,0.0034102777777777777,0.20461666666666667,6,3,Thursday,True,2026-03,Islas Baleares Antònia Font,0.422,0.612,0.371,0.000273,0.226,-15.419,0.113,144.112,0.295
1825,2026-03-12 06:20:00,Nicholas Britell,"Larghetto - Piano, Celesta, Strings - ""Kendall's Return""",17968,0.004991111111111111,0.29946666666666666,6,3,Thursday,True,2026-03,"Larghetto - Piano, Celesta, Strings - ""Kendall's Return"" Nicholas Britell",0.825,0.349,0.0569,0.945,0.0985,-24.768,0.0341,119.927,0.0338
1826,2026-03-12 06:25:00,Jonas Kvarnström,"Skyfall - From "" Skyfall - James Bond""",7409,0.0020580555555555556,0.12348333333333333,6,3,Thursday,True,2026-03,"Skyfall - From "" Skyfall - James Bond"" Jonas Kvarnström",0.976,0.528,0.258,0.86,0.136,-12.297,0.0279,75.016,0.19
1827,2026-03-12 06:30:00,a-ha,The Living Daylights - 2016 Remaster,11692,0.003247777777777778,0.19486666666666666,6,3,Thursday,True,2026-03,The Living Daylights - 2016 Remaster a-ha,0.114,0.695,0.78,0.000971,0.0785,-7.906,0.0267,120.255,0.833
1828,2026-03-12 06:35:00,Mister Bond,Die Another Day,8343,0.0023175,0.13905,6,3,Thursday,True,2026-03,Die Another Day Mister Bond,0.787,0.651,0.543,0.0125,0.121,-7.583,0.0276,101.006,0.186
1829,2026-03-12 06:40:00,Bob Bingham,"This Jesus Must Die - From ""Jesus Christ Superstar"" Soundtrack",2620,0.0007277777777777778,0.043666666666666666,6,3,Thursday,True,2026-03,"This Jesus Must Die - From ""Jesus Christ Superstar"" Soundtrack Bob Bingham",0.628,0.439,0.48,0.0,0.102,-11.877,0.139,138.115,0.455
1830,2026-03-12 07:02:00,Yusuf / Cat Stevens,Father And Son,3329,0.0009247222222222222,0.055483333333333336,7,3,Thursday,True,2026-03,Father And Son Yusuf / Cat Stevens,0.541,0.495,0.326,8.85e-05,0.0996,-12.29,0.0365,136.243,0.371
1831,2026-03-12 08:35:00,The City of Prague Philharmonic Orchestra Chorus,"Pirates of the Caribbean – Symphonic Suite - From ""The Curse of the Black Pearl""",277080,0.07696666666666667,4.618,8,3,Thursday,False,2026-03,"Pirates of the Caribbean – Symphonic Suite - From ""The Curse of the Black Pearl"" The City of Prague Philharmonic Orchestra Chorus",0.842,0.415,0.422,0.318,0.0699,-11.661,0.0382,111.302,0.332
1832,2026-03-12 08:55:00,Danny Elfman,Eternal Love,18730,0.0052027777777777775,0.31216666666666665,8,3,Thursday,True,2026-03,Eternal Love Danny Elfman,,,,,,,,,
1833,2026-03-12 08:55:00,The Lonely Island,Jack Sparrow,7899,0.0021941666666666667,0.13165,8,3,Thursday,True,2026-03,Jack Sparrow The Lonely Island,0.0225,0.718,0.712,0.0,0.0442,-5.242,0.222,97.005,0.42
1834,2026-03-12 09:03:00,Hans Zimmer,"Pirates of The Caribbean Orchestra Suite: Part 1, I Don't Think Now Is The Best Time / At Wit's End - Live",425453,0.11818138888888889,7.090883333333333,9,3,Thursday,False,2026-03,"Pirates of The Caribbean Orchestra Suite: Part 1, I Don't Think Now Is The Best Time / At Wit's End - Live Hans Zimmer",0.00416,0.228,0.675,0.798,0.105,-10.955,0.0639,135.154,0.0705
1835,2026-03-12 09:05:00,Hans Zimmer,Up Is Down,162200,0.04505555555555556,2.703333333333333,9,3,Thursday,False,2026-03,Up Is Down Hans Zimmer,0.266,0.46,0.423,0.909,0.107,-14.704,0.0528,129.906,0.121
1836,2026-03-12 09:07:00,Hans Zimmer,Hoist the Colours,91080,0.0253,1.518,9,3,Thursday,False,2026-03,Hoist the Colours Hans Zimmer,0.662,0.341,0.0848,4.77e-06,0.543,-23.807,0.0389,80.011,0.293
1837,2026-03-12 09:12:00,Samuel Kim,Hoist the Colours - Epic Version - Cover,278706,0.07741833333333334,4.6451,9,3,Thursday,False,2026-03,Hoist the Colours - Epic Version - Cover Samuel Kim,,,,,,,,,
1838,2026-03-12 09:16:00,MALINDA,Hoist the Colours,274320,0.0762,4.572,9,3,Thursday,False,2026-03,Hoist the Colours MALINDA,0.717,0.124,0.246,0.0,0.369,-13.674,0.0356,78.991,0.206
1839,2026-03-12 09:20:00,Michael Giacchino,"Exit Through the Lobby - from ""Spider-Man: No Way Home"" Soundtrack",255307,0.07091861111111111,4.255116666666667,9,3,Thursday,False,2026-03,"Exit Through the Lobby - from ""Spider-Man: No Way Home"" Soundtrack Michael Giacchino",0.971,0.142,0.0177,0.934,0.0981,-23.93,0.0372,80.32,0.0329
1840,2026-03-12 09:21:00,Ramin Djawadi,The Crown of Jaehaerys,57160,0.01587777777777778,0.9526666666666667,9,3,Thursday,False,2026-03,The Crown of Jaehaerys Ramin Djawadi,0.673,0.0721,0.235,0.895,0.076,-14.2,0.0339,77.472,0.0357
1841,2026-03-12 09:39:00,Hans Zimmer,"Pirates of The Caribbean Orchestra Suite: Part 1, I Don't Think Now Is The Best Time / At Wit's End - Live",425458,0.11818277777777778,7.090966666666667,9,3,Thursday,False,2026-03,"Pirates of The Caribbean Orchestra Suite: Part 1, I Don't Think Now Is The Best Time / At Wit's End - Live Hans Zimmer",0.00416,0.228,0.675,0.798,0.105,-10.955,0.0639,135.154,0.0705
1842,2026-03-12 09:42:00,Patrik Pietschmann,"Into the Unknown (From ""Frozen 2"") - Piano Version",187224,0.052006666666666666,3.1204,9,3,Thursday,False,2026-03,"Into the Unknown (From ""Frozen 2"") - Piano Version Patrik Pietschmann",,,,,,,,,
1843,2026-03-12 09:45:00,AURORA,Into the Unknown,199960,0.055544444444444445,3.332666666666667,9,3,Thursday,False,2026-03,Into the Unknown AURORA,0.849,0.321,0.405,0.000544,0.138,-8.533,0.0412,146.072,0.274
1844,2026-03-12 10:01:00,Los Cantaseries,"No Se Que Va a Ser de Mi (De ""Toy Story"")",197067,0.054740833333333336,3.28445,10,3,Thursday,False,2026-03,"No Se Que Va a Ser de Mi (De ""Toy Story"") Los Cantaseries",0.351,0.678,0.629,5.4e-05,0.168,-9.195,0.0275,136.0,0.881
1845,2026-03-12 10:05:00,Randy Newman,Strange Things,198587,0.055163055555555555,3.3097833333333333,10,3,Thursday,False,2026-03,Strange Things Randy Newman,,,,,,,,,
1846,2026-03-12 10:07:00,Josh Gad,When I Am Older,111452,0.03095888888888889,1.8575333333333333,10,3,Thursday,False,2026-03,When I Am Older Josh Gad,0.708,0.754,0.326,0.0,0.103,-7.001,0.243,117.004,0.435
1847,2026-03-12 10:11:00,Albert Sergi,Conspirar (with Damaris Martinez & Jorge Ahijado),272480,0.07568888888888889,4.541333333333333,10,3,Thursday,False,2026-03,Conspirar (with Damaris Martinez & Jorge Ahijado) Albert Sergi,0.242,0.5,0.829,3.91e-06,0.0662,-6.867,0.17,123.954,0.674
1848,2026-03-12 10:14:00,One Piano,Friend Like Me,186667,0.051851944444444444,3.1111166666666668,10,3,Thursday,False,2026-03,Friend Like Me One Piano,0.993,0.425,0.0915,0.923,0.107,-24.976,0.0445,104.008,0.218
1849,2026-03-12 10:18:00,Michael Giacchino,Married Life,250573,0.06960361111111112,4.176216666666667,10,3,Thursday,False,2026-03,Married Life Michael Giacchino,0.97,0.278,0.0675,0.732,0.0812,-20.946,0.04,82.626,0.112
1850,2026-03-12 10:23:00,L'Orchestra Cinematique,"Marry Me (from ""At World's End"") - Epic Version",266880,0.07413333333333333,4.448,10,3,Thursday,False,2026-03,"Marry Me (from ""At World's End"") - Epic Version L'Orchestra Cinematique",,,,,,,,,
1851,2026-03-12 10:25:00,Robin Williams,Friend Like Me,146440,0.04067777777777778,2.4406666666666665,10,3,Thursday,False,2026-03,Friend Like Me Robin Williams,0.621,0.648,0.478,0.0,0.703,-13.584,0.145,98.412,0.653
1852,2026-03-12 10:28:00,One Piano,Prince Ali,182250,0.050625,3.0375,10,3,Thursday,False,2026-03,Prince Ali One Piano,0.99,0.524,0.0934,0.945,0.113,-21.961,0.0462,132.465,0.214
1853,2026-03-12 10:31:00,Josema Yuste,Príncipe Ali,172773,0.0479925,2.87955,10,3,Thursday,False,2026-03,Príncipe Ali Josema Yuste,0.732,0.524,0.486,0.0,0.17,-11.4,0.0921,104.283,0.668
1854,2026-03-12 10:35:00,Michael Giacchino,The Glory Days,212133,0.05892583333333333,3.53555,10,3,Thursday,False,2026-03,The Glory Days Michael Giacchino,0.732,0.334,0.262,0.388,0.235,-14.193,0.0391,80.446,0.145
1855,2026-03-12 10:41:00,Hans Zimmer,Jack Sparrow,365427,0.1015075,6.09045,10,3,Thursday,False,2026-03,Jack Sparrow Hans Zimmer,0.759,0.335,0.323,0.824,0.0717,-14.71,0.0564,91.599,0.291
1856,2026-03-12 10:44:00,The Citizens of Halloween,This Is Halloween,196187,0.054496388888888886,3.2697833333333333,10,3,Thursday,False,2026-03,This Is Halloween The Citizens of Halloween,,,,,,,,,
1857,2026-03-12 10:46:00,José María Guzmán,No dejaré que te eches a perder,125787,0.03494083333333333,2.09645,10,3,Thursday,False,2026-03,No dejaré que te eches a perder José María Guzmán,0.565,0.587,0.901,1.49e-05,0.163,-7.118,0.0442,106.151,0.88
1858,2026-03-12 10:49:00,Randy Newman,I Will Go Sailing No More,177853,0.04940361111111111,2.9642166666666667,10,3,Thursday,False,2026-03,I Will Go Sailing No More Randy Newman,0.928,0.19,0.0991,0.0037,0.12,-14.478,0.0311,83.447,0.0578
1859,2026-03-12 10:52:00,Danny Elfman,What's This?,185440,0.05151111111111111,3.0906666666666665,10,3,Thursday,False,2026-03,What's This? Danny Elfman,,,,,,,,,
1860,2026-03-12 10:55:00,Josema Yuste,Un Genio Genial,148947,0.04137416666666666,2.48245,10,3,Thursday,False,2026-03,Un Genio Genial Josema Yuste,0.553,0.678,0.629,0.0,0.391,-10.626,0.117,97.983,0.734
1861,2026-03-12 10:59:00,Jordi Doncos,Preparaos,219880,0.06107777777777778,3.6646666666666667,10,3,Thursday,False,2026-03,Preparaos Jordi Doncos,,,,,,,,,
1862,2026-03-12 11:02:00,Jeremy Irons,Be Prepared,220213,0.061170277777777775,3.6702166666666667,11,3,Thursday,False,2026-03,Be Prepared Jeremy Irons,0.303,0.709,0.536,0.0,0.102,-11.317,0.116,121.782,0.393
1863,2026-03-12 11:06:00,Flavio,Quiero Ser Como Tú,241587,0.0671075,4.02645,11,3,Thursday,False,2026-03,Quiero Ser Como Tú Flavio,,,,,,,,,
1864,2026-03-13 05:55:00,Electric Light Orchestra,Mr. Blue Sky,23778,0.006605,0.3963,5,3,Friday,True,2026-03,Mr. Blue Sky Electric Light Orchestra,0.652,0.388,0.338,3.73e-06,0.248,-10.054,0.0329,177.765,0.478
1865,2026-03-13 06:00:00,Piano Tribute Players,Rent,9318,0.0025883333333333335,0.1553,6,3,Friday,True,2026-03,Rent Piano Tribute Players,0.992,0.581,0.329,0.947,0.0944,-17.202,0.0744,178.011,0.373
1866,2026-03-13 06:05:00,Dana Fuchs,"Helter Skelter - From ""Across The Universe"" Soundtrack",8340,0.0023166666666666665,0.139,6,3,Friday,True,2026-03,"Helter Skelter - From ""Across The Universe"" Soundtrack Dana Fuchs",0.000195,0.266,0.911,0.0113,0.35,-3.824,0.0656,165.966,0.337
1867,2026-03-13 06:15:00,Phillipa Soo,Best of Wives and Best of Women,6737,0.0018713888888888888,0.11228333333333333,6,3,Friday,True,2026-03,Best of Wives and Best of Women Phillipa Soo,0.751,0.647,0.115,0.0,0.0858,-16.826,0.0544,131.508,0.597
1868,2026-03-13 06:20:00,Low Roar,Don't Be so Serious,41303,0.011473055555555556,0.6883833333333333,6,3,Friday,False,2026-03,Don't Be so Serious Low Roar,0.209,0.558,0.566,0.422,0.112,-12.563,0.0423,130.024,0.117
1869,2026-03-13 06:25:00,Els Amics De Les Arts,No ho entens,7675,0.0021319444444444446,0.12791666666666668,6,3,Friday,True,2026-03,No ho entens Els Amics De Les Arts,0.188,0.6,0.576,0.0432,0.0891,-8.245,0.0355,156.077,0.253
1870,2026-03-13 06:30:00,Andrew Lloyd Webber,Everything's Alright (Reprise) - Remastered 2005,17429,0.004841388888888889,0.2904833333333333,6,3,Friday,True,2026-03,Everything's Alright (Reprise) - Remastered 2005 Andrew Lloyd Webber,,,,,,,,,
1871,2026-03-13 06:35:00,Els Amics De Les Arts,Aquests dinars,15043,0.004178611111111111,0.25071666666666664,6,3,Friday,True,2026-03,Aquests dinars Els Amics De Les Arts,0.714,0.486,0.347,0.0152,0.0869,-11.284,0.0319,77.369,0.185
1872,2026-03-13 06:40:00,Hugh Jackman,"Who Am I? - From ""Les Miserables''",20337,0.005649166666666667,0.33895,6,3,Friday,True,2026-03,"Who Am I? - From ""Les Miserables'' Hugh Jackman",0.81,0.374,0.303,0.0,0.192,-13.184,0.0848,77.537,0.182
1873,2026-03-13 06:45:00,One Piano,Be Prepared,230210,0.06394722222222222,3.8368333333333333,6,3,Friday,False,2026-03,Be Prepared One Piano,0.965,0.304,0.161,0.896,0.108,-21.777,0.0445,62.742,0.069
1874,2026-03-13 06:45:00,Piano Tribute Players,Light My Candle,15751,0.004375277777777777,0.2625166666666667,6,3,Friday,True,2026-03,Light My Candle Piano Tribute Players,0.985,0.618,0.282,0.908,0.105,-17.688,0.0468,131.025,0.441
1875,2026-03-13 07:22:00,Piano Tribute Players,At the End of the Day - Instrumental,5302,0.0014727777777777777,0.08836666666666666,7,3,Friday,True,2026-03,At the End of the Day - Instrumental Piano Tribute Players,0.99,0.346,0.324,0.898,0.116,-17.316,0.0364,194.99,0.274
1876,2026-03-13 07:26:00,Piano Tribute Players,At the End of the Day - Instrumental,234673,0.06518694444444445,3.911216666666667,7,3,Friday,False,2026-03,At the End of the Day - Instrumental Piano Tribute Players,0.99,0.346,0.324,0.898,0.116,-17.316,0.0364,194.99,0.274
1877,2026-03-13 07:29:00,Gabriella Quevedo,Time in a Bottle,164071,0.04557527777777778,2.7345166666666665,7,3,Friday,False,2026-03,Time in a Bottle Gabriella Quevedo,0.896,0.617,0.295,0.905,0.136,-12.275,0.049,130.917,0.339
1878,2026-03-13 07:31:00,Carl Anderson,"Strange Thing Mystifying - From ""Jesus Christ Superstar"" Soundtrack",111733,0.031036944444444443,1.8622166666666666,7,3,Friday,False,2026-03,"Strange Thing Mystifying - From ""Jesus Christ Superstar"" Soundtrack Carl Anderson",0.621,0.534,0.483,7.77e-06,0.109,-11.049,0.0931,107.304,0.572
1879,2026-03-13 07:34:00,Els Amics De Les Arts,L'Endocrina,184533,0.05125916666666667,3.07555,7,3,Friday,False,2026-03,L'Endocrina Els Amics De Les Arts,0.849,0.794,0.365,1.53e-06,0.0784,-10.886,0.047,125.068,0.616
1880,2026-03-13 07:38:00,Scott Bradlee's Postmodern Jukebox,Bad Guy,223729,0.06214694444444444,3.7288166666666664,7,3,Friday,False,2026-03,Bad Guy Scott Bradlee's Postmodern Jukebox,0.063,0.527,0.273,0.000242,0.0808,-16.039,0.126,126.693,0.321
1881,2026-03-13 07:42:00,Nirvana,The Man Who Sold The World - Live,261093,0.07252583333333333,4.35155,7,3,Friday,False,2026-03,The Man Who Sold The World - Live Nirvana,0.425,0.483,0.753,0.000142,0.257,-8.937,0.0832,115.102,0.42
1882,2026-03-13 10:22:00,Sting,Shape Of My Heart,65510,0.018197222222222222,1.0918333333333334,10,3,Friday,False,2026-03,Shape Of My Heart Sting,0.693,0.537,0.372,0.00107,0.083,-10.08,0.0331,83.94,0.244
1883,2026-03-13 10:22:00,One Piano,Friend Like Me,1423,0.00039527777777777776,0.023716666666666667,10,3,Friday,True,2026-03,Friend Like Me One Piano,0.993,0.425,0.0915,0.923,0.107,-24.976,0.0445,104.008,0.218
1884,2026-03-13 10:22:00,L'Orchestra Cinematique,"Marry Me (from ""At World's End"") - Epic Version",784,0.00021777777777777778,0.013066666666666667,10,3,Friday,True,2026-03,"Marry Me (from ""At World's End"") - Epic Version L'Orchestra Cinematique",,,,,,,,,
1885,2026-03-13 10:26:00,L'Orchestra Cinematique,"Marry Me (from ""At World's End"") - Epic Version",266880,0.07413333333333333,4.448,10,3,Friday,False,2026-03,"Marry Me (from ""At World's End"") - Epic Version L'Orchestra Cinematique",,,,,,,,,
1886,2026-03-13 10:30:00,Kristen Bell,Some Things Never Change,209965,0.05832361111111111,3.499416666666667,10,3,Friday,False,2026-03,Some Things Never Change Kristen Bell,0.613,0.567,0.543,0.0,0.106,-4.485,0.0313,89.937,0.299
1887,2026-03-13 10:32:00,Robin Williams,Friend Like Me,146440,0.04067777777777778,2.4406666666666665,10,3,Friday,False,2026-03,Friend Like Me Robin Williams,0.621,0.648,0.478,0.0,0.703,-13.584,0.145,98.412,0.653
1888,2026-03-13 10:36:00,Michael Giacchino,Married Life,250573,0.06960361111111112,4.176216666666667,10,3,Friday,False,2026-03,Married Life Michael Giacchino,0.97,0.278,0.0675,0.732,0.0812,-20.946,0.04,82.626,0.112
1889,2026-03-13 10:40:00,The Citizens of Halloween,This Is Halloween,196187,0.054496388888888886,3.2697833333333333,10,3,Friday,False,2026-03,This Is Halloween The Citizens of Halloween,,,,,,,,,
1890,2026-03-13 10:43:00,Randy Newman,Strange Things,198587,0.055163055555555555,3.3097833333333333,10,3,Friday,False,2026-03,Strange Things Randy Newman,,,,,,,,,
1891,2026-03-16 05:45:00,Los Cantaseries,"No Se Que Va a Ser de Mi (De ""Toy Story"")",148790,0.04133055555555556,2.479833333333333,5,3,Monday,False,2026-03,"No Se Que Va a Ser de Mi (De ""Toy Story"") Los Cantaseries",0.351,0.678,0.629,5.4e-05,0.168,-9.195,0.0275,136.0,0.881
1892,2026-03-16 06:00:00,Joel Minguet,Balada del Agua del Mar,26942,0.007483888888888889,0.44903333333333334,6,3,Monday,True,2026-03,Balada del Agua del Mar Joel Minguet,0.823,0.305,0.265,0.0392,0.15,-14.787,0.0456,179.396,0.148
1893,2026-03-16 06:10:00,Gareth Gates,Empty Chairs at Empty Tables - Live,11708,0.0032522222222222223,0.19513333333333333,6,3,Monday,True,2026-03,Empty Chairs at Empty Tables - Live Gareth Gates,0.841,0.348,0.179,0.0,0.71,-13.975,0.066,79.223,0.114
1894,2026-03-16 06:15:00,Nstens1117,The Fastest Man Alive (Always Late),12321,0.0034225,0.20535,6,3,Monday,True,2026-03,The Fastest Man Alive (Always Late) Nstens1117,0.00118,0.379,0.822,0.824,0.364,-5.758,0.0541,121.017,0.21
1895,2026-03-16 06:20:00,Meryl Streep,Dancing Queen - From 'Mamma Mia!' Original Motion Picture Soundtrack,7121,0.0019780555555555554,0.11868333333333334,6,3,Monday,True,2026-03,Dancing Queen - From 'Mamma Mia!' Original Motion Picture Soundtrack Meryl Streep,0.0254,0.548,0.953,2.09e-06,0.158,-3.369,0.0728,99.984,0.5
1896,2026-03-16 06:30:00,Cast of the Motion Picture RENT,Finale B,3800,0.0010555555555555555,0.06333333333333334,6,3,Monday,True,2026-03,Finale B Cast of the Motion Picture RENT,0.0662,0.253,0.482,0.0,0.116,-5.565,0.0324,145.338,0.19
1897,2026-03-16 06:40:00,Metallica,The Call Of Ktulu - Live,15319,0.004255277777777778,0.2553166666666667,6,3,Monday,True,2026-03,The Call Of Ktulu - Live Metallica,3.53e-05,0.286,0.941,0.896,0.429,-5.137,0.0554,132.023,0.0986
1898,2026-03-16 12:31:00,Scott Bradlee's Postmodern Jukebox,Creep,15765,0.004379166666666667,0.26275,12,3,Monday,True,2026-03,Creep Scott Bradlee's Postmodern Jukebox,0.697,0.292,0.359,1.85e-05,0.108,-9.043,0.0328,177.334,0.228
1899,2026-03-16 15:01:00,Scott Bradlee's Postmodern Jukebox,Creep,267495,0.07430416666666667,4.45825,15,3,Monday,False,2026-03,Creep Scott Bradlee's Postmodern Jukebox,0.697,0.292,0.359,1.85e-05,0.108,-9.043,0.0328,177.334,0.228
1900,2026-03-16 15:05:00,One Piano,Tomorrow Never Dies,192685,0.05352361111111111,3.2114166666666666,15,3,Monday,False,2026-03,Tomorrow Never Dies One Piano,,,,,,,,,
1901,2026-03-16 15:08:00,Carol Woods,Let It Be - Long Version,10787,0.0029963888888888887,0.17978333333333332,15,3,Monday,True,2026-03,Let It Be - Long Version Carol Woods,0.94,0.405,0.235,0.0,0.0848,-7.877,0.0416,136.63,0.414
1902,2026-03-16 15:08:00,Royal Philharmonic Orchestra,"Another Way To Die - From ""Quantum of Solace""",207973,0.057770277777777775,3.4662166666666665,15,3,Monday,False,2026-03,"Another Way To Die - From ""Quantum of Solace"" Royal Philharmonic Orchestra",,,,,,,,,
1903,2026-03-16 15:08:00,John Williams,Battle of the Heroes,6892,0.0019144444444444445,0.11486666666666667,15,3,Monday,True,2026-03,Battle of the Heroes John Williams,,,,,,,,,
1904,2026-03-16 15:09:00,The Beatles,Sgt. Pepper's Lonely Hearts Club Band - 2017 Mix,729,0.0002025,0.01215,15,3,Monday,True,2026-03,Sgt. Pepper's Lonely Hearts Club Band - 2017 Mix The Beatles,0.101,0.328,0.521,0.0,0.154,-6.221,0.0378,133.834,0.432
1905,2026-03-16 15:09:00,One Piano,What You Own,941,0.0002613888888888889,0.015683333333333334,15,3,Monday,True,2026-03,What You Own One Piano,0.819,0.573,0.309,0.851,0.118,-16.916,0.0468,133.953,0.208
1906,2026-03-16 15:09:00,Green Day,American Idiot,7316,0.002032222222222222,0.12193333333333334,15,3,Monday,True,2026-03,American Idiot Green Day,2.64e-05,0.38,0.988,7.86e-05,0.368,-2.042,0.0639,186.113,0.769
1907,2026-03-16 15:09:00,Nicholas Britell,Strings + 808 + Beat,1442,0.0004005555555555556,0.024033333333333334,15,3,Monday,True,2026-03,Strings + 808 + Beat Nicholas Britell,0.00727,0.747,0.433,0.778,0.109,-8.882,0.117,139.93,0.167
1908,2026-03-16 15:13:00,CHVRT H!TS,Space Oddity,286508,0.07958555555555556,4.775133333333334,15,3,Monday,False,2026-03,Space Oddity CHVRT H!TS,0.0561,0.532,0.554,0.000112,0.312,-8.775,0.0261,140.118,0.531
1909,2026-03-16 15:41:00,The Doors,The End,703373,0.1953813888888889,11.722883333333334,15,3,Monday,False,2026-03,The End The Doors,0.285,0.351,0.228,0.00116,0.123,-17.271,0.0307,104.551,0.0329
1910,2026-03-16 15:48:00,Madonna,Like a Prayer,340867,0.09468527777777777,5.681116666666667,15,3,Monday,False,2026-03,Like a Prayer Madonna,0.848,0.244,0.273,0.499,0.124,-13.875,0.0351,116.076,0.104
1911,2026-03-16 15:51:00,The Rolling Stones,"Paint It, Black",202267,0.05618527777777778,3.3711166666666665,15,3,Monday,False,2026-03,"Paint It, Black The Rolling Stones",0.0145,0.503,0.86,0.191,0.366,-7.909,0.0925,159.611,0.742
1912,2026-03-16 15:55:00,Otis Taylor,Ten Million Slaves,249160,0.06921111111111111,4.152666666666667,15,3,Monday,False,2026-03,Ten Million Slaves Otis Taylor,0.527,0.477,0.431,0.00667,0.211,-8.192,0.0277,132.393,0.572
1913,2026-03-16 17:02:00,Peter Gabriel,My Body Is A Cage,196185,0.054495833333333334,3.26975,17,3,Monday,False,2026-03,My Body Is A Cage Peter Gabriel,0.849,0.341,0.114,0.0938,0.104,-12.885,0.0341,78.912,0.0806
1914,2026-03-17 06:00:00,Metallica,Master Of Puppets - Live,16203,0.004500833333333333,0.27005,6,3,Tuesday,True,2026-03,Master Of Puppets - Live Metallica,6.43e-06,0.285,0.99,0.0052,0.718,-3.344,0.102,106.829,0.232
1915,2026-03-17 06:10:00,Els Amics De Les Arts,Déja-Vu,11784,0.0032733333333333334,0.1964,6,3,Tuesday,True,2026-03,Déja-Vu Els Amics De Les Arts,0.74,0.583,0.503,0.0,0.309,-11.532,0.133,174.978,0.273
1916,2026-03-17 06:15:00,Low Roar,Because We Have To,10971,0.0030475,0.18285,6,3,Tuesday,True,2026-03,Because We Have To Low Roar,0.933,0.303,0.159,0.251,0.107,-14.491,0.0305,105.004,0.111
1917,2026-03-17 06:20:00,Scott Bradlee's Postmodern Jukebox,Crazy Train,12334,0.003426111111111111,0.20556666666666668,6,3,Tuesday,True,2026-03,Crazy Train Scott Bradlee's Postmodern Jukebox,0.593,0.555,0.731,2.41e-05,0.0805,-4.644,0.0474,134.907,0.609
1918,2026-03-17 06:25:00,Secret Machines,Blue Jay Way,11535,0.003204166666666667,0.19225,6,3,Tuesday,True,2026-03,Blue Jay Way Secret Machines,0.035,0.27,0.612,0.0341,0.0946,-8.418,0.0367,93.028,0.0413
1919,2026-03-17 06:30:00,Daniela Andrade,Billie Jean,7814,0.0021705555555555553,0.13023333333333334,6,3,Tuesday,True,2026-03,Billie Jean Daniela Andrade,0.874,0.618,0.127,3.95e-06,0.1,-11.33,0.0552,116.792,0.35
1920,2026-03-17 06:35:00,Yvonne Elliman,"Peter's Denial - From ""Jesus Christ Superstar"" Soundtrack",12437,0.0034547222222222223,0.20728333333333335,6,3,Tuesday,True,2026-03,"Peter's Denial - From ""Jesus Christ Superstar"" Soundtrack Yvonne Elliman",0.913,0.512,0.393,0.00021,0.139,-12.803,0.0534,116.6,0.546
1921,2026-03-17 06:40:00,Els Amics De Les Arts,Casa en Venda,14067,0.0039075,0.23445,6,3,Tuesday,True,2026-03,Casa en Venda Els Amics De Les Arts,0.482,0.571,0.346,0.104,0.212,-9.981,0.0296,135.002,0.225
1922,2026-03-17 06:45:00,Pretenders,Where Has Every Body Gone - 1992 Remaster,24120,0.0067,0.402,6,3,Tuesday,True,2026-03,Where Has Every Body Gone - 1992 Remaster Pretenders,0.29,0.656,0.663,0.282,0.167,-10.278,0.0335,119.962,0.433
1923,2026-03-17 06:50:00,Scott Bradlee's Postmodern Jukebox,Creep,17060,0.004738888888888889,0.2843333333333333,6,3,Tuesday,True,2026-03,Creep Scott Bradlee's Postmodern Jukebox,0.697,0.292,0.359,1.85e-05,0.108,-9.043,0.0328,177.334,0.228
1924,2026-03-17 06:50:00,The Beatles,She Loves You - Mono Version / Remastered 2009,715,0.0001986111111111111,0.011916666666666667,6,3,Tuesday,True,2026-03,She Loves You - Mono Version / Remastered 2009 The Beatles,0.389,0.321,0.895,0.0,0.177,-5.157,0.0463,149.807,0.904
1925,2026-03-17 12:16:00,Lorien Testard,Gustave,1696,0.0004711111111111111,0.028266666666666666,12,3,Tuesday,True,2026-03,Gustave Lorien Testard,0.955,0.353,0.299,0.862,0.12,-12.835,0.0318,80.135,0.284
1926,2026-03-17 14:04:00,Green Day,Holiday,13687,0.0038019444444444446,0.22811666666666666,14,3,Tuesday,True,2026-03,Holiday Green Day,0.000138,0.538,0.884,0.0,0.466,-3.251,0.031,146.511,0.736
1927,2026-03-17 14:58:00,Lorien Testard,Gustave,226305,0.0628625,3.77175,14,3,Tuesday,False,2026-03,Gustave Lorien Testard,0.955,0.353,0.299,0.862,0.12,-12.835,0.0318,80.135,0.284
1928,2026-03-17 15:02:00,OBESES,Viru$,251428,0.06984111111111112,4.190466666666667,15,3,Tuesday,False,2026-03,Viru$ OBESES,0.0849,0.711,0.75,0.000251,0.146,-4.679,0.041,114.979,0.719
1929,2026-03-17 15:02:00,Green Day,Holiday,3572,0.0009922222222222222,0.059533333333333334,15,3,Tuesday,True,2026-03,Holiday Green Day,0.000138,0.538,0.884,0.0,0.466,-3.251,0.031,146.511,0.736
1930,2026-03-17 15:06:00,Mishima,Menteix la primavera,225863,0.06273972222222222,3.7643833333333334,15,3,Tuesday,False,2026-03,Menteix la primavera Mishima,0.328,0.768,0.502,0.203,0.101,-8.984,0.0339,112.525,0.667
1931,2026-03-17 15:10:00,Idina Menzel,Over the Moon,4109,0.0011413888888888888,0.06848333333333333,15,3,Tuesday,True,2026-03,Over the Moon Idina Menzel,0.405,0.648,0.439,0.0,0.27,-8.154,0.552,124.024,0.302
1932,2026-03-17 15:10:00,Els Amics De Les Arts,Bed & Breakfast,3823,0.0010619444444444444,0.06371666666666667,15,3,Tuesday,True,2026-03,Bed & Breakfast Els Amics De Les Arts,0.761,0.757,0.601,2.63e-06,0.0818,-9.45,0.0653,123.997,0.916
1933,2026-03-17 15:10:00,Nirvana,Something In The Way - Live,241533,0.0670925,4.02555,15,3,Tuesday,False,2026-03,Something In The Way - Live Nirvana,0.656,0.547,0.335,0.000161,0.115,-13.304,0.0501,106.099,0.109
1934,2026-03-17 15:13:00,Howard Shore,Cops or Criminals (feat. G.E. Smith & Larry Saltzman),121293,0.0336925,2.02155,15,3,Tuesday,False,2026-03,Cops or Criminals (feat. G.E. Smith & Larry Saltzman) Howard Shore,0.633,0.825,0.543,0.886,0.102,-11.902,0.0352,120.087,0.598
1935,2026-03-17 15:16:00,Patrik Pietschmann,"He's a Pirate (From ""Pirates of the Caribbean"") - Piano Version",169200,0.047,2.82,15,3,Tuesday,False,2026-03,"He's a Pirate (From ""Pirates of the Caribbean"") - Piano Version Patrik Pietschmann",0.972,0.441,0.255,0.871,0.0898,-17.508,0.0408,179.963,0.483
1936,2026-03-17 15:28:00,Queen,Under Pressure - Remastered 2011,84197,0.023388055555555554,1.4032833333333334,15,3,Tuesday,False,2026-03,Under Pressure - Remastered 2011 Queen,0.429,0.671,0.712,0.0,0.103,-7.815,0.0476,113.805,0.462
1937,2026-03-17 15:31:00,Royal Philharmonic Orchestra,"Living Daylights - From ""The Living Daylights""",124373,0.034548055555555554,2.0728833333333334,15,3,Tuesday,False,2026-03,"Living Daylights - From ""The Living Daylights"" Royal Philharmonic Orchestra",,,,,,,,,
1938,2026-03-17 15:32:00,Nicholas Britell,"Serenata - ""Il Viaggio""",81973,0.022770277777777778,1.3662166666666666,15,3,Tuesday,False,2026-03,"Serenata - ""Il Viaggio"" Nicholas Britell",0.0156,0.214,0.333,0.534,0.125,-13.43,0.0379,97.81,0.152
1939,2026-03-17 16:21:00,Nirvana,Sappy,205493,0.05708138888888889,3.4248833333333333,16,3,Tuesday,False,2026-03,Sappy Nirvana,1.04e-05,0.406,0.81,1.34e-06,0.325,-6.127,0.0343,128.282,0.638
1940,2026-03-17 16:32:00,Joe Anderson,"Happiness Is A Warm Gun - From ""Across The Universe"" Soundtrack",151611,0.04211416666666667,2.52685,16,3,Tuesday,False,2026-03,"Happiness Is A Warm Gun - From ""Across The Universe"" Soundtrack Joe Anderson",0.146,0.576,0.452,0.00156,0.111,-9.137,0.0417,135.923,0.112
1941,2026-03-17 16:32:00,Metallica,Wherever I May Roam - Remastered 2021,1299,0.00036083333333333334,0.02165,16,3,Tuesday,True,2026-03,Wherever I May Roam - Remastered 2021 Metallica,0.000617,0.537,0.831,0.000571,0.117,-7.467,0.0364,131.384,0.351
1942,2026-03-17 16:35:00,Sharon Isbin,Beacon Hill,156253,0.04340361111111111,2.604216666666667,16,3,Tuesday,False,2026-03,Beacon Hill Sharon Isbin,0.993,0.657,0.017,0.863,0.0949,-20.824,0.0875,132.049,0.135
1943,2026-03-17 16:38:00,Antònia Font,Amants perfectes,171307,0.047585277777777775,2.8551166666666665,16,3,Tuesday,False,2026-03,Amants perfectes Antònia Font,0.585,0.735,0.413,2.96e-05,0.115,-14.041,0.0342,97.04,0.501
1944,2026-03-17 16:43:00,Green Day,Wake Me up When September Ends,285653,0.07934805555555556,4.760883333333333,16,3,Tuesday,False,2026-03,Wake Me up When September Ends Green Day,0.023,0.546,0.814,0.0,0.0972,-5.146,0.0314,104.98,0.146
1945,2026-03-17 16:47:00,Rufus Wainwright,Hallelujah,251587,0.06988527777777778,4.193116666666667,16,3,Tuesday,False,2026-03,Hallelujah Rufus Wainwright,0.88,0.367,0.156,0.0,0.0972,-10.052,0.0314,73.138,0.44
1946,2026-03-17 16:49:00,Nicholas Britell,"Waystar Royco Corporate Identity - ""Feel It!""",44160,0.012266666666666667,0.736,16,3,Tuesday,False,2026-03,"Waystar Royco Corporate Identity - ""Feel It!"" Nicholas Britell",0.769,0.216,0.312,0.731,0.0716,-22.235,0.0929,199.784,0.0343
1947,2026-03-17 16:49:00,Nicholas Britell,Succession - End Title Theme - Brass Quintet Variation,84093,0.023359166666666667,1.40155,16,3,Tuesday,False,2026-03,Succession - End Title Theme - Brass Quintet Variation Nicholas Britell,0.986,0.422,0.194,0.885,0.146,-13.324,0.0323,65.396,0.189
1948,2026-03-17 17:01:00,Els Amics De Les Arts,La Llum Que No Se'n Va,62977,0.017493611111111113,1.0496166666666666,17,3,Tuesday,False,2026-03,La Llum Que No Se'n Va Els Amics De Les Arts,0.812,0.334,0.288,0.000951,0.143,-9.531,0.0318,146.812,0.197
1949,2026-03-18 05:55:00,Wayne Wilcox,Life Support,16686,0.004635,0.2781,5,3,Wednesday,True,2026-03,Life Support Wayne Wilcox,0.799,0.459,0.398,0.0,0.383,-8.141,0.0289,144.644,0.794
1950,2026-03-18 06:00:00,Woody Jackson,American Venom,31062,0.008628333333333333,0.5177,6,3,Wednesday,False,2026-03,American Venom Woody Jackson,0.00766,0.519,0.801,0.9,0.109,-8.787,0.0507,134.954,0.375
1951,2026-03-18 06:05:00,Nicholas Britell,Strings Con Fuoco,7500,0.0020833333333333333,0.125,6,3,Wednesday,True,2026-03,Strings Con Fuoco Nicholas Britell,0.705,0.506,0.181,0.868,0.103,-9.467,0.0331,86.018,0.433
1952,2026-03-18 06:10:00,One Piano,One Song Glory,7935,0.0022041666666666668,0.13225,6,3,Wednesday,True,2026-03,One Song Glory One Piano,0.904,0.628,0.232,0.924,0.072,-15.313,0.0641,143.977,0.324
1953,2026-03-18 06:15:00,Queen,Bohemian Rhapsody - Remastered 2011,9196,0.0025544444444444443,0.15326666666666666,6,3,Wednesday,True,2026-03,Bohemian Rhapsody - Remastered 2011 Queen,0.271,0.411,0.404,0.0,0.3,-9.928,0.0511,71.068,0.226
1954,2026-03-18 06:20:00,John Carpenter,In the Mouth of Madness,14868,0.00413,0.2478,6,3,Wednesday,True,2026-03,In the Mouth of Madness John Carpenter,0.00161,0.353,0.743,0.748,0.267,-8.268,0.0695,124.999,0.0622
1955,2026-03-18 06:25:00,Adam Pascal,One Song Glory,9591,0.0026641666666666667,0.15985,6,3,Wednesday,True,2026-03,One Song Glory Adam Pascal,0.201,0.648,0.475,0.0,0.127,-7.301,0.118,143.599,0.267
1956,2026-03-18 06:30:00,Diablo Swing Orchestra,Balrog Boogie,13203,0.0036675,0.22005,6,3,Wednesday,True,2026-03,Balrog Boogie Diablo Swing Orchestra,0.00384,0.578,0.924,0.064,0.69,-5.717,0.0521,90.694,0.332
1957,2026-03-18 06:35:00,Els Amics De Les Arts,4-3-3,478,0.00013277777777777778,0.007966666666666667,6,3,Wednesday,True,2026-03,4-3-3 Els Amics De Les Arts,,,,,,,,,
1958,2026-03-18 06:40:00,Nicholas Britell,Largo Doloroso - Strings,22053,0.006125833333333333,0.36755,6,3,Wednesday,True,2026-03,Largo Doloroso - Strings Nicholas Britell,0.332,0.151,0.114,0.969,0.0682,-19.394,0.0441,89.494,0.0345
1959,2026-03-18 06:45:00,Antònia Font,Zoom,13910,0.003863888888888889,0.23183333333333334,6,3,Wednesday,True,2026-03,Zoom Antònia Font,0.377,0.547,0.413,0.0734,0.168,-12.022,0.0327,166.973,0.801
1960,2026-03-18 09:48:00,Billie Eilish,hotline (edit),1172,0.00032555555555555555,0.019533333333333333,9,3,Wednesday,True,2026-03,hotline (edit) Billie Eilish,0.816,0.516,0.254,0.855,0.189,-16.027,0.0589,56.829,0.304
1961,2026-03-18 11:17:00,Green Day,Holiday,5644,0.0015677777777777777,0.09406666666666667,11,3,Wednesday,True,2026-03,Holiday Green Day,0.000138,0.538,0.884,0.0,0.466,-3.251,0.031,146.511,0.736
1962,2026-03-18 11:17:00,Oliver Wallace,Capturados Por Los Indios,11289,0.0031358333333333334,0.18815,11,3,Wednesday,True,2026-03,Capturados Por Los Indios Oliver Wallace,,,,,,,,,
1963,2026-03-18 11:18:00,Chorus - Peter Pan,Por Donde Tu Vayas,88435,0.024565277777777776,1.4739166666666668,11,3,Wednesday,False,2026-03,Por Donde Tu Vayas Chorus - Peter Pan,0.888,0.562,0.255,0.000273,0.129,-12.718,0.067,131.344,0.974
1964,2026-03-18 11:19:00,Oliver Wallace,Capturados Por Los Indios,2751,0.0007641666666666667,0.04585,11,3,Wednesday,True,2026-03,Capturados Por Los Indios Oliver Wallace,,,,,,,,,
1965,2026-03-18 11:19:00,Alan Menken,Los golfillos,11028,0.0030633333333333333,0.1838,11,3,Wednesday,True,2026-03,Los golfillos Alan Menken,0.96,0.314,0.0477,0.541,0.333,-21.526,0.0403,113.873,0.052
1966,2026-03-18 11:19:00,Josema Yuste,La Leyenda de la Lámpara,0,0.0,0.0,11,3,Wednesday,True,2026-03,La Leyenda de la Lámpara Josema Yuste,0.655,0.524,0.543,0.0,0.364,-16.83,0.327,80.975,0.721
1967,2026-03-18 11:20:00,Miguel Morant,El Rey,95901,0.026639166666666665,1.59835,11,3,Wednesday,False,2026-03,El Rey Miguel Morant,0.394,0.516,0.419,0.0,0.722,-13.956,0.179,124.89,0.612
1968,2026-03-18 11:22:00,Alan Menken,Final feliz en Agrabah,119280,0.033133333333333334,1.988,11,3,Wednesday,False,2026-03,Final feliz en Agrabah Alan Menken,0.93,0.142,0.14,0.725,0.239,-15.877,0.0397,87.045,0.115
1969,2026-03-18 11:23:00,Randy Newman,Buzz Lightyear Commercial,24933,0.006925833333333333,0.41555,11,3,Wednesday,True,2026-03,Buzz Lightyear Commercial Randy Newman,0.00384,0.207,0.57,0.883,0.115,-6.408,0.047,69.195,0.242
1970,2026-03-18 11:23:00,Randy Newman,Buzz,24426,0.006785,0.4071,11,3,Wednesday,True,2026-03,Buzz Randy Newman,0.821,0.317,0.344,0.75,0.104,-11.243,0.0398,128.368,0.051
1971,2026-03-18 11:24:00,Randy Newman,Zurg's Planet,38085,0.010579166666666667,0.63475,11,3,Wednesday,False,2026-03,Zurg's Planet Randy Newman,0.791,0.266,0.36,0.95,0.0683,-11.271,0.0437,136.261,0.0594
1972,2026-03-18 11:25:00,Michael Giacchino,"Spider Baiting - from ""Spider-Man: No Way Home"" Soundtrack",13153,0.003653611111111111,0.21921666666666667,11,3,Wednesday,True,2026-03,"Spider Baiting - from ""Spider-Man: No Way Home"" Soundtrack Michael Giacchino",0.931,0.196,0.0429,0.949,0.106,-23.562,0.0488,69.618,0.032
1973,2026-03-18 11:25:00,Randy Newman,You've Got a Friend in Me,50700,0.014083333333333333,0.845,11,3,Wednesday,False,2026-03,You've Got a Friend in Me Randy Newman,0.82,0.698,0.301,2.16e-06,0.2,-13.063,0.03,115.643,0.474
1974,2026-03-18 11:25:00,Michael Giacchino,"Peter Parker Picked a Perilously Precarious Profession - from ""Spider-Man: No Way Home"" Soundtrack",26968,0.007491111111111111,0.4494666666666667,11,3,Wednesday,True,2026-03,"Peter Parker Picked a Perilously Precarious Profession - from ""Spider-Man: No Way Home"" Soundtrack Michael Giacchino",0.729,0.291,0.0304,0.813,0.0735,-16.878,0.0322,60.185,0.0672
1975,2026-03-18 11:25:00,Michael Giacchino,"Theme (from ""Spider Man"") [Original Television Series]",5473,0.0015202777777777777,0.09121666666666667,11,3,Wednesday,True,2026-03,"Theme (from ""Spider Man"") [Original Television Series] Michael Giacchino",0.03,0.395,0.718,0.82,0.206,-9.285,0.0505,81.242,0.117
1976,2026-03-18 11:28:00,Michael Giacchino,Spider-Man: Homecoming Suite,173593,0.04822027777777778,2.8932166666666665,11,3,Wednesday,False,2026-03,Spider-Man: Homecoming Suite Michael Giacchino,0.631,0.202,0.274,0.697,0.147,-14.193,0.042,145.207,0.0565
1977,2026-03-18 11:32:00,Idina Menzel,Into the Unknown,194848,0.05412444444444445,3.2474666666666665,11,3,Wednesday,False,2026-03,Into the Unknown Idina Menzel,0.849,0.321,0.405,0.000544,0.138,-8.533,0.0412,146.072,0.274
1978,2026-03-18 11:38:00,Hans Zimmer,Jack Sparrow,365427,0.1015075,6.09045,11,3,Wednesday,False,2026-03,Jack Sparrow Hans Zimmer,0.759,0.335,0.323,0.824,0.0717,-14.71,0.0564,91.599,0.291
1979,2026-03-18 11:40:00,Alan Silvestri,The Avengers,123360,0.03426666666666667,2.056,11,3,Wednesday,False,2026-03,The Avengers Alan Silvestri,0.606,0.25,0.553,0.673,0.145,-8.188,0.0429,118.985,0.226
1980,2026-03-18 11:44:00,Michael Giacchino,Married Life,250573,0.06960361111111112,4.176216666666667,11,3,Wednesday,False,2026-03,Married Life Michael Giacchino,0.97,0.278,0.0675,0.732,0.0812,-20.946,0.04,82.626,0.112
1981,2026-03-18 11:48:00,Yolanda de las Heras,Silbando al Trabajar,207627,0.057674166666666665,3.46045,11,3,Wednesday,False,2026-03,Silbando al Trabajar Yolanda de las Heras,0.907,0.749,0.284,0.144,0.0799,-13.005,0.035,102.199,0.784
1982,2026-03-18 11:52:00,Hans Zimmer,One Day,241560,0.0671,4.026,11,3,Wednesday,False,2026-03,One Day Hans Zimmer,0.688,0.173,0.306,0.924,0.106,-16.531,0.0417,82.348,0.0358
1983,2026-03-18 11:54:00,Miguel Morant,El Rey,144307,0.040085277777777775,2.405116666666667,11,3,Wednesday,False,2026-03,El Rey Miguel Morant,0.394,0.516,0.419,0.0,0.722,-13.956,0.179,124.89,0.612
1984,2026-03-18 15:21:00,Kristen Bell,Some Things Never Change,209965,0.05832361111111111,3.499416666666667,15,3,Wednesday,False,2026-03,Some Things Never Change Kristen Bell,0.613,0.567,0.543,0.0,0.106,-4.485,0.0313,89.937,0.299
1985,2026-03-18 15:27:00,Film Symphony Orchestra,Piratas del Caribe - El hombre del cofre muerto,340027,0.09445194444444445,5.667116666666667,15,3,Wednesday,False,2026-03,Piratas del Caribe - El hombre del cofre muerto Film Symphony Orchestra,0.491,0.246,0.508,0.0227,0.458,-9.588,0.0749,67.192,0.206
1986,2026-03-18 15:28:00,Pablo Palos,Dame Un Silbidito,98000,0.02722222222222222,1.6333333333333333,15,3,Wednesday,False,2026-03,Dame Un Silbidito Pablo Palos,0.88,0.594,0.384,6.35e-06,0.472,-12.724,0.243,111.087,0.883
1987,2026-03-18 15:31:00,Josema Yuste,Un Genio Genial,148947,0.04137416666666666,2.48245,15,3,Wednesday,False,2026-03,Un Genio Genial Josema Yuste,0.553,0.678,0.629,0.0,0.391,-10.626,0.117,97.983,0.734
1988,2026-03-18 15:33:00,Hans Zimmer,Up Is Down,162200,0.04505555555555556,2.703333333333333,15,3,Wednesday,False,2026-03,Up Is Down Hans Zimmer,0.266,0.46,0.423,0.909,0.107,-14.704,0.0528,129.906,0.121
1989,2026-03-18 15:38:00,John Williams,"New York, 1969",257160,0.07143333333333333,4.286,15,3,Wednesday,False,2026-03,"New York, 1969 John Williams",0.728,0.285,0.127,0.826,0.0866,-18.281,0.0364,118.21,0.112
1990,2026-03-18 15:40:00,Kristen Bell,"Love Is an Open Door - From ""Frozen""/Soundtrack Version",124733,0.03464805555555556,2.078883333333333,15,3,Wednesday,False,2026-03,"Love Is an Open Door - From ""Frozen""/Soundtrack Version Kristen Bell",0.262,0.737,0.636,0.0,0.319,-6.308,0.0737,100.033,0.537
1991,2026-03-18 15:45:00,Cast Of Disneyland Resort Paris,It's A Small World (Disneyland Paris version),268253,0.07451472222222222,4.470883333333333,15,3,Wednesday,False,2026-03,It's A Small World (Disneyland Paris version) Cast Of Disneyland Resort Paris,0.704,0.469,0.51,1.58e-06,0.359,-7.228,0.0307,120.079,0.676
1992,2026-03-19 06:15:00,Creedence Clearwater Revival,Have You Ever Seen The Rain,9305,0.002584722222222222,0.15508333333333332,6,3,Thursday,True,2026-03,Have You Ever Seen The Rain Creedence Clearwater Revival,0.0936,0.743,0.47,3.15e-05,0.186,-13.154,0.029,116.122,0.89
1993,2026-03-19 06:20:00,Rufus Wainwright,Everybody Knows,11294,0.0031372222222222222,0.18823333333333334,6,3,Thursday,True,2026-03,Everybody Knows Rufus Wainwright,0.0461,0.468,0.529,0.0,0.742,-6.621,0.081,132.76,0.465
1994,2026-03-19 06:25:00,The Verve,Bitter Sweet Symphony - Remastered 2016,9337,0.002593611111111111,0.15561666666666665,6,3,Thursday,True,2026-03,Bitter Sweet Symphony - Remastered 2016 The Verve,0.0299,0.358,0.916,0.0,0.595,-5.958,0.0497,171.133,0.498
1995,2026-03-19 06:30:00,The Beatles,Here Comes The Sun - Remastered 2009,14973,0.004159166666666667,0.24955,6,3,Thursday,True,2026-03,Here Comes The Sun - Remastered 2009 The Beatles,0.0339,0.557,0.54,0.00248,0.179,-10.484,0.0347,129.177,0.394
1996,2026-03-19 06:40:00,Unknown Artist,Unknown Track,7534,0.0020927777777777776,0.12556666666666666,6,3,Thursday,True,2026-03,Unknown Track Unknown Artist,,,,,,,,,
1997,2026-03-19 06:40:00,a-ha,Take On Me - 2017 Acoustic,8257,0.0022936111111111113,0.13761666666666666,6,3,Thursday,True,2026-03,Take On Me - 2017 Acoustic a-ha,0.92,0.437,0.188,1.26e-05,0.0988,-10.868,0.0307,103.883,0.223
1998,2026-03-19 07:42:00,Chorus - Peter Pan,Por Donde Tu Vayas,182467,0.05068527777777778,3.0411166666666665,7,3,Thursday,False,2026-03,Por Donde Tu Vayas Chorus - Peter Pan,0.888,0.562,0.255,0.000273,0.129,-12.718,0.067,131.344,0.974
1999,2026-03-19 07:44:00,Michael Giacchino,"Peter Parker Picked a Perilously Precarious Profession - from ""Spider-Man: No Way Home"" Soundtrack",91680,0.025466666666666665,1.528,7,3,Thursday,False,2026-03,"Peter Parker Picked a Perilously Precarious Profession - from ""Spider-Man: No Way Home"" Soundtrack Michael Giacchino",0.729,0.291,0.0304,0.813,0.0735,-16.878,0.0322,60.185,0.0672
2000,2026-03-19 07:44:00,Randy Newman,Buzz Lightyear Commercial,13666,0.003796111111111111,0.22776666666666667,7,3,Thursday,True,2026-03,Buzz Lightyear Commercial Randy Newman,0.00384,0.207,0.57,0.883,0.115,-6.408,0.047,69.195,0.242
2001,2026-03-19 07:48:00,Demi Lovato,"Let It Go - From ""Frozen / Single Version",224387,0.062329722222222224,3.7397833333333335,7,3,Thursday,False,2026-03,"Let It Go - From ""Frozen / Single Version Demi Lovato",0.0269,0.503,0.657,0.0,0.265,-5.866,0.0359,139.918,0.246
2002,2026-03-19 07:51:00,Jesús Aguirre,"Ay Ho/ Cavar, Cavar",167000,0.04638888888888889,2.783333333333333,7,3,Thursday,False,2026-03,"Ay Ho/ Cavar, Cavar Jesús Aguirre",0.868,0.848,0.566,9.75e-06,0.105,-9.603,0.0908,103.011,0.734
2003,2026-03-19 07:55:00,Chorus - Peter Pan,"Volaras, Volaras, Volaras",261480,0.07263333333333333,4.358,7,3,Thursday,False,2026-03,"Volaras, Volaras, Volaras Chorus - Peter Pan",0.978,0.493,0.293,0.0,0.169,-11.908,0.265,58.646,0.64
2004,2026-03-19 08:00:00,John Williams,"Star Wars Suite: Main Theme - From ""Star Wars: Episode IV - A New Hope""",324227,0.09006305555555555,5.403783333333333,8,3,Thursday,False,2026-03,"Star Wars Suite: Main Theme - From ""Star Wars: Episode IV - A New Hope"" John Williams",0.689,0.24,0.425,0.926,0.0931,-10.527,0.0374,119.762,0.078
2005,2026-03-19 08:05:00,Hans Zimmer,Drink Up Me Hearties Yo Ho,271880,0.07552222222222223,4.531333333333333,8,3,Thursday,False,2026-03,Drink Up Me Hearties Yo Ho Hans Zimmer,0.319,0.145,0.452,0.92,0.0753,-13.56,0.0448,82.297,0.146
2006,2026-03-19 08:07:00,Brian Tyler,A Pirate's Life,122440,0.03401111111111111,2.0406666666666666,8,3,Thursday,False,2026-03,A Pirate's Life Brian Tyler,0.516,0.728,0.585,0.922,0.113,-13.505,0.0419,99.987,0.589
2007,2026-03-19 08:10:00,Joel Fry,A Pirate's Life,5460,0.0015166666666666666,0.091,8,3,Thursday,True,2026-03,A Pirate's Life Joel Fry,0.985,0.758,0.455,4.59e-05,0.107,-13.306,0.209,102.433,0.341
2008,2026-03-19 08:10:00,Ron Goodwin,A Pirate's Life for Me,30437,0.008454722222222223,0.5072833333333333,8,3,Thursday,False,2026-03,A Pirate's Life for Me Ron Goodwin,0.9,0.349,0.401,0.93,0.248,-13.858,0.0331,80.023,0.219
2009,2026-03-19 08:10:00,Miguel Morant,Un Mundo Ideal,161093,0.044748055555555555,2.6848833333333335,8,3,Thursday,False,2026-03,Un Mundo Ideal Miguel Morant,0.727,0.224,0.226,0.0,0.106,-12.583,0.0314,171.294,0.335
2010,2026-03-19 08:13:00,Jartisto,Bundle of Joy,174328,0.048424444444444444,2.905466666666667,8,3,Thursday,False,2026-03,Bundle of Joy Jartisto,0.98,0.461,0.0605,0.947,0.0929,-30.646,0.0926,126.556,0.195
2011,2026-03-19 08:13:00,Vitamin String Quartet,bad guy,10449,0.0029025,0.17415,8,3,Thursday,True,2026-03,bad guy Vitamin String Quartet,0.914,0.7,0.328,0.0362,0.0941,-9.981,0.146,135.058,0.648
2012,2026-03-19 08:14:00,Cast – Disneyland Paris,Yo Ho (A Pirate's Life for Me) (Disneyland Paris version),78160,0.02171111111111111,1.3026666666666666,8,3,Thursday,False,2026-03,Yo Ho (A Pirate's Life for Me) (Disneyland Paris version) Cast – Disneyland Paris,0.871,0.655,0.826,5.79e-06,0.371,-10.448,0.784,111.858,0.619
2013,2026-03-19 08:16:00,Josh Gad,When I Am Older,111452,0.03095888888888889,1.8575333333333333,8,3,Thursday,False,2026-03,When I Am Older Josh Gad,0.708,0.754,0.326,0.0,0.103,-7.001,0.243,117.004,0.435
2014,2026-03-19 08:22:00,John Williams,"Across the Stars (Love Theme from ""Star Wars: Attack of the Clones"")",331840,0.09217777777777778,5.530666666666667,8,3,Thursday,False,2026-03,"Across the Stars (Love Theme from ""Star Wars: Attack of the Clones"") John Williams",,,,,,,,,
2015,2026-03-19 08:25:00,Carolina Gaitán - La Gaita,We Don't Talk About Bruno,216120,0.060033333333333334,3.602,8,3,Thursday,False,2026-03,We Don't Talk About Bruno Carolina Gaitán - La Gaita,0.357,0.577,0.45,0.0,0.111,-8.516,0.0834,205.863,0.83
2016,2026-03-19 08:32:00,Michael Giacchino,Spider-Man: Homecoming Suite,372986,0.10360722222222223,6.216433333333334,8,3,Thursday,False,2026-03,Spider-Man: Homecoming Suite Michael Giacchino,0.631,0.202,0.274,0.697,0.147,-14.193,0.042,145.207,0.0565
2017,2026-03-19 08:34:00,Robin Williams,Friend Like Me,146453,0.04068138888888889,2.4408833333333333,8,3,Thursday,False,2026-03,Friend Like Me Robin Williams,0.621,0.648,0.478,0.0,0.703,-13.584,0.145,98.412,0.653
2018,2026-03-19 08:35:00,Claudia Pizá,Hakuna Matata,50290,0.013969444444444444,0.8381666666666666,8,3,Thursday,False,2026-03,Hakuna Matata Claudia Pizá,0.546,0.498,0.483,0.0,0.353,-12.14,0.181,83.241,0.63
2019,2026-03-19 08:37:00,Carmen López,Por Primera Vez en Años (Reprise),149827,0.04161861111111111,2.497116666666667,8,3,Thursday,False,2026-03,Por Primera Vez en Años (Reprise) Carmen López,,,,,,,,,
2020,2026-03-19 08:38:00,Lea Salonga,A Whole New World,49990,0.013886111111111111,0.8331666666666667,8,3,Thursday,False,2026-03,A Whole New World Lea Salonga,0.846,0.285,0.227,2.11e-06,0.1,-15.793,0.0354,115.8,0.135
2021,2026-03-19 08:41:00,Chorus - Peter Pan,La Estrella Que Nos Vió Nacer (Tema Principal),138347,0.03842972222222222,2.3057833333333333,8,3,Thursday,False,2026-03,La Estrella Que Nos Vió Nacer (Tema Principal) Chorus - Peter Pan,0.979,0.243,0.273,2.15e-05,0.284,-12.802,0.0318,99.309,0.226
2022,2026-03-19 08:44:00,Josema Yuste,Príncipe Ali,172773,0.0479925,2.87955,8,3,Thursday,False,2026-03,Príncipe Ali Josema Yuste,0.732,0.524,0.486,0.0,0.17,-11.4,0.0921,104.283,0.668
2023,2026-03-19 08:47:00,Pablo Palos,La Estrella Azul,194827,0.05411861111111111,3.247116666666667,8,3,Thursday,False,2026-03,La Estrella Azul Pablo Palos,0.963,0.243,0.174,5.14e-05,0.353,-13.912,0.0421,75.712,0.0697
2024,2026-03-19 08:48:00,Tata Vega,Ciclo Sin Fin,58640,0.016288888888888887,0.9773333333333334,8,3,Thursday,False,2026-03,Ciclo Sin Fin Tata Vega,0.125,0.441,0.421,0.0,0.326,-14.141,0.0368,83.906,0.541
2025,2026-03-19 08:53:00,AD Santos,Busca Lo Más Vital,282707,0.07852972222222222,4.711783333333333,8,3,Thursday,False,2026-03,Busca Lo Más Vital AD Santos,0.756,0.6,0.475,0.0,0.63,-11.582,0.325,106.176,0.577
2026,2026-03-19 08:54:00,Xavier Rivera,Príncipe Ali (Repetición),71720,0.019922222222222223,1.1953333333333334,8,3,Thursday,False,2026-03,Príncipe Ali (Repetición) Xavier Rivera,0.834,0.601,0.464,0.0,0.671,-11.519,0.063,57.626,0.718
2027,2026-03-19 08:56:00,Donna Murphy,"Prologue - From ""Tangled""/Score",122573,0.034048055555555554,2.042883333333333,8,3,Thursday,False,2026-03,"Prologue - From ""Tangled""/Score Donna Murphy",0.874,0.245,0.18,0.0254,0.242,-16.531,0.0317,85.58,0.171
2028,2026-03-19 09:06:00,Cast - Frozen,Solo Tiene Que Mejorar un Poco (Canción de los Troles),182160,0.0506,3.036,9,3,Thursday,False,2026-03,Solo Tiene Que Mejorar un Poco (Canción de los Troles) Cast - Frozen,,,,,,,,,
2029,2026-03-19 09:08:00,Hans Zimmer,"End Credits - From ""Pirates of the Caribbean: On Stranger Tides""/Score",117133,0.032536944444444445,1.9522166666666667,9,3,Thursday,False,2026-03,"End Credits - From ""Pirates of the Caribbean: On Stranger Tides""/Score Hans Zimmer",0.404,0.534,0.814,0.972,0.0998,-10.418,0.0429,140.22,0.766
2030,2026-03-19 09:11:00,Hans Zimmer,Davy Jones,195240,0.054233333333333335,3.254,9,3,Thursday,False,2026-03,Davy Jones Hans Zimmer,0.475,0.31,0.0558,0.0447,0.127,-19.072,0.0285,79.924,0.106
2031,2026-03-19 09:16:00,Flavio,Quiero Ser Como Tú,241587,0.0671075,4.02645,9,3,Thursday,False,2026-03,Quiero Ser Como Tú Flavio,,,,,,,,,
2032,2026-03-19 09:18:00,The Mellomen,Painting the Roses Red / March of the Cards,168600,0.04683333333333333,2.81,9,3,Thursday,False,2026-03,Painting the Roses Red / March of the Cards The Mellomen,0.921,0.672,0.416,0.00101,0.0975,-12.439,0.311,126.576,0.914
2033,2026-03-19 09:20:00,Tony Cruz,Hay Un Amigo En Mí,125387,0.03482972222222222,2.0897833333333335,9,3,Thursday,False,2026-03,Hay Un Amigo En Mí Tony Cruz,0.848,0.675,0.447,0.0,0.12,-8.207,0.0294,115.177,0.512
2034,2026-03-19 09:23:00,Miguel Morant,El Rey,144307,0.040085277777777775,2.405116666666667,9,3,Thursday,False,2026-03,El Rey Miguel Morant,0.394,0.516,0.419,0.0,0.722,-13.956,0.179,124.89,0.612
2035,2026-03-19 09:26:00,Yolanda de las Heras,Silbando al Trabajar,207627,0.057674166666666665,3.46045,9,3,Thursday,False,2026-03,Silbando al Trabajar Yolanda de las Heras,0.907,0.749,0.284,0.144,0.0799,-13.005,0.035,102.199,0.784
2036,2026-03-19 09:27:00,Francisco Colmenero,Prólogo,36850,0.01023611111111111,0.6141666666666666,9,3,Thursday,False,2026-03,Prólogo Francisco Colmenero,0.884,0.459,0.112,0.0,0.602,-25.61,0.134,89.937,0.487
2037,2026-03-19 09:28:00,Golden Apple Quartet,El Rodeo de Woody,43880,0.01218888888888889,0.7313333333333333,9,3,Thursday,False,2026-03,El Rodeo de Woody Golden Apple Quartet,0.585,0.502,0.536,0.0,0.0903,-9.638,0.151,205.172,0.608
2038,2026-03-19 09:29:00,Pablo Palos,Dame Un Silbidito,98000,0.02722222222222222,1.6333333333333333,9,3,Thursday,False,2026-03,Dame Un Silbidito Pablo Palos,0.88,0.594,0.384,6.35e-06,0.472,-12.724,0.243,111.087,0.883
2039,2026-03-19 09:31:00,Bruce Adler,Arabian Nights - Remastered 2022,79787,0.022163055555555554,1.3297833333333333,9,3,Thursday,False,2026-03,Arabian Nights - Remastered 2022 Bruce Adler,0.723,0.485,0.198,0.0,0.208,-15.53,0.0421,128.648,0.56
2040,2026-03-19 09:39:00,Cast - Frozen,Corazón de Hielo,52760,0.014655555555555555,0.8793333333333333,9,3,Thursday,False,2026-03,Corazón de Hielo Cast - Frozen,,,,,,,,,
2041,2026-03-19 09:42:00,Inés Moraleda,"Bella - de ""La Bella y La Bestia""/Banda Sonora Original",5083,0.0014119444444444444,0.08471666666666666,9,3,Thursday,True,2026-03,"Bella - de ""La Bella y La Bestia""/Banda Sonora Original Inés Moraleda",0.822,0.55,0.281,0.0,0.373,-18.501,0.257,129.221,0.34
2042,2026-03-19 09:45:00,Nathan Lane,"Hakuna Matata - From ""The Lion King"" Soundtrack",212627,0.059063055555555556,3.5437833333333333,9,3,Thursday,False,2026-03,"Hakuna Matata - From ""The Lion King"" Soundtrack Nathan Lane",,,,,,,,,
2043,2026-03-19 09:48:00,Auli'i Cravalho,How Far I'll Go,163386,0.045385,2.7231,9,3,Thursday,False,2026-03,How Far I'll Go Auli'i Cravalho,,,,,,,,,
2044,2026-03-19 09:51:00,Yolanda de las Heras,Sonriendo al Cantar,181970,0.05054722222222222,3.0328333333333335,9,3,Thursday,False,2026-03,Sonriendo al Cantar Yolanda de las Heras,0.93,0.376,0.189,4.82e-06,0.211,-15.586,0.0409,90.249,0.339
2045,2026-03-19 09:54:00,Gema Castaño,Colores en el Viento,214467,0.059574166666666664,3.57445,9,3,Thursday,False,2026-03,Colores en el Viento Gema Castaño,,,,,,,,,
2046,2026-03-19 09:57:00,Marc Ullod,De nada,163893,0.045525833333333335,2.73155,9,3,Thursday,False,2026-03,De nada Marc Ullod,,,,,,,,,
2047,2026-03-19 10:40:00,Sergi Pérez,Canción del Pirata,119836,0.03328777777777778,1.9972666666666667,10,3,Thursday,False,2026-03,Canción del Pirata Sergi Pérez,,,,,,,,,
2048,2026-03-19 10:45:00,Chorus - Peter Pan,"Volaras, Volaras, Volaras",10678,0.002966111111111111,0.17796666666666666,10,3,Thursday,True,2026-03,"Volaras, Volaras, Volaras Chorus - Peter Pan",0.978,0.493,0.293,0.0,0.169,-11.908,0.265,58.646,0.64
2049,2026-03-19 10:45:00,Sergi Pérez,Canción del Pirata,218179,0.06060527777777778,3.6363166666666666,10,3,Thursday,False,2026-03,Canción del Pirata Sergi Pérez,,,,,,,,,
2050,2026-03-19 10:49:00,Chorus - Peter Pan,"Volaras, Volaras, Volaras",249274,0.06924277777777778,4.154566666666667,10,3,Thursday,False,2026-03,"Volaras, Volaras, Volaras Chorus - Peter Pan",0.978,0.493,0.293,0.0,0.169,-11.908,0.265,58.646,0.64
2051,2026-03-19 10:52:00,Marc Ullod,De nada,163893,0.045525833333333335,2.73155,10,3,Thursday,False,2026-03,De nada Marc Ullod,,,,,,,,,
2052,2026-03-19 10:55:00,AURORA,Into the Unknown,199960,0.055544444444444445,3.332666666666667,10,3,Thursday,False,2026-03,Into the Unknown AURORA,0.849,0.321,0.405,0.000544,0.138,-8.533,0.0412,146.072,0.274
2053,2026-03-19 10:56:00,Cast – Disneyland Paris,Yo Ho (A Pirate's Life for Me) (Disneyland Paris version),35440,0.009844444444444444,0.5906666666666667,10,3,Thursday,False,2026-03,Yo Ho (A Pirate's Life for Me) (Disneyland Paris version) Cast – Disneyland Paris,0.871,0.655,0.826,5.79e-06,0.371,-10.448,0.784,111.858,0.619
2054,2026-03-19 10:59:00,Disney Studio Chorus,Yo Ho (A Pirate's Life for Me),201640,0.05601111111111111,3.3606666666666665,10,3,Thursday,False,2026-03,Yo Ho (A Pirate's Life for Me) Disney Studio Chorus,0.778,0.548,0.538,0.0,0.198,-11.349,0.51,112.505,0.692
2055,2026-03-19 11:04:00,The Wellermen,Hoist The Colours - Bass Singers Version,278443,0.07734527777777778,4.640716666666667,11,3,Thursday,False,2026-03,Hoist The Colours - Bass Singers Version The Wellermen,0.62,0.287,0.298,1.87e-05,0.163,-13.61,0.0326,94.531,0.243
2056,2026-03-19 11:07:00,Celia Vergara,Madre sabe más,190467,0.0529075,3.17445,11,3,Thursday,False,2026-03,Madre sabe más Celia Vergara,0.879,0.473,0.3,0.0,0.0294,-10.42,0.155,44.057,0.489
2057,2026-03-19 11:09:00,Alan Silvestri,The Avengers,123360,0.03426666666666667,2.056,11,3,Thursday,False,2026-03,The Avengers Alan Silvestri,0.606,0.25,0.553,0.673,0.145,-8.188,0.0429,118.985,0.226
2058,2026-03-19 11:12:00,Hans Zimmer,Up Is Down,162200,0.04505555555555556,2.703333333333333,11,3,Thursday,False,2026-03,Up Is Down Hans Zimmer,0.266,0.46,0.423,0.909,0.107,-14.704,0.0528,129.906,0.121
2059,2026-03-19 11:16:00,Michael Giacchino,Married Life,250573,0.06960361111111112,4.176216666666667,11,3,Thursday,False,2026-03,Married Life Michael Giacchino,0.97,0.278,0.0675,0.732,0.0812,-20.946,0.04,82.626,0.112
2060,2026-03-19 11:19:00,Pablo Palos,La Estrella Azul,194827,0.05411861111111111,3.247116666666667,11,3,Thursday,False,2026-03,La Estrella Azul Pablo Palos,0.963,0.243,0.174,5.14e-05,0.353,-13.912,0.0421,75.712,0.0697
2061,2026-03-19 11:22:00,Josema Yuste,Príncipe Ali,172773,0.0479925,2.87955,11,3,Thursday,False,2026-03,Príncipe Ali Josema Yuste,0.732,0.524,0.486,0.0,0.17,-11.4,0.0921,104.283,0.668
2062,2026-03-19 11:25:00,Josema Yuste,Un Genio Genial,1263,0.0003508333333333333,0.02105,11,3,Thursday,True,2026-03,Un Genio Genial Josema Yuste,0.553,0.678,0.629,0.0,0.391,-10.626,0.117,97.983,0.734
2063,2026-03-19 11:25:00,Xavier Rivera,Príncipe Ali (Repetición),2340,0.00065,0.039,11,3,Thursday,True,2026-03,Príncipe Ali (Repetición) Xavier Rivera,0.834,0.601,0.464,0.0,0.671,-11.519,0.063,57.626,0.718
2064,2026-03-19 11:25:00,Jesús Aguirre,"Ay Ho/ Cavar, Cavar",167000,0.04638888888888889,2.783333333333333,11,3,Thursday,False,2026-03,"Ay Ho/ Cavar, Cavar Jesús Aguirre",0.868,0.848,0.566,9.75e-06,0.105,-9.603,0.0908,103.011,0.734
2065,2026-03-19 11:27:00,Chorus - Peter Pan,La Estrella Que Nos Vió Nacer (Tema Principal),7460,0.0020722222222222223,0.12433333333333334,11,3,Thursday,True,2026-03,La Estrella Que Nos Vió Nacer (Tema Principal) Chorus - Peter Pan,0.979,0.243,0.273,2.15e-05,0.284,-12.802,0.0318,99.309,0.226
2066,2026-03-19 11:27:00,Josh Gad,When I Am Older,111452,0.03095888888888889,1.8575333333333333,11,3,Thursday,False,2026-03,When I Am Older Josh Gad,0.708,0.754,0.326,0.0,0.103,-7.001,0.243,117.004,0.435
2067,2026-03-19 11:29:00,Hans Zimmer,"End Credits - From ""Pirates of the Caribbean: On Stranger Tides""/Score",117133,0.032536944444444445,1.9522166666666667,11,3,Thursday,False,2026-03,"End Credits - From ""Pirates of the Caribbean: On Stranger Tides""/Score Hans Zimmer",0.404,0.534,0.814,0.972,0.0998,-10.418,0.0429,140.22,0.766
2068,2026-03-19 11:32:00,Enrique Sequeros,El Vive en Tí,184853,0.051348055555555557,3.0808833333333334,11,3,Thursday,False,2026-03,El Vive en Tí Enrique Sequeros,0.765,0.749,0.459,0.000235,0.059,-10.757,0.0319,115.092,0.477
2069,2026-03-19 11:33:00,Rubén Trujillo,Un Amigo Fiel,16340,0.004538888888888889,0.2723333333333333,11,3,Thursday,True,2026-03,Un Amigo Fiel Rubén Trujillo,0.626,0.658,0.622,0.0,0.635,-11.253,0.0707,97.771,0.682
2070,2026-03-19 11:35:00,Chorus - Hercules,Zero To Hero,140573,0.03904805555555556,2.3428833333333334,11,3,Thursday,False,2026-03,Zero To Hero Chorus - Hercules,0.467,0.475,0.835,0.0,0.377,-7.734,0.277,164.789,0.712
2071,2026-03-19 11:37:00,Cast - Frozen,"Frozen Heart - From ""Frozen""/Soundtrack Version",105293,0.029248055555555555,1.7548833333333334,11,3,Thursday,False,2026-03,"Frozen Heart - From ""Frozen""/Soundtrack Version Cast - Frozen",,,,,,,,,
2072,2026-03-19 11:37:00,Erik Cruz,Perdido en el bosque,22130,0.006147222222222222,0.36883333333333335,11,3,Thursday,True,2026-03,Perdido en el bosque Erik Cruz,0.757,0.417,0.461,3.56e-06,0.121,-6.073,0.027,74.269,0.4
2073,2026-03-19 11:43:00,Bely Basarte,Bella,333267,0.09257416666666667,5.55445,11,3,Thursday,False,2026-03,Bella Bely Basarte,,,,,,,,,
2074,2026-03-19 11:44:00,Randy Newman,Buzz Lightyear Commercial,54320,0.01508888888888889,0.9053333333333333,11,3,Thursday,False,2026-03,Buzz Lightyear Commercial Randy Newman,0.00384,0.207,0.57,0.883,0.115,-6.408,0.047,69.195,0.242
2075,2026-03-19 11:46:00,Miguel Morant,Un Mundo Ideal,161093,0.044748055555555555,2.6848833333333335,11,3,Thursday,False,2026-03,Un Mundo Ideal Miguel Morant,0.727,0.224,0.226,0.0,0.106,-12.583,0.0314,171.294,0.335
2076,2026-03-19 11:51:00,Kristen Bell,"Love Is an Open Door - From ""Frozen""/Soundtrack Version",124733,0.03464805555555556,2.078883333333333,11,3,Thursday,False,2026-03,"Love Is an Open Door - From ""Frozen""/Soundtrack Version Kristen Bell",0.262,0.737,0.636,0.0,0.319,-6.308,0.0737,100.033,0.537
2077,2026-03-19 11:54:00,Hans Zimmer,This Land,175400,0.04872222222222222,2.9233333333333333,11,3,Thursday,False,2026-03,This Land Hans Zimmer,0.433,0.152,0.129,0.647,0.171,-22.61,0.0404,99.042,0.136
2078,2026-03-19 11:57:00,Kristen Bell,Some Things Never Change,209965,0.05832361111111111,3.499416666666667,11,3,Thursday,False,2026-03,Some Things Never Change Kristen Bell,0.613,0.567,0.543,0.0,0.106,-4.485,0.0313,89.937,0.299
2079,2026-03-19 12:00:00,David García Llop,El rey,175223,0.04867305555555555,2.9203833333333336,12,3,Thursday,False,2026-03,El rey David García Llop,0.152,0.705,0.759,0.0,0.0464,-5.838,0.0631,119.244,0.573
2080,2026-03-19 12:03:00,The Mellomen,Painting the Roses Red / March of the Cards,168600,0.04683333333333333,2.81,12,3,Thursday,False,2026-03,Painting the Roses Red / March of the Cards The Mellomen,0.921,0.672,0.416,0.00101,0.0975,-12.439,0.311,126.576,0.914
2081,2026-03-19 12:06:00,Donny Osmond,I'll Make a Man Out of You,201680,0.05602222222222222,3.3613333333333335,12,3,Thursday,False,2026-03,I'll Make a Man Out of You Donny Osmond,0.144,0.672,0.322,2.96e-05,0.074,-17.669,0.0339,113.852,0.496
2082,2026-03-19 12:07:00,Anabel García,Silbando al trabajar,57440,0.015955555555555556,0.9573333333333334,12,3,Thursday,False,2026-03,Silbando al trabajar Anabel García,0.68,0.646,0.489,0.0,0.235,-7.773,0.0755,107.629,0.717
2083,2026-03-19 12:28:00,Anabel García,Silbando al trabajar,118694,0.03297055555555556,1.9782333333333333,12,3,Thursday,False,2026-03,Silbando al trabajar Anabel García,0.68,0.646,0.489,0.0,0.235,-7.773,0.0755,107.629,0.717
2084,2026-03-19 12:31:00,María Caneda,Cuando Me Quería,183840,0.05106666666666667,3.064,12,3,Thursday,False,2026-03,Cuando Me Quería María Caneda,0.974,0.325,0.144,2.77e-06,0.105,-13.606,0.0365,79.498,0.216
2085,2026-03-19 12:36:00,AD Santos,Busca Lo Más Vital,282707,0.07852972222222222,4.711783333333333,12,3,Thursday,False,2026-03,Busca Lo Más Vital AD Santos,0.756,0.6,0.475,0.0,0.63,-11.582,0.325,106.176,0.577
2086,2026-03-19 12:39:00,Claudia Pizá,Hakuna Matata,10500,0.002916666666666667,0.175,12,3,Thursday,True,2026-03,Hakuna Matata Claudia Pizá,0.546,0.498,0.483,0.0,0.353,-12.14,0.181,83.241,0.63
2087,2026-03-19 12:39:00,Disney Studio Chorus,Yo Ho (A Pirate's Life for Me),201640,0.05601111111111111,3.3606666666666665,12,3,Thursday,False,2026-03,Yo Ho (A Pirate's Life for Me) Disney Studio Chorus,0.778,0.548,0.538,0.0,0.198,-11.349,0.51,112.505,0.692
2088,2026-03-19 12:43:00,Miguel Ángel Jenner,"¡Qué Festín! - de ""La Bella y La Bestia""/Banda Sonora Original",222573,0.06182583333333333,3.70955,12,3,Thursday,False,2026-03,"¡Qué Festín! - de ""La Bella y La Bestia""/Banda Sonora Original Miguel Ángel Jenner",0.757,0.501,0.329,0.0,0.168,-16.066,0.135,125.071,0.553
2089,2026-03-19 12:46:00,Jodi Benson,Part of Your World,195493,0.05430361111111111,3.2582166666666668,12,3,Thursday,False,2026-03,Part of Your World Jodi Benson,0.92,0.275,0.144,0.000423,0.29,-14.516,0.0481,61.557,0.302
2090,2026-03-19 12:51:00,Hans Zimmer,Drink Up Me Hearties Yo Ho,271880,0.07552222222222223,4.531333333333333,12,3,Thursday,False,2026-03,Drink Up Me Hearties Yo Ho Hans Zimmer,0.319,0.145,0.452,0.92,0.0753,-13.56,0.0448,82.297,0.146
2091,2026-03-19 12:55:00,Hans Zimmer,One Day,241560,0.0671,4.026,12,3,Thursday,False,2026-03,One Day Hans Zimmer,0.688,0.173,0.306,0.924,0.106,-16.531,0.0417,82.348,0.0358
2092,2026-03-19 12:56:00,Randy Newman,Buzz,100093,0.027803611111111112,1.6682166666666667,12,3,Thursday,False,2026-03,Buzz Randy Newman,0.821,0.317,0.344,0.75,0.104,-11.243,0.0398,128.368,0.051
2093,2026-03-19 12:57:00,Cast Of Disneyland Resort Paris,It's A Small World (Disneyland Paris version),1343,0.00037305555555555556,0.022383333333333335,12,3,Thursday,True,2026-03,It's A Small World (Disneyland Paris version) Cast Of Disneyland Resort Paris,0.704,0.469,0.51,1.58e-06,0.359,-7.228,0.0307,120.079,0.676
2094,2026-03-19 12:57:00,Jartisto,Bundle of Joy,1527,0.00042416666666666666,0.02545,12,3,Thursday,True,2026-03,Bundle of Joy Jartisto,0.98,0.461,0.0605,0.947,0.0929,-30.646,0.0926,126.556,0.195
2095,2026-03-19 12:57:00,David García Llop,El rey,2443,0.0006786111111111111,0.040716666666666665,12,3,Thursday,True,2026-03,El rey David García Llop,0.152,0.705,0.759,0.0,0.0464,-5.838,0.0631,119.244,0.573
2096,2026-03-19 12:57:00,Michael Giacchino,Spider-Man: Homecoming Suite,2703,0.0007508333333333334,0.04505,12,3,Thursday,True,2026-03,Spider-Man: Homecoming Suite Michael Giacchino,0.631,0.202,0.274,0.697,0.147,-14.193,0.042,145.207,0.0565
2097,2026-03-19 12:57:00,Enrique Sequeros,Mi sueño es,2543,0.0007063888888888889,0.042383333333333335,12,3,Thursday,True,2026-03,Mi sueño es Enrique Sequeros,0.74,0.661,0.605,0.0,0.239,-7.697,0.2,133.758,0.726
2098,2026-03-19 12:57:00,Susan Martín,Ha Nacido Una Estrella,48250,0.013402777777777777,0.8041666666666667,12,3,Thursday,False,2026-03,Ha Nacido Una Estrella Susan Martín,0.572,0.68,0.708,0.0,0.471,-7.961,0.109,117.931,0.788
2099,2026-03-19 12:57:00,José Ramón Nogueras,Si a Arabia tú vas,1863,0.0005175,0.03105,12,3,Thursday,True,2026-03,Si a Arabia tú vas José Ramón Nogueras,0.773,0.446,0.276,0.0,0.117,-12.119,0.0494,126.401,0.197
2100,2026-03-19 13:00:00,Brad Kane,One Jump Ahead,142440,0.03956666666666667,2.374,13,3,Thursday,False,2026-03,One Jump Ahead Brad Kane,0.425,0.564,0.326,0.0,0.742,-16.436,0.127,123.609,0.688
2101,2026-03-19 13:02:00,Isabel Valls,La respuesta encontrarás,125680,0.03491111111111111,2.0946666666666665,13,3,Thursday,False,2026-03,La respuesta encontrarás Isabel Valls,0.931,0.297,0.204,2.07e-05,0.0821,-11.958,0.0365,70.354,0.193
2102,2026-03-19 13:16:00,Moisés Nieto,Véns a Fer un Ninot de Neu amb Mi? (From Frozen) [Versió en Català],173324,0.04814555555555555,2.888733333333333,13,3,Thursday,False,2026-03,Véns a Fer un Ninot de Neu amb Mi? (From Frozen) [Versió en Català] Moisés Nieto,,,,,,,,,
2103,2026-03-19 13:19:00,David García Llop,Un mundo ideal,175594,0.04877611111111111,2.9265666666666665,13,3,Thursday,False,2026-03,Un mundo ideal David García Llop,0.782,0.353,0.382,0.0,0.163,-8.132,0.0363,122.088,0.108
2104,2026-03-19 13:22:00,Auli'i Cravalho,Beyond,230267,0.06396305555555555,3.8377833333333333,13,3,Thursday,False,2026-03,Beyond Auli'i Cravalho,0.811,0.409,0.469,0.0,0.0507,-7.988,0.0549,149.956,0.252
2105,2026-03-19 13:26:00,Demi Lovato,"Let It Go - From ""Frozen / Single Version",224387,0.062329722222222224,3.7397833333333335,13,3,Thursday,False,2026-03,"Let It Go - From ""Frozen / Single Version Demi Lovato",0.0269,0.503,0.657,0.0,0.265,-5.866,0.0359,139.918,0.246
2106,2026-03-19 13:29:00,Lea Salonga,A Whole New World,160800,0.04466666666666667,2.68,13,3,Thursday,False,2026-03,A Whole New World Lea Salonga,0.846,0.285,0.227,2.11e-06,0.1,-15.793,0.0354,115.8,0.135
2107,2026-03-19 13:34:00,John Williams,"Star Wars Suite: Main Theme - From ""Star Wars: Episode IV - A New Hope""",324227,0.09006305555555555,5.403783333333333,13,3,Thursday,False,2026-03,"Star Wars Suite: Main Theme - From ""Star Wars: Episode IV - A New Hope"" John Williams",0.689,0.24,0.425,0.926,0.0931,-10.527,0.0374,119.762,0.078
2108,2026-03-19 13:38:00,Flavio,Quiero Ser Como Tú,241587,0.0671075,4.02645,13,3,Thursday,False,2026-03,Quiero Ser Como Tú Flavio,,,,,,,,,
2109,2026-03-19 13:41:00,Coros - La Bella Durmiente,Eres Tú el Príncipe Azul,177680,0.049355555555555555,2.961333333333333,13,3,Thursday,False,2026-03,Eres Tú el Príncipe Azul Coros - La Bella Durmiente,0.963,0.295,0.14,0.142,0.368,-15.341,0.0357,132.673,0.183
2110,2026-03-19 13:45:00,Tata Vega,Ciclo Sin Fin,238933,0.06637027777777778,3.9822166666666665,13,3,Thursday,False,2026-03,Ciclo Sin Fin Tata Vega,0.125,0.441,0.421,0.0,0.326,-14.141,0.0368,83.906,0.541
2111,2026-03-19 13:48:00,Celia Vergara,Madre sabe más,190467,0.0529075,3.17445,13,3,Thursday,False,2026-03,Madre sabe más Celia Vergara,0.879,0.473,0.3,0.0,0.0294,-10.42,0.155,44.057,0.489
2112,2026-03-19 13:52:00,Carmen López,Por fin ya veo la luz,224027,0.06222972222222222,3.7337833333333332,13,3,Thursday,False,2026-03,Por fin ya veo la luz Carmen López,0.886,0.206,0.25,0.0,0.128,-9.607,0.0308,52.957,0.174
2113,2026-03-19 13:55:00,Robin Williams,Prince Ali,171760,0.047711111111111114,2.8626666666666667,13,3,Thursday,False,2026-03,Prince Ali Robin Williams,0.687,0.522,0.439,0.0,0.167,-13.67,0.0545,106.084,0.609
2114,2026-03-19 13:59:00,John Williams,"New York, 1969",257160,0.07143333333333333,4.286,13,3,Thursday,False,2026-03,"New York, 1969 John Williams",0.728,0.285,0.127,0.826,0.0866,-18.281,0.0364,118.21,0.112
2115,2026-03-19 14:03:00,Hans Zimmer,Under the Stars,225267,0.06257416666666667,3.75445,14,3,Thursday,False,2026-03,Under the Stars Hans Zimmer,0.613,0.292,0.162,0.544,0.123,-20.812,0.0414,107.296,0.105
2116,2026-03-19 14:06:00,Hans Zimmer,Davy Jones,195240,0.054233333333333335,3.254,14,3,Thursday,False,2026-03,Davy Jones Hans Zimmer,0.475,0.31,0.0558,0.0447,0.127,-19.072,0.0285,79.924,0.106
2117,2026-03-19 14:09:00,Robin Williams,Friend Like Me,146453,0.04068138888888889,2.4408833333333333,14,3,Thursday,False,2026-03,Friend Like Me Robin Williams,0.621,0.648,0.478,0.0,0.703,-13.584,0.145,98.412,0.653
2118,2026-03-19 14:12:00,Marc Pociello,Hakuna Matata - Spanish-Castilian version,213053,0.05918138888888889,3.550883333333333,14,3,Thursday,False,2026-03,Hakuna Matata - Spanish-Castilian version Marc Pociello,0.623,0.423,0.478,2.6e-06,0.133,-12.796,0.225,168.556,0.66
2119,2026-03-19 14:16:00,Carolina Gaitán - La Gaita,We Don't Talk About Bruno,216120,0.060033333333333334,3.602,14,3,Thursday,False,2026-03,We Don't Talk About Bruno Carolina Gaitán - La Gaita,0.357,0.577,0.45,0.0,0.111,-8.516,0.0834,205.863,0.83
2120,2026-03-19 14:19:00,Cast - Frozen,Solo Tiene Que Mejorar un Poco (Canción de los Troles),182160,0.0506,3.036,14,3,Thursday,False,2026-03,Solo Tiene Que Mejorar un Poco (Canción de los Troles) Cast - Frozen,,,,,,,,,
2121,2026-03-19 14:22:00,Roger Bart,Go the Distance,194160,0.05393333333333333,3.236,14,3,Thursday,False,2026-03,Go the Distance Roger Bart,0.878,0.275,0.126,0.000872,0.0791,-17.077,0.033,88.206,0.211
2122,2026-03-19 14:28:00,Hans Zimmer,Jack Sparrow,365427,0.1015075,6.09045,14,3,Thursday,False,2026-03,Jack Sparrow Hans Zimmer,0.759,0.335,0.323,0.824,0.0717,-14.71,0.0564,91.599,0.291
2123,2026-03-19 14:32:00,Idina Menzel,Into the Unknown,194848,0.05412444444444445,3.2474666666666665,14,3,Thursday,False,2026-03,Into the Unknown Idina Menzel,0.849,0.321,0.405,0.000544,0.138,-8.533,0.0412,146.072,0.274
2124,2026-03-19 14:35:00,Moisés Nieto,Vol Volar (Let It Go from Frozen) [Versió en Català] - Bonus Track,213319,0.059255277777777775,3.5553166666666667,14,3,Thursday,False,2026-03,Vol Volar (Let It Go from Frozen) [Versió en Català] - Bonus Track Moisés Nieto,,,,,,,,,
2125,2026-03-19 14:39:00,Ferran Gonzalez,Ese Es Mi Destino,194067,0.0539075,3.23445,14,3,Thursday,False,2026-03,Ese Es Mi Destino Ferran Gonzalez,0.877,0.315,0.105,4.47e-05,0.137,-15.023,0.0322,89.468,0.21
2126,2026-03-19 20:00:00,John Williams,"Across the Stars (Love Theme from ""Star Wars: Attack of the Clones"")",11136,0.0030933333333333334,0.1856,20,3,Thursday,True,2026-03,"Across the Stars (Love Theme from ""Star Wars: Attack of the Clones"") John Williams",,,,,,,,,
2127,2026-03-19 20:03:00,Marc Ullod,De nada,163893,0.045525833333333335,2.73155,20,3,Thursday,False,2026-03,De nada Marc Ullod,,,,,,,,,
2128,2026-03-19 20:04:00,Benjamin Bratt,"Remember Me (Ernesto de la Cruz) - From ""Coco""/Soundtrack Version",109280,0.030355555555555556,1.8213333333333332,20,3,Thursday,False,2026-03,"Remember Me (Ernesto de la Cruz) - From ""Coco""/Soundtrack Version Benjamin Bratt",0.514,0.506,0.562,0.000347,0.213,-6.663,0.0422,129.057,0.614
2129,2026-03-19 20:07:00,Dwayne Johnson,You're Welcome,163894,0.045526111111111114,2.7315666666666667,20,3,Thursday,False,2026-03,You're Welcome Dwayne Johnson,,,,,,,,,
2130,2026-03-19 20:10:00,Marc Ullod,"De nada - De ""Vaiana""/Banda Sonora Original en Castellano",163893,0.045525833333333335,2.73155,20,3,Thursday,False,2026-03,"De nada - De ""Vaiana""/Banda Sonora Original en Castellano Marc Ullod",,,,,,,,,
2131,2026-03-19 20:13:00,Celia Vergara,Madre sabe más,190467,0.0529075,3.17445,20,3,Thursday,False,2026-03,Madre sabe más Celia Vergara,0.879,0.473,0.3,0.0,0.0294,-10.42,0.155,44.057,0.489
2132,2026-03-19 20:17:00,Carolina Gaitán - La Gaita,No se habla de Bruno,216120,0.060033333333333334,3.602,20,3,Thursday,False,2026-03,No se habla de Bruno Carolina Gaitán - La Gaita,0.303,0.812,0.471,0.0,0.104,-8.314,0.0404,102.964,0.756
2133,2026-03-19 21:45:00,Pablo Perea,Voy a Hacer Todo un Hombre de Tí,65653,0.018236944444444445,1.0942166666666666,21,3,Thursday,False,2026-03,Voy a Hacer Todo un Hombre de Tí Pablo Perea,0.417,0.709,0.412,4.23e-06,0.0767,-12.406,0.0375,113.93,0.424
2134,2026-03-20 05:55:00,Dana Fuchs,"Helter Skelter - From ""Across The Universe"" Soundtrack",15104,0.004195555555555556,0.2517333333333333,5,3,Friday,True,2026-03,"Helter Skelter - From ""Across The Universe"" Soundtrack Dana Fuchs",0.000195,0.266,0.911,0.0113,0.35,-3.824,0.0656,165.966,0.337
2135,2026-03-20 06:00:00,Philip Quast,The Confrontation,20161,0.005600277777777778,0.3360166666666667,6,3,Friday,True,2026-03,The Confrontation Philip Quast,0.838,0.429,0.292,2.02e-06,0.237,-18.065,0.0696,93.576,0.353
2136,2026-03-20 06:05:00,Metallica,One - Live,6851,0.0019030555555555556,0.11418333333333333,6,3,Friday,True,2026-03,One - Live Metallica,6.72e-06,0.291,0.948,0.271,0.992,-5.713,0.124,123.76,0.267
2137,2026-03-20 06:15:00,Els Amics De Les Arts,La Merda Se'ns Menja,10117,0.002810277777777778,0.16861666666666666,6,3,Friday,True,2026-03,La Merda Se'ns Menja Els Amics De Les Arts,0.512,0.433,0.433,0.0,0.822,-11.673,0.115,78.453,0.496
2138,2026-03-20 06:20:00,Joe Anderson,With A Little Help From My Friends,9955,0.002765277777777778,0.16591666666666666,6,3,Friday,True,2026-03,With A Little Help From My Friends Joe Anderson,0.306,0.473,0.547,0.000296,0.356,-5.802,0.0335,118.049,0.429
2139,2026-03-20 06:25:00,Royal Philharmonic Orchestra,"Tomorrow Never Dies - From ""Tomorrow Never Dies""",11713,0.003253611111111111,0.19521666666666668,6,3,Friday,True,2026-03,"Tomorrow Never Dies - From ""Tomorrow Never Dies"" Royal Philharmonic Orchestra",,,,,,,,,
2140,2026-03-20 06:30:00,Jim Sturgess,"I've Just Seen A Face - From ""Across The Universe"" Soundtrack",11172,0.0031033333333333334,0.1862,6,3,Friday,True,2026-03,"I've Just Seen A Face - From ""Across The Universe"" Soundtrack Jim Sturgess",0.0259,0.498,0.841,0.000753,0.173,-6.863,0.0617,135.759,0.333
2141,2026-03-20 06:35:00,Jesse L. Martin,Today 4 U,8142,0.0022616666666666666,0.1357,6,3,Friday,True,2026-03,Today 4 U Jesse L. Martin,0.043,0.724,0.94,4.27e-05,0.142,-3.155,0.0507,132.006,0.684
2142,2026-03-20 06:40:00,Nick Cave & The Bad Seeds,Red Right Hand (Peaky Blinders Theme) (Flood Remix),11670,0.0032416666666666666,0.1945,6,3,Friday,True,2026-03,Red Right Hand (Peaky Blinders Theme) (Flood Remix) Nick Cave & The Bad Seeds,0.573,0.814,0.229,0.158,0.0718,-16.208,0.0737,116.049,0.287
2143,2026-03-20 07:01:00,Scott Bradlee's Postmodern Jukebox,Crazy Train,9380,0.0026055555555555554,0.15633333333333332,7,3,Friday,True,2026-03,Crazy Train Scott Bradlee's Postmodern Jukebox,0.593,0.555,0.731,2.41e-05,0.0805,-4.644,0.0474,134.907,0.609
2144,2026-03-20 07:42:00,Film Symphony Orchestra,Piratas del Caribe - El hombre del cofre muerto,340027,0.09445194444444445,5.667116666666667,7,3,Friday,False,2026-03,Piratas del Caribe - El hombre del cofre muerto Film Symphony Orchestra,0.491,0.246,0.508,0.0227,0.458,-9.588,0.0749,67.192,0.206
2145,2026-03-20 07:47:00,John Williams,"Across the Stars (Love Theme from ""Star Wars: Attack of the Clones"")",331840,0.09217777777777778,5.530666666666667,7,3,Friday,False,2026-03,"Across the Stars (Love Theme from ""Star Wars: Attack of the Clones"") John Williams",,,,,,,,,
2146,2026-03-20 07:49:00,Benjamin Bratt,"Remember Me (Ernesto de la Cruz) - From ""Coco""/Soundtrack Version",109280,0.030355555555555556,1.8213333333333332,7,3,Friday,False,2026-03,"Remember Me (Ernesto de la Cruz) - From ""Coco""/Soundtrack Version Benjamin Bratt",0.514,0.506,0.562,0.000347,0.213,-6.663,0.0422,129.057,0.614
2147,2026-03-20 07:53:00,Tata Vega,El Ciclo de la Vida,239747,0.06659638888888889,3.9957833333333332,7,3,Friday,False,2026-03,El Ciclo de la Vida Tata Vega,,,,,,,,,
2148,2026-03-20 07:56:00,Phil Collins,Dos Mundos,200787,0.055774166666666666,3.34645,7,3,Friday,False,2026-03,Dos Mundos Phil Collins,0.203,0.674,0.648,0.00935,0.0371,-11.203,0.058,109.886,0.412
2149,2026-03-20 07:58:00,Isabel Nogueras,Prólogo - de Enredados,122493,0.03402583333333333,2.04155,7,3,Friday,False,2026-03,Prólogo - de Enredados Isabel Nogueras,0.92,0.237,0.141,0.0362,0.24,-16.202,0.0348,123.22,0.117
2150,2026-03-20 09:13:00,Danny Elfman,"Alice's Theme - From ""Alice in Wonderland""/Soundtrack Version",124208,0.03450222222222222,2.070133333333333,9,3,Friday,False,2026-03,"Alice's Theme - From ""Alice in Wonderland""/Soundtrack Version Danny Elfman",0.926,0.417,0.415,0.662,0.0815,-12.66,0.0365,119.984,0.126
2151,2026-03-20 09:16:00,Geek Music,"Lithonia (From ""Daredevil: Born Again Trailer"") - Epic Version",179714,0.04992055555555556,2.995233333333333,9,3,Friday,False,2026-03,"Lithonia (From ""Daredevil: Born Again Trailer"") - Epic Version Geek Music",,,,,,,,,
2152,2026-03-20 09:23:00,Childish Gambino,Lithonia,179320,0.04981111111111111,2.9886666666666666,9,3,Friday,False,2026-03,Lithonia Childish Gambino,0.0948,0.415,0.383,0.0,0.118,-7.629,0.0287,140.102,0.172
2153,2026-03-20 09:26:00,Childish Gambino,Lithonia,179320,0.04981111111111111,2.9886666666666666,9,3,Friday,False,2026-03,Lithonia Childish Gambino,0.0948,0.415,0.383,0.0,0.118,-7.629,0.0287,140.102,0.172
2154,2026-03-20 09:29:00,Childish Gambino,Lithonia,179320,0.04981111111111111,2.9886666666666666,9,3,Friday,False,2026-03,Lithonia Childish Gambino,0.0948,0.415,0.383,0.0,0.118,-7.629,0.0287,140.102,0.172
2155,2026-03-20 09:32:00,Donna Murphy,"Prologue - From ""Tangled""/Score",3483,0.0009675,0.05805,9,3,Friday,True,2026-03,"Prologue - From ""Tangled""/Score Donna Murphy",0.874,0.245,0.18,0.0254,0.242,-16.531,0.0317,85.58,0.171
2156,2026-03-20 09:32:00,Childish Gambino,Lithonia,4730,0.001313888888888889,0.07883333333333334,9,3,Friday,True,2026-03,Lithonia Childish Gambino,0.0948,0.415,0.383,0.0,0.118,-7.629,0.0287,140.102,0.172
2157,2026-03-20 09:32:00,Childish Gambino,Lithonia,179320,0.04981111111111111,2.9886666666666666,9,3,Friday,False,2026-03,Lithonia Childish Gambino,0.0948,0.415,0.383,0.0,0.118,-7.629,0.0287,140.102,0.172
2158,2026-03-20 09:35:00,Childish Gambino,Lithonia,179320,0.04981111111111111,2.9886666666666666,9,3,Friday,False,2026-03,Lithonia Childish Gambino,0.0948,0.415,0.383,0.0,0.118,-7.629,0.0287,140.102,0.172
2159,2026-03-20 09:38:00,Pablo Perea,Voy a Hacer Todo un Hombre de Tí,202520,0.05625555555555556,3.3753333333333333,9,3,Friday,False,2026-03,Voy a Hacer Todo un Hombre de Tí Pablo Perea,0.417,0.709,0.412,4.23e-06,0.0767,-12.406,0.0375,113.93,0.424
2160,2026-03-20 09:42:00,Jordi Doncos,Preparaos,219880,0.06107777777777778,3.6646666666666667,9,3,Friday,False,2026-03,Preparaos Jordi Doncos,,,,,,,,,
2161,2026-03-20 09:42:00,Carmen López,Por Primera Vez en Años (Reprise),18550,0.005152777777777778,0.30916666666666665,9,3,Friday,True,2026-03,Por Primera Vez en Años (Reprise) Carmen López,,,,,,,,,
2162,2026-03-20 09:44:00,Michael Giacchino,"Peter Parker Picked a Perilously Precarious Profession - from ""Spider-Man: No Way Home"" Soundtrack",91680,0.025466666666666665,1.528,9,3,Friday,False,2026-03,"Peter Parker Picked a Perilously Precarious Profession - from ""Spider-Man: No Way Home"" Soundtrack Michael Giacchino",0.729,0.291,0.0304,0.813,0.0735,-16.878,0.0322,60.185,0.0672
2163,2026-03-20 09:45:00,Chorus - Peter Pan,Por Donde Tu Vayas,102933,0.0285925,1.71555,9,3,Friday,False,2026-03,Por Donde Tu Vayas Chorus - Peter Pan,0.888,0.562,0.255,0.000273,0.129,-12.718,0.067,131.344,0.974
2164,2026-03-20 09:47:00,Anolita Domínguez,Es La Noche Del Amor,82640,0.022955555555555555,1.3773333333333333,9,3,Friday,False,2026-03,Es La Noche Del Amor Anolita Domínguez,0.73,0.394,0.289,0.0,0.778,-13.785,0.0426,78.034,0.517
2165,2026-03-20 09:51:00,Chorus - Peter Pan,"Volaras, Volaras, Volaras",261480,0.07263333333333333,4.358,9,3,Friday,False,2026-03,"Volaras, Volaras, Volaras Chorus - Peter Pan",0.978,0.493,0.293,0.0,0.169,-11.908,0.265,58.646,0.64
2166,2026-03-20 09:53:00,Tony Cruz,Hay Un Amigo En Mí,125387,0.03482972222222222,2.0897833333333335,9,3,Friday,False,2026-03,Hay Un Amigo En Mí Tony Cruz,0.848,0.675,0.447,0.0,0.12,-8.207,0.0294,115.177,0.512
2167,2026-03-20 09:56:00,Miguel Morant,El Rey,144307,0.040085277777777775,2.405116666666667,9,3,Friday,False,2026-03,El Rey Miguel Morant,0.394,0.516,0.419,0.0,0.722,-13.956,0.179,124.89,0.612
2168,2026-03-20 09:59:00,Francisco Colmenero,Prólogo,17690,0.004913888888888889,0.29483333333333334,9,3,Friday,True,2026-03,Prólogo Francisco Colmenero,0.884,0.459,0.112,0.0,0.602,-25.61,0.134,89.937,0.487
2169,2026-03-20 09:59:00,Yolanda de las Heras,Silbando al Trabajar,207627,0.057674166666666665,3.46045,9,3,Friday,False,2026-03,Silbando al Trabajar Yolanda de las Heras,0.907,0.749,0.284,0.144,0.0799,-13.005,0.035,102.199,0.784
2170,2026-03-20 10:00:00,Golden Apple Quartet,El Rodeo de Woody,43880,0.01218888888888889,0.7313333333333333,10,3,Friday,False,2026-03,El Rodeo de Woody Golden Apple Quartet,0.585,0.502,0.536,0.0,0.0903,-9.638,0.151,205.172,0.608
2171,2026-03-20 10:02:00,Pablo Palos,Dame Un Silbidito,98000,0.02722222222222222,1.6333333333333333,10,3,Friday,False,2026-03,Dame Un Silbidito Pablo Palos,0.88,0.594,0.384,6.35e-06,0.472,-12.724,0.243,111.087,0.883
2172,2026-03-20 10:03:00,Bruce Adler,Arabian Nights - Remastered 2022,79787,0.022163055555555554,1.3297833333333333,10,3,Friday,False,2026-03,Arabian Nights - Remastered 2022 Bruce Adler,0.723,0.485,0.198,0.0,0.208,-15.53,0.0421,128.648,0.56
2173,2026-03-20 10:05:00,Cast - Frozen,Corazón de Hielo,105093,0.0291925,1.75155,10,3,Friday,False,2026-03,Corazón de Hielo Cast - Frozen,,,,,,,,,
2174,2026-03-20 10:10:00,Inés Moraleda,"Bella - de ""La Bella y La Bestia""/Banda Sonora Original",304440,0.08456666666666666,5.074,10,3,Friday,False,2026-03,"Bella - de ""La Bella y La Bestia""/Banda Sonora Original Inés Moraleda",0.822,0.55,0.281,0.0,0.373,-18.501,0.257,129.221,0.34
2175,2026-03-20 10:14:00,Nathan Lane,"Hakuna Matata - From ""The Lion King"" Soundtrack",212627,0.059063055555555556,3.5437833333333333,10,3,Friday,False,2026-03,"Hakuna Matata - From ""The Lion King"" Soundtrack Nathan Lane",,,,,,,,,
2176,2026-03-20 10:16:00,Auli'i Cravalho,How Far I'll Go,163386,0.045385,2.7231,10,3,Friday,False,2026-03,How Far I'll Go Auli'i Cravalho,,,,,,,,,
2177,2026-03-20 10:17:00,Yolanda de las Heras,Sonriendo al Cantar,55610,0.015447222222222222,0.9268333333333333,10,3,Friday,False,2026-03,Sonriendo al Cantar Yolanda de las Heras,0.93,0.376,0.189,4.82e-06,0.211,-15.586,0.0409,90.249,0.339
2178,2026-03-20 10:21:00,Gema Castaño,Colores en el Viento,214467,0.059574166666666664,3.57445,10,3,Friday,False,2026-03,Colores en el Viento Gema Castaño,,,,,,,,,
2179,2026-03-20 10:24:00,Marc Ullod,De nada,163893,0.045525833333333335,2.73155,10,3,Friday,False,2026-03,De nada Marc Ullod,,,,,,,,,
2180,2026-03-20 10:27:00,AURORA,Into the Unknown,199960,0.055544444444444445,3.332666666666667,10,3,Friday,False,2026-03,Into the Unknown AURORA,0.849,0.321,0.405,0.000544,0.138,-8.533,0.0412,146.072,0.274
2181,2026-03-20 10:28:00,Cast – Disneyland Paris,Yo Ho (A Pirate's Life for Me) (Disneyland Paris version),78160,0.02171111111111111,1.3026666666666666,10,3,Friday,False,2026-03,Yo Ho (A Pirate's Life for Me) (Disneyland Paris version) Cast – Disneyland Paris,0.871,0.655,0.826,5.79e-06,0.371,-10.448,0.784,111.858,0.619
2182,2026-03-20 10:30:00,Alan Silvestri,The Avengers,123360,0.03426666666666667,2.056,10,3,Friday,False,2026-03,The Avengers Alan Silvestri,0.606,0.25,0.553,0.673,0.145,-8.188,0.0429,118.985,0.226
2183,2026-03-20 10:33:00,Hans Zimmer,Up Is Down,162200,0.04505555555555556,2.703333333333333,10,3,Friday,False,2026-03,Up Is Down Hans Zimmer,0.266,0.46,0.423,0.909,0.107,-14.704,0.0528,129.906,0.121
2184,2026-03-20 10:37:00,Michael Giacchino,Married Life,214460,0.05957222222222222,3.574333333333333,10,3,Friday,False,2026-03,Married Life Michael Giacchino,0.97,0.278,0.0675,0.732,0.0812,-20.946,0.04,82.626,0.112
2185,2026-03-20 10:45:00,Michael Giacchino,Married Life,997,0.00027694444444444446,0.016616666666666665,10,3,Friday,True,2026-03,Married Life Michael Giacchino,0.97,0.278,0.0675,0.732,0.0812,-20.946,0.04,82.626,0.112
2186,2026-03-20 10:45:00,Pablo Palos,La Estrella Azul,1493,0.0004147222222222222,0.024883333333333334,10,3,Friday,True,2026-03,La Estrella Azul Pablo Palos,0.963,0.243,0.174,5.14e-05,0.353,-13.912,0.0421,75.712,0.0697
2187,2026-03-20 10:48:00,Michael Giacchino,Married Life,19619,0.005449722222222222,0.32698333333333335,10,3,Friday,True,2026-03,Married Life Michael Giacchino,0.97,0.278,0.0675,0.732,0.0812,-20.946,0.04,82.626,0.112
2188,2026-03-20 10:48:00,Josema Yuste,Príncipe Ali,172773,0.0479925,2.87955,10,3,Friday,False,2026-03,Príncipe Ali Josema Yuste,0.732,0.524,0.486,0.0,0.17,-11.4,0.0921,104.283,0.668
2189,2026-03-20 10:50:00,Jesús Aguirre,"Ay Ho/ Cavar, Cavar",167000,0.04638888888888889,2.783333333333333,10,3,Friday,False,2026-03,"Ay Ho/ Cavar, Cavar Jesús Aguirre",0.868,0.848,0.566,9.75e-06,0.105,-9.603,0.0908,103.011,0.734
2190,2026-03-20 10:52:00,Xavier Rivera,Príncipe Ali (Repetición),71720,0.019922222222222223,1.1953333333333334,10,3,Friday,False,2026-03,Príncipe Ali (Repetición) Xavier Rivera,0.834,0.601,0.464,0.0,0.671,-11.519,0.063,57.626,0.718
2191,2026-03-20 10:54:00,Josema Yuste,Un Genio Genial,148947,0.04137416666666666,2.48245,10,3,Friday,False,2026-03,Un Genio Genial Josema Yuste,0.553,0.678,0.629,0.0,0.391,-10.626,0.117,97.983,0.734
2192,2026-03-20 10:56:00,Josh Gad,When I Am Older,111452,0.03095888888888889,1.8575333333333333,10,3,Friday,False,2026-03,When I Am Older Josh Gad,0.708,0.754,0.326,0.0,0.103,-7.001,0.243,117.004,0.435
2193,2026-03-20 10:57:00,Chorus - Peter Pan,La Estrella Que Nos Vió Nacer (Tema Principal),29430,0.008175,0.4905,10,3,Friday,True,2026-03,La Estrella Que Nos Vió Nacer (Tema Principal) Chorus - Peter Pan,0.979,0.243,0.273,2.15e-05,0.284,-12.802,0.0318,99.309,0.226
2194,2026-03-20 10:59:00,Hans Zimmer,"End Credits - From ""Pirates of the Caribbean: On Stranger Tides""/Score",117133,0.032536944444444445,1.9522166666666667,10,3,Friday,False,2026-03,"End Credits - From ""Pirates of the Caribbean: On Stranger Tides""/Score Hans Zimmer",0.404,0.534,0.814,0.972,0.0998,-10.418,0.0429,140.22,0.766
2195,2026-03-20 11:02:00,Chorus - Hercules,Zero To Hero,7220,0.0020055555555555556,0.12033333333333333,11,3,Friday,True,2026-03,Zero To Hero Chorus - Hercules,0.467,0.475,0.835,0.0,0.377,-7.734,0.277,164.789,0.712
2196,2026-03-20 11:02:00,Cast - Frozen,"Frozen Heart - From ""Frozen""/Soundtrack Version",4023,0.0011175,0.06705,11,3,Friday,True,2026-03,"Frozen Heart - From ""Frozen""/Soundtrack Version Cast - Frozen",,,,,,,,,
2197,2026-03-20 11:02:00,Enrique Sequeros,El Vive en Tí,184853,0.051348055555555557,3.0808833333333334,11,3,Friday,False,2026-03,El Vive en Tí Enrique Sequeros,0.765,0.749,0.459,0.000235,0.059,-10.757,0.0319,115.092,0.477
2198,2026-03-20 11:02:00,Miguel Morant,Un Mundo Ideal,1123,0.00031194444444444444,0.018716666666666666,11,3,Friday,True,2026-03,Un Mundo Ideal Miguel Morant,0.727,0.224,0.226,0.0,0.106,-12.583,0.0314,171.294,0.335
2199,2026-03-20 11:02:00,Randy Newman,Buzz Lightyear Commercial,943,0.0002619444444444444,0.015716666666666667,11,3,Friday,True,2026-03,Buzz Lightyear Commercial Randy Newman,0.00384,0.207,0.57,0.883,0.115,-6.408,0.047,69.195,0.242
2200,2026-03-20 11:02:00,Erik Cruz,Perdido en el bosque,1643,0.0004563888888888889,0.027383333333333332,11,3,Friday,True,2026-03,Perdido en el bosque Erik Cruz,0.757,0.417,0.461,3.56e-06,0.121,-6.073,0.027,74.269,0.4
2201,2026-03-20 11:02:00,Bely Basarte,Bella,1613,0.00044805555555555554,0.026883333333333332,11,3,Friday,True,2026-03,Bella Bely Basarte,,,,,,,,,
2202,2026-03-20 11:04:00,Kristen Bell,"Love Is an Open Door - From ""Frozen""/Soundtrack Version",124733,0.03464805555555556,2.078883333333333,11,3,Friday,False,2026-03,"Love Is an Open Door - From ""Frozen""/Soundtrack Version Kristen Bell",0.262,0.737,0.636,0.0,0.319,-6.308,0.0737,100.033,0.537
2203,2026-03-20 11:07:00,Hans Zimmer,This Land,175400,0.04872222222222222,2.9233333333333333,11,3,Friday,False,2026-03,This Land Hans Zimmer,0.433,0.152,0.129,0.647,0.171,-22.61,0.0404,99.042,0.136
2204,2026-03-20 11:59:00,Kristen Bell,Some Things Never Change,209965,0.05832361111111111,3.499416666666667,11,3,Friday,False,2026-03,Some Things Never Change Kristen Bell,0.613,0.567,0.543,0.0,0.106,-4.485,0.0313,89.937,0.299
2205,2026-03-20 12:02:00,The Mellomen,Painting the Roses Red / March of the Cards,168600,0.04683333333333333,2.81,12,3,Friday,False,2026-03,Painting the Roses Red / March of the Cards The Mellomen,0.921,0.672,0.416,0.00101,0.0975,-12.439,0.311,126.576,0.914
2206,2026-03-20 12:05:00,Donny Osmond,I'll Make a Man Out of You,201680,0.05602222222222222,3.3613333333333335,12,3,Friday,False,2026-03,I'll Make a Man Out of You Donny Osmond,0.144,0.672,0.322,2.96e-05,0.074,-17.669,0.0339,113.852,0.496
2207,2026-03-20 12:08:00,Anabel García,Silbando al trabajar,182600,0.050722222222222224,3.0433333333333334,12,3,Friday,False,2026-03,Silbando al trabajar Anabel García,0.68,0.646,0.489,0.0,0.235,-7.773,0.0755,107.629,0.717
2208,2026-03-20 12:09:00,María Caneda,Cuando Me Quería,48700,0.013527777777777777,0.8116666666666666,12,3,Friday,False,2026-03,Cuando Me Quería María Caneda,0.974,0.325,0.144,2.77e-06,0.105,-13.606,0.0365,79.498,0.216
2209,2026-03-20 12:14:00,AD Santos,Busca Lo Más Vital,282707,0.07852972222222222,4.711783333333333,12,3,Friday,False,2026-03,Busca Lo Más Vital AD Santos,0.756,0.6,0.475,0.0,0.63,-11.582,0.325,106.176,0.577
2210,2026-03-20 12:17:00,Disney Studio Chorus,Yo Ho (A Pirate's Life for Me),201640,0.05601111111111111,3.3606666666666665,12,3,Friday,False,2026-03,Yo Ho (A Pirate's Life for Me) Disney Studio Chorus,0.778,0.548,0.538,0.0,0.198,-11.349,0.51,112.505,0.692
2211,2026-03-20 12:21:00,Claudia Pizá,Hakuna Matata,211427,0.058729722222222225,3.5237833333333333,12,3,Friday,False,2026-03,Hakuna Matata Claudia Pizá,0.546,0.498,0.483,0.0,0.353,-12.14,0.181,83.241,0.63
2212,2026-03-20 12:25:00,Miguel Ángel Jenner,"¡Qué Festín! - de ""La Bella y La Bestia""/Banda Sonora Original",222573,0.06182583333333333,3.70955,12,3,Friday,False,2026-03,"¡Qué Festín! - de ""La Bella y La Bestia""/Banda Sonora Original Miguel Ángel Jenner",0.757,0.501,0.329,0.0,0.168,-16.066,0.135,125.071,0.553
2213,2026-03-20 17:05:00,Jodi Benson,Part of Your World,16178,0.004493888888888889,0.26963333333333334,17,3,Friday,True,2026-03,Part of Your World Jodi Benson,0.92,0.275,0.144,0.000423,0.29,-14.516,0.0481,61.557,0.302
2214,2026-03-20 19:58:00,Childish Gambino,Lithonia,62160,0.017266666666666666,1.036,19,3,Friday,False,2026-03,Lithonia Childish Gambino,0.0948,0.415,0.383,0.0,0.118,-7.629,0.0287,140.102,0.172
2215,2026-03-20 20:42:00,Childish Gambino,Lithonia,1001,0.00027805555555555553,0.016683333333333335,20,3,Friday,True,2026-03,Lithonia Childish Gambino,0.0948,0.415,0.383,0.0,0.118,-7.629,0.0287,140.102,0.172
2216,2026-03-20 21:44:00,Childish Gambino,Lithonia,74120,0.02058888888888889,1.2353333333333334,21,3,Friday,False,2026-03,Lithonia Childish Gambino,0.0948,0.415,0.383,0.0,0.118,-7.629,0.0287,140.102,0.172
2217,2026-03-23 06:00:00,Antònia Font,Wa Yeah!,15390,0.004275,0.2565,6,3,Monday,True,2026-03,Wa Yeah! Antònia Font,0.315,0.774,0.841,0.00167,0.292,-6.026,0.0308,133.984,0.963
2218,2026-03-23 06:10:00,The Clash,London Calling - Remastered,5596,0.0015544444444444444,0.09326666666666666,6,3,Monday,True,2026-03,London Calling - Remastered The Clash,0.123,0.651,0.801,0.0,0.0825,-7.34,0.0514,133.769,0.776
2219,2026-03-23 06:15:00,Nirvana,Rape Me,18512,0.0051422222222222225,0.3085333333333333,6,3,Monday,True,2026-03,Rape Me Nirvana,0.0141,0.42,0.746,0.0,0.0661,-10.628,0.0467,111.886,0.229
2220,2026-03-23 06:20:00,Els Amics De Les Arts,No Ho Entens - des de casa,8840,0.0024555555555555554,0.14733333333333334,6,3,Monday,True,2026-03,No Ho Entens - des de casa Els Amics De Les Arts,0.745,0.59,0.396,2.75e-06,0.23,-11.772,0.0322,156.038,0.553
2221,2026-03-23 06:25:00,One Piano,James Bond Theme,5569,0.0015469444444444445,0.09281666666666667,6,3,Monday,True,2026-03,James Bond Theme One Piano,,,,,,,,,
2222,2026-03-23 06:30:00,Edie Brickell,What I Am (Remastered) - Live,11207,0.0031130555555555555,0.18678333333333333,6,3,Monday,True,2026-03,What I Am (Remastered) - Live Edie Brickell,0.772,0.544,0.817,0.0149,0.615,-5.207,0.0814,93.606,0.436
2223,2026-03-23 06:35:00,Elvin Bishop,Fooled Around And Fell In Love,8070,0.0022416666666666665,0.1345,6,3,Monday,True,2026-03,Fooled Around And Fell In Love Elvin Bishop,0.0729,0.634,0.585,0.0805,0.0953,-13.112,0.0305,113.463,0.61
2224,2026-03-23 06:40:00,Scott Bradlee's Postmodern Jukebox,I'll Be There for You (Theme From “Friends”),6277,0.0017436111111111111,0.10461666666666666,6,3,Monday,True,2026-03,I'll Be There for You (Theme From “Friends”) Scott Bradlee's Postmodern Jukebox,0.419,0.306,0.623,0.0,0.14,-7.67,0.049,166.929,0.614
2225,2026-03-23 06:59:00,Dana Fuchs,Dear Prudence,2045,0.0005680555555555556,0.034083333333333334,6,3,Monday,True,2026-03,Dear Prudence Dana Fuchs,0.135,0.53,0.377,0.207,0.11,-10.517,0.0252,142.125,0.12
2226,2026-03-23 07:45:00,Jodi Benson,Part of Your World,15383,0.004273055555555556,0.25638333333333335,7,3,Monday,True,2026-03,Part of Your World Jodi Benson,0.92,0.275,0.144,0.000423,0.29,-14.516,0.0481,61.557,0.302
2227,2026-03-23 07:49:00,Hans Zimmer,Drink Up Me Hearties Yo Ho,271880,0.07552222222222223,4.531333333333333,7,3,Monday,False,2026-03,Drink Up Me Hearties Yo Ho Hans Zimmer,0.319,0.145,0.452,0.92,0.0753,-13.56,0.0448,82.297,0.146
2228,2026-03-23 07:54:00,Michael Giacchino,Married Life,250573,0.06960361111111112,4.176216666666667,7,3,Monday,False,2026-03,Married Life Michael Giacchino,0.97,0.278,0.0675,0.732,0.0812,-20.946,0.04,82.626,0.112
2229,2026-03-23 07:58:00,Randy Newman,Buzz,47980,0.013327777777777777,0.7996666666666666,7,3,Monday,False,2026-03,Buzz Randy Newman,0.821,0.317,0.344,0.75,0.104,-11.243,0.0398,128.368,0.051
2230,2026-03-23 07:58:00,Hans Zimmer,One Day,241560,0.0671,4.026,7,3,Monday,False,2026-03,One Day Hans Zimmer,0.688,0.173,0.306,0.924,0.106,-16.531,0.0417,82.348,0.0358
2231,2026-03-23 07:59:00,Jartisto,Bundle of Joy,1203,0.00033416666666666664,0.02005,7,3,Monday,True,2026-03,Bundle of Joy Jartisto,0.98,0.461,0.0605,0.947,0.0929,-30.646,0.0926,126.556,0.195
2232,2026-03-23 07:59:00,Enrique Sequeros,Mi sueño es,1253,0.00034805555555555555,0.020883333333333334,7,3,Monday,True,2026-03,Mi sueño es Enrique Sequeros,0.74,0.661,0.605,0.0,0.239,-7.697,0.2,133.758,0.726
2233,2026-03-23 07:59:00,Susan Martín,Ha Nacido Una Estrella,1693,0.0004702777777777778,0.028216666666666668,7,3,Monday,True,2026-03,Ha Nacido Una Estrella Susan Martín,0.572,0.68,0.708,0.0,0.471,-7.961,0.109,117.931,0.788
2234,2026-03-23 08:00:00,José Ramón Nogueras,Si a Arabia tú vas,83827,0.023285277777777776,1.3971166666666666,8,3,Monday,False,2026-03,Si a Arabia tú vas José Ramón Nogueras,0.773,0.446,0.276,0.0,0.117,-12.119,0.0494,126.401,0.197
2235,2026-03-23 08:04:00,Cast Of Disneyland Resort Paris,It's A Small World (Disneyland Paris version),268253,0.07451472222222222,4.470883333333333,8,3,Monday,False,2026-03,It's A Small World (Disneyland Paris version) Cast Of Disneyland Resort Paris,0.704,0.469,0.51,1.58e-06,0.359,-7.228,0.0307,120.079,0.676
2236,2026-03-23 08:07:00,Michael Giacchino,Spider-Man: Homecoming Suite,155650,0.043236111111111114,2.5941666666666667,8,3,Monday,False,2026-03,Spider-Man: Homecoming Suite Michael Giacchino,0.631,0.202,0.274,0.697,0.147,-14.193,0.042,145.207,0.0565
2237,2026-03-23 08:10:00,David García Llop,El rey,175223,0.04867305555555555,2.9203833333333336,8,3,Monday,False,2026-03,El rey David García Llop,0.152,0.705,0.759,0.0,0.0464,-5.838,0.0631,119.244,0.573
2238,2026-03-23 08:12:00,Brad Kane,One Jump Ahead,142440,0.03956666666666667,2.374,8,3,Monday,False,2026-03,One Jump Ahead Brad Kane,0.425,0.564,0.326,0.0,0.742,-16.436,0.127,123.609,0.688
2239,2026-03-23 08:42:00,Isabel Valls,La respuesta encontrarás,106740,0.02965,1.779,8,3,Monday,False,2026-03,La respuesta encontrarás Isabel Valls,0.931,0.297,0.204,2.07e-05,0.0821,-11.958,0.0365,70.354,0.193
2240,2026-03-23 08:47:00,Nicholas Britell,Forming Up/Unto Stone We Are,283073,0.07863138888888889,4.717883333333333,8,3,Monday,False,2026-03,Forming Up/Unto Stone We Are Nicholas Britell,0.971,0.188,0.114,0.966,0.0914,-23.015,0.0363,136.331,0.0546
2241,2026-03-23 08:52:00,Nicholas Britell,Forming Up/Unto Stone We Are,283073,0.07863138888888889,4.717883333333333,8,3,Monday,False,2026-03,Forming Up/Unto Stone We Are Nicholas Britell,0.971,0.188,0.114,0.966,0.0914,-23.015,0.0363,136.331,0.0546
2242,2026-03-23 08:56:00,Michael Giacchino,Married Life,250573,0.06960361111111112,4.176216666666667,8,3,Monday,False,2026-03,Married Life Michael Giacchino,0.97,0.278,0.0675,0.732,0.0812,-20.946,0.04,82.626,0.112
2243,2026-03-23 10:08:00,Auli'i Cravalho,Beyond,1123,0.00031194444444444444,0.018716666666666666,10,3,Monday,True,2026-03,Beyond Auli'i Cravalho,0.811,0.409,0.469,0.0,0.0507,-7.988,0.0549,149.956,0.252
2244,2026-03-23 10:08:00,Demi Lovato,"Let It Go - From ""Frozen / Single Version",1673,0.0004647222222222222,0.027883333333333333,10,3,Monday,True,2026-03,"Let It Go - From ""Frozen / Single Version Demi Lovato",0.0269,0.503,0.657,0.0,0.265,-5.866,0.0359,139.918,0.246
2245,2026-03-23 10:08:00,John Williams,"Star Wars Suite: Main Theme - From ""Star Wars: Episode IV - A New Hope""",2367,0.0006575,0.03945,10,3,Monday,True,2026-03,"Star Wars Suite: Main Theme - From ""Star Wars: Episode IV - A New Hope"" John Williams",0.689,0.24,0.425,0.926,0.0931,-10.527,0.0374,119.762,0.078
2246,2026-03-23 10:08:00,Lea Salonga,A Whole New World,2077,0.0005769444444444445,0.034616666666666664,10,3,Monday,True,2026-03,A Whole New World Lea Salonga,0.846,0.285,0.227,2.11e-06,0.1,-15.793,0.0354,115.8,0.135
2247,2026-03-23 10:08:00,David García Llop,Un mundo ideal,2703,0.0007508333333333334,0.04505,10,3,Monday,True,2026-03,Un mundo ideal David García Llop,0.782,0.353,0.382,0.0,0.163,-8.132,0.0363,122.088,0.108
2248,2026-03-23 10:08:00,Moisés Nieto,Véns a Fer un Ninot de Neu amb Mi? (From Frozen) [Versió en Català],162430,0.04511944444444444,2.7071666666666667,10,3,Monday,False,2026-03,Véns a Fer un Ninot de Neu amb Mi? (From Frozen) [Versió en Català] Moisés Nieto,,,,,,,,,
2249,2026-03-23 10:12:00,Flavio,Quiero Ser Como Tú,241587,0.0671075,4.02645,10,3,Monday,False,2026-03,Quiero Ser Como Tú Flavio,,,,,,,,,
2250,2026-03-23 10:15:00,Coros - La Bella Durmiente,Eres Tú el Príncipe Azul,177680,0.049355555555555555,2.961333333333333,10,3,Monday,False,2026-03,Eres Tú el Príncipe Azul Coros - La Bella Durmiente,0.963,0.295,0.14,0.142,0.368,-15.341,0.0357,132.673,0.183
2251,2026-03-23 10:19:00,Tata Vega,Ciclo Sin Fin,238933,0.06637027777777778,3.9822166666666665,10,3,Monday,False,2026-03,Ciclo Sin Fin Tata Vega,0.125,0.441,0.421,0.0,0.326,-14.141,0.0368,83.906,0.541
2252,2026-03-23 10:22:00,Celia Vergara,Madre sabe más,173640,0.048233333333333336,2.894,10,3,Monday,False,2026-03,Madre sabe más Celia Vergara,0.879,0.473,0.3,0.0,0.0294,-10.42,0.155,44.057,0.489
2253,2026-03-23 10:41:00,Carmen López,Por fin ya veo la luz,17850,0.004958333333333334,0.2975,10,3,Monday,True,2026-03,Por fin ya veo la luz Carmen López,0.886,0.206,0.25,0.0,0.128,-9.607,0.0308,52.957,0.174
2254,2026-03-23 10:41:00,Jeremy Moebel,Lithonia - Piano Version,188639,0.05239972222222222,3.1439833333333334,10,3,Monday,False,2026-03,Lithonia - Piano Version Jeremy Moebel,,,,,,,,,
2255,2026-03-23 10:44:00,Robin Williams,Prince Ali,171760,0.047711111111111114,2.8626666666666667,10,3,Monday,False,2026-03,Prince Ali Robin Williams,0.687,0.522,0.439,0.0,0.167,-13.67,0.0545,106.084,0.609
2256,2026-03-23 10:49:00,John Williams,"New York, 1969",257160,0.07143333333333333,4.286,10,3,Monday,False,2026-03,"New York, 1969 John Williams",0.728,0.285,0.127,0.826,0.0866,-18.281,0.0364,118.21,0.112
2257,2026-03-23 10:51:00,Hans Zimmer,Under the Stars,153950,0.042763888888888886,2.5658333333333334,10,3,Monday,False,2026-03,Under the Stars Hans Zimmer,0.613,0.292,0.162,0.544,0.123,-20.812,0.0414,107.296,0.105
2258,2026-03-23 10:54:00,Hans Zimmer,Davy Jones,195240,0.054233333333333335,3.254,10,3,Monday,False,2026-03,Davy Jones Hans Zimmer,0.475,0.31,0.0558,0.0447,0.127,-19.072,0.0285,79.924,0.106
2259,2026-03-23 10:57:00,Robin Williams,Friend Like Me,146453,0.04068138888888889,2.4408833333333333,10,3,Monday,False,2026-03,Friend Like Me Robin Williams,0.621,0.648,0.478,0.0,0.703,-13.584,0.145,98.412,0.653
2260,2026-03-23 11:03:00,Marc Pociello,Hakuna Matata - Spanish-Castilian version,213053,0.05918138888888889,3.550883333333333,11,3,Monday,False,2026-03,Hakuna Matata - Spanish-Castilian version Marc Pociello,0.623,0.423,0.478,2.6e-06,0.133,-12.796,0.225,168.556,0.66
2261,2026-03-23 11:07:00,Carolina Gaitán - La Gaita,We Don't Talk About Bruno,216120,0.060033333333333334,3.602,11,3,Monday,False,2026-03,We Don't Talk About Bruno Carolina Gaitán - La Gaita,0.357,0.577,0.45,0.0,0.111,-8.516,0.0834,205.863,0.83
2262,2026-03-23 11:10:00,Cast - Frozen,Solo Tiene Que Mejorar un Poco (Canción de los Troles),182160,0.0506,3.036,11,3,Monday,False,2026-03,Solo Tiene Que Mejorar un Poco (Canción de los Troles) Cast - Frozen,,,,,,,,,
2263,2026-03-23 11:13:00,Roger Bart,Go the Distance,194160,0.05393333333333333,3.236,11,3,Monday,False,2026-03,Go the Distance Roger Bart,0.878,0.275,0.126,0.000872,0.0791,-17.077,0.033,88.206,0.211
2264,2026-03-23 11:19:00,Hans Zimmer,Jack Sparrow,365427,0.1015075,6.09045,11,3,Monday,False,2026-03,Jack Sparrow Hans Zimmer,0.759,0.335,0.323,0.824,0.0717,-14.71,0.0564,91.599,0.291
2265,2026-03-23 11:22:00,Idina Menzel,Into the Unknown,194848,0.05412444444444445,3.2474666666666665,11,3,Monday,False,2026-03,Into the Unknown Idina Menzel,0.849,0.321,0.405,0.000544,0.138,-8.533,0.0412,146.072,0.274
2266,2026-03-23 11:26:00,Moisés Nieto,Vol Volar (Let It Go from Frozen) [Versió en Català] - Bonus Track,213319,0.059255277777777775,3.5553166666666667,11,3,Monday,False,2026-03,Vol Volar (Let It Go from Frozen) [Versió en Català] - Bonus Track Moisés Nieto,,,,,,,,,
2267,2026-03-23 11:29:00,Ferran Gonzalez,Ese Es Mi Destino,194067,0.0539075,3.23445,11,3,Monday,False,2026-03,Ese Es Mi Destino Ferran Gonzalez,0.877,0.315,0.105,4.47e-05,0.137,-15.023,0.0322,89.468,0.21
2268,2026-03-23 11:35:00,Film Symphony Orchestra,Piratas del Caribe - El hombre del cofre muerto,340027,0.09445194444444445,5.667116666666667,11,3,Monday,False,2026-03,Piratas del Caribe - El hombre del cofre muerto Film Symphony Orchestra,0.491,0.246,0.508,0.0227,0.458,-9.588,0.0749,67.192,0.206
2269,2026-03-23 11:40:00,John Williams,"Across the Stars (Love Theme from ""Star Wars: Attack of the Clones"")",331840,0.09217777777777778,5.530666666666667,11,3,Monday,False,2026-03,"Across the Stars (Love Theme from ""Star Wars: Attack of the Clones"") John Williams",,,,,,,,,
2270,2026-03-23 11:42:00,Benjamin Bratt,"Remember Me (Ernesto de la Cruz) - From ""Coco""/Soundtrack Version",109280,0.030355555555555556,1.8213333333333332,11,3,Monday,False,2026-03,"Remember Me (Ernesto de la Cruz) - From ""Coco""/Soundtrack Version Benjamin Bratt",0.514,0.506,0.562,0.000347,0.213,-6.663,0.0422,129.057,0.614
2271,2026-03-23 11:46:00,Tata Vega,El Ciclo de la Vida,239747,0.06659638888888889,3.9957833333333332,11,3,Monday,False,2026-03,El Ciclo de la Vida Tata Vega,,,,,,,,,
2272,2026-03-23 11:49:00,Phil Collins,Dos Mundos,200787,0.055774166666666666,3.34645,11,3,Monday,False,2026-03,Dos Mundos Phil Collins,0.203,0.674,0.648,0.00935,0.0371,-11.203,0.058,109.886,0.412
2273,2026-03-23 11:51:00,Isabel Nogueras,Prólogo - de Enredados,122493,0.03402583333333333,2.04155,11,3,Monday,False,2026-03,Prólogo - de Enredados Isabel Nogueras,0.92,0.237,0.141,0.0362,0.24,-16.202,0.0348,123.22,0.117
2274,2026-03-23 11:57:00,Danny Elfman,"Alice's Theme - From ""Alice in Wonderland""/Soundtrack Version",307227,0.08534083333333334,5.12045,11,3,Monday,False,2026-03,"Alice's Theme - From ""Alice in Wonderland""/Soundtrack Version Danny Elfman",0.926,0.417,0.415,0.662,0.0815,-12.66,0.0365,119.984,0.126
2275,2026-03-23 11:59:00,Donna Murphy,"Prologue - From ""Tangled""/Score",122573,0.034048055555555554,2.042883333333333,11,3,Monday,False,2026-03,"Prologue - From ""Tangled""/Score Donna Murphy",0.874,0.245,0.18,0.0254,0.242,-16.531,0.0317,85.58,0.171
2276,2026-03-23 12:02:00,Childish Gambino,Lithonia,179320,0.04981111111111111,2.9886666666666666,12,3,Monday,False,2026-03,Lithonia Childish Gambino,0.0948,0.415,0.383,0.0,0.118,-7.629,0.0287,140.102,0.172
2277,2026-03-23 12:05:00,Pablo Perea,Voy a Hacer Todo un Hombre de Tí,202520,0.05625555555555556,3.3753333333333333,12,3,Monday,False,2026-03,Voy a Hacer Todo un Hombre de Tí Pablo Perea,0.417,0.709,0.412,4.23e-06,0.0767,-12.406,0.0375,113.93,0.424
2278,2026-03-23 12:09:00,Jordi Doncos,Preparaos,219880,0.06107777777777778,3.6646666666666667,12,3,Monday,False,2026-03,Preparaos Jordi Doncos,,,,,,,,,
2279,2026-03-23 12:11:00,Carmen López,Por Primera Vez en Años (Reprise),149827,0.04161861111111111,2.497116666666667,12,3,Monday,False,2026-03,Por Primera Vez en Años (Reprise) Carmen López,,,,,,,,,
2280,2026-03-23 12:13:00,Michael Giacchino,"Peter Parker Picked a Perilously Precarious Profession - from ""Spider-Man: No Way Home"" Soundtrack",91680,0.025466666666666665,1.528,12,3,Monday,False,2026-03,"Peter Parker Picked a Perilously Precarious Profession - from ""Spider-Man: No Way Home"" Soundtrack Michael Giacchino",0.729,0.291,0.0304,0.813,0.0735,-16.878,0.0322,60.185,0.0672
2281,2026-03-23 12:17:00,Michael Giacchino,Married Life,250573,0.06960361111111112,4.176216666666667,12,3,Monday,False,2026-03,Married Life Michael Giacchino,0.97,0.278,0.0675,0.732,0.0812,-20.946,0.04,82.626,0.112
2282,2026-03-23 12:19:00,Chorus - Peter Pan,"Volaras, Volaras, Volaras",2323,0.0006452777777777778,0.03871666666666667,12,3,Monday,True,2026-03,"Volaras, Volaras, Volaras Chorus - Peter Pan",0.978,0.493,0.293,0.0,0.169,-11.908,0.265,58.646,0.64
2283,2026-03-23 12:19:00,Anolita Domínguez,Es La Noche Del Amor,25410,0.007058333333333333,0.4235,12,3,Monday,True,2026-03,Es La Noche Del Amor Anolita Domínguez,0.73,0.394,0.289,0.0,0.778,-13.785,0.0426,78.034,0.517
2284,2026-03-23 12:19:00,Chorus - Peter Pan,Por Donde Tu Vayas,102933,0.0285925,1.71555,12,3,Monday,False,2026-03,Por Donde Tu Vayas Chorus - Peter Pan,0.888,0.562,0.255,0.000273,0.129,-12.718,0.067,131.344,0.974
2285,2026-03-23 12:21:00,Tony Cruz,Hay Un Amigo En Mí,125387,0.03482972222222222,2.0897833333333335,12,3,Monday,False,2026-03,Hay Un Amigo En Mí Tony Cruz,0.848,0.675,0.447,0.0,0.12,-8.207,0.0294,115.177,0.512
2286,2026-03-23 12:24:00,Miguel Morant,El Rey,144307,0.040085277777777775,2.405116666666667,12,3,Monday,False,2026-03,El Rey Miguel Morant,0.394,0.516,0.419,0.0,0.722,-13.956,0.179,124.89,0.612
2287,2026-03-23 12:27:00,Francisco Colmenero,Prólogo,973,0.00027027777777777776,0.016216666666666667,12,3,Monday,True,2026-03,Prólogo Francisco Colmenero,0.884,0.459,0.112,0.0,0.602,-25.61,0.134,89.937,0.487
2288,2026-03-23 12:27:00,Yolanda de las Heras,Silbando al Trabajar,47000,0.013055555555555556,0.7833333333333333,12,3,Monday,False,2026-03,Silbando al Trabajar Yolanda de las Heras,0.907,0.749,0.284,0.144,0.0799,-13.005,0.035,102.199,0.784
2289,2026-03-23 12:28:00,Golden Apple Quartet,El Rodeo de Woody,43880,0.01218888888888889,0.7313333333333333,12,3,Monday,False,2026-03,El Rodeo de Woody Golden Apple Quartet,0.585,0.502,0.536,0.0,0.0903,-9.638,0.151,205.172,0.608
2290,2026-03-23 12:29:00,Pablo Palos,Dame Un Silbidito,98000,0.02722222222222222,1.6333333333333333,12,3,Monday,False,2026-03,Dame Un Silbidito Pablo Palos,0.88,0.594,0.384,6.35e-06,0.472,-12.724,0.243,111.087,0.883
2291,2026-03-23 12:31:00,Bruce Adler,Arabian Nights - Remastered 2022,79787,0.022163055555555554,1.3297833333333333,12,3,Monday,False,2026-03,Arabian Nights - Remastered 2022 Bruce Adler,0.723,0.485,0.198,0.0,0.208,-15.53,0.0421,128.648,0.56
2292,2026-03-23 12:32:00,Cast - Frozen,Corazón de Hielo,105093,0.0291925,1.75155,12,3,Monday,False,2026-03,Corazón de Hielo Cast - Frozen,,,,,,,,,
2293,2026-03-23 13:22:00,Inés Moraleda,"Bella - de ""La Bella y La Bestia""/Banda Sonora Original",16040,0.0044555555555555555,0.2673333333333333,13,3,Monday,True,2026-03,"Bella - de ""La Bella y La Bestia""/Banda Sonora Original Inés Moraleda",0.822,0.55,0.281,0.0,0.373,-18.501,0.257,129.221,0.34
2294,2026-03-23 13:25:00,Marc Ullod,De nada,163893,0.045525833333333335,2.73155,13,3,Monday,False,2026-03,De nada Marc Ullod,,,,,,,,,
2295,2026-03-23 15:08:00,Dana Fuchs,Dear Prudence,0,0.0,0.0,15,3,Monday,True,2026-03,Dear Prudence Dana Fuchs,0.135,0.53,0.377,0.207,0.11,-10.517,0.0252,142.125,0.12
2296,2026-03-23 15:12:00,Katherine Cordova,Lumière (piano solo) [from Clair Obscur: Expedition 33),220500,0.06125,3.675,15,3,Monday,False,2026-03,Lumière (piano solo) [from Clair Obscur: Expedition 33) Katherine Cordova,,,,,,,,,
2297,2026-03-23 15:15:00,Tom Waits,Little Drop Of Poison,189307,0.05258527777777778,3.155116666666667,15,3,Monday,False,2026-03,Little Drop Of Poison Tom Waits,0.837,0.625,0.355,0.0038,0.197,-12.969,0.0588,111.53,0.826
2298,2026-03-23 15:18:00,Murray Gold,Break Free,183973,0.051103611111111114,3.0662166666666666,15,3,Monday,False,2026-03,Break Free Murray Gold,,,,,,,,,
2299,2026-03-23 15:22:00,The Beatles,While My Guitar Gently Weeps,226757,0.06298805555555556,3.7792833333333333,15,3,Monday,False,2026-03,While My Guitar Gently Weeps The Beatles,0.0205,0.453,0.654,0.00395,0.172,-8.855,0.0317,115.0,0.702
2300,2026-03-23 15:26:00,Bob Bingham,"This Jesus Must Die - From ""Jesus Christ Superstar"" Soundtrack",226627,0.06295194444444445,3.7771166666666667,15,3,Monday,False,2026-03,"This Jesus Must Die - From ""Jesus Christ Superstar"" Soundtrack Bob Bingham",0.628,0.439,0.48,0.0,0.102,-11.877,0.139,138.115,0.455
2301,2026-03-23 15:27:00,Royal Philharmonic Orchestra,"On Her Majesty's Secret Service - From ""On Her Majesty's Secret Service""",96728,0.02686888888888889,1.6121333333333334,15,3,Monday,False,2026-03,"On Her Majesty's Secret Service - From ""On Her Majesty's Secret Service"" Royal Philharmonic Orchestra",,,,,,,,,
2302,2026-03-23 15:30:00,Paul Engemann,Scarface (Push It To The Limit),178480,0.049577777777777776,2.974666666666667,15,3,Monday,False,2026-03,Scarface (Push It To The Limit) Paul Engemann,0.0299,0.571,0.609,2.89e-06,0.66,-10.691,0.0324,156.203,0.27
2303,2026-03-23 15:34:00,Low Roar,Waiting (10 Years),246227,0.0683963888888889,4.103783333333333,15,3,Monday,False,2026-03,Waiting (10 Years) Low Roar,0.641,0.587,0.489,0.254,0.115,-12.757,0.0922,155.039,0.228
2304,2026-03-23 15:40:00,R.E.M.,Everybody Hurts,320267,0.08896305555555556,5.337783333333333,15,3,Monday,False,2026-03,Everybody Hurts R.E.M.,0.615,0.467,0.324,0.0248,0.118,-10.451,0.0255,94.301,0.166
2305,2026-03-23 15:43:00,Adam Pascal,I Should Tell You,172080,0.0478,2.868,15,3,Monday,False,2026-03,I Should Tell You Adam Pascal,0.458,0.315,0.362,0.0,0.0922,-7.889,0.0271,98.657,0.171
2306,2026-03-23 15:46:00,Yvonne Elliman,"Everything's Alright - From ""Jesus Christ Superstar"" Soundtrack",214973,0.059714722222222225,3.582883333333333,15,3,Monday,False,2026-03,"Everything's Alright - From ""Jesus Christ Superstar"" Soundtrack Yvonne Elliman",0.455,0.413,0.433,0.0,0.112,-10.627,0.0371,135.277,0.498
2307,2026-03-23 15:46:00,The Beatles,Help! - Remastered 2009,9859,0.002738611111111111,0.16431666666666667,15,3,Monday,True,2026-03,Help! - Remastered 2009 The Beatles,0.188,0.534,0.725,0.0,0.0994,-7.576,0.0333,94.963,0.767
2308,2026-03-23 15:50:00,Sharon Isbin,Boston Common,1413,0.0003925,0.02355,15,3,Monday,True,2026-03,Boston Common Sharon Isbin,0.983,0.487,0.0418,0.912,0.1,-20.39,0.0431,120.15,0.0773
2309,2026-03-23 15:50:00,Nirvana,Negative Creep,20929,0.005813611111111111,0.34881666666666666,15,3,Monday,True,2026-03,Negative Creep Nirvana,7.97e-06,0.37,0.947,0.000175,0.0762,-7.213,0.0901,81.744,0.418
2310,2026-03-23 15:50:00,The Doors,The End,2662,0.0007394444444444445,0.044366666666666665,15,3,Monday,True,2026-03,The End The Doors,0.285,0.351,0.228,0.00116,0.123,-17.271,0.0307,104.551,0.0329
2311,2026-03-23 15:50:00,Gabriella Quevedo,Californication,386,0.00010722222222222222,0.0064333333333333334,15,3,Monday,True,2026-03,Californication Gabriella Quevedo,0.771,0.474,0.329,0.943,0.123,-12.285,0.0362,93.403,0.122
2312,2026-03-23 15:50:00,Metallica,Enter Sandman - Live,1023,0.00028416666666666667,0.01705,15,3,Monday,True,2026-03,Enter Sandman - Live Metallica,0.00029,0.223,0.953,0.525,0.611,-6.617,0.115,133.322,0.0469
2313,2026-03-23 15:50:00,Els Pets,Tantes Coses a Fer,203240,0.05645555555555556,3.3873333333333333,15,3,Monday,False,2026-03,Tantes Coses a Fer Els Pets,0.0239,0.609,0.918,1.51e-05,0.204,-3.923,0.0282,150.066,0.932
2314,2026-03-23 15:50:00,Idina Menzel,Take Me or Leave Me,1003,0.0002786111111111111,0.016716666666666668,15,3,Monday,True,2026-03,Take Me or Leave Me Idina Menzel,0.318,0.457,0.763,0.0,0.0322,-3.459,0.255,175.043,0.87
2315,2026-03-23 15:51:00,Gabriella Quevedo,Californication,0,0.0,0.0,15,3,Monday,True,2026-03,Californication Gabriella Quevedo,0.771,0.474,0.329,0.943,0.123,-12.285,0.0362,93.403,0.122
2316,2026-03-23 15:51:00,Els Amics De Les Arts,Apunto Shakespeare - des de casa,9102,0.0025283333333333334,0.1517,15,3,Monday,True,2026-03,Apunto Shakespeare - des de casa Els Amics De Les Arts,0.692,0.471,0.331,0.0,0.103,-10.898,0.0339,167.728,0.324
2317,2026-03-23 15:56:00,Els Amics De Les Arts,Apunto Shakespeare - des de casa,287994,0.07999833333333334,4.7999,15,3,Monday,False,2026-03,Apunto Shakespeare - des de casa Els Amics De Les Arts,0.692,0.471,0.331,0.0,0.103,-10.898,0.0339,167.728,0.324
2318,2026-03-23 16:56:00,Metallica,Mama Said - Remastered,61374,0.017048333333333332,1.0229,16,3,Monday,False,2026-03,Mama Said - Remastered Metallica,,,,,,,,,
2319,2026-03-23 17:01:00,Metallica,Mama Said - Remastered,259241,0.07201138888888889,4.320683333333333,17,3,Monday,False,2026-03,Mama Said - Remastered Metallica,,,,,,,,,
2320,2026-03-23 17:04:00,Barry Dennen,"Pilate And Christ - From ""Jesus Christ Superstar"" Soundtrack",178893,0.0496925,2.98155,17,3,Monday,False,2026-03,"Pilate And Christ - From ""Jesus Christ Superstar"" Soundtrack Barry Dennen",0.826,0.374,0.273,0.0,0.0837,-14.423,0.143,77.193,0.159
2321,2026-03-23 17:06:00,Nicholas Britell,Power - Instrumental,60196,0.01672111111111111,1.0032666666666668,17,3,Monday,False,2026-03,Power - Instrumental Nicholas Britell,0.00715,0.582,0.499,0.901,0.108,-8.878,0.0529,140.121,0.319
2322,2026-03-23 17:06:00,Electric Light Orchestra,Mr. Blue Sky,0,0.0,0.0,17,3,Monday,True,2026-03,Mr. Blue Sky Electric Light Orchestra,0.652,0.388,0.338,3.73e-06,0.248,-10.054,0.0329,177.765,0.478
2323,2026-03-23 17:06:00,Els Amics De Les Arts,Museu D'Història Natural - En Directe Al Festival De Cap Roig / 2015,9189,0.0025525,0.15315,17,3,Monday,True,2026-03,Museu D'Història Natural - En Directe Al Festival De Cap Roig / 2015 Els Amics De Les Arts,0.105,0.462,0.551,5.73e-06,0.962,-8.849,0.0263,90.879,0.317
2324,2026-03-23 17:06:00,Nirvana,Serve The Servants,12051,0.0033475,0.20085,17,3,Monday,True,2026-03,Serve The Servants Nirvana,1.13e-05,0.435,0.895,0.0318,0.19,-8.7,0.0421,119.659,0.668
2325,2026-03-23 17:24:00,Yusuf / Cat Stevens,Father And Son,55850,0.01551388888888889,0.9308333333333333,17,3,Monday,False,2026-03,Father And Son Yusuf / Cat Stevens,0.541,0.495,0.326,8.85e-05,0.0996,-12.29,0.0365,136.243,0.371
2326,2026-03-24 06:00:00,Low Roar,Nobody Else,26363,0.007323055555555556,0.43938333333333335,6,3,Tuesday,True,2026-03,Nobody Else Low Roar,0.198,0.345,0.33,0.881,0.0943,-13.089,0.0367,159.492,0.078
2327,2026-03-24 06:15:00,Els Amics De Les Arts,El Código Da Vinci,35369,0.009824722222222223,0.5894833333333334,6,3,Tuesday,False,2026-03,El Código Da Vinci Els Amics De Les Arts,0.195,0.558,0.545,1.37e-05,0.152,-9.925,0.0825,83.297,0.693
2328,2026-03-24 06:20:00,Scott Bradlee's Postmodern Jukebox,Smooth Criminal,22023,0.0061175,0.36705,6,3,Tuesday,True,2026-03,Smooth Criminal Scott Bradlee's Postmodern Jukebox,0.44,0.578,0.49,4.38e-05,0.228,-9.729,0.0933,138.427,0.5
2329,2026-03-24 06:25:00,Rosario Dawson,La Vie Boheme B,6224,0.001728888888888889,0.10373333333333333,6,3,Tuesday,True,2026-03,La Vie Boheme B Rosario Dawson,0.257,0.555,0.959,0.0,0.583,-3.558,0.0632,146.948,0.704
2330,2026-03-24 06:30:00,Els Amics De Les Arts,Als Abismes,21051,0.0058475,0.35085,6,3,Tuesday,True,2026-03,Als Abismes Els Amics De Les Arts,0.0637,0.595,0.758,0.0145,0.0538,-7.237,0.0698,180.002,0.556
2331,2026-03-24 06:35:00,Sergy el Som,"A Narnia Lullaby (From ""The Chronicles of Narnia"") - Piano Version",6115,0.001698611111111111,0.10191666666666667,6,3,Tuesday,True,2026-03,"A Narnia Lullaby (From ""The Chronicles of Narnia"") - Piano Version Sergy el Som",0.984,0.254,0.0164,0.929,0.0783,-28.76,0.0412,69.367,0.0681
2332,2026-03-24 06:40:00,Els Amics De Les Arts,M'He Aficionat Al Ball,11886,0.0033016666666666667,0.1981,6,3,Tuesday,True,2026-03,M'He Aficionat Al Ball Els Amics De Les Arts,0.736,0.648,0.334,0.0,0.13,-10.476,0.0423,128.092,0.666
2333,2026-03-24 06:45:00,Scott Bradlee's Postmodern Jukebox,Mr. Blue Sky,1440,0.0004,0.024,6,3,Tuesday,True,2026-03,Mr. Blue Sky Scott Bradlee's Postmodern Jukebox,0.867,0.399,0.287,0.0,0.111,-8.772,0.03,102.024,0.164
2334,2026-03-24 06:46:00,Sergi Pérez,Volveran las Oscuras Golondrinas,65378,0.018160555555555555,1.0896333333333332,6,3,Tuesday,False,2026-03,Volveran las Oscuras Golondrinas Sergi Pérez,,,,,,,,,
2335,2026-03-24 07:02:00,Nicholas Britell,Scherzo in F Minor - Strings,8185,0.0022736111111111112,0.13641666666666666,7,3,Tuesday,True,2026-03,Scherzo in F Minor - Strings Nicholas Britell,0.757,0.572,0.372,0.903,0.0999,-11.727,0.0397,145.558,0.914
2336,2026-03-24 07:04:00,Nicholas Britell,Scherzo in F Minor - Strings,36989,0.010274722222222222,0.6164833333333334,7,3,Tuesday,False,2026-03,Scherzo in F Minor - Strings Nicholas Britell,0.757,0.572,0.372,0.903,0.0999,-11.727,0.0397,145.558,0.914
2337,2026-03-24 07:05:00,Els Amics De Les Arts,No Vam Saber Tornar,68370,0.018991666666666667,1.1395,7,3,Tuesday,False,2026-03,No Vam Saber Tornar Els Amics De Les Arts,0.00833,0.574,0.881,0.00362,0.0838,-5.463,0.0356,132.02,0.423
2338,2026-03-24 07:21:00,Els Amics De Les Arts,No Vam Saber Tornar,232462,0.06457277777777778,3.8743666666666665,7,3,Tuesday,False,2026-03,No Vam Saber Tornar Els Amics De Les Arts,0.00833,0.574,0.881,0.00362,0.0838,-5.463,0.0356,132.02,0.423
2339,2026-03-24 07:26:00,Secret Machines,Blue Jay Way,282000,0.07833333333333334,4.7,7,3,Tuesday,False,2026-03,Blue Jay Way Secret Machines,0.035,0.27,0.612,0.0341,0.0946,-8.418,0.0367,93.028,0.0413
2340,2026-03-24 07:29:00,Childish Gambino,Lithonia,179320,0.04981111111111111,2.9886666666666666,7,3,Tuesday,False,2026-03,Lithonia Childish Gambino,0.0948,0.415,0.383,0.0,0.118,-7.629,0.0287,140.102,0.172
2341,2026-03-24 07:31:00,Els Amics De Les Arts,No Vam Saber Tornar,6120,0.0017,0.102,7,3,Tuesday,True,2026-03,No Vam Saber Tornar Els Amics De Les Arts,0.00833,0.574,0.881,0.00362,0.0838,-5.463,0.0356,132.02,0.423
2342,2026-03-24 07:32:00,Els Amics De Les Arts,Casa En Venda - des de casa,202562,0.056267222222222225,3.3760333333333334,7,3,Tuesday,False,2026-03,Casa En Venda - des de casa Els Amics De Les Arts,0.911,0.656,0.191,0.00316,0.101,-16.863,0.0339,135.242,0.284
2343,2026-03-24 07:36:00,Antònia Font,Oh la la,208600,0.057944444444444444,3.4766666666666666,7,3,Tuesday,False,2026-03,Oh la la Antònia Font,0.32,0.651,0.448,5.57e-06,0.11,-11.951,0.0281,134.989,0.788
2344,2026-03-24 07:40:00,Els Amics De Les Arts,La Llum Que No Se'n Va,274400,0.07622222222222222,4.573333333333333,7,3,Tuesday,False,2026-03,La Llum Que No Se'n Va Els Amics De Les Arts,0.812,0.334,0.288,0.000951,0.143,-9.531,0.0318,146.812,0.197
2345,2026-03-24 07:45:00,Anna Roig,Com pot ser?,267280,0.07424444444444445,4.454666666666666,7,3,Tuesday,False,2026-03,Com pot ser? Anna Roig,0.193,0.65,0.31,0.0333,0.0987,-13.884,0.0487,128.024,0.422
2346,2026-03-24 07:47:00,One Piano,Castle on a Cloud,123214,0.03422611111111111,2.0535666666666668,7,3,Tuesday,False,2026-03,Castle on a Cloud One Piano,0.934,0.666,0.254,0.93,0.0945,-16.489,0.0511,111.819,0.265
2347,2026-03-24 07:49:00,Howard Shore,Cops or Criminals (feat. G.E. Smith & Larry Saltzman),121293,0.0336925,2.02155,7,3,Tuesday,False,2026-03,Cops or Criminals (feat. G.E. Smith & Larry Saltzman) Howard Shore,0.633,0.825,0.543,0.886,0.102,-11.902,0.0352,120.087,0.598
2348,2026-03-24 08:00:00,Low Roar,Not Around,1773,0.0004925,0.02955,8,3,Tuesday,True,2026-03,Not Around Low Roar,0.674,0.378,0.242,0.537,0.0864,-16.962,0.0317,158.085,0.0744
2349,2026-03-24 08:00:00,Bono,"Lucy In The Sky With Diamonds - From ""Across The Universe"" Soundtrack",61743,0.017150833333333334,1.02905,8,3,Tuesday,False,2026-03,"Lucy In The Sky With Diamonds - From ""Across The Universe"" Soundtrack Bono",0.128,0.3,0.658,0.00021,0.074,-6.789,0.0564,92.816,0.349
2350,2026-03-24 08:00:00,One Piano,Out Tonight,2083,0.0005786111111111111,0.034716666666666667,8,3,Tuesday,True,2026-03,Out Tonight One Piano,0.833,0.54,0.236,0.91,0.0973,-18.459,0.0554,137.044,0.327
2351,2026-03-24 08:05:00,Edie Brickell & New Bohemians,What I Am,296360,0.08232222222222223,4.939333333333333,8,3,Tuesday,False,2026-03,What I Am Edie Brickell & New Bohemians,0.624,0.619,0.677,6.46e-05,0.0589,-11.728,0.0746,177.873,0.571
2352,2026-03-24 08:08:00,Wilson Jermaine Heredia,I'll Cover You,149773,0.04160361111111111,2.4962166666666668,8,3,Tuesday,False,2026-03,I'll Cover You Wilson Jermaine Heredia,0.243,0.619,0.876,0.0,0.0752,-3.347,0.0438,111.847,0.778
2353,2026-03-24 08:12:00,Els Amics De Les Arts,Semblava Que Fossis Tu,264426,0.07345166666666667,4.4071,8,3,Tuesday,False,2026-03,Semblava Que Fossis Tu Els Amics De Les Arts,0.162,0.708,0.738,2e-05,0.145,-4.783,0.0384,125.041,0.43
2354,2026-03-24 08:16:00,Nirvana,I Hate Myself And Want To Die - 2013 Mix,9550,0.0026527777777777778,0.15916666666666668,8,3,Tuesday,True,2026-03,I Hate Myself And Want To Die - 2013 Mix Nirvana,0.115,0.456,0.818,0.0,0.0995,-11.286,0.0589,115.556,0.257
2355,2026-03-24 08:16:00,Els Amics De Les Arts,L'Home Que Dobla En Bruce Willis,243413,0.06761472222222223,4.056883333333333,8,3,Tuesday,False,2026-03,L'Home Que Dobla En Bruce Willis Els Amics De Les Arts,0.7,0.491,0.518,0.0,0.211,-9.309,0.0692,183.997,0.566
2356,2026-03-24 08:16:00,Brian Crain,A Simple Life,1593,0.0004425,0.02655,8,3,Tuesday,True,2026-03,A Simple Life Brian Crain,0.975,0.365,0.176,0.884,0.188,-15.878,0.0352,113.955,0.114
2357,2026-03-24 08:19:00,Royal Philharmonic Orchestra,"The World Is Not Enough - From ""The World Is Not Enough""",178640,0.04962222222222222,2.977333333333333,8,3,Tuesday,False,2026-03,"The World Is Not Enough - From ""The World Is Not Enough"" Royal Philharmonic Orchestra",,,,,,,,,
2358,2026-03-24 08:23:00,Patrik Pietschmann,Davy Jones (From Pirates of the Caribbean 2) - Piano Version,186576,0.05182666666666667,3.1096,8,3,Tuesday,False,2026-03,Davy Jones (From Pirates of the Caribbean 2) - Piano Version Patrik Pietschmann,0.958,0.684,0.124,0.83,0.0973,-20.211,0.0503,114.955,0.357
2359,2026-03-24 08:25:00,Jesse Martin,More I Cannot Wish You,158160,0.04393333333333333,2.636,8,3,Tuesday,False,2026-03,More I Cannot Wish You Jesse Martin,0.872,0.475,0.255,2.76e-05,0.111,-10.299,0.0399,86.113,0.388
2360,2026-03-24 08:28:00,Colin Firth,Our Last Summer - From 'Mamma Mia!' Original Motion Picture Soundtrack,177627,0.049340833333333334,2.96045,8,3,Tuesday,False,2026-03,Our Last Summer - From 'Mamma Mia!' Original Motion Picture Soundtrack Colin Firth,0.246,0.635,0.459,0.0,0.259,-7.343,0.0244,96.056,0.433
2361,2026-03-24 08:33:00,Els Amics De Les Arts,Medley & Breakfast - En Directe Al Festival De Cap Roig / 2015,304347,0.08454083333333333,5.07245,8,3,Tuesday,False,2026-03,Medley & Breakfast - En Directe Al Festival De Cap Roig / 2015 Els Amics De Les Arts,0.0786,0.33,0.629,0.0,0.716,-8.329,0.0342,101.166,0.437
2362,2026-03-24 08:39:00,Luis Eduardo Aute,Quinta del Sordo,357013,0.09917027777777777,5.950216666666667,8,3,Tuesday,False,2026-03,Quinta del Sordo Luis Eduardo Aute,0.194,0.598,0.632,0.00142,0.125,-7.727,0.0527,139.944,0.259
2363,2026-03-24 08:51:00,The Doors,The End,703373,0.1953813888888889,11.722883333333334,8,3,Tuesday,False,2026-03,The End The Doors,0.285,0.351,0.228,0.00116,0.123,-17.271,0.0307,104.551,0.0329
2364,2026-03-24 08:53:00,Nicholas Britell,Bell Atmospheres,102666,0.028518333333333333,1.7111,8,3,Tuesday,False,2026-03,Bell Atmospheres Nicholas Britell,0.675,0.218,0.0195,0.899,0.104,-30.762,0.0408,74.451,0.0375
2365,2026-03-24 08:57:00,Piano Tribute Players,One Day More - Instrumental,239875,0.06663194444444444,3.997916666666667,8,3,Tuesday,False,2026-03,One Day More - Instrumental Piano Tribute Players,0.988,0.532,0.381,0.893,0.116,-16.122,0.0344,139.962,0.193
2366,2026-03-24 09:01:00,Els Amics De Les Arts,El Matrimoni Arnolfini,261920,0.07275555555555556,4.365333333333333,9,3,Tuesday,False,2026-03,El Matrimoni Arnolfini Els Amics De Les Arts,0.117,0.601,0.859,3.09e-06,0.0777,-6.694,0.0784,107.809,0.766
2367,2026-03-24 09:05:00,John Williams,Han Solo and the Princess,207427,0.057618611111111113,3.457116666666667,9,3,Tuesday,False,2026-03,Han Solo and the Princess John Williams,,,,,,,,,
2368,2026-03-24 09:07:00,Nicholas Britell,L to the OG (feat. Kendall Roy),155067,0.04307416666666666,2.58445,9,3,Tuesday,False,2026-03,L to the OG (feat. Kendall Roy) Nicholas Britell,0.0109,0.608,0.737,0.0,0.189,-5.758,0.153,96.113,0.248
2369,2026-03-24 09:10:00,Amanda Seyfried,"Honey, Honey - From 'Mamma Mia!' Original Motion Picture Soundtrack",187360,0.05204444444444444,3.1226666666666665,9,3,Tuesday,False,2026-03,"Honey, Honey - From 'Mamma Mia!' Original Motion Picture Soundtrack Amanda Seyfried",0.0417,0.506,0.895,5.47e-06,0.252,-4.069,0.0363,140.044,0.806
2370,2026-03-24 09:15:00,Els Amics De Les Arts,Jean-Luc,259520,0.07208888888888888,4.325333333333333,9,3,Tuesday,False,2026-03,Jean-Luc Els Amics De Les Arts,0.761,0.757,0.601,2.63e-06,0.0818,-9.45,0.0653,123.997,0.916
2371,2026-03-24 09:20:00,Ted Neeley,"Gethsemane (I Only Wanted To Say) - From ""Jesus Christ Superstar"" Soundtrack",341333,0.09481472222222222,5.688883333333333,9,3,Tuesday,False,2026-03,"Gethsemane (I Only Wanted To Say) - From ""Jesus Christ Superstar"" Soundtrack Ted Neeley",0.385,0.412,0.472,0.000685,0.125,-10.156,0.0477,137.26,0.311
2372,2026-03-24 09:26:00,Mister Bond,A View To A Kill,310120,0.08614444444444444,5.168666666666667,9,3,Tuesday,False,2026-03,A View To A Kill Mister Bond,0.397,0.659,0.661,0.0011,0.252,-8.268,0.029,149.957,0.607
2373,2026-03-24 16:28:00,Nirvana,I Hate Myself And Want To Die - 2013 Mix,0,0.0,0.0,16,3,Tuesday,True,2026-03,I Hate Myself And Want To Die - 2013 Mix Nirvana,0.115,0.456,0.818,0.0,0.0995,-11.286,0.0589,115.556,0.257
2374,2026-03-24 16:28:00,Royal Philharmonic Orchestra,"The World Is Not Enough - From ""The World Is Not Enough""",368,0.00010222222222222222,0.0061333333333333335,16,3,Tuesday,True,2026-03,"The World Is Not Enough - From ""The World Is Not Enough"" Royal Philharmonic Orchestra",,,,,,,,,
2375,2026-03-24 16:28:00,Els Amics De Les Arts,L'Home Que Dobla En Bruce Willis,1124,0.0003122222222222222,0.018733333333333334,16,3,Tuesday,True,2026-03,L'Home Que Dobla En Bruce Willis Els Amics De Les Arts,0.7,0.491,0.518,0.0,0.211,-9.309,0.0692,183.997,0.566
2376,2026-03-24 16:28:00,Brian Crain,A Simple Life,0,0.0,0.0,16,3,Tuesday,True,2026-03,A Simple Life Brian Crain,0.975,0.365,0.176,0.884,0.188,-15.878,0.0352,113.955,0.114
2377,2026-03-24 16:31:00,Patrik Pietschmann,Davy Jones (From Pirates of the Caribbean 2) - Piano Version,186576,0.05182666666666667,3.1096,16,3,Tuesday,False,2026-03,Davy Jones (From Pirates of the Caribbean 2) - Piano Version Patrik Pietschmann,0.958,0.684,0.124,0.83,0.0973,-20.211,0.0503,114.955,0.357
2378,2026-03-24 16:34:00,Jesse Martin,More I Cannot Wish You,158160,0.04393333333333333,2.636,16,3,Tuesday,False,2026-03,More I Cannot Wish You Jesse Martin,0.872,0.475,0.255,2.76e-05,0.111,-10.299,0.0399,86.113,0.388
2379,2026-03-24 16:36:00,Colin Firth,Our Last Summer - From 'Mamma Mia!' Original Motion Picture Soundtrack,177627,0.049340833333333334,2.96045,16,3,Tuesday,False,2026-03,Our Last Summer - From 'Mamma Mia!' Original Motion Picture Soundtrack Colin Firth,0.246,0.635,0.459,0.0,0.259,-7.343,0.0244,96.056,0.433
2380,2026-03-24 16:42:00,Els Amics De Les Arts,Medley & Breakfast - En Directe Al Festival De Cap Roig / 2015,304347,0.08454083333333333,5.07245,16,3,Tuesday,False,2026-03,Medley & Breakfast - En Directe Al Festival De Cap Roig / 2015 Els Amics De Les Arts,0.0786,0.33,0.629,0.0,0.716,-8.329,0.0342,101.166,0.437
2381,2026-03-24 16:48:00,Luis Eduardo Aute,Quinta del Sordo,357013,0.09917027777777777,5.950216666666667,16,3,Tuesday,False,2026-03,Quinta del Sordo Luis Eduardo Aute,0.194,0.598,0.632,0.00142,0.125,-7.727,0.0527,139.944,0.259
2382,2026-03-24 17:04:00,The Doors,The End,138817,0.03856027777777778,2.313616666666667,17,3,Tuesday,False,2026-03,The End The Doors,0.285,0.351,0.228,0.00116,0.123,-17.271,0.0307,104.551,0.0329
2383,2026-03-25 05:55:00,Scott Bradlee's Postmodern Jukebox,Mr. Blue Sky,16558,0.004599444444444444,0.2759666666666667,5,3,Wednesday,True,2026-03,Mr. Blue Sky Scott Bradlee's Postmodern Jukebox,0.867,0.399,0.287,0.0,0.111,-8.772,0.03,102.024,0.164
2384,2026-03-25 06:00:00,Eddie Redmayne,Little Fall Of Rain,17298,0.004805,0.2883,6,3,Wednesday,True,2026-03,Little Fall Of Rain Eddie Redmayne,0.942,0.412,0.0154,0.0,0.0975,-28.054,0.0871,86.056,0.144
2385,2026-03-25 06:05:00,Phillipa Soo,Best of Wives and Best of Women,10850,0.003013888888888889,0.18083333333333335,6,3,Wednesday,True,2026-03,Best of Wives and Best of Women Phillipa Soo,0.751,0.647,0.115,0.0,0.0858,-16.826,0.0544,131.508,0.597
2386,2026-03-25 06:10:00,Hugh Jackman,"Who Am I? - From ""Les Miserables''",11853,0.0032925,0.19755,6,3,Wednesday,True,2026-03,"Who Am I? - From ""Les Miserables'' Hugh Jackman",0.81,0.374,0.303,0.0,0.192,-13.184,0.0848,77.537,0.182
2387,2026-03-25 06:15:00,Els Amics De Les Arts,Déja-Vu,7768,0.002157777777777778,0.12946666666666667,6,3,Wednesday,True,2026-03,Déja-Vu Els Amics De Les Arts,0.74,0.583,0.503,0.0,0.309,-11.532,0.133,174.978,0.273
2388,2026-03-25 06:20:00,Amanda Seyfried,Gimme! Gimme! Gimme! (A Man After Midnight) - From 'Mamma Mia!' Original Motion Picture Soundtrack,21195,0.0058875,0.35325,6,3,Wednesday,True,2026-03,Gimme! Gimme! Gimme! (A Man After Midnight) - From 'Mamma Mia!' Original Motion Picture Soundtrack Amanda Seyfried,0.021,0.628,0.836,0.000513,0.416,-4.776,0.0301,120.045,0.571
2389,2026-03-25 06:25:00,Els Amics De Les Arts,La taula petita,8090,0.002247222222222222,0.13483333333333333,6,3,Wednesday,True,2026-03,La taula petita Els Amics De Les Arts,0.826,0.303,0.217,0.000582,0.0939,-16.737,0.0335,75.145,0.168
2390,2026-03-25 06:30:00,William Ross,I Will Do What I Must,18176,0.005048888888888889,0.30293333333333333,6,3,Wednesday,True,2026-03,I Will Do What I Must William Ross,0.238,0.103,0.604,0.98,0.103,-12.787,0.0498,77.379,0.0467
2391,2026-03-25 06:35:00,Murray Gold,The Shepherd's Boy,3073,0.0008536111111111111,0.05121666666666667,6,3,Wednesday,True,2026-03,The Shepherd's Boy Murray Gold,,,,,,,,,
2392,2026-03-25 06:40:00,Rufus Wainwright,Hallelujah,1172,0.00032555555555555555,0.019533333333333333,6,3,Wednesday,True,2026-03,Hallelujah Rufus Wainwright,0.88,0.367,0.156,0.0,0.0972,-10.052,0.0314,73.138,0.44
2393,2026-03-25 08:05:00,Claudia Pizá,Hakuna Matata,2164,0.0006011111111111111,0.036066666666666664,8,3,Wednesday,True,2026-03,Hakuna Matata Claudia Pizá,0.546,0.498,0.483,0.0,0.353,-12.14,0.181,83.241,0.63
2394,2026-03-25 08:05:00,Menaix a Truà,Tal Vegada,280195,0.07783194444444444,4.6699166666666665,8,3,Wednesday,False,2026-03,Tal Vegada Menaix a Truà,0.414,0.527,0.529,2.82e-05,0.281,-6.937,0.0371,182.228,0.511
2395,2026-03-25 08:10:00,Hans Zimmer,Drink Up Me Hearties Yo Ho,271880,0.07552222222222223,4.531333333333333,8,3,Wednesday,False,2026-03,Drink Up Me Hearties Yo Ho Hans Zimmer,0.319,0.145,0.452,0.92,0.0753,-13.56,0.0448,82.297,0.146
2396,2026-03-25 08:13:00,Nathan Lane,"Hakuna Matata - From ""The Lion King"" Soundtrack",212627,0.059063055555555556,3.5437833333333333,8,3,Wednesday,False,2026-03,"Hakuna Matata - From ""The Lion King"" Soundtrack Nathan Lane",,,,,,,,,
2397,2026-03-25 08:15:00,Josh Gad,When I Am Older,111452,0.03095888888888889,1.8575333333333333,8,3,Wednesday,False,2026-03,When I Am Older Josh Gad,0.708,0.754,0.326,0.0,0.103,-7.001,0.243,117.004,0.435
2398,2026-03-25 08:19:00,Carolina Gaitán - La Gaita,We Don't Talk About Bruno,216120,0.060033333333333334,3.602,8,3,Wednesday,False,2026-03,We Don't Talk About Bruno Carolina Gaitán - La Gaita,0.357,0.577,0.45,0.0,0.111,-8.516,0.0834,205.863,0.83
2399,2026-03-25 08:22:00,Robin Williams,Prince Ali,171760,0.047711111111111114,2.8626666666666667,8,3,Wednesday,False,2026-03,Prince Ali Robin Williams,0.687,0.522,0.439,0.0,0.167,-13.67,0.0545,106.084,0.609
2400,2026-03-25 08:23:00,Xavier Rivera,Príncipe Ali (Repetición),71720,0.019922222222222223,1.1953333333333334,8,3,Wednesday,False,2026-03,Príncipe Ali (Repetición) Xavier Rivera,0.834,0.601,0.464,0.0,0.671,-11.519,0.063,57.626,0.718
2401,2026-03-25 08:27:00,Cast Of Disneyland Resort Paris,It's A Small World (Disneyland Paris version),268253,0.07451472222222222,4.470883333333333,8,3,Wednesday,False,2026-03,It's A Small World (Disneyland Paris version) Cast Of Disneyland Resort Paris,0.704,0.469,0.51,1.58e-06,0.359,-7.228,0.0307,120.079,0.676
2402,2026-03-25 08:30:00,Hans Zimmer,Up Is Down,162200,0.04505555555555556,2.703333333333333,8,3,Wednesday,False,2026-03,Up Is Down Hans Zimmer,0.266,0.46,0.423,0.909,0.107,-14.704,0.0528,129.906,0.121
2403,2026-03-25 08:31:00,Auli'i Cravalho,Beyond,47680,0.013244444444444444,0.7946666666666666,8,3,Wednesday,False,2026-03,Beyond Auli'i Cravalho,0.811,0.409,0.469,0.0,0.0507,-7.988,0.0549,149.956,0.252
2404,2026-03-25 08:31:00,Phil Collins,Dos Mundos,1193,0.0003313888888888889,0.019883333333333333,8,3,Wednesday,True,2026-03,Dos Mundos Phil Collins,0.203,0.674,0.648,0.00935,0.0371,-11.203,0.058,109.886,0.412
2405,2026-03-25 08:31:00,Bely Basarte,Bella,1277,0.0003547222222222222,0.021283333333333335,8,3,Wednesday,True,2026-03,Bella Bely Basarte,,,,,,,,,
2406,2026-03-25 08:34:00,Gema Castaño,Colores en el Viento,214467,0.059574166666666664,3.57445,8,3,Wednesday,False,2026-03,Colores en el Viento Gema Castaño,,,,,,,,,
2407,2026-03-25 08:41:00,Michael Giacchino,Spider-Man: Homecoming Suite,372986,0.10360722222222223,6.216433333333334,8,3,Wednesday,False,2026-03,Spider-Man: Homecoming Suite Michael Giacchino,0.631,0.202,0.274,0.697,0.147,-14.193,0.042,145.207,0.0565
2408,2026-03-25 08:43:00,Chorus - Hercules,Zero To Hero,140573,0.03904805555555556,2.3428833333333334,8,3,Wednesday,False,2026-03,Zero To Hero Chorus - Hercules,0.467,0.475,0.835,0.0,0.377,-7.734,0.277,164.789,0.712
2409,2026-03-25 08:46:00,Jartisto,Bundle of Joy,174328,0.048424444444444444,2.905466666666667,8,3,Wednesday,False,2026-03,Bundle of Joy Jartisto,0.98,0.461,0.0605,0.947,0.0929,-30.646,0.0926,126.556,0.195
2410,2026-03-25 08:50:00,John Williams,"New York, 1969",257160,0.07143333333333333,4.286,8,3,Wednesday,False,2026-03,"New York, 1969 John Williams",0.728,0.285,0.127,0.826,0.0866,-18.281,0.0364,118.21,0.112
2411,2026-03-25 08:51:00,Chorus - Peter Pan,"Volaras, Volaras, Volaras",1233,0.0003425,0.02055,8,3,Wednesday,True,2026-03,"Volaras, Volaras, Volaras Chorus - Peter Pan",0.978,0.493,0.293,0.0,0.169,-11.908,0.265,58.646,0.64
2412,2026-03-25 08:51:00,Anolita Domínguez,Es La Noche Del Amor,75330,0.020925,1.2555,8,3,Wednesday,False,2026-03,Es La Noche Del Amor Anolita Domínguez,0.73,0.394,0.289,0.0,0.778,-13.785,0.0426,78.034,0.517
2413,2026-03-25 08:51:00,Moisés Nieto,Véns a Fer un Ninot de Neu amb Mi? (From Frozen) [Versió en Català],1533,0.00042583333333333335,0.02555,8,3,Wednesday,True,2026-03,Véns a Fer un Ninot de Neu amb Mi? (From Frozen) [Versió en Català] Moisés Nieto,,,,,,,,,
2414,2026-03-25 08:54:00,Josema Yuste,Príncipe Ali,172773,0.0479925,2.87955,8,3,Wednesday,False,2026-03,Príncipe Ali Josema Yuste,0.732,0.524,0.486,0.0,0.17,-11.4,0.0921,104.283,0.668
2415,2026-03-25 08:56:00,Bruce Adler,Arabian Nights - Remastered 2022,79787,0.022163055555555554,1.3297833333333333,8,3,Wednesday,False,2026-03,Arabian Nights - Remastered 2022 Bruce Adler,0.723,0.485,0.198,0.0,0.208,-15.53,0.0421,128.648,0.56
2416,2026-03-25 08:59:00,AURORA,Into the Unknown,199960,0.055544444444444445,3.332666666666667,8,3,Wednesday,False,2026-03,Into the Unknown AURORA,0.849,0.321,0.405,0.000544,0.138,-8.533,0.0412,146.072,0.274
2417,2026-03-25 09:03:00,Tata Vega,Ciclo Sin Fin,238933,0.06637027777777778,3.9822166666666665,9,3,Wednesday,False,2026-03,Ciclo Sin Fin Tata Vega,0.125,0.441,0.421,0.0,0.326,-14.141,0.0368,83.906,0.541
2418,2026-03-25 09:06:00,The Mellomen,Painting the Roses Red / March of the Cards,168600,0.04683333333333333,2.81,9,3,Wednesday,False,2026-03,Painting the Roses Red / March of the Cards The Mellomen,0.921,0.672,0.416,0.00101,0.0975,-12.439,0.311,126.576,0.914
2419,2026-03-25 09:09:00,Ferran Gonzalez,Ese Es Mi Destino,194067,0.0539075,3.23445,9,3,Wednesday,False,2026-03,Ese Es Mi Destino Ferran Gonzalez,0.877,0.315,0.105,4.47e-05,0.137,-15.023,0.0322,89.468,0.21
2420,2026-03-25 09:11:00,Cast - Frozen,"Frozen Heart - From ""Frozen""/Soundtrack Version",105293,0.029248055555555555,1.7548833333333334,9,3,Wednesday,False,2026-03,"Frozen Heart - From ""Frozen""/Soundtrack Version Cast - Frozen",,,,,,,,,
2421,2026-03-25 09:14:00,Pablo Perea,Voy a Hacer Todo un Hombre de Tí,202520,0.05625555555555556,3.3753333333333333,9,3,Wednesday,False,2026-03,Voy a Hacer Todo un Hombre de Tí Pablo Perea,0.417,0.709,0.412,4.23e-06,0.0767,-12.406,0.0375,113.93,0.424
2422,2026-03-25 09:16:00,Benjamin Bratt,"Remember Me (Ernesto de la Cruz) - From ""Coco""/Soundtrack Version",109280,0.030355555555555556,1.8213333333333332,9,3,Wednesday,False,2026-03,"Remember Me (Ernesto de la Cruz) - From ""Coco""/Soundtrack Version Benjamin Bratt",0.514,0.506,0.562,0.000347,0.213,-6.663,0.0422,129.057,0.614
2423,2026-03-25 09:18:00,Chorus - Peter Pan,La Estrella Que Nos Vió Nacer (Tema Principal),138347,0.03842972222222222,2.3057833333333333,9,3,Wednesday,False,2026-03,La Estrella Que Nos Vió Nacer (Tema Principal) Chorus - Peter Pan,0.979,0.243,0.273,2.15e-05,0.284,-12.802,0.0318,99.309,0.226
2424,2026-03-25 09:20:00,Randy Newman,Buzz,100093,0.027803611111111112,1.6682166666666667,9,3,Wednesday,False,2026-03,Buzz Randy Newman,0.821,0.317,0.344,0.75,0.104,-11.243,0.0398,128.368,0.051
2425,2026-03-25 09:24:00,Disney Studio Chorus,Yo Ho (A Pirate's Life for Me),201640,0.05601111111111111,3.3606666666666665,9,3,Wednesday,False,2026-03,Yo Ho (A Pirate's Life for Me) Disney Studio Chorus,0.778,0.548,0.538,0.0,0.198,-11.349,0.51,112.505,0.692
2426,2026-03-25 09:27:00,Jodi Benson,Part of Your World,195493,0.05430361111111111,3.2582166666666668,9,3,Wednesday,False,2026-03,Part of Your World Jodi Benson,0.92,0.275,0.144,0.000423,0.29,-14.516,0.0481,61.557,0.302
2427,2026-03-25 09:30:00,Idina Menzel,Into the Unknown,194848,0.05412444444444445,3.2474666666666665,9,3,Wednesday,False,2026-03,Into the Unknown Idina Menzel,0.849,0.321,0.405,0.000544,0.138,-8.533,0.0412,146.072,0.274
2428,2026-03-25 09:35:00,AD Santos,Busca Lo Más Vital,282707,0.07852972222222222,4.711783333333333,9,3,Wednesday,False,2026-03,Busca Lo Más Vital AD Santos,0.756,0.6,0.475,0.0,0.63,-11.582,0.325,106.176,0.577
2429,2026-03-25 09:38:00,David García Llop,Un mundo ideal,175594,0.04877611111111111,2.9265666666666665,9,3,Wednesday,False,2026-03,Un mundo ideal David García Llop,0.782,0.353,0.382,0.0,0.163,-8.132,0.0363,122.088,0.108
2430,2026-03-25 09:43:00,Inés Moraleda,"Bella - de ""La Bella y La Bestia""/Banda Sonora Original",304440,0.08456666666666666,5.074,9,3,Wednesday,False,2026-03,"Bella - de ""La Bella y La Bestia""/Banda Sonora Original Inés Moraleda",0.822,0.55,0.281,0.0,0.373,-18.501,0.257,129.221,0.34
2431,2026-03-25 09:46:00,Manel,Aniversari,880,0.00024444444444444443,0.014666666666666666,9,3,Wednesday,True,2026-03,Aniversari Manel,0.856,0.409,0.473,6.38e-05,0.118,-9.471,0.0346,134.646,0.498
2432,2026-03-25 09:46:00,Pablo Palos,La Estrella Azul,194827,0.05411861111111111,3.247116666666667,9,3,Wednesday,False,2026-03,La Estrella Azul Pablo Palos,0.963,0.243,0.174,5.14e-05,0.353,-13.912,0.0421,75.712,0.0697
2433,2026-03-25 09:47:00,Golden Apple Quartet,El Rodeo de Woody,43880,0.01218888888888889,0.7313333333333333,9,3,Wednesday,False,2026-03,El Rodeo de Woody Golden Apple Quartet,0.585,0.502,0.536,0.0,0.0903,-9.638,0.151,205.172,0.608
2434,2026-03-25 09:50:00,Randy Newman,Buzz Lightyear Commercial,17260,0.004794444444444444,0.2876666666666667,9,3,Wednesday,True,2026-03,Buzz Lightyear Commercial Randy Newman,0.00384,0.207,0.57,0.883,0.115,-6.408,0.047,69.195,0.242
2435,2026-03-25 09:50:00,Anabel García,Silbando al trabajar,182600,0.050722222222222224,3.0433333333333334,9,3,Wednesday,False,2026-03,Silbando al trabajar Anabel García,0.68,0.646,0.489,0.0,0.235,-7.773,0.0755,107.629,0.717
2436,2026-03-25 09:56:00,Hans Zimmer,Jack Sparrow,365427,0.1015075,6.09045,9,3,Wednesday,False,2026-03,Jack Sparrow Hans Zimmer,0.759,0.335,0.323,0.824,0.0717,-14.71,0.0564,91.599,0.291
2437,2026-03-25 10:00:00,Michael Giacchino,Married Life,250573,0.06960361111111112,4.176216666666667,10,3,Wednesday,False,2026-03,Married Life Michael Giacchino,0.97,0.278,0.0675,0.732,0.0812,-20.946,0.04,82.626,0.112
2438,2026-03-25 10:23:00,Brad Kane,One Jump Ahead,142440,0.03956666666666667,2.374,10,3,Wednesday,False,2026-03,One Jump Ahead Brad Kane,0.425,0.564,0.326,0.0,0.742,-16.436,0.127,123.609,0.688
2439,2026-03-25 10:26:00,Tony Cruz,Hay Un Amigo En Mí,125387,0.03482972222222222,2.0897833333333335,10,3,Wednesday,False,2026-03,Hay Un Amigo En Mí Tony Cruz,0.848,0.675,0.447,0.0,0.12,-8.207,0.0294,115.177,0.512
2440,2026-03-25 10:29:00,Demi Lovato,"Let It Go - From ""Frozen / Single Version",224387,0.062329722222222224,3.7397833333333335,10,3,Wednesday,False,2026-03,"Let It Go - From ""Frozen / Single Version Demi Lovato",0.0269,0.503,0.657,0.0,0.265,-5.866,0.0359,139.918,0.246
2441,2026-03-25 14:29:00,Alan Silvestri,The Avengers,4300,0.0011944444444444444,0.07166666666666667,14,3,Wednesday,True,2026-03,The Avengers Alan Silvestri,0.606,0.25,0.553,0.673,0.145,-8.188,0.0429,118.985,0.226
2442,2026-03-25 15:57:00,Isabel Valls,La respuesta encontrarás,1414,0.00039277777777777775,0.023566666666666666,15,3,Wednesday,True,2026-03,La respuesta encontrarás Isabel Valls,0.931,0.297,0.204,2.07e-05,0.0821,-11.958,0.0365,70.354,0.193
2443,2026-03-25 15:57:00,Donna Murphy,"Prologue - From ""Tangled""/Score",833,0.0002313888888888889,0.013883333333333333,15,3,Wednesday,True,2026-03,"Prologue - From ""Tangled""/Score Donna Murphy",0.874,0.245,0.18,0.0254,0.242,-16.531,0.0317,85.58,0.171
2444,2026-03-25 15:57:00,Pablo Palos,Dame Un Silbidito,1263,0.0003508333333333333,0.02105,15,3,Wednesday,True,2026-03,Dame Un Silbidito Pablo Palos,0.88,0.594,0.384,6.35e-06,0.472,-12.724,0.243,111.087,0.883
2445,2026-03-25 15:57:00,Lea Salonga,A Whole New World,1353,0.0003758333333333333,0.02255,15,3,Wednesday,True,2026-03,A Whole New World Lea Salonga,0.846,0.285,0.227,2.11e-06,0.1,-15.793,0.0354,115.8,0.135
2446,2026-03-25 16:00:00,Cast - Frozen,Solo Tiene Que Mejorar un Poco (Canción de los Troles),182160,0.0506,3.036,16,3,Wednesday,False,2026-03,Solo Tiene Que Mejorar un Poco (Canción de los Troles) Cast - Frozen,,,,,,,,,
2447,2026-03-25 16:03:00,Childish Gambino,Lithonia,179320,0.04981111111111111,2.9886666666666666,16,3,Wednesday,False,2026-03,Lithonia Childish Gambino,0.0948,0.415,0.383,0.0,0.118,-7.629,0.0287,140.102,0.172
2448,2026-03-25 16:07:00,Celia Vergara,Madre sabe más,190467,0.0529075,3.17445,16,3,Wednesday,False,2026-03,Madre sabe más Celia Vergara,0.879,0.473,0.3,0.0,0.0294,-10.42,0.155,44.057,0.489
2449,2026-03-25 16:09:00,Coros - La Bella Durmiente,Eres Tú el Príncipe Azul,177680,0.049355555555555555,2.961333333333333,16,3,Wednesday,False,2026-03,Eres Tú el Príncipe Azul Coros - La Bella Durmiente,0.963,0.295,0.14,0.142,0.368,-15.341,0.0357,132.673,0.183
2450,2026-03-25 16:13:00,Marc Pociello,Hakuna Matata - Spanish-Castilian version,213053,0.05918138888888889,3.550883333333333,16,3,Wednesday,False,2026-03,Hakuna Matata - Spanish-Castilian version Marc Pociello,0.623,0.423,0.478,2.6e-06,0.133,-12.796,0.225,168.556,0.66
2451,2026-03-25 16:16:00,Erik Cruz,Perdido en el bosque,180600,0.050166666666666665,3.01,16,3,Wednesday,False,2026-03,Perdido en el bosque Erik Cruz,0.757,0.417,0.461,3.56e-06,0.121,-6.073,0.027,74.269,0.4
2452,2026-03-25 16:19:00,Enrique Sequeros,Mi sueño es,191400,0.05316666666666667,3.19,16,3,Wednesday,False,2026-03,Mi sueño es Enrique Sequeros,0.74,0.661,0.605,0.0,0.239,-7.697,0.2,133.758,0.726
2453,2026-03-25 16:25:00,Film Symphony Orchestra,Piratas del Caribe - El hombre del cofre muerto,340027,0.09445194444444445,5.667116666666667,16,3,Wednesday,False,2026-03,Piratas del Caribe - El hombre del cofre muerto Film Symphony Orchestra,0.491,0.246,0.508,0.0227,0.458,-9.588,0.0749,67.192,0.206
2454,2026-03-25 16:28:00,Yolanda de las Heras,Silbando al Trabajar,207627,0.057674166666666665,3.46045,16,3,Wednesday,False,2026-03,Silbando al Trabajar Yolanda de las Heras,0.907,0.749,0.284,0.144,0.0799,-13.005,0.035,102.199,0.784
2455,2026-03-25 16:30:00,Michael Giacchino,"Peter Parker Picked a Perilously Precarious Profession - from ""Spider-Man: No Way Home"" Soundtrack",91680,0.025466666666666665,1.528,16,3,Wednesday,False,2026-03,"Peter Parker Picked a Perilously Precarious Profession - from ""Spider-Man: No Way Home"" Soundtrack Michael Giacchino",0.729,0.291,0.0304,0.813,0.0735,-16.878,0.0322,60.185,0.0672
2456,2026-03-25 16:33:00,Miguel Morant,Un Mundo Ideal,161093,0.044748055555555555,2.6848833333333335,16,3,Wednesday,False,2026-03,Un Mundo Ideal Miguel Morant,0.727,0.224,0.226,0.0,0.106,-12.583,0.0314,171.294,0.335
2457,2026-03-25 16:34:00,Chorus - Peter Pan,Por Donde Tu Vayas,102933,0.0285925,1.71555,16,3,Wednesday,False,2026-03,Por Donde Tu Vayas Chorus - Peter Pan,0.888,0.562,0.255,0.000273,0.129,-12.718,0.067,131.344,0.974
2458,2026-03-25 16:38:00,Hans Zimmer,Under the Stars,225267,0.06257416666666667,3.75445,16,3,Wednesday,False,2026-03,Under the Stars Hans Zimmer,0.613,0.292,0.162,0.544,0.123,-20.812,0.0414,107.296,0.105
2459,2026-03-25 16:41:00,Hans Zimmer,Davy Jones,195240,0.054233333333333335,3.254,16,3,Wednesday,False,2026-03,Davy Jones Hans Zimmer,0.475,0.31,0.0558,0.0447,0.127,-19.072,0.0285,79.924,0.106
2460,2026-03-25 16:42:00,Francisco Colmenero,Prólogo,34770,0.009658333333333333,0.5795,16,3,Wednesday,False,2026-03,Prólogo Francisco Colmenero,0.884,0.459,0.112,0.0,0.602,-25.61,0.134,89.937,0.487
2461,2026-03-25 16:45:00,Marc Ullod,De nada,163893,0.045525833333333335,2.73155,16,3,Wednesday,False,2026-03,De nada Marc Ullod,,,,,,,,,
2462,2026-03-25 16:48:00,Enrique Sequeros,El Vive en Tí,184853,0.051348055555555557,3.0808833333333334,16,3,Wednesday,False,2026-03,El Vive en Tí Enrique Sequeros,0.765,0.749,0.459,0.000235,0.059,-10.757,0.0319,115.092,0.477
2463,2026-03-25 16:50:00,Robin Williams,Friend Like Me,146453,0.04068138888888889,2.4408833333333333,16,3,Wednesday,False,2026-03,Friend Like Me Robin Williams,0.621,0.648,0.478,0.0,0.703,-13.584,0.145,98.412,0.653
2464,2026-03-26 05:45:00,John Williams,"Star Wars Suite: Main Theme - From ""Star Wars: Episode IV - A New Hope""",42090,0.011691666666666666,0.7015,5,3,Thursday,False,2026-03,"Star Wars Suite: Main Theme - From ""Star Wars: Episode IV - A New Hope"" John Williams",0.689,0.24,0.425,0.926,0.0931,-10.527,0.0374,119.762,0.078
2465,2026-03-26 06:00:00,Barbie Sailers,No Time to Die,18928,0.005257777777777778,0.3154666666666667,6,3,Thursday,True,2026-03,No Time to Die Barbie Sailers,0.0167,0.357,0.686,0.000351,0.187,-6.395,0.0541,143.638,0.186
2466,2026-03-26 06:10:00,Nirvana,Smells Like Teen Spirit,6301,0.0017502777777777777,0.10501666666666666,6,3,Thursday,True,2026-03,Smells Like Teen Spirit Nirvana,2.55e-05,0.502,0.912,0.000173,0.106,-4.556,0.0564,116.761,0.72
2467,2026-03-26 06:15:00,Barry Dennen,"Trial Before Pilate - From ""Jesus Christ Superstar"" Soundtrack",9977,0.0027713888888888888,0.16628333333333334,6,3,Thursday,True,2026-03,"Trial Before Pilate - From ""Jesus Christ Superstar"" Soundtrack Barry Dennen",0.879,0.402,0.654,0.000119,0.114,-9.714,0.633,175.441,0.279
2468,2026-03-26 06:20:00,Nstens1117,The Electro Suite,8460,0.00235,0.141,6,3,Thursday,True,2026-03,The Electro Suite Nstens1117,0.0792,0.43,0.645,0.863,0.518,-9.161,0.0322,80.053,0.176
2469,2026-03-26 06:25:00,Nick Cave & The Bad Seeds,Red Right Hand (Peaky Blinders Theme) (Flood Remix),8209,0.0022802777777777778,0.13681666666666667,6,3,Thursday,True,2026-03,Red Right Hand (Peaky Blinders Theme) (Flood Remix) Nick Cave & The Bad Seeds,0.573,0.814,0.229,0.158,0.0718,-16.208,0.0737,116.049,0.287
2470,2026-03-26 06:30:00,Metallica,The Unforgiven - Remastered 2021,3907,0.0010852777777777777,0.06511666666666667,6,3,Thursday,True,2026-03,The Unforgiven - Remastered 2021 Metallica,0.0179,0.526,0.579,0.00861,0.216,-9.489,0.0257,139.496,0.211
2471,2026-03-26 06:35:00,Els Amics De Les Arts,El Senyal Que Esperaves,1851,0.0005141666666666667,0.03085,6,3,Thursday,True,2026-03,El Senyal Que Esperaves Els Amics De Les Arts,,,,,,,,,
2472,2026-03-26 06:40:00,Eddie Redmayne,Empty Chairs At Empty Tables,1054,0.00029277777777777776,0.017566666666666668,6,3,Thursday,True,2026-03,Empty Chairs At Empty Tables Eddie Redmayne,0.944,0.299,0.0656,1.89e-05,0.0943,-18.002,0.0553,170.381,0.115
2473,2026-03-26 07:06:00,Johnny Cash,Redemption Song,533,0.00014805555555555554,0.008883333333333333,7,3,Thursday,True,2026-03,Redemption Song Johnny Cash,0.759,0.518,0.378,0.0,0.0883,-9.995,0.0342,113.541,0.518
2474,2026-03-27 06:00:00,Samuel Kim,Order 66 Theme - Epic Version,21243,0.0059008333333333335,0.35405,6,3,Friday,True,2026-03,Order 66 Theme - Epic Version Samuel Kim,0.519,0.351,0.882,0.823,0.108,-6.687,0.0646,77.981,0.154
2475,2026-03-27 06:15:00,Gabriella Quevedo,Sultans of Swing,20798,0.005777222222222223,0.34663333333333335,6,3,Friday,True,2026-03,Sultans of Swing Gabriella Quevedo,0.355,0.458,0.481,0.88,0.177,-10.09,0.0363,127.269,0.403
2476,2026-03-27 06:20:00,Vitamin String Quartet,bad guy,7584,0.002106666666666667,0.1264,6,3,Friday,True,2026-03,bad guy Vitamin String Quartet,0.914,0.7,0.328,0.0362,0.0941,-9.981,0.146,135.058,0.648
2477,2026-03-27 06:25:00,Gabriella Quevedo,That's Life,9193,0.002553611111111111,0.15321666666666667,6,3,Friday,True,2026-03,That's Life Gabriella Quevedo,0.659,0.485,0.442,0.792,0.132,-8.909,0.0539,109.537,0.345
2478,2026-03-27 06:30:00,Nicholas Britell,Strings Con Fuoco,11885,0.003301388888888889,0.19808333333333333,6,3,Friday,True,2026-03,Strings Con Fuoco Nicholas Britell,0.705,0.506,0.181,0.868,0.103,-9.467,0.0331,86.018,0.433
2479,2026-03-27 06:35:00,I'll Take You There Choir,Like a Prayer - Choir Version From “Deadpool & Wolverine”,11336,0.003148888888888889,0.18893333333333334,6,3,Friday,True,2026-03,Like a Prayer - Choir Version From “Deadpool & Wolverine” I'll Take You There Choir,0.848,0.244,0.273,0.499,0.124,-13.875,0.0351,116.076,0.104
2480,2026-03-27 06:40:00,Menaix a Truà,No em Deixis Mai,10863,0.0030175,0.18105,6,3,Friday,True,2026-03,No em Deixis Mai Menaix a Truà,0.371,0.711,0.503,0.413,0.107,-9.277,0.0279,122.01,0.678
2481,2026-03-27 06:45:00,Adele,Rolling in the Deep,12853,0.0035702777777777777,0.21421666666666667,6,3,Friday,True,2026-03,Rolling in the Deep Adele,0.138,0.73,0.769,0.0,0.0473,-5.114,0.0298,104.948,0.507
2482,2026-03-27 07:19:00,Alan Silvestri,The Avengers,119320,0.03314444444444444,1.9886666666666666,7,3,Friday,False,2026-03,The Avengers Alan Silvestri,0.606,0.25,0.553,0.673,0.145,-8.188,0.0429,118.985,0.226
2483,2026-03-27 07:21:00,Isabel Valls,La respuesta encontrarás,125680,0.03491111111111111,2.0946666666666665,7,3,Friday,False,2026-03,La respuesta encontrarás Isabel Valls,0.931,0.297,0.204,2.07e-05,0.0821,-11.958,0.0365,70.354,0.193
2484,2026-03-27 07:24:00,Lea Salonga,A Whole New World,160800,0.04466666666666667,2.68,7,3,Friday,False,2026-03,A Whole New World Lea Salonga,0.846,0.285,0.227,2.11e-06,0.1,-15.793,0.0354,115.8,0.135
2485,2026-03-27 07:26:00,Donna Murphy,"Prologue - From ""Tangled""/Score",21710,0.0060305555555555555,0.36183333333333334,7,3,Friday,True,2026-03,"Prologue - From ""Tangled""/Score Donna Murphy",0.874,0.245,0.18,0.0254,0.242,-16.531,0.0317,85.58,0.171
2486,2026-03-27 07:26:00,Pablo Palos,Dame Un Silbidito,98000,0.02722222222222222,1.6333333333333333,7,3,Friday,False,2026-03,Dame Un Silbidito Pablo Palos,0.88,0.594,0.384,6.35e-06,0.472,-12.724,0.243,111.087,0.883
2487,2026-03-27 07:29:00,Cast - Frozen,Solo Tiene Que Mejorar un Poco (Canción de los Troles),182160,0.0506,3.036,7,3,Friday,False,2026-03,Solo Tiene Que Mejorar un Poco (Canción de los Troles) Cast - Frozen,,,,,,,,,
2488,2026-03-27 07:32:00,Childish Gambino,Lithonia,179320,0.04981111111111111,2.9886666666666666,7,3,Friday,False,2026-03,Lithonia Childish Gambino,0.0948,0.415,0.383,0.0,0.118,-7.629,0.0287,140.102,0.172
2489,2026-03-27 07:32:00,Nirvana,Sliver,4200,0.0011666666666666668,0.07,7,3,Friday,True,2026-03,Sliver Nirvana,1.16e-05,0.428,0.684,0.000156,0.0744,-10.044,0.0475,141.336,0.419
2490,2026-03-27 07:35:00,Celia Vergara,Madre sabe más,190467,0.0529075,3.17445,7,3,Friday,False,2026-03,Madre sabe más Celia Vergara,0.879,0.473,0.3,0.0,0.0294,-10.42,0.155,44.057,0.489
2491,2026-03-27 07:38:00,Coros - La Bella Durmiente,Eres Tú el Príncipe Azul,177680,0.049355555555555555,2.961333333333333,7,3,Friday,False,2026-03,Eres Tú el Príncipe Azul Coros - La Bella Durmiente,0.963,0.295,0.14,0.142,0.368,-15.341,0.0357,132.673,0.183
2492,2026-03-27 07:41:00,Enrique Sequeros,Mi sueño es,2163,0.0006008333333333333,0.03605,7,3,Friday,True,2026-03,Mi sueño es Enrique Sequeros,0.74,0.661,0.605,0.0,0.239,-7.697,0.2,133.758,0.726
2493,2026-03-27 07:41:00,Erik Cruz,Perdido en el bosque,2423,0.0006730555555555555,0.040383333333333334,7,3,Friday,True,2026-03,Perdido en el bosque Erik Cruz,0.757,0.417,0.461,3.56e-06,0.121,-6.073,0.027,74.269,0.4
2494,2026-03-27 07:41:00,Marc Pociello,Hakuna Matata - Spanish-Castilian version,142780,0.03966111111111111,2.3796666666666666,7,3,Friday,False,2026-03,Hakuna Matata - Spanish-Castilian version Marc Pociello,0.623,0.423,0.478,2.6e-06,0.133,-12.796,0.225,168.556,0.66
2495,2026-03-27 07:46:00,Film Symphony Orchestra,Piratas del Caribe - El hombre del cofre muerto,340027,0.09445194444444445,5.667116666666667,7,3,Friday,False,2026-03,Piratas del Caribe - El hombre del cofre muerto Film Symphony Orchestra,0.491,0.246,0.508,0.0227,0.458,-9.588,0.0749,67.192,0.206
2496,2026-03-27 07:50:00,Yolanda de las Heras,Silbando al Trabajar,207627,0.057674166666666665,3.46045,7,3,Friday,False,2026-03,Silbando al Trabajar Yolanda de las Heras,0.907,0.749,0.284,0.144,0.0799,-13.005,0.035,102.199,0.784
2497,2026-03-27 07:51:00,Michael Giacchino,"Peter Parker Picked a Perilously Precarious Profession - from ""Spider-Man: No Way Home"" Soundtrack",91680,0.025466666666666665,1.528,7,3,Friday,False,2026-03,"Peter Parker Picked a Perilously Precarious Profession - from ""Spider-Man: No Way Home"" Soundtrack Michael Giacchino",0.729,0.291,0.0304,0.813,0.0735,-16.878,0.0322,60.185,0.0672
2498,2026-03-27 07:54:00,Miguel Morant,Un Mundo Ideal,161093,0.044748055555555555,2.6848833333333335,7,3,Friday,False,2026-03,Un Mundo Ideal Miguel Morant,0.727,0.224,0.226,0.0,0.106,-12.583,0.0314,171.294,0.335
2499,2026-03-27 07:56:00,Chorus - Peter Pan,Por Donde Tu Vayas,102933,0.0285925,1.71555,7,3,Friday,False,2026-03,Por Donde Tu Vayas Chorus - Peter Pan,0.888,0.562,0.255,0.000273,0.129,-12.718,0.067,131.344,0.974
2500,2026-03-27 08:00:00,Hans Zimmer,Under the Stars,225267,0.06257416666666667,3.75445,8,3,Friday,False,2026-03,Under the Stars Hans Zimmer,0.613,0.292,0.162,0.544,0.123,-20.812,0.0414,107.296,0.105
2501,2026-03-27 08:03:00,Hans Zimmer,Davy Jones,195240,0.054233333333333335,3.254,8,3,Friday,False,2026-03,Davy Jones Hans Zimmer,0.475,0.31,0.0558,0.0447,0.127,-19.072,0.0285,79.924,0.106
2502,2026-03-27 08:04:00,Francisco Colmenero,Prólogo,45740,0.012705555555555555,0.7623333333333333,8,3,Friday,False,2026-03,Prólogo Francisco Colmenero,0.884,0.459,0.112,0.0,0.602,-25.61,0.134,89.937,0.487
2503,2026-03-27 08:06:00,Marc Ullod,De nada,163893,0.045525833333333335,2.73155,8,3,Friday,False,2026-03,De nada Marc Ullod,,,,,,,,,
2504,2026-03-27 08:09:00,Camilo García,Prólogo (La Bella y La Bestia),148773,0.04132583333333333,2.47955,8,3,Friday,False,2026-03,Prólogo (La Bella y La Bestia) Camilo García,0.885,0.427,0.46,0.000141,0.477,-21.103,0.596,93.261,0.443
2505,2026-03-27 08:12:00,Enrique Sequeros,El Vive en Tí,184853,0.051348055555555557,3.0808833333333334,8,3,Friday,False,2026-03,El Vive en Tí Enrique Sequeros,0.765,0.749,0.459,0.000235,0.059,-10.757,0.0319,115.092,0.477
2506,2026-03-27 08:14:00,Robin Williams,Friend Like Me,146453,0.04068138888888889,2.4408833333333333,8,3,Friday,False,2026-03,Friend Like Me Robin Williams,0.621,0.648,0.478,0.0,0.703,-13.584,0.145,98.412,0.653
2507,2026-03-27 08:25:00,Hans Zimmer,This Land,806,0.0002238888888888889,0.013433333333333334,8,3,Friday,True,2026-03,This Land Hans Zimmer,0.433,0.152,0.129,0.647,0.171,-22.61,0.0404,99.042,0.136
2508,2026-03-27 08:25:00,John Williams,"Star Wars Suite: Main Theme - From ""Star Wars: Episode IV - A New Hope""",24980,0.0069388888888888885,0.41633333333333333,8,3,Friday,True,2026-03,"Star Wars Suite: Main Theme - From ""Star Wars: Episode IV - A New Hope"" John Williams",0.689,0.24,0.425,0.926,0.0931,-10.527,0.0374,119.762,0.078
2509,2026-03-27 08:28:00,Kristen Bell,Some Things Never Change,209965,0.05832361111111111,3.499416666666667,8,3,Friday,False,2026-03,Some Things Never Change Kristen Bell,0.613,0.567,0.543,0.0,0.106,-4.485,0.0313,89.937,0.299
2510,2026-03-27 08:29:00,Isabel Nogueras,Prólogo - de Enredados,12722,0.003533888888888889,0.21203333333333332,8,3,Friday,True,2026-03,Prólogo - de Enredados Isabel Nogueras,0.92,0.237,0.141,0.0362,0.24,-16.202,0.0348,123.22,0.117
2511,2026-03-27 08:30:00,Isabel Nogueras,Prólogo - de Enredados,108769,0.03021361111111111,1.8128166666666667,8,3,Friday,False,2026-03,Prólogo - de Enredados Isabel Nogueras,0.92,0.237,0.141,0.0362,0.24,-16.202,0.0348,123.22,0.117
2512,2026-03-27 08:32:00,Cast – Disneyland Paris,Yo Ho (A Pirate's Life for Me) (Disneyland Paris version),78160,0.02171111111111111,1.3026666666666666,8,3,Friday,False,2026-03,Yo Ho (A Pirate's Life for Me) (Disneyland Paris version) Cast – Disneyland Paris,0.871,0.655,0.826,5.79e-06,0.371,-10.448,0.784,111.858,0.619
2513,2026-03-27 08:35:00,The Chillest,You're Welcome - Piano Version,168198,0.04672166666666667,2.8033,8,3,Friday,False,2026-03,You're Welcome - Piano Version The Chillest,0.982,0.647,0.14,0.93,0.115,-16.349,0.036,86.024,0.171
2514,2026-03-27 08:37:00,Dwayne Johnson,You're Welcome,163894,0.045526111111111114,2.7315666666666667,8,3,Friday,False,2026-03,You're Welcome Dwayne Johnson,,,,,,,,,
2515,2026-03-27 08:40:00,María Caneda,Cuando Me Quería,183840,0.05106666666666667,3.064,8,3,Friday,False,2026-03,Cuando Me Quería María Caneda,0.974,0.325,0.144,2.77e-06,0.105,-13.606,0.0365,79.498,0.216
2516,2026-03-27 08:42:00,Kristen Bell,"Love Is an Open Door - From ""Frozen""/Soundtrack Version",124733,0.03464805555555556,2.078883333333333,8,3,Friday,False,2026-03,"Love Is an Open Door - From ""Frozen""/Soundtrack Version Kristen Bell",0.262,0.737,0.636,0.0,0.319,-6.308,0.0737,100.033,0.537
2517,2026-03-27 08:45:00,Susan Martín,Ha Nacido Una Estrella,124440,0.03456666666666667,2.074,8,3,Friday,False,2026-03,Ha Nacido Una Estrella Susan Martín,0.572,0.68,0.708,0.0,0.471,-7.961,0.109,117.931,0.788
2518,2026-03-27 08:46:00,José Ramón Nogueras,Si a Arabia tú vas,83827,0.023285277777777776,1.3971166666666666,8,3,Friday,False,2026-03,Si a Arabia tú vas José Ramón Nogueras,0.773,0.446,0.276,0.0,0.117,-12.119,0.0494,126.401,0.197
2519,2026-03-27 08:50:00,Tata Vega,El Ciclo de la Vida,239747,0.06659638888888889,3.9957833333333332,8,3,Friday,False,2026-03,El Ciclo de la Vida Tata Vega,,,,,,,,,
2520,2026-03-27 08:53:00,One Piano,You're Welcome,176015,0.04889305555555556,2.9335833333333334,8,3,Friday,False,2026-03,You're Welcome One Piano,,,,,,,,,
2521,2026-03-27 08:58:00,Danny Elfman,"Alice's Theme - From ""Alice in Wonderland""/Soundtrack Version",307227,0.08534083333333334,5.12045,8,3,Friday,False,2026-03,"Alice's Theme - From ""Alice in Wonderland""/Soundtrack Version Danny Elfman",0.926,0.417,0.415,0.662,0.0815,-12.66,0.0365,119.984,0.126
2522,2026-03-27 09:01:00,Auli'i Cravalho,How Far I'll Go,163386,0.045385,2.7231,9,3,Friday,False,2026-03,How Far I'll Go Auli'i Cravalho,,,,,,,,,
2523,2026-03-27 09:05:00,Auli'i Cravalho,Beyond,230267,0.06396305555555555,3.8377833333333333,9,3,Friday,False,2026-03,Beyond Auli'i Cravalho,0.811,0.409,0.469,0.0,0.0507,-7.988,0.0549,149.956,0.252
2524,2026-03-27 09:08:00,Moisés Nieto,Vol Volar (Let It Go from Frozen) [Versió en Català] - Bonus Track,213319,0.059255277777777775,3.5553166666666667,9,3,Friday,False,2026-03,Vol Volar (Let It Go from Frozen) [Versió en Català] - Bonus Track Moisés Nieto,,,,,,,,,
2525,2026-03-27 09:11:00,Miguel Morant,El Rey,144307,0.040085277777777775,2.405116666666667,9,3,Friday,False,2026-03,El Rey Miguel Morant,0.394,0.516,0.419,0.0,0.722,-13.956,0.179,124.89,0.612
2526,2026-03-27 09:14:00,Carmen López,Por fin ya veo la luz,224027,0.06222972222222222,3.7337833333333332,9,3,Friday,False,2026-03,Por fin ya veo la luz Carmen López,0.886,0.206,0.25,0.0,0.128,-9.607,0.0308,52.957,0.174
2527,2026-03-27 09:18:00,Jordi Doncos,Preparaos,219880,0.06107777777777778,3.6646666666666667,9,3,Friday,False,2026-03,Preparaos Jordi Doncos,,,,,,,,,
2528,2026-03-27 09:21:00,David García Llop,El rey,175223,0.04867305555555555,2.9203833333333336,9,3,Friday,False,2026-03,El rey David García Llop,0.152,0.705,0.759,0.0,0.0464,-5.838,0.0631,119.244,0.573
2529,2026-03-27 09:23:00,Hans Zimmer,"End Credits - From ""Pirates of the Caribbean: On Stranger Tides""/Score",117133,0.032536944444444445,1.9522166666666667,9,3,Friday,False,2026-03,"End Credits - From ""Pirates of the Caribbean: On Stranger Tides""/Score Hans Zimmer",0.404,0.534,0.814,0.972,0.0998,-10.418,0.0429,140.22,0.766
2530,2026-03-27 09:27:00,Flavio,Quiero Ser Como Tú,241587,0.0671075,4.02645,9,3,Friday,False,2026-03,Quiero Ser Como Tú Flavio,,,,,,,,,
2531,2026-03-27 09:30:00,Jesús Aguirre,"Ay Ho/ Cavar, Cavar",167000,0.04638888888888889,2.783333333333333,9,3,Friday,False,2026-03,"Ay Ho/ Cavar, Cavar Jesús Aguirre",0.868,0.848,0.566,9.75e-06,0.105,-9.603,0.0908,103.011,0.734
2532,2026-03-27 09:34:00,Miguel Ángel Jenner,"¡Qué Festín! - de ""La Bella y La Bestia""/Banda Sonora Original",222573,0.06182583333333333,3.70955,9,3,Friday,False,2026-03,"¡Qué Festín! - de ""La Bella y La Bestia""/Banda Sonora Original Miguel Ángel Jenner",0.757,0.501,0.329,0.0,0.168,-16.066,0.135,125.071,0.553
2533,2026-03-27 10:51:00,Josema Yuste,Un Genio Genial,105720,0.029366666666666666,1.762,10,3,Friday,False,2026-03,Un Genio Genial Josema Yuste,0.553,0.678,0.629,0.0,0.391,-10.626,0.117,97.983,0.734
2534,2026-03-27 10:55:00,Leslie Odom Jr.,Alexander Hamilton,236738,0.06576055555555556,3.9456333333333333,10,3,Friday,False,2026-03,Alexander Hamilton Leslie Odom Jr.,0.522,0.609,0.435,0.0,0.118,-7.861,0.285,131.995,0.552
2535,2026-03-27 10:58:00,Lin-Manuel Miranda,"Aaron Burr, Sir",156631,0.04350861111111111,2.610516666666667,10,3,Friday,False,2026-03,"Aaron Burr, Sir Lin-Manuel Miranda",0.272,0.646,0.439,0.0,0.0945,-10.837,0.818,160.387,0.528
2536,2026-03-27 11:04:00,Lin-Manuel Miranda,My Shot,333154,0.09254277777777778,5.552566666666666,11,3,Friday,False,2026-03,My Shot Lin-Manuel Miranda,,,,,,,,,
2537,2026-03-27 11:05:00,Lin-Manuel Miranda,The Story of Tonight,91981,0.02555027777777778,1.5330166666666667,11,3,Friday,False,2026-03,The Story of Tonight Lin-Manuel Miranda,0.835,0.494,0.237,0.0,0.648,-10.579,0.0517,95.219,0.625
2538,2026-03-27 11:08:00,Renée Elise Goldsberry,The Schuyler Sisters,186543,0.0518175,3.10905,11,3,Friday,False,2026-03,The Schuyler Sisters Renée Elise Goldsberry,0.187,0.74,0.727,0.0,0.627,-6.253,0.278,101.409,0.792
2539,2026-03-27 11:10:00,Thayne Jasperson,Farmer Refuted,112742,0.031317222222222225,1.8790333333333333,11,3,Friday,False,2026-03,Farmer Refuted Thayne Jasperson,0.684,0.795,0.409,0.0,0.0548,-8.334,0.372,77.879,0.577
2540,2026-03-27 11:14:00,Jonathan Groff,You'll Be Back,208321,0.05786694444444444,3.4720166666666668,11,3,Friday,False,2026-03,You'll Be Back Jonathan Groff,0.39,0.607,0.466,0.0,0.135,-7.562,0.0578,121.741,0.434
2541,2026-03-27 11:19:00,Lin-Manuel Miranda,Right Hand Man,321697,0.08936027777777777,5.3616166666666665,11,3,Friday,False,2026-03,Right Hand Man Lin-Manuel Miranda,0.177,0.68,0.413,0.0,0.205,-9.41,0.492,158.576,0.383
2542,2026-03-27 11:20:00,Leslie Odom Jr.,A Winter's Ball,69901,0.019416944444444445,1.1650166666666666,11,3,Friday,False,2026-03,A Winter's Ball Leslie Odom Jr.,0.41,0.854,0.327,0.0,0.0889,-10.834,0.507,131.352,0.688
2543,2026-03-27 11:24:00,Phillipa Soo,Helpless,249771,0.06938083333333334,4.16285,11,3,Friday,False,2026-03,Helpless Phillipa Soo,0.334,0.688,0.491,0.0,0.0914,-7.494,0.269,79.009,0.737
2544,2026-03-27 11:30:00,Renée Elise Goldsberry,Satisfied,329228,0.09145222222222223,5.487133333333333,11,3,Friday,False,2026-03,Satisfied Renée Elise Goldsberry,0.287,0.707,0.593,0.0,0.15,-8.581,0.0949,123.772,0.478
2545,2026-03-27 11:32:00,Okieriete Onaodowan,The Story of Tonight - Reprise,115880,0.03218888888888889,1.9313333333333333,11,3,Friday,False,2026-03,The Story of Tonight - Reprise Okieriete Onaodowan,0.68,0.724,0.305,0.0,0.128,-12.763,0.257,81.874,0.594
2546,2026-03-27 11:35:00,Leslie Odom Jr.,Wait for It,193750,0.05381944444444445,3.2291666666666665,11,3,Friday,False,2026-03,Wait for It Leslie Odom Jr.,0.124,0.543,0.473,4.04e-06,0.0922,-9.638,0.157,86.534,0.519
2547,2026-03-27 11:38:00,Original Broadway Cast of Hamilton,Stay Alive,159103,0.04419527777777778,2.6517166666666667,11,3,Friday,False,2026-03,Stay Alive Original Broadway Cast of Hamilton,0.471,0.723,0.415,0.0,0.0995,-10.394,0.395,159.65,0.581
2548,2026-03-27 11:39:00,Lin-Manuel Miranda,Ten Duel Commandments,106646,0.02962388888888889,1.7774333333333334,11,3,Friday,False,2026-03,Ten Duel Commandments Lin-Manuel Miranda,0.0691,0.887,0.516,0.0,0.617,-8.187,0.658,77.977,0.828
2549,2026-03-27 11:41:00,Lin-Manuel Miranda,Meet Me Inside,83632,0.023231111111111112,1.3938666666666666,11,3,Friday,False,2026-03,Meet Me Inside Lin-Manuel Miranda,0.378,0.732,0.643,0.0,0.363,-8.318,0.474,88.543,0.644
2550,2026-03-27 11:44:00,Phillipa Soo,That Would Be Enough,178446,0.04956833333333333,2.9741,11,3,Friday,False,2026-03,That Would Be Enough Phillipa Soo,0.819,0.499,0.2,0.0,0.115,-10.276,0.0355,137.367,0.185
2551,2026-03-27 11:46:00,Leslie Odom Jr.,Guns and Ships,127578,0.035438333333333336,2.1263,11,3,Friday,False,2026-03,Guns and Ships Leslie Odom Jr.,0.399,0.72,0.666,0.0,0.0844,-6.914,0.328,138.03,0.383
2552,2026-03-27 11:57:00,Christopher Jackson,History Has Its Eyes on You,97050,0.026958333333333334,1.6175,11,3,Friday,False,2026-03,History Has Its Eyes on You Christopher Jackson,0.803,0.438,0.373,0.0,0.123,-9.769,0.0291,77.415,0.274
2553,2026-03-27 12:01:00,Original Broadway Cast of Hamilton,Yorktown (The World Turned Upside Down),242588,0.06738555555555556,4.0431333333333335,12,3,Friday,False,2026-03,Yorktown (The World Turned Upside Down) Original Broadway Cast of Hamilton,0.297,0.76,0.883,0.0,0.727,-5.397,0.25,98.012,0.51
2554,2026-03-27 12:03:00,Jonathan Groff,What Comes Next?,99343,0.027595277777777778,1.6557166666666667,12,3,Friday,False,2026-03,What Comes Next? Jonathan Groff,0.603,0.515,0.302,0.0,0.199,-10.882,0.079,114.972,0.277
2555,2026-03-27 12:11:00,Leslie Odom Jr.,Dear Theodosia,184004,0.051112222222222226,3.0667333333333335,12,3,Friday,False,2026-03,Dear Theodosia Leslie Odom Jr.,0.907,0.598,0.221,4.19e-05,0.0723,-10.484,0.0303,106.771,0.274
2556,2026-03-27 12:22:00,Leslie Odom Jr.,Non-Stop,677386,0.1881627777777778,11.289766666666667,12,3,Friday,False,2026-03,Non-Stop Leslie Odom Jr.,0.211,0.77,0.482,0.0,0.223,-9.529,0.351,91.994,0.441
2557,2026-03-27 12:26:00,Daveed Diggs,What'd I Miss,236701,0.06575027777777778,3.9450166666666666,12,3,Friday,False,2026-03,What'd I Miss Daveed Diggs,0.169,0.539,0.577,0.0,0.14,-7.763,0.386,177.787,0.319
2558,2026-03-27 12:29:00,Christopher Jackson,Cabinet Battle #1,215227,0.05978527777777778,3.5871166666666667,12,3,Friday,False,2026-03,Cabinet Battle #1 Christopher Jackson,0.0859,0.607,0.658,0.0,0.489,-7.762,0.423,87.043,0.513
2559,2026-03-27 12:34:00,Phillipa Soo,Take a Break,286486,0.07957944444444444,4.774766666666666,12,3,Friday,False,2026-03,Take a Break Phillipa Soo,0.587,0.552,0.371,0.0,0.18,-9.426,0.227,81.548,0.587
2560,2026-03-27 12:38:00,Jasmine Cephas-Jones,Say No to This,242017,0.06722694444444445,4.033616666666667,12,3,Friday,False,2026-03,Say No to This Jasmine Cephas-Jones,0.464,0.754,0.535,0.0,0.19,-8.156,0.305,81.035,0.395
2561,2026-03-27 12:44:00,Leslie Odom Jr.,The Room Where It Happens,318215,0.08839305555555556,5.303583333333333,12,3,Friday,False,2026-03,The Room Where It Happens Leslie Odom Jr.,0.271,0.638,0.49,0.0,0.664,-9.382,0.426,173.552,0.511
2562,2026-03-27 12:45:00,Phillipa Soo,Schuyler Defeated,63558,0.017655,1.0593,12,3,Friday,False,2026-03,Schuyler Defeated Phillipa Soo,0.236,0.745,0.597,0.0,0.157,-10.422,0.257,102.108,0.842
2563,2026-03-27 12:47:00,Christopher Jackson,Cabinet Battle #2,142640,0.039622222222222225,2.3773333333333335,12,3,Friday,False,2026-03,Cabinet Battle #2 Christopher Jackson,0.0582,0.753,0.539,0.0,0.353,-9.117,0.537,99.455,0.519
2564,2026-03-27 12:50:00,Leslie Odom Jr.,Washington on Your Side,181478,0.050410555555555556,3.0246333333333335,12,3,Friday,False,2026-03,Washington on Your Side Leslie Odom Jr.,0.165,0.884,0.521,0.0,0.0756,-10.216,0.348,134.051,0.425
2565,2026-03-27 16:21:00,Camilo Sesto,Obertura,233000,0.06472222222222222,3.8833333333333333,16,3,Friday,False,2026-03,Obertura Camilo Sesto,0.525,0.375,0.415,0.312,0.37,-14.127,0.062,93.621,0.0434
2566,2026-03-27 16:26:00,Camilo Sesto,Canción de Judas,286000,0.07944444444444444,4.766666666666667,16,3,Friday,False,2026-03,Canción de Judas Camilo Sesto,0.521,0.532,0.51,0.0,0.102,-10.779,0.0723,120.667,0.783
2567,2026-03-27 16:28:00,Camilo Sesto,Dinos Lo Que Va a Pasar,164000,0.04555555555555556,2.7333333333333334,16,3,Friday,False,2026-03,Dinos Lo Que Va a Pasar Camilo Sesto,0.379,0.674,0.76,0.0,0.364,-11.132,0.0627,112.287,0.873
2568,2026-03-27 16:30:00,Camilo Sesto,Realmente Extraño,114000,0.03166666666666667,1.9,16,3,Friday,False,2026-03,Realmente Extraño Camilo Sesto,0.273,0.476,0.646,0.0,0.121,-9.997,0.091,101.245,0.761
2569,2026-03-27 16:35:00,Camilo Sesto,Todo Estará en Paz,268000,0.07444444444444444,4.466666666666667,16,3,Friday,False,2026-03,Todo Estará en Paz Camilo Sesto,0.578,0.523,0.483,0.0,0.812,-10.509,0.038,135.173,0.667
2570,2026-03-27 16:38:00,Camilo Sesto,Jesus Morirá,220000,0.06111111111111111,3.6666666666666665,16,3,Friday,False,2026-03,Jesus Morirá Camilo Sesto,0.403,0.474,0.534,0.0,0.36,-11.176,0.0576,134.43,0.396
2571,2026-03-27 16:41:00,Camilo Sesto,Hosanna,177000,0.049166666666666664,2.95,16,3,Friday,False,2026-03,Hosanna Camilo Sesto,0.645,0.389,0.42,0.0,0.0735,-11.148,0.0329,83.382,0.324
2572,2026-03-27 16:45:00,Camilo Sesto,Simon Zelotes,219000,0.060833333333333336,3.65,16,3,Friday,False,2026-03,Simon Zelotes Camilo Sesto,0.484,0.496,0.73,0.0,0.117,-10.58,0.0752,115.775,0.393
2573,2026-03-27 16:47:00,Camilo Sesto,Pobre Jerusalén,121000,0.03361111111111111,2.0166666666666666,16,3,Friday,False,2026-03,Pobre Jerusalén Camilo Sesto,0.907,0.351,0.107,0.000499,0.138,-20.641,0.0353,127.974,0.421
2574,2026-03-27 16:49:00,Camilo Sesto,Sueño de Pilatos,111000,0.030833333333333334,1.85,16,3,Friday,False,2026-03,Sueño de Pilatos Camilo Sesto,0.788,0.247,0.193,1.56e-05,0.104,-19.228,0.0434,135.556,0.258
2575,2026-03-27 16:54:00,Camilo Sesto,El Templo,283000,0.07861111111111112,4.716666666666667,16,3,Friday,False,2026-03,El Templo Camilo Sesto,0.298,0.377,0.642,0.0,0.409,-11.689,0.0426,104.192,0.546
2576,2026-03-27 16:58:00,Camilo Sesto,Es Más Que Amor,247000,0.06861111111111111,4.116666666666666,16,3,Friday,False,2026-03,Es Más Que Amor Camilo Sesto,0.452,0.524,0.299,0.0,0.285,-13.176,0.0316,145.947,0.349
2577,2026-03-27 17:02:00,Camilo Sesto,Di Que No Me Condenaré,272000,0.07555555555555556,4.533333333333333,17,3,Friday,False,2026-03,Di Que No Me Condenaré Camilo Sesto,0.126,0.315,0.621,0.0,0.39,-12.119,0.141,177.948,0.534
2578,2026-03-27 17:23:00,Camilo Sesto,La Ultima Cena,424000,0.11777777777777777,7.066666666666666,17,3,Friday,False,2026-03,La Ultima Cena Camilo Sesto,0.72,0.308,0.415,0.0,0.104,-11.17,0.0454,79.461,0.294
2579,2026-03-27 17:29:00,Camilo Sesto,"Getsemani (Oración del Huerto) - [Musical ""Jesucristo Superstar""]",356000,0.09888888888888889,5.933333333333334,17,3,Friday,False,2026-03,"Getsemani (Oración del Huerto) - [Musical ""Jesucristo Superstar""] Camilo Sesto",0.765,0.269,0.538,1.85e-06,0.174,-10.249,0.0494,82.976,0.281
2580,2026-03-27 17:32:00,Camilo Sesto,El Arresto,218000,0.06055555555555556,3.6333333333333333,17,3,Friday,False,2026-03,El Arresto Camilo Sesto,0.512,0.48,0.526,0.0,0.0712,-9.232,0.0797,108.075,0.537
2581,2026-03-27 17:34:00,Camilo Sesto,Negaciones de Pedro,93000,0.025833333333333333,1.55,17,3,Friday,False,2026-03,Negaciones de Pedro Camilo Sesto,0.73,0.499,0.489,0.0,0.161,-10.436,0.0474,118.179,0.62
2582,2026-03-27 17:37:00,Camilo Sesto,Palacio de Pilatos,167093,0.046414722222222225,2.784883333333333,17,3,Friday,False,2026-03,Palacio de Pilatos Camilo Sesto,0.451,0.463,0.358,0.0,0.494,-9.188,0.0324,77.576,0.0865
2583,2026-03-27 17:40:00,Camilo Sesto,Cancion de Herodes,178907,0.04969638888888889,2.9817833333333335,17,3,Friday,False,2026-03,Cancion de Herodes Camilo Sesto,0.559,0.57,0.59,7.17e-06,0.148,-8.092,0.035,102.735,0.851
2584,2026-03-27 17:42:00,Camilo Sesto,Todo Ha Sido un Sueño,156000,0.043333333333333335,2.6,17,3,Friday,False,2026-03,Todo Ha Sido un Sueño Camilo Sesto,0.682,0.532,0.231,0.0,0.288,-15.73,0.0291,140.112,0.525
2585,2026-03-27 17:48:00,Camilo Sesto,Muerte de Judas,317000,0.08805555555555555,5.283333333333333,17,3,Friday,False,2026-03,Muerte de Judas Camilo Sesto,0.375,0.396,0.742,1.55e-06,0.103,-8.996,0.104,115.737,0.633
2586,2026-03-27 17:53:00,Camilo Sesto,Juicio Ante Pilatos,346533,0.09625916666666667,5.77555,17,3,Friday,False,2026-03,Juicio Ante Pilatos Camilo Sesto,0.46,0.383,0.627,0.0,0.845,-8.681,0.148,95.643,0.329
2587,2026-03-27 17:57:00,Camilo Sesto,Superstar,215467,0.059851944444444444,3.5911166666666667,17,3,Friday,False,2026-03,Superstar Camilo Sesto,0.224,0.482,0.773,0.0,0.288,-7.734,0.0483,122.131,0.765
2588,2026-03-27 18:00:00,Camilo Sesto,La Crucifixión,171000,0.0475,2.85,18,3,Friday,False,2026-03,La Crucifixión Camilo Sesto,0.437,0.225,0.879,0.387,0.409,-12.761,0.146,133.534,0.0388
2589,2026-03-27 18:02:00,Camilo Sesto,Juan Diecinueve Cuarenta y Uno,156000,0.043333333333333335,2.6,18,3,Friday,False,2026-03,Juan Diecinueve Cuarenta y Uno Camilo Sesto,0.799,0.16,0.161,0.8,0.0856,-14.778,0.0404,107.859,0.0345
2590,2026-03-27 18:06:00,Camilo Sesto,Obertura,233000,0.06472222222222222,3.8833333333333333,18,3,Friday,False,2026-03,Obertura Camilo Sesto,0.525,0.375,0.415,0.312,0.37,-14.127,0.062,93.621,0.0434
2591,2026-03-27 18:07:00,Camilo Sesto,Canción de Judas,17380,0.004827777777777778,0.2896666666666667,18,3,Friday,True,2026-03,Canción de Judas Camilo Sesto,0.521,0.532,0.51,0.0,0.102,-10.779,0.0723,120.667,0.783
2592,2026-03-27 18:12:00,André Previn,"Overture (Jesus Christ Superstar/Soundtrack) - From ""Jesus Christ Superstar"" Soundtrack",329827,0.09161861111111111,5.497116666666667,18,3,Friday,False,2026-03,"Overture (Jesus Christ Superstar/Soundtrack) - From ""Jesus Christ Superstar"" Soundtrack André Previn",0.747,0.339,0.61,0.0892,0.127,-11.952,0.0637,123.372,0.0538
2593,2026-03-27 18:16:00,Carl Anderson,"Heaven On Their Minds - From ""Jesus Christ Superstar"" Soundtrack",260800,0.07244444444444445,4.346666666666667,18,3,Friday,False,2026-03,"Heaven On Their Minds - From ""Jesus Christ Superstar"" Soundtrack Carl Anderson",0.433,0.469,0.553,0.0,0.0662,-10.099,0.0545,124.714,0.682
2594,2026-03-27 18:19:00,Ted Neeley,"What's The Buzz - From ""Jesus Christ Superstar"" Soundtrack",155467,0.04318527777777778,2.5911166666666667,18,3,Friday,False,2026-03,"What's The Buzz - From ""Jesus Christ Superstar"" Soundtrack Ted Neeley",0.52,0.556,0.749,0.0,0.0992,-9.258,0.0901,113.384,0.831
2595,2026-03-27 18:21:00,Carl Anderson,"Strange Thing Mystifying - From ""Jesus Christ Superstar"" Soundtrack",111733,0.031036944444444443,1.8622166666666666,18,3,Friday,False,2026-03,"Strange Thing Mystifying - From ""Jesus Christ Superstar"" Soundtrack Carl Anderson",0.621,0.534,0.483,7.77e-06,0.109,-11.049,0.0931,107.304,0.572
2596,2026-03-27 18:23:00,Bob Bingham,"Then We Are Decided - From ""Jesus Christ Superstar"" Soundtrack",153733,0.04270361111111111,2.5622166666666666,18,3,Friday,False,2026-03,"Then We Are Decided - From ""Jesus Christ Superstar"" Soundtrack Bob Bingham",0.728,0.524,0.709,0.00809,0.0674,-11.774,0.589,85.644,0.172
2597,2026-03-27 18:27:00,Yvonne Elliman,"Everything's Alright - From ""Jesus Christ Superstar"" Soundtrack",214973,0.059714722222222225,3.582883333333333,18,3,Friday,False,2026-03,"Everything's Alright - From ""Jesus Christ Superstar"" Soundtrack Yvonne Elliman",0.455,0.413,0.433,0.0,0.112,-10.627,0.0371,135.277,0.498
2598,2026-03-27 18:31:00,Bob Bingham,"This Jesus Must Die - From ""Jesus Christ Superstar"" Soundtrack",226627,0.06295194444444445,3.7771166666666667,18,3,Friday,False,2026-03,"This Jesus Must Die - From ""Jesus Christ Superstar"" Soundtrack Bob Bingham",0.628,0.439,0.48,0.0,0.102,-11.877,0.139,138.115,0.455
2599,2026-03-27 18:34:00,Ted Neeley,"Hosanna - From ""Jesus Christ Superstar"" Soundtrack",174307,0.048418611111111114,2.905116666666667,18,3,Friday,False,2026-03,"Hosanna - From ""Jesus Christ Superstar"" Soundtrack Ted Neeley",0.428,0.31,0.484,7.35e-05,0.324,-8.883,0.0487,79.689,0.351
2600,2026-03-27 18:39:00,Larry T. Marshall,"Simon Zealotes - From ""Jesus Christ Superstar"" Soundtrack",291667,0.08101861111111111,4.861116666666667,18,3,Friday,False,2026-03,"Simon Zealotes - From ""Jesus Christ Superstar"" Soundtrack Larry T. Marshall",0.778,0.546,0.622,0.303,0.123,-10.727,0.0923,117.814,0.37
2601,2026-03-27 18:40:00,Ted Neeley,"Poor Jerusalem - From ""Jesus Christ Superstar"" Soundtrack",97360,0.027044444444444444,1.6226666666666667,18,3,Friday,False,2026-03,"Poor Jerusalem - From ""Jesus Christ Superstar"" Soundtrack Ted Neeley",0.966,0.365,0.208,0.363,0.116,-18.008,0.0689,161.718,0.301
2602,2026-03-27 18:42:00,Barry Dennen,"Pilate's Dream - From ""Jesus Christ Superstar"" Soundtrack",108707,0.030196388888888887,1.8117833333333333,18,3,Friday,False,2026-03,"Pilate's Dream - From ""Jesus Christ Superstar"" Soundtrack Barry Dennen",0.788,0.408,0.17,0.0469,0.111,-15.397,0.0422,90.109,0.327
2603,2026-03-27 18:48:00,Ted Neeley,"The Temple - From ""Jesus Christ Superstar"" Soundtrack",336067,0.09335194444444445,5.601116666666667,18,3,Friday,False,2026-03,"The Temple - From ""Jesus Christ Superstar"" Soundtrack Ted Neeley",0.417,0.329,0.6,0.0178,0.0793,-11.273,0.0736,102.448,0.353
2604,2026-03-27 18:52:00,Yvonne Elliman,"I Don't Know How To Love Him - From ""Jesus Christ Superstar"" Soundtrack",237893,0.06608138888888888,3.9648833333333333,18,3,Friday,False,2026-03,"I Don't Know How To Love Him - From ""Jesus Christ Superstar"" Soundtrack Yvonne Elliman",0.862,0.316,0.135,0.0,0.098,-15.419,0.0354,144.381,0.342
2605,2026-03-27 18:56:00,Carl Anderson,"Damned For All Time / Blood Money - From ""Jesus Christ Superstar"" Soundtrack",277400,0.07705555555555556,4.623333333333333,18,3,Friday,False,2026-03,"Damned For All Time / Blood Money - From ""Jesus Christ Superstar"" Soundtrack Carl Anderson",0.537,0.421,0.63,0.0508,0.145,-12.258,0.274,90.395,0.194
2606,2026-03-27 19:03:00,Ted Neeley,"The Last Supper - From ""Jesus Christ Superstar"" Soundtrack",434027,0.12056305555555556,7.233783333333333,19,3,Friday,False,2026-03,"The Last Supper - From ""Jesus Christ Superstar"" Soundtrack Ted Neeley",0.8,0.441,0.399,0.000135,0.0923,-10.178,0.0605,119.183,0.319
2607,2026-03-27 19:09:00,Ted Neeley,"Gethsemane (I Only Wanted To Say) - From ""Jesus Christ Superstar"" Soundtrack",341333,0.09481472222222222,5.688883333333333,19,3,Friday,False,2026-03,"Gethsemane (I Only Wanted To Say) - From ""Jesus Christ Superstar"" Soundtrack Ted Neeley",0.385,0.412,0.472,0.000685,0.125,-10.156,0.0477,137.26,0.311
2608,2026-03-27 19:19:00,Bob Bingham,"This Jesus Must Die - From ""Jesus Christ Superstar"" Soundtrack",13481,0.003744722222222222,0.22468333333333335,19,3,Friday,True,2026-03,"This Jesus Must Die - From ""Jesus Christ Superstar"" Soundtrack Bob Bingham",0.628,0.439,0.48,0.0,0.102,-11.877,0.139,138.115,0.455
2609,2026-03-27 19:19:00,Ted Neeley,"The Arrest - From ""Jesus Christ Superstar"" Soundtrack",156820,0.04356111111111111,2.6136666666666666,19,3,Friday,False,2026-03,"The Arrest - From ""Jesus Christ Superstar"" Soundtrack Ted Neeley",0.826,0.445,0.553,8.2e-05,0.0882,-11.494,0.355,88.263,0.366
2610,2026-03-27 19:19:00,Yvonne Elliman,"Everything's Alright - From ""Jesus Christ Superstar"" Soundtrack",0,0.0,0.0,19,3,Friday,True,2026-03,"Everything's Alright - From ""Jesus Christ Superstar"" Soundtrack Yvonne Elliman",0.455,0.413,0.433,0.0,0.112,-10.627,0.0371,135.277,0.498
2611,2026-03-27 19:19:00,Barry Dennen,"Pilate And Christ - From ""Jesus Christ Superstar"" Soundtrack",7493,0.0020813888888888887,0.12488333333333333,19,3,Friday,True,2026-03,"Pilate And Christ - From ""Jesus Christ Superstar"" Soundtrack Barry Dennen",0.826,0.374,0.273,0.0,0.0837,-14.423,0.143,77.193,0.159
2612,2026-03-27 19:19:00,Yvonne Elliman,"Peter's Denial - From ""Jesus Christ Superstar"" Soundtrack",1229,0.0003413888888888889,0.020483333333333333,19,3,Friday,True,2026-03,"Peter's Denial - From ""Jesus Christ Superstar"" Soundtrack Yvonne Elliman",0.913,0.512,0.393,0.00021,0.139,-12.803,0.0534,116.6,0.546
2613,2026-03-27 19:20:00,Ted Neeley,"The Arrest - From ""Jesus Christ Superstar"" Soundtrack",24411,0.006780833333333333,0.40685,19,3,Friday,True,2026-03,"The Arrest - From ""Jesus Christ Superstar"" Soundtrack Ted Neeley",0.826,0.445,0.553,8.2e-05,0.0882,-11.494,0.355,88.263,0.366
2614,2026-03-27 19:21:00,Yvonne Elliman,"Peter's Denial - From ""Jesus Christ Superstar"" Soundtrack",86706,0.024085,1.4451,19,3,Friday,False,2026-03,"Peter's Denial - From ""Jesus Christ Superstar"" Soundtrack Yvonne Elliman",0.913,0.512,0.393,0.00021,0.139,-12.803,0.0534,116.6,0.546
2615,2026-03-27 19:24:00,Barry Dennen,"Pilate And Christ - From ""Jesus Christ Superstar"" Soundtrack",176985,0.0491625,2.94975,19,3,Friday,False,2026-03,"Pilate And Christ - From ""Jesus Christ Superstar"" Soundtrack Barry Dennen",0.826,0.374,0.273,0.0,0.0837,-14.423,0.143,77.193,0.159
2616,2026-03-27 19:27:00,Joshua Mostel,"King Herod's Song - From ""Jesus Christ Superstar"" Soundtrack",193970,0.05388055555555556,3.2328333333333332,19,3,Friday,False,2026-03,"King Herod's Song - From ""Jesus Christ Superstar"" Soundtrack Joshua Mostel",0.878,0.663,0.479,7.57e-06,0.0215,-11.782,0.195,104.056,0.83
2617,2026-03-27 19:30:00,Yvonne Elliman,"Could We Start Again, Please? - From ""Jesus Christ Superstar"" Soundtrack",164864,0.045795555555555555,2.747733333333333,19,3,Friday,False,2026-03,"Could We Start Again, Please? - From ""Jesus Christ Superstar"" Soundtrack Yvonne Elliman",0.884,0.348,0.341,1.67e-05,0.105,-14.411,0.0469,78.738,0.332
2618,2026-03-27 19:33:00,Carl Anderson,"Judas' Death - From ""Jesus Christ Superstar"" Soundtrack",192962,0.053600555555555554,3.2160333333333333,19,3,Friday,False,2026-03,"Judas' Death - From ""Jesus Christ Superstar"" Soundtrack Carl Anderson",0.828,0.418,0.43,0.0321,0.31,-13.366,0.11,115.288,0.162
2619,2026-03-27 20:52:00,Barry Dennen,"Trial Before Pilate - From ""Jesus Christ Superstar"" Soundtrack",227660,0.06323888888888889,3.7943333333333333,20,3,Friday,False,2026-03,"Trial Before Pilate - From ""Jesus Christ Superstar"" Soundtrack Barry Dennen",0.879,0.402,0.654,0.000119,0.114,-9.714,0.633,175.441,0.279
2620,2026-03-29 08:58:00,Rosario Dawson,Out Tonight,20621,0.005728055555555556,0.34368333333333334,8,3,Sunday,True,2026-03,Out Tonight Rosario Dawson,0.000111,0.534,0.911,0.000406,0.078,-2.826,0.0441,139.02,0.681
2621,2026-03-30 04:55:00,Schell Games,I Expect You To Die,28814,0.008003888888888889,0.48023333333333335,4,3,Monday,True,2026-03,I Expect You To Die Schell Games,0.632,0.378,0.269,8.2e-05,0.202,-11.872,0.0353,115.471,0.179
2622,2026-03-30 05:00:00,Antònia Font,Vos estim a tots igual,10692,0.00297,0.1782,5,3,Monday,True,2026-03,Vos estim a tots igual Antònia Font,0.0769,0.595,0.672,0.0118,0.42,-6.758,0.0304,82.496,0.78
2623,2026-03-30 05:05:00,Scott Bradlee's Postmodern Jukebox,Don't Stop Me Now,10037,0.0027880555555555553,0.16728333333333334,5,3,Monday,True,2026-03,Don't Stop Me Now Scott Bradlee's Postmodern Jukebox,0.527,0.496,0.77,2.54e-05,0.263,-4.22,0.0976,150.892,0.692
2624,2026-03-30 05:15:00,Metallica,Until It Sleeps - Live,9525,0.0026458333333333334,0.15875,5,3,Monday,True,2026-03,Until It Sleeps - Live Metallica,9.23e-06,0.27,0.942,0.000286,0.404,-4.145,0.061,125.098,0.304
2625,2026-03-30 05:20:00,Ted Neeley,"Gethsemane (I Only Wanted To Say) - From ""Jesus Christ Superstar"" Soundtrack",10259,0.0028497222222222222,0.17098333333333332,5,3,Monday,True,2026-03,"Gethsemane (I Only Wanted To Say) - From ""Jesus Christ Superstar"" Soundtrack Ted Neeley",0.385,0.412,0.472,0.000685,0.125,-10.156,0.0477,137.26,0.311
2626,2026-03-30 05:25:00,Harry Nilsson,One,2856,0.0007933333333333333,0.0476,5,3,Monday,True,2026-03,One Harry Nilsson,0.946,0.455,0.063,0.000131,0.1,-21.191,0.0386,125.333,0.208
2627,2026-03-30 05:30:00,Kansas,Dust in the Wind,5151,0.0014308333333333334,0.08585,5,3,Monday,True,2026-03,Dust in the Wind Kansas,0.367,0.475,0.322,0.00056,0.11,-10.687,0.0283,93.503,0.387
2628,2026-03-30 05:35:00,Metallica,The Day That Never Comes - Live,6797,0.0018880555555555556,0.11328333333333333,5,3,Monday,True,2026-03,The Day That Never Comes - Live Metallica,0.000116,0.298,0.917,0.0416,0.906,-9.244,0.0797,136.026,0.231
2629,2026-03-30 05:40:00,Nstens1117,The Flash Vs. Arrow,9931,0.002758611111111111,0.16551666666666667,5,3,Monday,True,2026-03,The Flash Vs. Arrow Nstens1117,0.00178,0.262,0.851,0.824,0.115,-8.244,0.0473,130.921,0.14
2630,2026-03-30 09:53:00,Christopher Jackson,One Last Time,296388,0.08233,4.9398,9,3,Monday,False,2026-03,One Last Time Christopher Jackson,0.631,0.449,0.42,0.0,0.0805,-9.624,0.356,176.989,0.41
2631,2026-03-30 10:08:00,Jonathan Groff,I Know Him,97980,0.027216666666666667,1.633,10,3,Monday,False,2026-03,I Know Him Jonathan Groff,0.649,0.67,0.436,0.0,0.722,-8.636,0.364,121.581,0.378
2632,2026-03-30 10:09:00,Original Broadway Cast of Hamilton,The Adams Administration,54840,0.015233333333333333,0.914,10,3,Monday,False,2026-03,The Adams Administration Original Broadway Cast of Hamilton,0.505,0.8,0.362,0.0,0.121,-10.313,0.544,130.14,0.792
2633,2026-03-30 10:12:00,Lin-Manuel Miranda,We Know,142044,0.03945666666666667,2.3674,10,3,Monday,False,2026-03,We Know Lin-Manuel Miranda,,,,,,,,,
2634,2026-03-30 10:14:00,Lin-Manuel Miranda,Hurricane,143551,0.03987527777777778,2.392516666666667,10,3,Monday,False,2026-03,Hurricane Lin-Manuel Miranda,0.762,0.453,0.546,0.0,0.0965,-7.952,0.309,171.289,0.398
2635,2026-03-30 10:16:00,Original Broadway Cast of Hamilton,The Reynolds Pamphlet,128471,0.035686388888888886,2.141183333333333,10,3,Monday,False,2026-03,The Reynolds Pamphlet Original Broadway Cast of Hamilton,0.0277,0.751,0.573,0.0,0.129,-8.539,0.226,141.999,0.538
2636,2026-03-30 10:20:00,Phillipa Soo,Burn,225241,0.06256694444444444,3.754016666666667,10,3,Monday,False,2026-03,Burn Phillipa Soo,0.752,0.582,0.428,0.0,0.102,-9.13,0.0516,99.608,0.255
2637,2026-03-30 10:23:00,Ariana DeBose,Blow Us All Away,173594,0.04822055555555556,2.8932333333333333,10,3,Monday,False,2026-03,Blow Us All Away Ariana DeBose,0.388,0.82,0.451,0.0,0.563,-10.177,0.461,88.566,0.665
2638,2026-03-30 10:25:00,Lin-Manuel Miranda,Stay Alive - Reprise,111553,0.030986944444444445,1.8592166666666667,10,3,Monday,False,2026-03,Stay Alive - Reprise Lin-Manuel Miranda,0.535,0.546,0.246,0.0,0.0801,-13.754,0.26,160.031,0.427
2639,2026-03-30 10:29:00,Renée Elise Goldsberry,It's Quiet Uptown,270172,0.07504777777777778,4.502866666666667,10,3,Monday,False,2026-03,It's Quiet Uptown Renée Elise Goldsberry,0.796,0.484,0.187,0.0,0.0785,-14.076,0.0423,129.753,0.227
2640,2026-03-30 10:33:00,Daveed Diggs,The Election of 1800,237983,0.0661063888888889,3.9663833333333334,10,3,Monday,False,2026-03,The Election of 1800 Daveed Diggs,0.319,0.731,0.42,0.0,0.306,-10.199,0.462,67.426,0.645
2641,2026-03-30 10:36:00,Phillipa Soo,Best of Wives and Best of Women,47943,0.0133175,0.79905,10,3,Monday,False,2026-03,Best of Wives and Best of Women Phillipa Soo,0.751,0.647,0.115,0.0,0.0858,-16.826,0.0544,131.508,0.597
2642,2026-03-30 10:36:00,Leslie Odom Jr.,Your Obedient Servant,150064,0.04168444444444445,2.5010666666666665,10,3,Monday,False,2026-03,Your Obedient Servant Leslie Odom Jr.,0.293,0.736,0.37,0.0,0.042,-11.072,0.502,165.908,0.619
2643,2026-03-30 10:41:00,Leslie Odom Jr.,The World Was Wide Enough,302191,0.08394194444444444,5.0365166666666665,10,3,Monday,False,2026-03,The World Was Wide Enough Leslie Odom Jr.,0.467,0.653,0.351,0.0,0.107,-12.776,0.648,116.6,0.307
2644,2026-03-30 10:45:00,Original Broadway Cast of Hamilton,"Who Lives, Who Dies, Who Tells Your Story",217229,0.06034138888888889,3.6204833333333335,10,3,Monday,False,2026-03,"Who Lives, Who Dies, Who Tells Your Story Original Broadway Cast of Hamilton",0.777,0.353,0.326,0.0,0.0904,-9.687,0.0901,75.5,0.156
2645,2026-03-30 10:49:00,Leslie Odom Jr.,Alexander Hamilton,236738,0.06576055555555556,3.9456333333333333,10,3,Monday,False,2026-03,Alexander Hamilton Leslie Odom Jr.,0.522,0.609,0.435,0.0,0.118,-7.861,0.285,131.995,0.552
2646,2026-03-30 10:52:00,Lin-Manuel Miranda,"Aaron Burr, Sir",156631,0.04350861111111111,2.610516666666667,10,3,Monday,False,2026-03,"Aaron Burr, Sir Lin-Manuel Miranda",0.272,0.646,0.439,0.0,0.0945,-10.837,0.818,160.387,0.528
2647,2026-03-30 10:57:00,Lin-Manuel Miranda,My Shot,333154,0.09254277777777778,5.552566666666666,10,3,Monday,False,2026-03,My Shot Lin-Manuel Miranda,,,,,,,,,
2648,2026-03-30 10:59:00,Lin-Manuel Miranda,The Story of Tonight,91981,0.02555027777777778,1.5330166666666667,10,3,Monday,False,2026-03,The Story of Tonight Lin-Manuel Miranda,0.835,0.494,0.237,0.0,0.648,-10.579,0.0517,95.219,0.625
2649,2026-03-30 11:02:00,Renée Elise Goldsberry,The Schuyler Sisters,186543,0.0518175,3.10905,11,3,Monday,False,2026-03,The Schuyler Sisters Renée Elise Goldsberry,0.187,0.74,0.727,0.0,0.627,-6.253,0.278,101.409,0.792
2650,2026-03-30 11:04:00,Thayne Jasperson,Farmer Refuted,112742,0.031317222222222225,1.8790333333333333,11,3,Monday,False,2026-03,Farmer Refuted Thayne Jasperson,0.684,0.795,0.409,0.0,0.0548,-8.334,0.372,77.879,0.577
2651,2026-03-30 11:07:00,Jonathan Groff,You'll Be Back,208321,0.05786694444444444,3.4720166666666668,11,3,Monday,False,2026-03,You'll Be Back Jonathan Groff,0.39,0.607,0.466,0.0,0.135,-7.562,0.0578,121.741,0.434
2652,2026-03-30 11:13:00,Lin-Manuel Miranda,Right Hand Man,321697,0.08936027777777777,5.3616166666666665,11,3,Monday,False,2026-03,Right Hand Man Lin-Manuel Miranda,0.177,0.68,0.413,0.0,0.205,-9.41,0.492,158.576,0.383
2653,2026-03-30 11:14:00,Leslie Odom Jr.,A Winter's Ball,69901,0.019416944444444445,1.1650166666666666,11,3,Monday,False,2026-03,A Winter's Ball Leslie Odom Jr.,0.41,0.854,0.327,0.0,0.0889,-10.834,0.507,131.352,0.688
2654,2026-03-30 11:17:00,Nicholas Britell,L to the OG (feat. Kendall Roy),14360,0.003988888888888889,0.23933333333333334,11,3,Monday,True,2026-03,L to the OG (feat. Kendall Roy) Nicholas Britell,0.0109,0.608,0.737,0.0,0.189,-5.758,0.153,96.113,0.248
2655,2026-03-30 11:18:00,Phillipa Soo,Helpless,249771,0.06938083333333334,4.16285,11,3,Monday,False,2026-03,Helpless Phillipa Soo,0.334,0.688,0.491,0.0,0.0914,-7.494,0.269,79.009,0.737
2656,2026-03-30 11:23:00,Renée Elise Goldsberry,Satisfied,329228,0.09145222222222223,5.487133333333333,11,3,Monday,False,2026-03,Satisfied Renée Elise Goldsberry,0.287,0.707,0.593,0.0,0.15,-8.581,0.0949,123.772,0.478
2657,2026-03-30 11:25:00,Okieriete Onaodowan,The Story of Tonight - Reprise,115880,0.03218888888888889,1.9313333333333333,11,3,Monday,False,2026-03,The Story of Tonight - Reprise Okieriete Onaodowan,0.68,0.724,0.305,0.0,0.128,-12.763,0.257,81.874,0.594
2658,2026-03-30 11:29:00,Leslie Odom Jr.,Wait for It,193750,0.05381944444444445,3.2291666666666665,11,3,Monday,False,2026-03,Wait for It Leslie Odom Jr.,0.124,0.543,0.473,4.04e-06,0.0922,-9.638,0.157,86.534,0.519
2659,2026-03-30 11:31:00,Original Broadway Cast of Hamilton,Stay Alive,159103,0.04419527777777778,2.6517166666666667,11,3,Monday,False,2026-03,Stay Alive Original Broadway Cast of Hamilton,0.471,0.723,0.415,0.0,0.0995,-10.394,0.395,159.65,0.581
2660,2026-03-30 11:33:00,Lin-Manuel Miranda,Ten Duel Commandments,106646,0.02962388888888889,1.7774333333333334,11,3,Monday,False,2026-03,Ten Duel Commandments Lin-Manuel Miranda,0.0691,0.887,0.516,0.0,0.617,-8.187,0.658,77.977,0.828
2661,2026-03-30 11:34:00,Lin-Manuel Miranda,Meet Me Inside,83632,0.023231111111111112,1.3938666666666666,11,3,Monday,False,2026-03,Meet Me Inside Lin-Manuel Miranda,0.378,0.732,0.643,0.0,0.363,-8.318,0.474,88.543,0.644
2662,2026-03-30 11:37:00,Phillipa Soo,That Would Be Enough,178446,0.04956833333333333,2.9741,11,3,Monday,False,2026-03,That Would Be Enough Phillipa Soo,0.819,0.499,0.2,0.0,0.115,-10.276,0.0355,137.367,0.185
2663,2026-03-30 11:39:00,Leslie Odom Jr.,Guns and Ships,127578,0.035438333333333336,2.1263,11,3,Monday,False,2026-03,Guns and Ships Leslie Odom Jr.,0.399,0.72,0.666,0.0,0.0844,-6.914,0.328,138.03,0.383
2664,2026-03-30 11:41:00,Christopher Jackson,History Has Its Eyes on You,97050,0.026958333333333334,1.6175,11,3,Monday,False,2026-03,History Has Its Eyes on You Christopher Jackson,0.803,0.438,0.373,0.0,0.123,-9.769,0.0291,77.415,0.274
2665,2026-03-30 11:45:00,Original Broadway Cast of Hamilton,Yorktown (The World Turned Upside Down),242588,0.06738555555555556,4.0431333333333335,11,3,Monday,False,2026-03,Yorktown (The World Turned Upside Down) Original Broadway Cast of Hamilton,0.297,0.76,0.883,0.0,0.727,-5.397,0.25,98.012,0.51
2666,2026-03-30 11:47:00,Jonathan Groff,What Comes Next?,99343,0.027595277777777778,1.6557166666666667,11,3,Monday,False,2026-03,What Comes Next? Jonathan Groff,0.603,0.515,0.302,0.0,0.199,-10.882,0.079,114.972,0.277
2667,2026-03-30 11:50:00,Leslie Odom Jr.,Dear Theodosia,184004,0.051112222222222226,3.0667333333333335,11,3,Monday,False,2026-03,Dear Theodosia Leslie Odom Jr.,0.907,0.598,0.221,4.19e-05,0.0723,-10.484,0.0303,106.771,0.274
2668,2026-03-30 11:56:00,Leslie Odom Jr.,Non-Stop,385438,0.10706611111111111,6.423966666666667,11,3,Monday,False,2026-03,Non-Stop Leslie Odom Jr.,0.211,0.77,0.482,0.0,0.223,-9.529,0.351,91.994,0.441
2669,2026-03-30 12:00:00,Daveed Diggs,What'd I Miss,236701,0.06575027777777778,3.9450166666666666,12,3,Monday,False,2026-03,What'd I Miss Daveed Diggs,0.169,0.539,0.577,0.0,0.14,-7.763,0.386,177.787,0.319
2670,2026-03-30 12:04:00,Christopher Jackson,Cabinet Battle #1,215227,0.05978527777777778,3.5871166666666667,12,3,Monday,False,2026-03,Cabinet Battle #1 Christopher Jackson,0.0859,0.607,0.658,0.0,0.489,-7.762,0.423,87.043,0.513
2671,2026-03-30 12:09:00,Phillipa Soo,Take a Break,286486,0.07957944444444444,4.774766666666666,12,3,Monday,False,2026-03,Take a Break Phillipa Soo,0.587,0.552,0.371,0.0,0.18,-9.426,0.227,81.548,0.587
2672,2026-03-30 12:13:00,Jasmine Cephas-Jones,Say No to This,242017,0.06722694444444445,4.033616666666667,12,3,Monday,False,2026-03,Say No to This Jasmine Cephas-Jones,0.464,0.754,0.535,0.0,0.19,-8.156,0.305,81.035,0.395
2673,2026-03-30 12:18:00,Leslie Odom Jr.,The Room Where It Happens,318215,0.08839305555555556,5.303583333333333,12,3,Monday,False,2026-03,The Room Where It Happens Leslie Odom Jr.,0.271,0.638,0.49,0.0,0.664,-9.382,0.426,173.552,0.511
2674,2026-03-30 12:19:00,Phillipa Soo,Schuyler Defeated,63558,0.017655,1.0593,12,3,Monday,False,2026-03,Schuyler Defeated Phillipa Soo,0.236,0.745,0.597,0.0,0.157,-10.422,0.257,102.108,0.842
2675,2026-03-30 12:21:00,Christopher Jackson,Cabinet Battle #2,142640,0.039622222222222225,2.3773333333333335,12,3,Monday,False,2026-03,Cabinet Battle #2 Christopher Jackson,0.0582,0.753,0.539,0.0,0.353,-9.117,0.537,99.455,0.519
2676,2026-03-30 12:24:00,Leslie Odom Jr.,Washington on Your Side,181478,0.050410555555555556,3.0246333333333335,12,3,Monday,False,2026-03,Washington on Your Side Leslie Odom Jr.,0.165,0.884,0.521,0.0,0.0756,-10.216,0.348,134.051,0.425
2677,2026-03-30 12:29:00,Christopher Jackson,One Last Time,296388,0.08233,4.9398,12,3,Monday,False,2026-03,One Last Time Christopher Jackson,0.631,0.449,0.42,0.0,0.0805,-9.624,0.356,176.989,0.41
2678,2026-03-30 12:31:00,Jonathan Groff,I Know Him,97980,0.027216666666666667,1.633,12,3,Monday,False,2026-03,I Know Him Jonathan Groff,0.649,0.67,0.436,0.0,0.722,-8.636,0.364,121.581,0.378
2679,2026-03-30 12:32:00,Original Broadway Cast of Hamilton,The Adams Administration,54840,0.015233333333333333,0.914,12,3,Monday,False,2026-03,The Adams Administration Original Broadway Cast of Hamilton,0.505,0.8,0.362,0.0,0.121,-10.313,0.544,130.14,0.792
2680,2026-03-30 12:34:00,Lin-Manuel Miranda,We Know,142044,0.03945666666666667,2.3674,12,3,Monday,False,2026-03,We Know Lin-Manuel Miranda,,,,,,,,,
2681,2026-03-30 12:37:00,Lin-Manuel Miranda,Hurricane,143551,0.03987527777777778,2.392516666666667,12,3,Monday,False,2026-03,Hurricane Lin-Manuel Miranda,0.762,0.453,0.546,0.0,0.0965,-7.952,0.309,171.289,0.398
2682,2026-03-30 12:39:00,Original Broadway Cast of Hamilton,The Reynolds Pamphlet,128471,0.035686388888888886,2.141183333333333,12,3,Monday,False,2026-03,The Reynolds Pamphlet Original Broadway Cast of Hamilton,0.0277,0.751,0.573,0.0,0.129,-8.539,0.226,141.999,0.538
2683,2026-03-30 12:43:00,Phillipa Soo,Burn,225241,0.06256694444444444,3.754016666666667,12,3,Monday,False,2026-03,Burn Phillipa Soo,0.752,0.582,0.428,0.0,0.102,-9.13,0.0516,99.608,0.255
2684,2026-03-30 12:45:00,Ariana DeBose,Blow Us All Away,173594,0.04822055555555556,2.8932333333333333,12,3,Monday,False,2026-03,Blow Us All Away Ariana DeBose,0.388,0.82,0.451,0.0,0.563,-10.177,0.461,88.566,0.665
2685,2026-03-30 12:47:00,Lin-Manuel Miranda,Stay Alive - Reprise,111553,0.030986944444444445,1.8592166666666667,12,3,Monday,False,2026-03,Stay Alive - Reprise Lin-Manuel Miranda,0.535,0.546,0.246,0.0,0.0801,-13.754,0.26,160.031,0.427
2686,2026-03-30 12:52:00,Renée Elise Goldsberry,It's Quiet Uptown,270172,0.07504777777777778,4.502866666666667,12,3,Monday,False,2026-03,It's Quiet Uptown Renée Elise Goldsberry,0.796,0.484,0.187,0.0,0.0785,-14.076,0.0423,129.753,0.227
2687,2026-03-30 12:56:00,Daveed Diggs,The Election of 1800,237983,0.0661063888888889,3.9663833333333334,12,3,Monday,False,2026-03,The Election of 1800 Daveed Diggs,0.319,0.731,0.42,0.0,0.306,-10.199,0.462,67.426,0.645
2688,2026-03-30 12:58:00,Leslie Odom Jr.,Your Obedient Servant,150064,0.04168444444444445,2.5010666666666665,12,3,Monday,False,2026-03,Your Obedient Servant Leslie Odom Jr.,0.293,0.736,0.37,0.0,0.042,-11.072,0.502,165.908,0.619
2689,2026-03-30 12:59:00,Phillipa Soo,Best of Wives and Best of Women,47943,0.0133175,0.79905,12,3,Monday,False,2026-03,Best of Wives and Best of Women Phillipa Soo,0.751,0.647,0.115,0.0,0.0858,-16.826,0.0544,131.508,0.597
2690,2026-03-30 13:04:00,Leslie Odom Jr.,The World Was Wide Enough,302191,0.08394194444444444,5.0365166666666665,13,3,Monday,False,2026-03,The World Was Wide Enough Leslie Odom Jr.,0.467,0.653,0.351,0.0,0.107,-12.776,0.648,116.6,0.307
2691,2026-03-30 13:08:00,Original Broadway Cast of Hamilton,"Who Lives, Who Dies, Who Tells Your Story",217229,0.06034138888888889,3.6204833333333335,13,3,Monday,False,2026-03,"Who Lives, Who Dies, Who Tells Your Story Original Broadway Cast of Hamilton",0.777,0.353,0.326,0.0,0.0904,-9.687,0.0901,75.5,0.156
2692,2026-03-30 13:12:00,Leslie Odom Jr.,Alexander Hamilton,236738,0.06576055555555556,3.9456333333333333,13,3,Monday,False,2026-03,Alexander Hamilton Leslie Odom Jr.,0.522,0.609,0.435,0.0,0.118,-7.861,0.285,131.995,0.552
2693,2026-03-30 13:14:00,Lin-Manuel Miranda,"Aaron Burr, Sir",156631,0.04350861111111111,2.610516666666667,13,3,Monday,False,2026-03,"Aaron Burr, Sir Lin-Manuel Miranda",0.272,0.646,0.439,0.0,0.0945,-10.837,0.818,160.387,0.528
2694,2026-03-31 05:00:00,Els Amics De Les Arts,Els Binocles D'en Pere,27403,0.007611944444444445,0.45671666666666666,5,3,Tuesday,True,2026-03,Els Binocles D'en Pere Els Amics De Les Arts,0.59,0.58,0.411,0.0,0.124,-11.21,0.0361,132.769,0.476
2695,2026-03-31 05:10:00,Himesh Patel,"Something - From The Album ""One Man Only""",22236,0.006176666666666666,0.3706,5,3,Tuesday,True,2026-03,"Something - From The Album ""One Man Only"" Himesh Patel",0.721,0.598,0.346,0.313,0.128,-13.077,0.0331,138.005,0.155
2696,2026-03-31 05:15:00,Patrik Pietschmann,Beautiful Lie - Piano Version,19555,0.005431944444444444,0.3259166666666667,5,3,Tuesday,True,2026-03,Beautiful Lie - Piano Version Patrik Pietschmann,,,,,,,,,
2697,2026-03-31 05:20:00,Pink Floyd,Shine On You Crazy Diamond (Pts. 1-5),46381,0.012883611111111111,0.7730166666666667,5,3,Tuesday,False,2026-03,Shine On You Crazy Diamond (Pts. 1-5) Pink Floyd,0.772,0.264,0.294,0.686,0.107,-11.941,0.028,137.937,0.0402
2698,2026-03-31 05:30:00,Low Roar,I'll Keep Coming,5579,0.0015497222222222223,0.09298333333333333,5,3,Tuesday,True,2026-03,I'll Keep Coming Low Roar,0.0372,0.332,0.596,0.413,0.298,-5.607,0.0521,140.104,0.0996
2699,2026-03-31 05:40:00,Lorien Testard,Alicia,22568,0.006268888888888889,0.3761333333333333,5,3,Tuesday,True,2026-03,Alicia Lorien Testard,0.958,0.16,0.149,2.17e-06,0.156,-12.107,0.0419,169.141,0.141
2700,2026-03-31 06:05:00,Joe Anderson,"Happiness Is A Warm Gun - From ""Across The Universe"" Soundtrack",2767,0.0007686111111111111,0.04611666666666667,6,3,Tuesday,True,2026-03,"Happiness Is A Warm Gun - From ""Across The Universe"" Soundtrack Joe Anderson",0.146,0.576,0.452,0.00156,0.111,-9.137,0.0417,135.923,0.112
2701,2026-03-31 06:15:00,Lin-Manuel Miranda,My Shot,333154,0.09254277777777778,5.552566666666666,6,3,Tuesday,False,2026-03,My Shot Lin-Manuel Miranda,,,,,,,,,
2702,2026-03-31 06:17:00,Lin-Manuel Miranda,The Story of Tonight,91981,0.02555027777777778,1.5330166666666667,6,3,Tuesday,False,2026-03,The Story of Tonight Lin-Manuel Miranda,0.835,0.494,0.237,0.0,0.648,-10.579,0.0517,95.219,0.625
2703,2026-03-31 06:20:00,Renée Elise Goldsberry,The Schuyler Sisters,186543,0.0518175,3.10905,6,3,Tuesday,False,2026-03,The Schuyler Sisters Renée Elise Goldsberry,0.187,0.74,0.727,0.0,0.627,-6.253,0.278,101.409,0.792
2704,2026-03-31 06:22:00,Thayne Jasperson,Farmer Refuted,112742,0.031317222222222225,1.8790333333333333,6,3,Tuesday,False,2026-03,Farmer Refuted Thayne Jasperson,0.684,0.795,0.409,0.0,0.0548,-8.334,0.372,77.879,0.577
2705,2026-03-31 06:25:00,Jonathan Groff,You'll Be Back,208321,0.05786694444444444,3.4720166666666668,6,3,Tuesday,False,2026-03,You'll Be Back Jonathan Groff,0.39,0.607,0.466,0.0,0.135,-7.562,0.0578,121.741,0.434
2706,2026-03-31 06:31:00,Lin-Manuel Miranda,Right Hand Man,321697,0.08936027777777777,5.3616166666666665,6,3,Tuesday,False,2026-03,Right Hand Man Lin-Manuel Miranda,0.177,0.68,0.413,0.0,0.205,-9.41,0.492,158.576,0.383
2707,2026-03-31 06:32:00,Leslie Odom Jr.,A Winter's Ball,69901,0.019416944444444445,1.1650166666666666,6,3,Tuesday,False,2026-03,A Winter's Ball Leslie Odom Jr.,0.41,0.854,0.327,0.0,0.0889,-10.834,0.507,131.352,0.688
2708,2026-03-31 06:36:00,Phillipa Soo,Helpless,249771,0.06938083333333334,4.16285,6,3,Tuesday,False,2026-03,Helpless Phillipa Soo,0.334,0.688,0.491,0.0,0.0914,-7.494,0.269,79.009,0.737
2709,2026-03-31 06:42:00,Renée Elise Goldsberry,Satisfied,329228,0.09145222222222223,5.487133333333333,6,3,Tuesday,False,2026-03,Satisfied Renée Elise Goldsberry,0.287,0.707,0.593,0.0,0.15,-8.581,0.0949,123.772,0.478
2710,2026-03-31 06:44:00,Okieriete Onaodowan,The Story of Tonight - Reprise,115880,0.03218888888888889,1.9313333333333333,6,3,Tuesday,False,2026-03,The Story of Tonight - Reprise Okieriete Onaodowan,0.68,0.724,0.305,0.0,0.128,-12.763,0.257,81.874,0.594
2711,2026-03-31 06:47:00,Leslie Odom Jr.,Wait for It,193750,0.05381944444444445,3.2291666666666665,6,3,Tuesday,False,2026-03,Wait for It Leslie Odom Jr.,0.124,0.543,0.473,4.04e-06,0.0922,-9.638,0.157,86.534,0.519
2712,2026-03-31 06:49:00,Original Broadway Cast of Hamilton,Stay Alive,159103,0.04419527777777778,2.6517166666666667,6,3,Tuesday,False,2026-03,Stay Alive Original Broadway Cast of Hamilton,0.471,0.723,0.415,0.0,0.0995,-10.394,0.395,159.65,0.581
2713,2026-03-31 06:51:00,Lin-Manuel Miranda,Ten Duel Commandments,106646,0.02962388888888889,1.7774333333333334,6,3,Tuesday,False,2026-03,Ten Duel Commandments Lin-Manuel Miranda,0.0691,0.887,0.516,0.0,0.617,-8.187,0.658,77.977,0.828
2714,2026-03-31 06:53:00,Lin-Manuel Miranda,Meet Me Inside,83632,0.023231111111111112,1.3938666666666666,6,3,Tuesday,False,2026-03,Meet Me Inside Lin-Manuel Miranda,0.378,0.732,0.643,0.0,0.363,-8.318,0.474,88.543,0.644
2715,2026-03-31 06:56:00,Phillipa Soo,That Would Be Enough,178446,0.04956833333333333,2.9741,6,3,Tuesday,False,2026-03,That Would Be Enough Phillipa Soo,0.819,0.499,0.2,0.0,0.115,-10.276,0.0355,137.367,0.185
2716,2026-03-31 06:57:00,Leslie Odom Jr.,Guns and Ships,60787,0.016885277777777777,1.0131166666666667,6,3,Tuesday,False,2026-03,Guns and Ships Leslie Odom Jr.,0.399,0.72,0.666,0.0,0.0844,-6.914,0.328,138.03,0.383
