,query,artistName,trackName,msPlayed,HoursPlayed,MinutesPlayed,hour,month,acousticness,danceability,energy,instrumentalness,liveness,loudness,speechiness,tempo,valence,skipped
0,"""My Dear, Dear, World of a Father"" Nicholas Britell",Nicholas Britell,"""My Dear, Dear, World of a Father""",119489,0.033191388888888895,1.9914833333333333,6,1,0.987,0.446,0.0152,0.911,0.084,-24.392,0.0498,65.51,0.0435,False
1,15th Doctor's Dark Theme - Dot and Bubble (from Doctor Who) Tom Dabrowski,Tom Dabrowski,15th Doctor's Dark Theme - Dot and Bubble (from Doctor Who),68250,0.018958333333333334,1.1375,8,3,0.417,0.142,0.167,0.981,0.39,-18.258,0.0361,83.08,0.13,False
2,18 and Life Skid Row,Skid Row,18 and Life,229960,0.06387777777777778,3.832666666666667,8,2,0.000384,0.457,0.794,7.18e-05,0.131,-6.624,0.0298,90.439,0.354,False
3,20 de abril Celtas Cortos,Celtas Cortos,20 de abril,240710,0.06686388888888889,4.011833333333333,8,2,0.0274,0.611,0.866,2.89e-05,0.278,-5.135,0.0285,114.016,0.826,False
4,21 Guns Green Day,Green Day,21 Guns,321093,0.0891925,5.35155,17,2,0.0518,0.268,0.742,0.0,0.626,-4.939,0.0355,159.779,0.416,False
5,30 Dies Sense Cap Accident Els Amics De Les Arts,Els Amics De Les Arts,30 Dies Sense Cap Accident,26632,0.007397777777777777,0.4438666666666667,6,1,0.00284,0.47,0.96,0.0285,0.115,-3.965,0.0843,146.84,0.501,True
6,344 Wash G.E. Smith,G.E. Smith,344 Wash,9622,0.002672777777777778,0.16036666666666666,6,3,0.882,0.186,0.305,0.785,0.121,-14.41,0.0314,78.942,0.0398,True
7,4-3-3 Els Amics De Les Arts,Els Amics De Les Arts,4-3-3,645476,0.1792988888888889,10.757933333333334,6,2,,,,,,,,,,False
8,A Aquestes Alçades De La Pel·lícula Els Amics De Les Arts,Els Amics De Les Arts,A Aquestes Alçades De La Pel·lícula,636,0.00017666666666666666,0.0106,15,1,0.671,0.675,0.582,1.55e-05,0.128,-8.157,0.0504,125.958,0.857,True
9,A Close Friend James Newton Howard,James Newton Howard,A Close Friend,337070,0.09363055555555556,5.6178333333333335,16,1,0.976,0.082,0.0158,0.988,0.0855,-33.355,0.0466,170.441,0.0377,False
10,A Day In The Life - Live Jeff Beck,Jeff Beck,A Day In The Life - Live,677481,0.18818916666666669,11.291350000000001,10,3,0.196,0.358,0.573,0.69,0.953,-9.89,0.0434,70.448,0.277,False
11,A Good Man? (Twelve's Theme) Murray Gold,Murray Gold,A Good Man? (Twelve's Theme),2126,0.0005905555555555555,0.03543333333333333,15,1,,,,,,,,,,True
12,A Hard Day's Night Piano Tribute Players,Piano Tribute Players,A Hard Day's Night,149893,0.04163694444444444,2.4982166666666665,8,2,0.98,0.546,0.414,0.892,0.144,-14.303,0.0442,133.018,0.405,False
13,A Hard Rain's A-Gonna Fall Laura Marling,Laura Marling,A Hard Rain's A-Gonna Fall,470246,0.1306238888888889,7.837433333333333,9,2,0.295,0.593,0.424,0.00012,0.109,-11.988,0.0464,132.977,0.188,False
14,A Heart Full Of Love Eddie Redmayne,Eddie Redmayne,A Heart Full Of Love,26561,0.007378055555555555,0.4426833333333333,6,2,0.974,0.246,0.0987,5.78e-05,0.108,-19.41,0.0412,169.452,0.181,True
15,A La Mercè D'Un So - En Directe Al Festival De Cap Roig / 2015 Els Amics De Les Arts,Els Amics De Les Arts,A La Mercè D'Un So - En Directe Al Festival De Cap Roig / 2015,242453,0.06734805555555555,4.040883333333333,11,1,0.00861,0.366,0.759,4.95e-05,0.697,-7.922,0.0461,154.475,0.405,False
16,A Little Fall of Rain - Instrumental Piano Tribute Players,Piano Tribute Players,A Little Fall of Rain - Instrumental,21006,0.005835,0.35009999999999997,6,2,0.993,0.661,0.264,0.912,0.114,-16.579,0.04,114.013,0.316,True
17,"A Man Without Love (Everday I Wake Up) [from ""Moon Knight""] Mega Anthem Hitz",Mega Anthem Hitz,"A Man Without Love (Everday I Wake Up) [from ""Moon Knight""]",211907,0.05886305555555556,3.5317833333333333,12,1,0.853,0.583,0.368,0.0,0.0967,-11.742,0.0333,107.698,0.613,False
18,A Man Without Love (Piano Version) Riyandi Kusuma,Riyandi Kusuma,A Man Without Love (Piano Version),201975,0.05610416666666666,3.36625,12,1,0.983,0.418,0.16,0.882,0.131,-18.218,0.0385,111.505,0.116,False
19,A Man Without Love - Live Engelbert Humperdinck,Engelbert Humperdinck,A Man Without Love - Live,195440,0.054288888888888887,3.2573333333333334,12,1,0.729,0.386,0.473,0.0,0.271,-12.416,0.0345,110.322,0.498,False
20,A Man Without Love / Cuando Me Enamoro (with Angélica María) Engelbert Humperdinck,Engelbert Humperdinck,A Man Without Love / Cuando Me Enamoro (with Angélica María),200746,0.05576277777777778,3.3457666666666666,12,1,0.638,0.619,0.527,0.0,0.121,-8.258,0.027,113.035,0.456,False
21,A Man Without Love Engelbert Humperdinck,Engelbert Humperdinck,A Man Without Love,203133,0.056425833333333335,3.38555,11,1,0.637,0.538,0.467,0.0,0.115,-9.589,0.0327,111.766,0.507,False
22,A Man Without Love Michael Ball,Michael Ball,A Man Without Love,211667,0.05879638888888889,3.5277833333333333,11,1,0.576,0.458,0.613,0.000494,0.242,-6.662,0.03,108.822,0.553,False
23,A Man Without Love Ronnie Aldrich and his 2 pianos,Ronnie Aldrich and his 2 pianos,A Man Without Love,217160,0.06032222222222222,3.6193333333333335,12,1,0.565,0.512,0.508,0.842,0.194,-10.178,0.0261,110.414,0.575,False
24,"A Narnia Lullaby (From ""The Chronicles of Narnia"") - Piano Version Sergy el Som",Sergy el Som,"A Narnia Lullaby (From ""The Chronicles of Narnia"") - Piano Version",6115,0.001698611111111111,0.10191666666666667,6,3,0.984,0.254,0.0164,0.929,0.0783,-28.76,0.0412,69.367,0.0681,True
25,A Pirate's Life Brian Tyler,Brian Tyler,A Pirate's Life,122440,0.03401111111111111,2.0406666666666666,8,3,0.516,0.728,0.585,0.922,0.113,-13.505,0.0419,99.987,0.589,False
26,A Pirate's Life Joel Fry,Joel Fry,A Pirate's Life,5460,0.0015166666666666666,0.091,8,3,0.985,0.758,0.455,4.59e-05,0.107,-13.306,0.209,102.433,0.341,True
27,A Pirate's Life for Me Ron Goodwin,Ron Goodwin,A Pirate's Life for Me,30437,0.008454722222222223,0.5072833333333333,8,3,0.9,0.349,0.401,0.93,0.248,-13.858,0.0331,80.023,0.219,False
28,A Simple Life Brian Crain,Brian Crain,A Simple Life,1593,0.0004425,0.02655,8,3,0.975,0.365,0.176,0.884,0.188,-15.878,0.0352,113.955,0.114,True
29,A Tout Le Monde - Remastered 2004 Megadeth,Megadeth,A Tout Le Monde - Remastered 2004,262133,0.07281472222222223,4.368883333333334,8,2,0.000305,0.337,0.814,1.74e-05,0.162,-3.466,0.039,202.726,0.343,False
30,A Vegades - En Directe Al Festival De Cap Roig / 2015 Els Amics De Les Arts,Els Amics De Les Arts,A Vegades - En Directe Al Festival De Cap Roig / 2015,608963,0.1691563888888889,10.149383333333333,10,1,0.00445,0.36,0.774,0.0,0.817,-7.461,0.0513,147.337,0.374,False
31,A Vegades Els Amics De Les Arts,Els Amics De Les Arts,A Vegades,10836,0.00301,0.1806,9,1,0.26,0.646,0.611,8.25e-05,0.0649,-9.898,0.0459,137.236,0.686,True
32,A View To A Kill Mister Bond,Mister Bond,A View To A Kill,620240,0.17228888888888888,10.337333333333333,9,1,0.397,0.659,0.661,0.0011,0.252,-8.268,0.029,149.957,0.607,False
33,"A View To Kill - From ""A View To Kill"" Royal Philharmonic Orchestra",Royal Philharmonic Orchestra,"A View To Kill - From ""A View To Kill""",136000,0.03777777777777778,2.2666666666666666,16,1,,,,,,,,,,False
34,A View to a Kill One Piano,One Piano,A View to a Kill,14917,0.004143611111111111,0.24861666666666668,6,1,0.98,0.726,0.523,0.892,0.116,-6.918,0.0373,124.084,0.259,True
35,A Whole New World Lea Salonga,Lea Salonga,A Whole New World,375020,0.10417222222222222,6.250333333333334,7,3,0.846,0.285,0.227,2.11e-06,0.1,-15.793,0.0354,115.8,0.135,False
36,A Winter's Ball Leslie Odom Jr.,Leslie Odom Jr.,A Winter's Ball,209703,0.058250833333333335,3.49505,11,3,0.41,0.854,0.327,0.0,0.0889,-10.834,0.507,131.352,0.688,False
37,"Aaron Burr, Sir Lin-Manuel Miranda",Lin-Manuel Miranda,"Aaron Burr, Sir",471320,0.13092222222222222,7.855333333333334,10,3,0.272,0.646,0.439,0.0,0.0945,-10.837,0.818,160.387,0.528,False
38,About A Girl Nirvana,Nirvana,About A Girl,170496,0.04736,2.8416,15,2,5.13e-06,0.413,0.875,0.00058,0.209,-7.48,0.031,131.951,0.575,True
39,"Across The Universe - From ""Across The Universe"" Soundtrack Jim Sturgess",Jim Sturgess,"Across The Universe - From ""Across The Universe"" Soundtrack",210471,0.058464166666666664,3.50785,10,2,0.0402,0.459,0.498,1.9e-06,0.355,-8.361,0.0806,116.485,0.435,True
40,Across The Universe - Remix Rufus Wainwright,Rufus Wainwright,Across The Universe - Remix,498774,0.13854833333333333,8.3129,9,1,0.518,0.344,0.414,0.0,0.0982,-6.567,0.0269,148.591,0.201,False
41,Across the Spider-Verse (Intro) Daniel Pemberton,Daniel Pemberton,Across the Spider-Verse (Intro),165173,0.04588138888888889,2.752883333333333,15,1,0.0623,0.265,0.347,0.844,0.067,-13.199,0.0377,134.884,0.22,False
42,"Across the Stars (From ""Star Wars: Attack of the Clones"") - Piano Version Patrik Pietschmann",Patrik Pietschmann,"Across the Stars (From ""Star Wars: Attack of the Clones"") - Piano Version",461856,0.12829333333333334,7.6976,8,1,0.984,0.627,0.0601,0.894,0.0914,-18.692,0.0488,112.198,0.0766,False
43,"Across the Stars (Love Theme from ""Star Wars: Attack of the Clones"") John Williams",John Williams,"Across the Stars (Love Theme from ""Star Wars: Attack of the Clones"")",2028311,0.5634197222222223,33.80518333333333,8,3,,,,,,,,,,False
44,Across the Stars (Love Theme) Samuel Kim,Samuel Kim,Across the Stars (Love Theme),198318,0.055088333333333336,3.3053,9,1,0.915,0.2,0.259,0.906,0.0941,-9.627,0.0369,104.969,0.118,False
45,"Across the Stars (Love Theme) [From ""Star Wars: Episode II - Attack of the Clones""] John Williams",John Williams,"Across the Stars (Love Theme) [From ""Star Wars: Episode II - Attack of the Clones""]",363507,0.10097416666666667,6.05845,9,1,0.907,0.0881,0.144,0.936,0.116,-18.702,0.0396,76.149,0.0396,False
46,"Across the Stars (Love theme from ""Star Wars: Attack of the Clones"") Steven Bear",Steven Bear,"Across the Stars (Love theme from ""Star Wars: Attack of the Clones"")",212477,0.05902138888888889,3.5412833333333333,15,2,0.986,0.475,0.0485,0.853,0.0843,-21.063,0.0386,73.085,0.0631,False
47,"Across the Stars (from ""Star Wars"") Across the Stars",Across the Stars,"Across the Stars (from ""Star Wars"")",145857,0.040515833333333334,2.43095,8,1,,,,,,,,,,False
48,Across the Stars - Piano Wesley Sprayue,Wesley Sprayue,Across the Stars - Piano,1260426,0.3501183333333333,21.0071,15,1,0.993,0.474,0.0211,0.949,0.0754,-24.212,0.0527,79.368,0.183,False
49,Across the Stars - sleep piano Frozen Silence,Frozen Silence,Across the Stars - sleep piano,73785,0.020495833333333335,1.22975,8,1,0.996,0.515,0.0113,0.937,0.0959,-29.617,0.0696,62.942,0.451,False
50,Across the Stars John Williams,John Williams,Across the Stars,921035,0.25584305555555553,15.350583333333333,9,1,,,,,,,,,,False
51,Across the Stars Kenji Tanaka Piano Versions,Kenji Tanaka Piano Versions,Across the Stars,67623,0.018784166666666668,1.12705,8,1,0.995,0.375,0.0194,0.939,0.0963,-28.078,0.0365,68.41,0.139,False
52,Across the Universe (Instrumental Piano) Matchstick Piano Man,Matchstick Piano Man,Across the Universe (Instrumental Piano),234150,0.06504166666666666,3.9025,7,2,0.996,0.403,0.0643,0.966,0.0919,-25.681,0.0543,70.826,0.0946,False
53,Adagio in C Minor Nicholas Britell,Nicholas Britell,Adagio in C Minor,895,0.0002486111111111111,0.014916666666666667,6,1,0.87,0.159,0.0809,0.961,0.105,-17.866,0.0421,131.447,0.0363,True
54,Addicted to a Certain Lifestyle David Arnold,David Arnold,Addicted to a Certain Lifestyle,230267,0.06396305555555555,3.8377833333333333,16,1,,,,,,,,,,False
55,Adéu Els Amics De Les Arts,Els Amics De Les Arts,Adéu,1723,0.00047861111111111113,0.028716666666666668,10,2,0.672,0.643,0.274,0.115,0.121,-18.223,0.038,94.873,0.303,True
56,Ahsoka Leaves Kevin Kiner,Kevin Kiner,Ahsoka Leaves,14068,0.003907777777777777,0.23446666666666666,6,2,0.608,0.0754,0.19,0.915,0.126,-16.307,0.036,175.525,0.0391,True
57,Ain't No Grave Johnny Cash,Johnny Cash,Ain't No Grave,5369,0.0014913888888888889,0.08948333333333333,15,1,0.894,0.52,0.35,0.000778,0.0895,-10.713,0.052,79.647,0.39,True
58,Ain't No Grave Renée Elise Goldsberry,Renée Elise Goldsberry,Ain't No Grave,51768,0.01438,0.8628,6,3,0.205,0.507,0.535,8e-06,0.112,-9.35,0.0571,144.188,0.462,True
59,"Air Bond / Necros Attacks - From ""The Living Daylights"" John Barry",John Barry,"Air Bond / Necros Attacks - From ""The Living Daylights""",414666,0.115185,6.9111,15,1,0.111,0.374,0.481,0.964,0.0966,-10.155,0.0295,129.946,0.159,False
60,Al Alba Menaix a Truà,Menaix a Truà,Al Alba,20461,0.0056836111111111115,0.3410166666666667,6,1,0.621,0.691,0.526,0.0598,0.0824,-6.789,0.027,132.136,0.212,True
61,Alexander Hamilton Leslie Odom Jr.,Leslie Odom Jr.,Alexander Hamilton,823000,0.2286111111111111,13.716666666666667,14,1,0.522,0.609,0.435,0.0,0.118,-7.861,0.285,131.995,0.552,False
62,Alexander Hamilton One Piano,One Piano,Alexander Hamilton,4415,0.0012263888888888888,0.07358333333333333,6,3,0.88,0.593,0.278,0.884,0.0948,-17.237,0.0507,132.98,0.143,True
63,"Alice's Theme - From ""Alice in Wonderland""/Soundtrack Version Danny Elfman",Danny Elfman,"Alice's Theme - From ""Alice in Wonderland""/Soundtrack Version",738662,0.2051838888888889,12.311033333333333,8,3,0.926,0.417,0.415,0.662,0.0815,-12.66,0.0365,119.984,0.126,False
64,Alicia Lorien Testard,Lorien Testard,Alicia,912954,0.2535983333333333,15.215900000000001,5,1,0.958,0.16,0.149,2.17e-06,0.156,-12.107,0.0419,169.141,0.141,False
65,All My Loving Christopher Phillips,Christopher Phillips,All My Loving,173920,0.04831111111111111,2.8986666666666667,8,2,0.986,0.45,0.162,0.96,0.101,-21.191,0.0356,137.625,0.31,True
66,All You Need Is Love (Instrumental Piano) Matchstick Piano Man,Matchstick Piano Man,All You Need Is Love (Instrumental Piano),205370,0.05704722222222222,3.422833333333333,12,2,0.996,0.483,0.00638,0.965,0.097,-28.316,0.0804,131.897,0.345,False
67,"Allegro Bellicoso - ""Pirates"" Nicholas Britell",Nicholas Britell,"Allegro Bellicoso - ""Pirates""",13610,0.0037805555555555557,0.22683333333333333,6,3,0.837,0.154,0.0809,0.849,0.131,-16.88,0.0414,93.535,0.0381,True
68,Allegro in C Minor Nicholas Britell,Nicholas Britell,Allegro in C Minor,36111,0.010030833333333333,0.60185,5,1,0.536,0.664,0.519,0.957,0.0814,-8.792,0.0355,140.769,0.04,False
69,Almost Nothing (feat. Okay Kaya) Silent Poets,Silent Poets,Almost Nothing (feat. Okay Kaya),313979,0.0872163888888889,5.232983333333334,10,3,0.249,0.453,0.434,0.478,0.0894,-11.32,0.0291,108.016,0.0768,True
70,Als Abismes Els Amics De Les Arts,Els Amics De Les Arts,Als Abismes,255997,0.07111027777777779,4.266616666666667,6,1,0.0637,0.595,0.758,0.0145,0.0538,-7.237,0.0698,180.002,0.556,False
71,Amants perfectes Antònia Font,Antònia Font,Amants perfectes,171307,0.047585277777777775,2.8551166666666665,16,3,0.585,0.735,0.413,2.96e-05,0.115,-14.041,0.0342,97.04,0.501,False
72,American Idiot Green Day,Green Day,American Idiot,7316,0.002032222222222222,0.12193333333333334,15,3,2.64e-05,0.38,0.988,7.86e-05,0.368,-2.042,0.0639,186.113,0.769,True
73,American Venom Woody Jackson,Woody Jackson,American Venom,31062,0.008628333333333333,0.5177,6,3,0.00766,0.519,0.801,0.9,0.109,-8.787,0.0507,134.954,0.375,False
74,Anakin's Betrayal John Williams,John Williams,Anakin's Betrayal,1403,0.00038972222222222224,0.023383333333333332,8,2,,,,,,,,,,True
75,Anakin's Dark Deeds John Williams,John Williams,Anakin's Dark Deeds,285818,0.07939388888888889,4.763633333333334,6,1,,,,,,,,,,False
76,And I Love Her (Instrumental Piano) Matchstick Piano Man,Matchstick Piano Man,And I Love Her (Instrumental Piano),394154,0.10948722222222222,6.569233333333333,9,2,0.994,0.337,0.0161,0.901,0.0978,-29.811,0.0463,64.959,0.247,False
77,And I Love Her - Remastered 2009 The Beatles,The Beatles,And I Love Her - Remastered 2009,163713,0.04547583333333333,2.72855,6,2,0.64,0.767,0.331,0.0,0.0681,-10.777,0.0337,113.312,0.636,True
78,And I Love Her Kurt Cobain,Kurt Cobain,And I Love Her,215954,0.05998722222222222,3.5992333333333333,7,1,0.983,0.61,0.287,0.827,0.129,-15.299,0.0328,96.697,0.459,False
79,And I Love Her Mark Maxwell,Mark Maxwell,And I Love Her,396618,0.11017166666666667,6.6103,12,1,0.956,0.641,0.305,0.919,0.0932,-14.061,0.0327,123.995,0.17,False
80,And I Love Her Pat Metheny,Pat Metheny,And I Love Her,9118,0.002532777777777778,0.15196666666666667,6,2,,,,,,,,,,True
81,"Andante Con Moto - Piano and Strings - ""Vaulter"" Nicholas Britell",Nicholas Britell,"Andante Con Moto - Piano and Strings - ""Vaulter""",2439,0.0006775,0.04065,8,2,0.957,0.493,0.0968,0.913,0.102,-17.953,0.0385,99.207,0.0364,True
82,Andante Con Moto - Strings in E-flat Minor Nicholas Britell,Nicholas Britell,Andante Con Moto - Strings in E-flat Minor,57609,0.0160025,0.9601500000000001,5,1,0.268,0.353,0.241,0.878,0.11,-16.249,0.0503,99.184,0.0295,True
83,"Andante Moderato - End Credits - ""Amen"" Nicholas Britell",Nicholas Britell,"Andante Moderato - End Credits - ""Amen""",3873,0.0010758333333333334,0.06455,8,2,0.759,0.121,0.161,0.945,0.131,-14.012,0.0477,84.788,0.0362,True
84,Andante in C Minor - Main Theme Strings Variation Nicholas Britell,Nicholas Britell,Andante in C Minor - Main Theme Strings Variation,518,0.0001438888888888889,0.008633333333333333,15,3,0.981,0.259,0.0327,0.635,0.0692,-20.94,0.0408,94.809,0.0579,True
85,Andantino for Brass and Orchestra in B Minor Nicholas Britell,Nicholas Britell,Andantino for Brass and Orchestra in B Minor,14587,0.004051944444444445,0.24311666666666668,6,1,0.988,0.321,0.0416,0.862,0.103,-17.139,0.0308,84.732,0.0562,True
86,Aniversari Manel,Manel,Aniversari,6155,0.0017097222222222223,0.10258333333333333,6,2,0.856,0.409,0.473,6.38e-05,0.118,-9.471,0.0346,134.646,0.498,True
87,Another Brick in the Wall Gabriella Quevedo,Gabriella Quevedo,Another Brick in the Wall,266424,0.07400666666666667,4.4404,17,1,0.602,0.69,0.266,0.88,0.111,-15.028,0.0568,104.192,0.398,False
88,Another Love (Piano Version) Riyandi Kusuma,Riyandi Kusuma,Another Love (Piano Version),247697,0.06880472222222223,4.128283333333333,10,2,0.979,0.412,0.229,0.904,0.153,-17.6,0.0481,120.462,0.0585,False
89,Another Love Tom Odell,Tom Odell,Another Love,244360,0.06787777777777777,4.072666666666667,7,2,0.695,0.445,0.537,1.65e-05,0.0944,-8.532,0.04,122.769,0.131,False
90,Another One Bites The Dust - Remastered 2011 Queen,Queen,Another One Bites The Dust - Remastered 2011,214653,0.059625833333333336,3.57755,12,1,0.112,0.933,0.528,0.312,0.163,-6.472,0.161,109.967,0.754,False
91,"Another Way To Die - From ""Quantum of Solace"" Royal Philharmonic Orchestra",Royal Philharmonic Orchestra,"Another Way To Die - From ""Quantum of Solace""",415946,0.11554055555555555,6.932433333333333,15,1,,,,,,,,,,False
92,Another Way to Die Jack White,Jack White,Another Way to Die,8595,0.0023875,0.14325,6,3,0.0239,0.486,0.765,3.02e-05,0.11,-4.23,0.128,141.933,0.386,True
93,Another Way to Die One Piano,One Piano,Another Way to Die,196022,0.05445055555555556,3.267033333333333,6,2,,,,,,,,,,False
94,Anything You Need Low Roar,Low Roar,Anything You Need,192373,0.05343694444444445,3.2062166666666667,15,2,0.806,0.221,0.34,0.989,0.104,-10.935,0.0314,85.665,0.0397,False
95,Apologia de la Ingenuïtat Els Amics De Les Arts,Els Amics De Les Arts,Apologia de la Ingenuïtat,15821,0.004394722222222223,0.2636833333333333,5,1,0.0325,0.483,0.937,0.0,0.139,-3.642,0.155,112.624,0.367,True
96,Après la tendresse Anna Roig,Anna Roig,Après la tendresse,166822,0.04633944444444445,2.7803666666666667,6,2,0.879,0.428,0.216,0.0145,0.118,-15.555,0.0351,141.454,0.23,False
97,Apunto Shakespeare - des de casa Els Amics De Les Arts,Els Amics De Les Arts,Apunto Shakespeare - des de casa,297096,0.08252666666666666,4.9516,15,3,0.692,0.471,0.331,0.0,0.103,-10.898,0.0339,167.728,0.324,False
98,Apunto Shakespeare Els Amics De Les Arts,Els Amics De Les Arts,Apunto Shakespeare,306650,0.08518055555555556,5.110833333333334,6,2,0.508,0.465,0.434,5.1e-06,0.231,-10.548,0.0337,186.881,0.507,False
99,Aquests dinars Els Amics De Les Arts,Els Amics De Les Arts,Aquests dinars,15043,0.004178611111111111,0.25071666666666664,6,3,0.714,0.486,0.347,0.0152,0.0869,-11.284,0.0319,77.369,0.185,True
100,Arabian Nights - Remastered 2022 Bruce Adler,Bruce Adler,Arabian Nights - Remastered 2022,319148,0.08865222222222222,5.319133333333333,8,3,0.723,0.485,0.198,0.0,0.208,-15.53,0.0421,128.648,0.56,False
101,Armando Rampas (Recital del Robot I L'astronauta I) Antònia Font,Antònia Font,Armando Rampas (Recital del Robot I L'astronauta I),14933,0.004148055555555556,0.24888333333333335,6,1,0.0996,0.629,0.703,0.0,0.232,-7.244,0.0294,141.911,0.804,True
102,Arrival of the Birds The Cinematic Orchestra,The Cinematic Orchestra,Arrival of the Birds,314480,0.08735555555555556,5.241333333333333,10,1,0.937,0.175,0.143,0.933,0.0915,-17.439,0.0412,173.33,0.0662,False
103,Astres Manu Guix,Manu Guix,Astres,111,3.0833333333333335e-05,0.00185,16,3,,,,,,,,,,True
104,At Wit's End Hans Zimmer,Hans Zimmer,At Wit's End,485907,0.13497416666666667,8.09845,15,3,0.598,0.0622,0.169,0.888,0.106,-18.778,0.0454,63.613,0.037,False
105,At the End of the Day - Instrumental Piano Tribute Players,Piano Tribute Players,At the End of the Day - Instrumental,239975,0.06665972222222223,3.9995833333333333,7,3,0.99,0.346,0.324,0.898,0.116,-17.316,0.0364,194.99,0.274,False
106,Atelier de Clea - Fleur de Paris Lorien Testard,Lorien Testard,Atelier de Clea - Fleur de Paris,153000,0.0425,2.55,11,1,0.714,0.715,0.149,1.48e-05,0.115,-17.575,0.0799,124.795,0.57,False
107,Austerlitz - Allegretto Nicholas Britell,Nicholas Britell,Austerlitz - Allegretto,36520,0.010144444444444444,0.6086666666666667,5,2,0.919,0.688,0.102,0.199,0.109,-29.191,0.0504,119.996,0.142,False
108,Austerlitz - Allegro Moderato Nicholas Britell,Nicholas Britell,Austerlitz - Allegro Moderato,22054,0.006126111111111111,0.36756666666666665,12,3,0.957,0.5,0.128,0.877,0.111,-27.45,0.0472,119.741,0.156,True
109,Autumn Leaves (Live At Blues Alley) Eva Cassidy,Eva Cassidy,Autumn Leaves (Live At Blues Alley),289560,0.08043333333333333,4.826,10,1,0.976,0.367,0.0445,0.0283,0.734,-19.014,0.035,147.411,0.118,False
110,Autumn Leaves (Piano Version) Matt Ganim,Matt Ganim,Autumn Leaves (Piano Version),336364,0.09343444444444444,5.606066666666667,10,1,0.988,0.465,0.0151,0.87,0.0767,-19.357,0.0568,105.16,0.212,False
111,Autumn Leaves - Piano Version Samuel Joseph,Samuel Joseph,Autumn Leaves - Piano Version,99370,0.027602777777777778,1.6561666666666666,17,1,,,,,,,,,,False
112,Autumn Leaves - Remastered 1999 Frank Sinatra,Frank Sinatra,Autumn Leaves - Remastered 1999,345734,0.09603722222222222,5.7622333333333335,9,1,0.868,0.223,0.105,4.92e-05,0.181,-17.766,0.0316,81.493,0.0783,False
113,Autumn Leaves Bill Evans,Bill Evans,Autumn Leaves,335149,0.09309694444444444,5.585816666666666,14,1,0.919,0.626,0.295,0.695,0.0797,-13.651,0.037,103.064,0.579,False
114,Autumn Leaves Eric Clapton,Eric Clapton,Autumn Leaves,1266138,0.351705,21.1023,9,1,0.795,0.326,0.188,0.676,0.112,-17.393,0.0363,82.688,0.184,False
115,Autumn Leaves Miles Davis,Miles Davis,Autumn Leaves,660280,0.1834111111111111,11.004666666666667,14,1,0.784,0.543,0.164,9.62e-05,0.111,-14.351,0.0358,111.905,0.306,False
116,Autumn Leaves Nat King Cole,Nat King Cole,Autumn Leaves,161766,0.044935,2.6961,10,1,0.939,0.211,0.348,0.00052,0.384,-10.12,0.0326,86.868,0.0981,False
117,Autumn Leaves Oscar Peterson Trio,Oscar Peterson Trio,Autumn Leaves,5797,0.0016102777777777777,0.09661666666666667,14,1,0.711,0.42,0.441,0.000586,0.192,-11.266,0.0349,81.442,0.532,True
118,"Ay Ho/ Cavar, Cavar Jesús Aguirre",Jesús Aguirre,"Ay Ho/ Cavar, Cavar",668000,0.18555555555555556,11.133333333333333,7,3,0.868,0.848,0.566,9.75e-06,0.105,-9.603,0.0908,103.011,0.734,False
119,Bad Guy Scott Bradlee's Postmodern Jukebox,Scott Bradlee's Postmodern Jukebox,Bad Guy,478597,0.1329436111111111,7.976616666666667,7,1,0.063,0.527,0.273,0.000242,0.0808,-16.039,0.126,126.693,0.321,False
120,Bad Moon Rising Creedence Clearwater Revival,Creedence Clearwater Revival,Bad Moon Rising,141600,0.03933333333333333,2.36,8,2,0.0586,0.508,0.774,4.87e-06,0.063,-5.973,0.0321,178.946,0.942,False
121,Balada del Agua del Mar Joel Minguet,Joel Minguet,Balada del Agua del Mar,323552,0.08987555555555556,5.392533333333334,6,1,0.823,0.305,0.265,0.0392,0.15,-14.787,0.0456,179.396,0.148,True
122,Ballad of John and Yoko Piano Tribute Players,Piano Tribute Players,Ballad of John and Yoko,11680,0.0032444444444444443,0.19466666666666665,19,2,0.957,0.515,0.42,0.83,0.125,-16.509,0.0425,134.97,0.36,True
123,Ballad of a Thin Man Richard Hawley,Richard Hawley,Ballad of a Thin Man,408428,0.11345222222222223,6.807133333333334,16,2,0.35,0.246,0.555,2.69e-06,0.194,-9.276,0.0493,73.314,0.276,False
124,Ballet of the Little Cafe Brian Crain,Brian Crain,Ballet of the Little Cafe,34761,0.009655833333333332,0.57935,6,1,0.977,0.296,0.131,0.914,0.111,-18.338,0.0376,150.194,0.335,True
125,Balrog Boogie Diablo Swing Orchestra,Diablo Swing Orchestra,Balrog Boogie,13203,0.0036675,0.22005,6,3,0.00384,0.578,0.924,0.064,0.69,-5.717,0.0521,90.694,0.332,True
126,Bamboo Antònia Font,Antònia Font,Bamboo,266360,0.0739888888888889,4.439333333333333,9,3,0.0696,0.504,0.516,0.0138,0.0969,-12.162,0.0284,104.017,0.364,False
127,Battle of the Heroes John Williams,John Williams,Battle of the Heroes,229492,0.06374777777777778,3.824866666666667,9,2,,,,,,,,,,False
128,Be Prepared Jeremy Irons,Jeremy Irons,Be Prepared,660639,0.18351083333333332,11.01065,8,3,0.303,0.709,0.536,0.0,0.102,-11.317,0.116,121.782,0.393,False
129,Be Prepared One Piano,One Piano,Be Prepared,626304,0.1739733333333333,10.4384,6,3,0.965,0.304,0.161,0.896,0.108,-21.777,0.0445,62.742,0.069,False
130,Beacon Hill Sharon Isbin,Sharon Isbin,Beacon Hill,156253,0.04340361111111111,2.604216666666667,16,3,0.993,0.657,0.017,0.863,0.0949,-20.824,0.0875,132.049,0.135,False
131,Beautiful Lie - Piano Version Patrik Pietschmann,Patrik Pietschmann,Beautiful Lie - Piano Version,28205,0.007834722222222222,0.47008333333333335,5,1,,,,,,,,,,True
132,Beautiful Sunrise Arta Porting,Arta Porting,Beautiful Sunrise,853,0.00023694444444444444,0.014216666666666667,11,1,0.936,0.362,0.17,0.879,0.109,-18.193,0.0338,107.442,0.156,True
133,Because - Piano Lullaby Version David Healer,David Healer,Because - Piano Lullaby Version,366510,0.10180833333333333,6.1085,7,2,0.995,0.603,0.0194,0.891,0.0941,-29.089,0.0494,147.965,0.249,False
134,Because Evan Rachel Wood,Evan Rachel Wood,Because,149773,0.04160361111111111,2.4962166666666668,9,2,0.932,0.142,0.254,0.0,0.103,-10.129,0.0321,166.959,0.0885,False
135,Because We Have To Low Roar,Low Roar,Because We Have To,12266,0.003407222222222222,0.20443333333333336,6,2,0.933,0.303,0.159,0.251,0.107,-14.491,0.0305,105.004,0.111,True
136,Bed & Breakfast Els Amics De Les Arts,Els Amics De Les Arts,Bed & Breakfast,160582,0.0446061111111111,2.6763666666666666,12,1,0.761,0.757,0.601,2.63e-06,0.0818,-9.45,0.0653,123.997,0.916,True
137,Been A Son - BBC Mark Goodier Session Nirvana,Nirvana,Been A Son - BBC Mark Goodier Session,23592,0.006553333333333334,0.3932,5,1,2.7e-06,0.387,0.914,0.0,0.258,-10.101,0.0862,154.455,0.556,True
138,Bell Atmospheres Nicholas Britell,Nicholas Britell,Bell Atmospheres,116769,0.03243583333333333,1.94615,6,2,0.675,0.218,0.0195,0.899,0.104,-30.762,0.0408,74.451,0.0375,False
139,"Bella - de ""La Bella y La Bestia""/Banda Sonora Original Inés Moraleda",Inés Moraleda,"Bella - de ""La Bella y La Bestia""/Banda Sonora Original",630003,0.17500083333333333,10.50005,9,3,0.822,0.55,0.281,0.0,0.373,-18.501,0.257,129.221,0.34,False
140,Bella Bely Basarte,Bely Basarte,Bella,336157,0.09337694444444444,5.602616666666667,11,3,,,,,,,,,,True
141,Best of Wives and Best of Women Phillipa Soo,Phillipa Soo,Best of Wives and Best of Women,113473,0.03152027777777777,1.8912166666666668,6,3,0.751,0.647,0.115,0.0,0.0858,-16.826,0.0544,131.508,0.597,False
142,Between The Bars Elliott Smith,Elliott Smith,Between The Bars,141280,0.03924444444444444,2.3546666666666667,11,1,0.909,0.501,0.141,0.6,0.0974,-19.297,0.0588,135.621,0.42,False
143,Beyond Auli'i Cravalho,Auli'i Cravalho,Beyond,509337,0.14148249999999998,8.488949999999999,8,3,0.811,0.409,0.469,0.0,0.0507,-7.988,0.0549,149.956,0.252,False
144,Billie Jean BWB,BWB,Billie Jean,365120,0.10142222222222222,6.085333333333334,11,1,0.457,0.785,0.633,0.438,0.0864,-8.58,0.0336,112.973,0.945,False
145,Billie Jean Daniela Andrade,Daniela Andrade,Billie Jean,11198,0.003110555555555555,0.18663333333333335,6,2,0.874,0.618,0.127,3.95e-06,0.1,-11.33,0.0552,116.792,0.35,True
146,Bitter Sweet Symphony - Remastered 2016 The Verve,The Verve,Bitter Sweet Symphony - Remastered 2016,685044,0.19029000000000001,11.4174,6,3,0.0299,0.358,0.916,0.0,0.595,-5.958,0.0497,171.133,0.498,False
147,"Black Bird - From ""Across The Universe"" Soundtrack Evan Rachel Wood",Evan Rachel Wood,"Black Bird - From ""Across The Universe"" Soundtrack",5230,0.0014527777777777779,0.08716666666666667,6,3,,,,,,,,,,True
148,Black Suited Spidey Nstens1117,Nstens1117,Black Suited Spidey,162786,0.04521833333333333,2.7131,14,1,0.000796,0.251,0.553,0.721,0.324,-5.148,0.0385,66.242,0.0771,False
149,Blackbird - 2018 Mix The Beatles,The Beatles,Blackbird - 2018 Mix,53971,0.014991944444444443,0.8995166666666667,6,1,0.841,0.648,0.139,3.31e-06,0.0589,-14.744,0.0368,93.874,0.373,False
150,Blackbird Eden Brown,Eden Brown,Blackbird,198400,0.05511111111111111,3.3066666666666666,8,2,0.973,0.47,0.121,0.911,0.111,-17.892,0.0374,75.005,0.117,False
151,Bleeding Me - Live Metallica,Metallica,Bleeding Me - Live,44914,0.012476111111111111,0.7485666666666667,6,2,6.44e-05,0.281,0.91,6.58e-05,0.978,-5.003,0.0583,114.344,0.314,False
152,"Blood Upon the Snow (From ""God of War Ragnarök"" Soundtrack) Hozier",Hozier,"Blood Upon the Snow (From ""God of War Ragnarök"" Soundtrack)",1330848,0.36968,22.1808,10,1,0.442,0.323,0.301,0.00131,0.164,-13.564,0.0344,126.221,0.276,False
153,Blood on the Pavement David Arnold,David Arnold,Blood on the Pavement,127347,0.035374166666666665,2.12245,11,2,,,,,,,,,,False
154,Blow Us All Away Ariana DeBose,Ariana DeBose,Blow Us All Away,347188,0.09644111111111112,5.786466666666667,10,3,0.388,0.82,0.451,0.0,0.563,-10.177,0.461,88.566,0.665,False
155,Blue Jay Way Secret Machines,Secret Machines,Blue Jay Way,575535,0.15987083333333335,9.59225,6,3,0.035,0.27,0.612,0.0341,0.0946,-8.418,0.0367,93.028,0.0413,False
156,Blue tack Els Pets,Els Pets,Blue tack,438212,0.12172555555555556,7.303533333333333,8,2,0.749,0.694,0.519,6.7e-05,0.122,-7.863,0.0283,126.077,0.56,False
157,Boar On The Floor Nicholas Britell,Nicholas Britell,Boar On The Floor,25712,0.0071422222222222225,0.4285333333333333,6,1,0.838,0.165,0.0316,0.93,0.126,-36.954,0.0399,65.651,0.0341,True
158,Bohemian Rhapsody - Remastered 2011 Queen,Queen,Bohemian Rhapsody - Remastered 2011,717836,0.19939888888888888,11.963933333333333,6,1,0.271,0.411,0.404,0.0,0.3,-9.928,0.0511,71.068,0.226,False
159,Bohemian Rhapsody Halocene,Halocene,Bohemian Rhapsody,20975,0.00582638888888889,0.3495833333333333,14,1,0.252,0.323,0.521,1.17e-06,0.11,-7.286,0.0336,145.515,0.325,True
160,Bones (feat. Jófriður) Low Roar,Low Roar,Bones (feat. Jófriður),170107,0.047251944444444444,2.8351166666666665,12,1,,,,,,,,,,False
161,Bones David Arnold,David Arnold,Bones,13199,0.0036663888888888887,0.21998333333333334,6,2,,,,,,,,,,True
162,Bones Low Roar,Low Roar,Bones,510768,0.14188,8.5128,8,1,0.25,0.508,0.411,0.00981,0.162,-9.857,0.0386,69.995,0.353,False
163,Boomerang Manel,Manel,Boomerang,11094,0.0030816666666666666,0.1849,6,1,0.742,0.696,0.531,0.378,0.167,-13.038,0.0281,129.923,0.7,True
164,Boston Common Sharon Isbin,Sharon Isbin,Boston Common,16433,0.004564722222222222,0.27388333333333337,6,1,0.983,0.487,0.0418,0.912,0.1,-20.39,0.0431,120.15,0.0773,True
165,Breadfan Metallica,Metallica,Breadfan,237218,0.06589388888888889,3.9536333333333333,6,1,0.000336,0.354,0.93,0.111,0.62,-7.46,0.0729,103.549,0.152,False
166,Break Free Murray Gold,Murray Gold,Break Free,746949,0.20748583333333334,12.44915,6,2,,,,,,,,,,False
167,Bully in the Alley El Pony Pisador,El Pony Pisador,Bully in the Alley,131593,0.03655361111111111,2.193216666666667,15,3,0.503,0.503,0.548,0.0,0.206,-8.327,0.0762,170.035,0.812,False
168,Bundle of Joy Jartisto,Jartisto,Bundle of Joy,525714,0.14603166666666667,8.7619,7,3,0.98,0.461,0.0605,0.947,0.0929,-30.646,0.0926,126.556,0.195,False
169,Burn Phillipa Soo,Phillipa Soo,Burn,450482,0.12513388888888888,7.508033333333334,10,3,0.752,0.582,0.428,0.0,0.102,-9.13,0.0516,99.608,0.255,False
170,Busca Lo Más Vital AD Santos,AD Santos,Busca Lo Más Vital,1130828,0.3141188888888889,18.847133333333332,12,3,0.756,0.6,0.475,0.0,0.63,-11.582,0.325,106.176,0.577,False
171,Butterfly Waltz Brian Crain,Brian Crain,Butterfly Waltz,34587,0.0096075,0.57645,6,1,0.988,0.361,0.185,0.899,0.21,-14.602,0.0362,129.439,0.401,True
172,Buzz Lightyear Commercial Randy Newman,Randy Newman,Buzz Lightyear Commercial,111122,0.030867222222222223,1.8520333333333334,11,3,0.00384,0.207,0.57,0.883,0.115,-6.408,0.047,69.195,0.242,True
173,Buzz Randy Newman,Randy Newman,Buzz,272592,0.07572000000000001,4.543200000000001,7,3,0.821,0.317,0.344,0.75,0.104,-11.243,0.0398,128.368,0.051,False
174,Cabinet Battle #1 Christopher Jackson,Christopher Jackson,Cabinet Battle #1,430454,0.11957055555555555,7.1742333333333335,12,3,0.0859,0.607,0.658,0.0,0.489,-7.762,0.423,87.043,0.513,False
175,Cabinet Battle #2 Christopher Jackson,Christopher Jackson,Cabinet Battle #2,285280,0.07924444444444445,4.754666666666667,12,3,0.0582,0.753,0.539,0.0,0.353,-9.117,0.537,99.455,0.519,False
176,Cada Cel Els Amics De Les Arts,Els Amics De Les Arts,Cada Cel,159,4.4166666666666665e-05,0.00265,8,2,0.231,0.672,0.59,0.00187,0.116,-8.566,0.0323,160.034,0.59,True
177,Calgary 88 Antònia Font,Antònia Font,Calgary 88,9957,0.0027658333333333333,0.16595,6,2,0.548,0.608,0.592,0.00664,0.0868,-12.77,0.0473,157.917,0.646,True
178,Californication Gabriella Quevedo,Gabriella Quevedo,Californication,157096,0.04363777777777778,2.6182666666666665,15,3,0.771,0.474,0.329,0.943,0.123,-12.285,0.0362,93.403,0.122,True
179,Calypso Hans Zimmer,Hans Zimmer,Calypso,118826,0.03300722222222222,1.9804333333333333,5,3,0.74,0.0943,0.144,0.899,0.177,-17.059,0.0379,86.019,0.0352,False
180,Can't Buy Me Love Beegie Adair,Beegie Adair,Can't Buy Me Love,8484,0.0023566666666666666,0.1414,15,2,0.991,0.695,0.232,0.881,0.103,-15.407,0.0479,133.822,0.513,True
181,Can't Fight City Halloween Michael Giacchino,Michael Giacchino,Can't Fight City Halloween,94401,0.026222500000000003,1.57335,5,2,0.616,0.315,0.141,0.951,0.107,-21.368,0.0294,82.042,0.116,False
182,Cancion de Herodes Camilo Sesto,Camilo Sesto,Cancion de Herodes,178907,0.04969638888888889,2.9817833333333335,17,3,0.559,0.57,0.59,7.17e-06,0.148,-8.092,0.035,102.735,0.851,False
183,Canción de Judas Camilo Sesto,Camilo Sesto,Canción de Judas,303380,0.08427222222222222,5.056333333333333,16,3,0.521,0.532,0.51,0.0,0.102,-10.779,0.0723,120.667,0.783,False
184,Canción del Pirata Sergi Pérez,Sergi Pérez,Canción del Pirata,338015,0.09389305555555555,5.633583333333333,10,3,,,,,,,,,,False
185,Cantos Nuevos Joel Minguet,Joel Minguet,Cantos Nuevos,12887,0.0035797222222222224,0.21478333333333333,6,1,0.841,0.395,0.25,0.00287,0.124,-15.516,0.0467,184.89,0.131,True
186,Cançó dels Baobabs Manu Guix,Manu Guix,Cançó dels Baobabs,25894,0.007192777777777778,0.43156666666666665,14,1,,,,,,,,,,True
187,Caperucita feroz Orquesta Mondragon,Orquesta Mondragon,Caperucita feroz,1564,0.00043444444444444444,0.026066666666666665,8,2,0.0199,0.58,0.949,0.582,0.147,-7.593,0.144,94.302,0.395,True
188,Capturados Por Los Indios Oliver Wallace,Oliver Wallace,Capturados Por Los Indios,14040,0.0039,0.234,11,3,,,,,,,,,,True
189,Careless Whisper Atlantic Five Jazz Band,Atlantic Five Jazz Band,Careless Whisper,340000,0.09444444444444444,5.666666666666667,11,1,0.595,0.526,0.356,0.927,0.103,-14.513,0.0341,75.305,0.367,False
190,Careless Whisper Scott Bradlee's Postmodern Jukebox,Scott Bradlee's Postmodern Jukebox,Careless Whisper,135193,0.037553611111111114,2.253216666666667,11,2,0.418,0.621,0.565,6.01e-06,0.186,-7.288,0.0561,108.262,0.931,False
191,Carta de Navegar El Pony Pisador,El Pony Pisador,Carta de Navegar,339002,0.09416722222222222,5.650033333333333,16,3,0.877,0.568,0.123,0.0,0.107,-13.427,0.0326,129.991,0.292,False
192,Casa En Venda - des de casa Els Amics De Les Arts,Els Amics De Les Arts,Casa En Venda - des de casa,202562,0.056267222222222225,3.3760333333333334,7,3,0.911,0.656,0.191,0.00316,0.101,-16.863,0.0339,135.242,0.284,False
193,Casa en Venda Els Amics De Les Arts,Els Amics De Les Arts,Casa en Venda,14067,0.0039075,0.23445,6,3,0.482,0.571,0.346,0.104,0.212,-9.981,0.0296,135.002,0.225,True
194,Castle on a Cloud One Piano,One Piano,Castle on a Cloud,246428,0.06845222222222222,4.1071333333333335,7,2,0.934,0.666,0.254,0.93,0.0945,-16.489,0.0511,111.819,0.265,False
195,Changes - 2015 Remaster David Bowie,David Bowie,Changes - 2015 Remaster,435494,0.12097055555555555,7.258233333333333,8,1,0.505,0.559,0.308,0.0,0.109,-11.75,0.0376,113.633,0.414,False
196,Chasing Cars Snow Patrol,Snow Patrol,Chasing Cars,388700,0.10797222222222222,6.4783333333333335,7,2,0.199,0.561,0.595,6.47e-05,0.132,-4.53,0.0274,104.006,0.144,False
197,Cherry Bomb The Runaways,The Runaways,Cherry Bomb,138707,0.03852972222222222,2.3117833333333335,9,3,0.0455,0.501,0.813,4.75e-05,0.131,-8.192,0.0639,136.59,0.495,False
198,Chinatown (feat. G.E. Smith) Howard Shore,Howard Shore,Chinatown (feat. G.E. Smith),17486,0.004857222222222222,0.2914333333333333,16,2,0.408,0.504,0.361,0.748,0.184,-17.87,0.0849,120.458,0.312,True
199,Chopo Muerto Joel Minguet,Joel Minguet,Chopo Muerto,468854,0.13023722222222223,7.814233333333333,16,1,0.759,0.713,0.357,3e-06,0.106,-11.99,0.0359,85.259,0.431,False
200,Ciclo Sin Fin Tata Vega,Tata Vega,Ciclo Sin Fin,775439,0.2153997222222222,12.923983333333332,8,3,0.125,0.441,0.421,0.0,0.326,-14.141,0.0368,83.906,0.541,False
201,Citant Mercè Rodoreda Els Amics De Les Arts,Els Amics De Les Arts,Citant Mercè Rodoreda,474952,0.1319311111111111,7.915866666666666,8,2,0.133,0.734,0.793,4.03e-06,0.0626,-7.87,0.0426,102.021,0.757,False
202,"City Of Stars - From ""La La Land"" Soundtrack Ryan Gosling",Ryan Gosling,"City Of Stars - From ""La La Land"" Soundtrack",2807,0.0007797222222222222,0.046783333333333336,15,1,0.899,0.492,0.116,1.93e-06,0.0889,-15.15,0.0379,111.787,0.434,True
203,City of Stars Scott Bradlee,Scott Bradlee,City of Stars,125000,0.034722222222222224,2.0833333333333335,8,2,0.952,0.457,0.259,0.874,0.0875,-12.295,0.0411,125.029,0.39,False
204,Civil War Guns N' Roses,Guns N' Roses,Civil War,17539,0.004871944444444444,0.29231666666666667,6,3,0.0803,0.33,0.787,0.0632,0.32,-8.806,0.0732,139.918,0.382,True
205,Clair-Obscur Lorien Testard,Lorien Testard,Clair-Obscur,215993,0.059998055555555554,3.5998833333333335,10,1,0.855,0.517,0.17,0.0,0.115,-14.965,0.0356,150.033,0.282,False
206,Clara's Diner Murray Gold,Murray Gold,Clara's Diner,154672,0.042964444444444444,2.5778666666666665,6,1,,,,,,,,,,True
207,Clint Eastwood Antònia Font,Antònia Font,Clint Eastwood,245853,0.0682925,4.09755,15,1,0.421,0.498,0.377,0.0042,0.153,-13.846,0.0473,81.895,0.39,False
208,Colin Larry Saltzman,Larry Saltzman,Colin,129093,0.035859166666666664,2.15155,15,1,0.546,0.777,0.275,0.925,0.11,-10.773,0.098,119.945,0.557,False
209,Colores en el Viento Gema Castaño,Gema Castaño,Colores en el Viento,643401,0.1787225,10.72335,8,3,,,,,,,,,,False
210,Com pot ser? Anna Roig,Anna Roig,Com pot ser?,637318,0.17703277777777776,10.621966666666665,6,1,0.193,0.65,0.31,0.0333,0.0987,-13.884,0.0487,128.024,0.422,False
211,Come As You Are Nirvana,Nirvana,Come As You Are,437840,0.12162222222222223,7.2973333333333334,8,2,0.00016,0.5,0.824,0.00161,0.0916,-5.846,0.0388,120.125,0.539,False
212,Come As You Are Violet Orlandi,Violet Orlandi,Come As You Are,10404,0.00289,0.1734,6,3,,,,,,,,,,True
213,Come Here Kath Bloom,Kath Bloom,Come Here,170880,0.047466666666666664,2.848,10,1,0.0768,0.644,0.583,0.0,0.0868,-7.312,0.0282,102.192,0.308,False
214,Come Together Eden Brown,Eden Brown,Come Together,230546,0.06404055555555556,3.842433333333333,8,2,0.97,0.61,0.246,0.917,0.105,-12.294,0.0328,140.0,0.0751,False
215,Come and Get Your Love - Single Version Redbone,Redbone,Come and Get Your Love - Single Version,7202,0.0020005555555555558,0.12003333333333334,6,1,0.172,0.73,0.804,0.000278,0.0685,-7.621,0.0473,107.383,0.958,True
216,Come and Get Your Love One Piano,One Piano,Come and Get Your Love,930,0.00025833333333333334,0.0155,14,1,0.971,0.377,0.15,0.934,0.101,-23.731,0.0434,116.363,0.182,True
217,Come and Get Your Love Redbone,Redbone,Come and Get Your Love,310479,0.08624416666666666,5.17465,6,1,0.172,0.731,0.804,0.00028,0.0685,-7.621,0.0473,107.383,0.957,True
218,Comiat Manu Guix,Manu Guix,Comiat,257574,0.07154833333333334,4.2929,7,1,,,,,,,,,,False
219,"Comptine D'un Autre Été, L'après-Midi - Amelie Movie Theme Jonas Kvarnström",Jonas Kvarnström,"Comptine D'un Autre Été, L'après-Midi - Amelie Movie Theme",290595,0.08072083333333334,4.84325,12,2,0.955,0.281,0.188,0.917,0.103,-17.51,0.0413,183.873,0.213,False
220,"Comptine d'un autre été: l'Après-midi (from ""Amélie"") Jacob's Piano",Jacob's Piano,"Comptine d'un autre été: l'Après-midi (from ""Amélie"")",146000,0.04055555555555555,2.433333333333333,7,2,0.988,0.479,0.0764,0.918,0.0789,-23.448,0.0325,98.178,0.118,False
221,"Concerto Grosso in C Minor + End Credits - ""You Have To Be A Killer"" Nicholas Britell",Nicholas Britell,"Concerto Grosso in C Minor + End Credits - ""You Have To Be A Killer""",25774,0.007159444444444445,0.42956666666666665,6,2,0.614,0.352,0.281,0.932,0.111,-13.878,0.0436,121.769,0.0391,True
222,Concerto Grosso in C Minor - Ripieno Strings Nicholas Britell,Nicholas Britell,Concerto Grosso in C Minor - Ripieno Strings,8722,0.0024227777777777776,0.14536666666666667,14,1,0.508,0.1,0.0836,0.914,0.0985,-17.266,0.0455,168.96,0.0936,True
223,Conspirar (with Damaris Martinez & Jorge Ahijado) Albert Sergi,Albert Sergi,Conspirar (with Damaris Martinez & Jorge Ahijado),1098678,0.30518833333333334,18.3113,16,3,0.242,0.5,0.829,3.91e-06,0.0662,-6.867,0.17,123.954,0.674,False
224,Cops or Criminals (feat. G.E. Smith & Larry Saltzman) Howard Shore,Howard Shore,Cops or Criminals (feat. G.E. Smith & Larry Saltzman),389512,0.10819777777777778,6.491866666666667,7,2,0.633,0.825,0.543,0.886,0.102,-11.902,0.0352,120.087,0.598,False
225,Corazón de Hielo Cast - Frozen,Cast - Frozen,Corazón de Hielo,262946,0.07304055555555555,4.382433333333333,9,3,,,,,,,,,,False
226,"Could We Start Again, Please? - From ""Jesus Christ Superstar"" Soundtrack Yvonne Elliman",Yvonne Elliman,"Could We Start Again, Please? - From ""Jesus Christ Superstar"" Soundtrack",164864,0.045795555555555555,2.747733333333333,19,3,0.884,0.348,0.341,1.67e-05,0.105,-14.411,0.0469,78.738,0.332,False
227,Crazy Train Scott Bradlee's Postmodern Jukebox,Scott Bradlee's Postmodern Jukebox,Crazy Train,623944,0.17331777777777777,10.399066666666666,4,1,0.593,0.555,0.731,2.41e-05,0.0805,-4.644,0.0474,134.907,0.609,True
228,Creep - Acoustic Radiohead,Radiohead,Creep - Acoustic,775920,0.21553333333333335,12.932000000000002,10,1,0.557,0.399,0.239,0.000203,0.121,-17.123,0.0407,166.419,0.147,False
229,Creep Radiohead,Radiohead,Creep,7313,0.002031388888888889,0.12188333333333333,6,2,0.557,0.399,0.239,0.000203,0.121,-17.123,0.0407,166.419,0.147,True
230,Creep Scott Bradlee's Postmodern Jukebox,Scott Bradlee's Postmodern Jukebox,Creep,1442984,0.4008288888888889,24.049733333333332,6,3,0.697,0.292,0.359,1.85e-05,0.108,-9.043,0.0328,177.334,0.228,False
231,Creep The Blue Versions,The Blue Versions,Creep,218370,0.060658333333333335,3.6395,11,1,0.816,0.508,0.263,0.00074,0.155,-15.131,0.0334,137.545,0.21,False
232,Cry Baby Cry John Lennon,John Lennon,Cry Baby Cry,152000,0.042222222222222223,2.533333333333333,8,2,0.994,0.485,0.0691,0.935,0.108,-28.107,0.0532,79.849,0.123,False
233,Crying Don McLean,Don McLean,Crying,62016,0.017226666666666668,1.0336,5,1,0.466,0.302,0.344,1.53e-06,0.184,-11.894,0.0277,140.763,0.242,True
234,Cuando Me Enamoro - En Vivo Jorge Muñiz,Jorge Muñiz,Cuando Me Enamoro - En Vivo,1229,0.0003413888888888889,0.020483333333333333,14,1,,,,,,,,,,True
235,Cuando Me Enamoro Andrea Bocelli,Andrea Bocelli,Cuando Me Enamoro,79074,0.021965,1.3179,12,1,0.65,0.622,0.611,2.76e-06,0.102,-5.981,0.0397,102.104,0.42,False
236,Cuando Me Enamoro Enrique Iglesias,Enrique Iglesias,Cuando Me Enamoro,5931,0.0016475,0.09885,12,1,0.0106,0.82,0.813,4.84e-05,0.0893,-3.646,0.0268,126.026,0.893,True
237,Cuando Me Quería María Caneda,María Caneda,Cuando Me Quería,416380,0.11566111111111112,6.939666666666667,12,3,0.974,0.325,0.144,2.77e-06,0.105,-13.606,0.0365,79.498,0.216,False
238,Cuando madure Miguel Antelo,Miguel Antelo,Cuando madure,111267,0.0309075,1.85445,16,3,0.763,0.647,0.421,0.0,0.164,-5.258,0.121,116.383,0.454,False
239,Dame Un Silbidito Pablo Palos,Pablo Palos,Dame Un Silbidito,491263,0.13646194444444443,8.187716666666667,15,3,0.88,0.594,0.384,6.35e-06,0.472,-12.724,0.243,111.087,0.883,False
240,"Damned For All Time / Blood Money - From ""Jesus Christ Superstar"" Soundtrack Carl Anderson",Carl Anderson,"Damned For All Time / Blood Money - From ""Jesus Christ Superstar"" Soundtrack",277400,0.07705555555555556,4.623333333333333,18,3,0.537,0.421,0.63,0.0508,0.145,-12.258,0.274,90.395,0.194,False
241,Dancing Queen - From 'Mamma Mia!' Original Motion Picture Soundtrack Meryl Streep,Meryl Streep,Dancing Queen - From 'Mamma Mia!' Original Motion Picture Soundtrack,7121,0.0019780555555555554,0.11868333333333334,6,3,0.0254,0.548,0.953,2.09e-06,0.158,-3.369,0.0728,99.984,0.5,True
242,Daredevil Born Again - Opening Theme - Epic Version Jamie Evans Music,Jamie Evans Music,Daredevil Born Again - Opening Theme - Epic Version,278295,0.07730416666666666,4.63825,10,1,0.083,0.192,0.38,0.5,0.0858,-12.476,0.0354,84.44,0.0391,False
243,Dark Minuet Nicholas Britell,Nicholas Britell,Dark Minuet,65573,0.018214722222222222,1.0928833333333334,15,1,0.975,0.49,0.261,0.87,0.0785,-15.64,0.0422,140.639,0.0771,False
244,Darrera una Revista Antònia Font,Antònia Font,Darrera una Revista,232547,0.06459638888888888,3.875783333333333,17,1,0.0235,0.554,0.736,3.62e-05,0.143,-6.047,0.0328,126.005,0.771,False
245,Davy Jones (From Pirates of the Caribbean 2) - Piano Version Patrik Pietschmann,Patrik Pietschmann,Davy Jones (From Pirates of the Caribbean 2) - Piano Version,373152,0.10365333333333333,6.2192,8,3,0.958,0.684,0.124,0.83,0.0973,-20.211,0.0503,114.955,0.357,False
246,Davy Jones Hans Zimmer,Hans Zimmer,Davy Jones,976200,0.27116666666666667,16.27,8,3,0.475,0.31,0.0558,0.0447,0.127,-19.072,0.0285,79.924,0.106,False
247,Day One (Interstellar Theme) Hans Zimmer,Hans Zimmer,Day One (Interstellar Theme),199423,0.05539527777777778,3.323716666666667,10,2,0.927,0.311,0.0173,0.964,0.0727,-27.788,0.0348,95.985,0.0658,False
248,Day Tripper - Remastered 2015 The Beatles,The Beatles,Day Tripper - Remastered 2015,953,0.00026472222222222224,0.015883333333333333,10,2,0.12,0.665,0.782,4.19e-06,0.125,-8.438,0.0307,137.453,0.731,True
249,"De nada - De ""Vaiana""/Banda Sonora Original en Castellano Marc Ullod",Marc Ullod,"De nada - De ""Vaiana""/Banda Sonora Original en Castellano",163893,0.045525833333333335,2.73155,20,3,,,,,,,,,,False
250,De nada Marc Ullod,Marc Ullod,De nada,1147251,0.31868083333333336,19.12085,10,3,,,,,,,,,,False
251,Dear Prudence Dana Fuchs,Dana Fuchs,Dear Prudence,15411,0.0042808333333333335,0.25685,6,3,0.135,0.53,0.377,0.207,0.11,-10.517,0.0252,142.125,0.12,True
252,Dear Theodosia Leslie Odom Jr.,Leslie Odom Jr.,Dear Theodosia,368008,0.10222444444444445,6.133466666666667,11,3,0.907,0.598,0.221,4.19e-05,0.0723,-10.484,0.0303,106.771,0.274,False
253,Death On Two Legs (Dedicated To...) - Remastered 2011 Queen,Queen,Death On Two Legs (Dedicated To...) - Remastered 2011,22580,0.0062722222222222224,0.37633333333333335,6,1,0.362,0.403,0.691,4.03e-05,0.133,-6.219,0.0544,124.695,0.5,True
254,"Death of Vesper (From ""Casino Royale"" Soundtrack) David Arnold",David Arnold,"Death of Vesper (From ""Casino Royale"" Soundtrack)",170440,0.047344444444444446,2.8406666666666665,12,2,0.582,0.104,0.0835,0.857,0.113,-24.411,0.0399,77.448,0.0361,False
255,Deduction and Deception David Arnold,David Arnold,Deduction and Deception,165227,0.04589638888888889,2.7537833333333332,9,2,,,,,,,,,,False
256,Deseo Joel Minguet,Joel Minguet,Deseo,319866,0.08885166666666666,5.3311,13,2,0.947,0.516,0.314,0.0012,0.132,-13.312,0.0323,106.13,0.205,False
257,Di Que No Me Condenaré Camilo Sesto,Camilo Sesto,Di Que No Me Condenaré,272000,0.07555555555555556,4.533333333333333,17,3,0.126,0.315,0.621,0.0,0.39,-12.119,0.141,177.948,0.534,False
258,Diamonds Are Forever One Piano,One Piano,Diamonds Are Forever,156236,0.04339888888888889,2.6039333333333334,15,1,0.989,0.341,0.361,0.913,0.114,-9.501,0.0363,75.521,0.142,False
259,Dibuixa'm un Xai Manu Guix,Manu Guix,Dibuixa'm un Xai,48076,0.013354444444444443,0.8012666666666667,14,1,,,,,,,,,,False
260,"Die Another Day - From ""Die Another Day"" Royal Philharmonic Orchestra",Royal Philharmonic Orchestra,"Die Another Day - From ""Die Another Day""",181240,0.05034444444444444,3.0206666666666666,13,2,,,,,,,,,,False
261,Die Another Day Mister Bond,Mister Bond,Die Another Day,955088,0.2653022222222222,15.918133333333333,6,1,0.787,0.651,0.543,0.0125,0.121,-7.583,0.0276,101.006,0.186,False
262,Die Another Day One Piano,One Piano,Die Another Day,165255,0.04590416666666667,2.75425,19,2,,,,,,,,,,False
263,Dinos Lo Que Va a Pasar Camilo Sesto,Camilo Sesto,Dinos Lo Que Va a Pasar,164000,0.04555555555555556,2.7333333333333334,16,3,0.379,0.674,0.76,0.0,0.364,-11.132,0.0627,112.287,0.873,False
264,Dins d'una cançó Anna Roig,Anna Roig,Dins d'una cançó,306100,0.08502777777777777,5.101666666666667,6,2,0.746,0.617,0.266,0.00359,0.193,-14.657,0.0312,70.948,0.455,False
265,Do Ya Wanna Taste It Wig Wam,Wig Wam,Do Ya Wanna Taste It,11825,0.0032847222222222223,0.19708333333333333,6,3,0.0191,0.559,0.793,0.0,0.394,-3.536,0.028,92.034,0.69,True
266,Do You Want To Know A Secret Wayne Gratz,Wayne Gratz,Do You Want To Know A Secret,48653,0.013514722222222221,0.8108833333333333,15,2,0.994,0.417,0.0813,0.934,0.106,-21.818,0.0526,107.46,0.174,False
267,Don't Be so Serious Low Roar,Low Roar,Don't Be so Serious,75092,0.02085888888888889,1.2515333333333334,6,1,0.209,0.558,0.566,0.422,0.112,-12.563,0.0423,130.024,0.117,False
268,Don't Forget Your Old Shipmate El Pony Pisador,El Pony Pisador,Don't Forget Your Old Shipmate,144093,0.04002583333333333,2.40155,15,3,0.536,0.768,0.403,0.0,0.299,-8.814,0.205,94.301,0.595,False
269,Don't Let Me Down Scott Bradlee's Postmodern Jukebox,Scott Bradlee's Postmodern Jukebox,Don't Let Me Down,38920,0.010811111111111112,0.6486666666666666,18,1,0.666,0.322,0.479,0.0,0.254,-8.338,0.0385,148.907,0.329,False
270,Don't Stop Me Now Scott Bradlee's Postmodern Jukebox,Scott Bradlee's Postmodern Jukebox,Don't Stop Me Now,11346,0.0031516666666666663,0.18910000000000002,5,2,0.527,0.496,0.77,2.54e-05,0.263,-4.22,0.0976,150.892,0.692,True
271,Doomsday Murray Gold,Murray Gold,Doomsday,1243669,0.34546361111111107,20.727816666666666,6,1,,,,,,,,,,False
272,Dos Mundos Phil Collins,Phil Collins,Dos Mundos,402767,0.11187972222222223,6.712783333333333,7,3,0.203,0.674,0.648,0.00935,0.0371,-11.203,0.058,109.886,0.412,False
273,Dream On Scott Bradlee's Postmodern Jukebox,Scott Bradlee's Postmodern Jukebox,Dream On,298250,0.08284722222222222,4.970833333333333,15,2,0.561,0.433,0.463,9.69e-06,0.203,-5.992,0.0282,95.509,0.336,False
274,Drink Up Me Hearties Yo Ho Hans Zimmer,Hans Zimmer,Drink Up Me Hearties Yo Ho,1087520,0.3020888888888889,18.125333333333334,8,3,0.319,0.145,0.452,0.92,0.0753,-13.56,0.0448,82.297,0.146,False
275,Drink With Me (To Days Gone By) One Piano,One Piano,Drink With Me (To Days Gone By),151976,0.042215555555555555,2.5329333333333333,9,1,0.918,0.475,0.307,0.934,0.103,-14.519,0.0623,179.898,0.367,False
276,Drink With Me William Solo,William Solo,Drink With Me,1230,0.00034166666666666666,0.0205,17,2,0.949,0.279,0.033,0.0,0.0904,-25.081,0.0368,93.886,0.0751,True
277,Driving / Discombobulate / Zoosters Breakout - Live / From Driving Miss Daisy / Sherlock Holmes / Madagascar Hans Zimmer,Hans Zimmer,Driving / Discombobulate / Zoosters Breakout - Live / From Driving Miss Daisy / Sherlock Holmes / Madagascar,234730,0.06520277777777778,3.912166666666667,10,2,0.0833,0.405,0.658,0.579,0.97,-11.1,0.0437,140.174,0.26,False
278,Dust in the Wind Kansas,Kansas,Dust in the Wind,19411,0.005391944444444445,0.3235166666666667,5,3,0.367,0.475,0.322,0.00056,0.11,-10.687,0.0283,93.503,0.387,True
279,Déja-Vu Els Amics De Les Arts,Els Amics De Les Arts,Déja-Vu,187715,0.052143055555555554,3.1285833333333333,6,3,0.74,0.583,0.503,0.0,0.309,-11.532,0.133,174.978,0.273,True
280,Déjà vu Els Amics De Les Arts,Els Amics De Les Arts,Déjà vu,218013,0.060559166666666664,3.63355,13,1,,,,,,,,,,False
281,Easy Way Out Low Roar,Low Roar,Easy Way Out,0,0.0,0.0,15,1,0.558,0.505,0.42,0.0499,0.218,-9.364,0.0266,109.921,0.113,True
282,El Arresto Camilo Sesto,Camilo Sesto,El Arresto,218000,0.06055555555555556,3.6333333333333333,17,3,0.512,0.48,0.526,0.0,0.0712,-9.232,0.0797,108.075,0.537,False
283,El Bevedor Manu Guix,Manu Guix,El Bevedor,286924,0.07970111111111111,4.782066666666667,14,1,,,,,,,,,,False
284,El Ciclo de la Vida Tata Vega,Tata Vega,El Ciclo de la Vida,719241,0.19978916666666666,11.98735,7,3,,,,,,,,,,False
285,El Código Da Vinci Els Amics De Les Arts,Els Amics De Les Arts,El Código Da Vinci,53916,0.014976666666666666,0.8986000000000001,6,1,0.195,0.558,0.545,1.37e-05,0.152,-9.925,0.0825,83.297,0.693,False
286,El Fanaler Manu Guix,Manu Guix,El Fanaler,97420,0.027061111111111112,1.6236666666666666,21,1,,,,,,,,,,False
287,El Geògraf Manu Guix,Manu Guix,El Geògraf,104040,0.0289,1.734,21,1,,,,,,,,,,False
288,El Matrimoni Arnolfini Els Amics De Les Arts,Els Amics De Les Arts,El Matrimoni Arnolfini,289576,0.08043777777777777,4.826266666666666,6,1,0.117,0.601,0.859,3.09e-06,0.0777,-6.694,0.0784,107.809,0.766,True
289,El Rey Miguel Morant,Miguel Morant,El Rey,817436,0.22706555555555555,13.623933333333333,9,3,0.394,0.516,0.419,0.0,0.722,-13.956,0.179,124.89,0.612,False
290,El Rodeo de Woody Golden Apple Quartet,Golden Apple Quartet,El Rodeo de Woody,175520,0.04875555555555556,2.925333333333333,9,3,0.585,0.502,0.536,0.0,0.0903,-9.638,0.151,205.172,0.608,False
291,El Senyal Que Esperaves Els Amics De Les Arts,Els Amics De Les Arts,El Senyal Que Esperaves,206131,0.057258611111111114,3.4355166666666666,6,1,,,,,,,,,,False
292,El Seu Gran Hit Els Amics De Les Arts,Els Amics De Les Arts,El Seu Gran Hit,6182,0.0017172222222222222,0.10303333333333334,7,1,0.0171,0.608,0.81,0.0,0.327,-4.736,0.0561,120.011,0.795,True
293,El Templo Camilo Sesto,Camilo Sesto,El Templo,283000,0.07861111111111112,4.716666666666667,16,3,0.298,0.377,0.642,0.0,0.409,-11.689,0.0426,104.192,0.546,False
294,El Vent Tallant Els Amics De Les Arts,Els Amics De Les Arts,El Vent Tallant,3459,0.0009608333333333333,0.05765,6,2,0.0535,0.21,0.606,0.231,0.107,-7.487,0.0387,100.831,0.286,True
295,El Vive en Tí Enrique Sequeros,Enrique Sequeros,El Vive en Tí,739412,0.20539222222222223,12.323533333333334,11,3,0.765,0.749,0.459,0.000235,0.059,-10.757,0.0319,115.092,0.477,False
296,El matrimoni Arnolfini Els Amics De Les Arts,Els Amics De Les Arts,El matrimoni Arnolfini,1833,0.0005091666666666667,0.03055,10,2,0.117,0.601,0.859,3.09e-06,0.0777,-6.694,0.0784,107.809,0.766,True
297,El rey David García Llop,David García Llop,El rey,528112,0.14669777777777776,8.801866666666667,12,3,0.152,0.705,0.759,0.0,0.0464,-5.838,0.0631,119.244,0.573,False
298,El senyal que esperaves Els Amics De Les Arts,Els Amics De Les Arts,El senyal que esperaves,15957,0.0044325,0.26595,7,1,,,,,,,,,,True
299,El seu gran hit Els Amics De Les Arts,Els Amics De Les Arts,El seu gran hit,229267,0.06368527777777777,3.8211166666666667,9,1,0.0171,0.608,0.81,0.0,0.327,-4.736,0.0561,120.011,0.795,False
300,Eleanor Rigby (Instrumental Piano) Matchstick Piano Man,Matchstick Piano Man,Eleanor Rigby (Instrumental Piano),186346,0.051762777777777776,3.105766666666667,15,2,0.994,0.337,0.04,0.947,0.086,-25.523,0.0618,204.231,0.059,False
301,Eleanor Rigby - Remastered 2009 The Beatles,The Beatles,Eleanor Rigby - Remastered 2009,126533,0.03514805555555556,2.1088833333333334,9,3,0.936,0.581,0.28,1.56e-05,0.305,-9.091,0.0381,137.831,0.813,False
302,Eliza Lee El Pony Pisador,El Pony Pisador,Eliza Lee,94660,0.026294444444444443,1.5776666666666668,15,3,0.406,0.702,0.437,0.0,0.318,-10.156,0.303,179.46,0.948,False
303,Els Binocles D'en Pere Els Amics De Les Arts,Els Amics De Les Arts,Els Binocles D'en Pere,27403,0.007611944444444445,0.45671666666666666,5,3,0.59,0.58,0.411,0.0,0.124,-11.21,0.0361,132.769,0.476,True
304,Els Bons Fotògrafs Els Amics De Les Arts,Els Amics De Les Arts,Els Bons Fotògrafs,13609,0.003780277777777778,0.22681666666666667,6,1,0.854,0.627,0.289,0.000571,0.129,-14.224,0.0296,116.235,0.324,True
305,Els Ocells Els Amics De Les Arts,Els Amics De Les Arts,Els Ocells,23851,0.006625277777777778,0.39751666666666663,6,1,0.8,0.633,0.302,0.00577,0.0887,-12.569,0.0391,120.859,0.311,True
306,Els desperfectes Els Amics De Les Arts,Els Amics De Les Arts,Els desperfectes,268250,0.0745138888888889,4.470833333333333,15,3,0.0215,0.437,0.718,2.64e-06,0.0738,-5.621,0.0364,154.771,0.156,False
307,Empty Chairs At Empty Tables - Live Michael Ball,Michael Ball,Empty Chairs At Empty Tables - Live,22578,0.006271666666666667,0.3763,6,3,0.917,0.252,0.187,0.000324,0.681,-21.692,0.0783,87.449,0.09,True
308,Empty Chairs At Empty Tables Eddie Redmayne,Eddie Redmayne,Empty Chairs At Empty Tables,383480,0.10652222222222223,6.391333333333333,6,1,0.944,0.299,0.0656,1.89e-05,0.0943,-18.002,0.0553,170.381,0.115,False
309,Empty Chairs At Empty Tables Michael Ball,Michael Ball,Empty Chairs At Empty Tables,6954,0.0019316666666666666,0.1159,6,3,0.944,0.3,0.252,0.000653,0.115,-11.327,0.0322,95.282,0.136,True
310,Empty Chairs at Empty Tables - Live Gareth Gates,Gareth Gates,Empty Chairs at Empty Tables - Live,11708,0.0032522222222222223,0.19513333333333333,6,3,0.841,0.348,0.179,0.0,0.71,-13.975,0.066,79.223,0.114,True
311,Empty Chairs at Empty Tables Piano Tribute Players,Piano Tribute Players,Empty Chairs at Empty Tables,13461,0.0037391666666666667,0.22435,6,2,0.991,0.513,0.274,0.924,0.105,-18.302,0.0384,80.85,0.233,True
312,Encrucijada Joel Minguet,Joel Minguet,Encrucijada,183960,0.0511,3.066,13,1,0.772,0.531,0.551,0.00123,0.128,-13.645,0.0298,176.028,0.55,False
313,"End Credits - ""Action That"" Nicholas Britell",Nicholas Britell,"End Credits - ""Action That""",226840,0.06301111111111111,3.780666666666667,10,2,0.153,0.071,0.396,0.939,0.112,-13.447,0.0476,68.054,0.07,False
314,"End Credits - From ""Pirates of the Caribbean: On Stranger Tides""/Score Hans Zimmer",Hans Zimmer,"End Credits - From ""Pirates of the Caribbean: On Stranger Tides""/Score",468532,0.13014777777777778,7.808866666666667,9,3,0.404,0.534,0.814,0.972,0.0998,-10.418,0.0429,140.22,0.766,False
315,"End Title - From ""The Living Daylights"" John Barry",John Barry,"End Title - From ""The Living Daylights""",16696,0.004637777777777778,0.27826666666666666,19,1,0.691,0.0936,0.245,0.573,0.114,-16.362,0.0366,173.828,0.23,True
316,Enter Sandman - Live Metallica,Metallica,Enter Sandman - Live,1023,0.00028416666666666667,0.01705,15,3,0.00029,0.223,0.953,0.525,0.611,-6.617,0.115,133.322,0.0469,True
317,Entre dos tierras Heroes Del Silencio,Heroes Del Silencio,Entre dos tierras,28437,0.007899166666666667,0.47395,6,2,0.0351,0.458,0.746,0.0,0.172,-9.444,0.0318,166.095,0.511,True
318,Eres Tú el Príncipe Azul Coros - La Bella Durmiente,Coros - La Bella Durmiente,Eres Tú el Príncipe Azul,710720,0.19742222222222222,11.845333333333333,7,3,0.963,0.295,0.14,0.142,0.368,-15.341,0.0357,132.673,0.183,False
319,Es La Noche Del Amor Anolita Domínguez,Anolita Domínguez,Es La Noche Del Amor,183380,0.05093888888888889,3.0563333333333333,8,3,0.73,0.394,0.289,0.0,0.778,-13.785,0.0426,78.034,0.517,False
320,Es Más Que Amor Camilo Sesto,Camilo Sesto,Es Más Que Amor,247000,0.06861111111111111,4.116666666666666,16,3,0.452,0.524,0.299,0.0,0.285,-13.176,0.0316,145.947,0.349,False
321,Es martes Spotify,Spotify,Es martes,2923,0.0008119444444444445,0.048716666666666665,12,3,,,,,,,,,,True
322,Escolta Anna Roig,Anna Roig,Escolta,362422,0.10067277777777778,6.040366666666667,6,1,0.667,0.427,0.366,0.0841,0.0995,-13.625,0.0607,97.931,0.208,False
323,Ese Es Mi Destino Ferran Gonzalez,Ferran Gonzalez,Ese Es Mi Destino,582201,0.1617225,9.70335,9,3,0.877,0.315,0.105,4.47e-05,0.137,-15.023,0.0322,89.468,0.21,False
324,Essequibo River El Pony Pisador,El Pony Pisador,Essequibo River,98585,0.027384722222222223,1.6430833333333332,15,3,0.212,0.568,0.368,0.0,0.166,-11.158,0.192,142.807,0.709,False
325,Estimeu-me Els Amics De Les Arts,Els Amics De Les Arts,Estimeu-me,268507,0.07458527777777778,4.475116666666667,15,1,0.501,0.644,0.574,6.16e-05,0.212,-10.121,0.029,91.999,0.546,False
326,Estranged Guns N' Roses,Guns N' Roses,Estranged,583500,0.16208333333333336,9.725,6,1,0.0105,0.358,0.762,0.282,0.368,-8.323,0.0324,89.246,0.168,True
327,Et Vaig Dir Els Amics De Les Arts,Els Amics De Les Arts,Et Vaig Dir,268066,0.07446277777777778,4.467766666666667,17,2,0.355,0.497,0.582,0.000112,0.099,-6.452,0.04,80.089,0.239,False
328,Et vaig dir Els Amics De Les Arts,Els Amics De Les Arts,Et vaig dir,23616,0.00656,0.3936,6,1,0.355,0.497,0.582,0.000112,0.099,-6.452,0.04,80.089,0.239,True
329,Eternal Love Danny Elfman,Danny Elfman,Eternal Love,18730,0.0052027777777777775,0.31216666666666665,8,3,,,,,,,,,,True
330,Every Breath You Take Scott Bradlee's Postmodern Jukebox,Scott Bradlee's Postmodern Jukebox,Every Breath You Take,200360,0.055655555555555555,3.3393333333333333,15,2,0.816,0.351,0.351,1.59e-06,0.457,-7.628,0.0496,157.699,0.238,False
331,Everybody Hurts R.E.M.,R.E.M.,Everybody Hurts,320267,0.08896305555555556,5.337783333333333,15,3,0.615,0.467,0.324,0.0248,0.118,-10.451,0.0255,94.301,0.166,False
332,Everybody Knows Leonard Cohen,Leonard Cohen,Everybody Knows,13090,0.0036361111111111112,0.21816666666666668,8,2,0.643,0.785,0.457,2.57e-06,0.172,-13.827,0.0273,104.205,0.692,True
333,Everybody Knows Rufus Wainwright,Rufus Wainwright,Everybody Knows,11294,0.0031372222222222222,0.18823333333333334,6,3,0.0461,0.468,0.529,0.0,0.742,-6.621,0.081,132.76,0.465,True
334,Everybody Knows Sigrid,Sigrid,Everybody Knows,6965,0.0019347222222222222,0.11608333333333333,6,1,0.641,0.656,0.225,6.32e-05,0.101,-11.777,0.0313,106.023,0.156,True
335,Everybody's Changing Keane,Keane,Everybody's Changing,10318,0.002866111111111111,0.17196666666666666,6,1,0.0014,0.517,0.839,0.000365,0.108,-3.521,0.0287,94.015,0.416,True
336,Everything's Alright (Reprise) - Remastered 2005 Andrew Lloyd Webber,Andrew Lloyd Webber,Everything's Alright (Reprise) - Remastered 2005,17429,0.004841388888888889,0.2904833333333333,6,3,,,,,,,,,,True
337,"Everything's Alright - From ""Jesus Christ Superstar"" Soundtrack Yvonne Elliman",Yvonne Elliman,"Everything's Alright - From ""Jesus Christ Superstar"" Soundtrack",429946,0.11942944444444445,7.165766666666666,15,3,0.455,0.413,0.433,0.0,0.112,-10.627,0.0371,135.277,0.498,False
338,Everything's Alright - Remastered 2005 Andrew Lloyd Webber,Andrew Lloyd Webber,Everything's Alright - Remastered 2005,9602,0.0026672222222222223,0.16003333333333333,15,1,,,,,,,,,,True
339,Exercici Seixanta Els Amics De Les Arts,Els Amics De Les Arts,Exercici Seixanta,1303,0.00036194444444444447,0.021716666666666665,12,3,0.465,0.676,0.387,1.81e-06,0.0958,-11.949,0.3,92.166,0.349,True
340,"Exit Through the Lobby - from ""Spider-Man: No Way Home"" Soundtrack Michael Giacchino",Michael Giacchino,"Exit Through the Lobby - from ""Spider-Man: No Way Home"" Soundtrack",521390,0.14483055555555557,8.689833333333333,8,1,0.971,0.142,0.0177,0.934,0.0981,-23.93,0.0372,80.32,0.0329,False
341,Experience Ludovico Einaudi,Ludovico Einaudi,Experience,950393,0.26399805555555556,15.839883333333333,9,1,0.934,0.447,0.449,0.961,0.0697,-10.634,0.0376,92.468,0.036,False
342,Extremely Loud and Incredibly Close Alexandre Desplat,Alexandre Desplat,Extremely Loud and Incredibly Close,235346,0.06537388888888888,3.922433333333333,13,1,0.991,0.474,0.0118,0.891,0.0622,-31.108,0.0318,79.1,0.0656,False
343,Farmer Refuted Thayne Jasperson,Thayne Jasperson,Farmer Refuted,338226,0.09395166666666668,5.6371,11,3,0.684,0.795,0.409,0.0,0.0548,-8.334,0.372,77.879,0.577,False
344,Father And Son Yusuf / Cat Stevens,Yusuf / Cat Stevens,Father And Son,68438,0.019010555555555555,1.1406333333333332,7,3,0.541,0.495,0.326,8.85e-05,0.0996,-12.29,0.0365,136.243,0.371,True
345,Father and Son One Piano,One Piano,Father and Son,942,0.00026166666666666667,0.0157,15,3,0.986,0.704,0.172,0.941,0.159,-12.782,0.0511,131.959,0.201,True
346,Fathom the Bowl El Pony Pisador,El Pony Pisador,Fathom the Bowl,101948,0.02831888888888889,1.6991333333333334,15,3,0.448,0.69,0.433,0.0,0.188,-10.705,0.0286,89.947,0.96,False
347,"Final Ascent (From ""No Time To Die"") - Piano + Orchestra Piano Master Music",Piano Master Music,"Final Ascent (From ""No Time To Die"") - Piano + Orchestra",45927,0.0127575,0.76545,5,2,,,,,,,,,,False
348,Final Ascent (No Time To Die) - Piano Version Laurie Théberge,Laurie Théberge,Final Ascent (No Time To Die) - Piano Version,730000,0.20277777777777778,12.166666666666666,8,2,,,,,,,,,,False
349,Final Ascent (arr. piano) Music Lab Collective,Music Lab Collective,Final Ascent (arr. piano),348842,0.09690055555555556,5.814033333333334,10,2,0.982,0.33,0.0418,0.907,0.0689,-24.593,0.0491,121.04,0.0557,False
350,Final Ascent Hans Zimmer,Hans Zimmer,Final Ascent,2194404,0.6095566666666666,36.5734,10,1,0.159,0.203,0.0935,0.806,0.0883,-15.575,0.0344,41.858,0.0346,False
351,Final Ascent Solar Flare Piano,Solar Flare Piano,Final Ascent,438696,0.12186,7.3116,16,2,,,,,,,,,,False
352,Final feliz en Agrabah Alan Menken,Alan Menken,Final feliz en Agrabah,119280,0.033133333333333334,1.988,11,3,0.93,0.142,0.14,0.725,0.239,-15.877,0.0397,87.045,0.115,False
353,Finale B Cast of the Motion Picture RENT,Cast of the Motion Picture RENT,Finale B,3800,0.0010555555555555555,0.06333333333333334,6,3,0.0662,0.253,0.482,0.0,0.116,-5.565,0.0324,145.338,0.19,True
354,Finale B One Piano,One Piano,Finale B,813,0.00022583333333333334,0.01355,16,1,0.972,0.244,0.114,0.881,0.284,-19.729,0.0376,145.611,0.262,True
355,Flight of the Eagle (Piano and Cello) Brian Crain,Brian Crain,Flight of the Eagle (Piano and Cello),21424,0.005951111111111111,0.35706666666666664,6,1,0.984,0.345,0.225,0.825,0.112,-14.256,0.0312,111.579,0.139,True
356,Flume Bon Iver,Bon Iver,Flume,219000,0.060833333333333336,3.65,11,2,0.929,0.448,0.143,0.0356,0.109,-17.012,0.0328,132.829,0.0873,False
357,Fly Ludovico Einaudi,Ludovico Einaudi,Fly,133893,0.0371925,2.23155,11,2,0.994,0.174,0.178,0.861,0.0737,-18.717,0.0362,167.972,0.0347,False
358,Flying Secret Machines,Secret Machines,Flying,4536,0.00126,0.0756,15,2,0.0243,0.384,0.925,0.848,0.0837,-6.928,0.0504,94.298,0.209,True
359,Fooled Around And Fell In Love Elvin Bishop,Elvin Bishop,Fooled Around And Fell In Love,8070,0.0022416666666666665,0.1345,6,3,0.0729,0.634,0.585,0.0805,0.0953,-13.112,0.0305,113.463,0.61,True
360,For No One (Instrumental Piano) Matchstick Piano Man,Matchstick Piano Man,For No One (Instrumental Piano),186346,0.051762777777777776,3.105766666666667,8,2,0.996,0.446,0.0265,0.97,0.0832,-24.95,0.058,78.598,0.209,False
361,For Your Eyes Only Mister Bond,Mister Bond,For Your Eyes Only,644266,0.17896277777777778,10.737766666666667,11,1,0.703,0.602,0.474,0.00355,0.101,-8.303,0.0291,95.962,0.141,False
362,Forgotten Battlefield - Red Birds are Tied to the Ground Lorien Testard,Lorien Testard,Forgotten Battlefield - Red Birds are Tied to the Ground,242000,0.06722222222222222,4.033333333333333,11,1,0.948,0.455,0.258,0.933,0.129,-18.058,0.0276,77.014,0.18,False
363,Forming Up/Unto Stone We Are Nicholas Britell,Nicholas Britell,Forming Up/Unto Stone We Are,566146,0.15726277777777778,9.435766666666666,8,3,0.971,0.188,0.114,0.966,0.0914,-23.015,0.0363,136.331,0.0546,False
364,Fortunate Son Creedence Clearwater Revival,Creedence Clearwater Revival,Fortunate Son,13893,0.0038591666666666666,0.23155,17,1,0.175,0.628,0.565,0.0693,0.349,-9.98,0.0385,132.302,0.582,True
365,Four Knocks Murray Gold,Murray Gold,Four Knocks,244333,0.06787027777777778,4.072216666666667,11,2,,,,,,,,,,False
366,Frankenstein's Monster Henry Jackman,Henry Jackman,Frankenstein's Monster,181355,0.05037638888888889,3.0225833333333334,6,2,0.596,0.147,0.331,0.866,0.114,-11.869,0.0344,68.159,0.0395,False
367,Free In The Harbour Stan Rogers,Stan Rogers,Free In The Harbour,268256,0.07451555555555556,4.470933333333333,15,2,0.717,0.374,0.252,6.76e-06,0.183,-15.056,0.0298,153.585,0.398,True
368,"Friend Like Me (Piano Version) [from ""Aladdin""] The Piano Kid",The Piano Kid,"Friend Like Me (Piano Version) [from ""Aladdin""]",130481,0.03624472222222222,2.1746833333333333,15,3,0.986,0.659,0.294,0.884,0.118,-15.278,0.0311,110.01,0.294,False
369,Friend Like Me One Piano,One Piano,Friend Like Me,1132749,0.3146525,18.87915,10,3,0.993,0.425,0.0915,0.923,0.107,-24.976,0.0445,104.008,0.218,False
370,Friend Like Me Robin Williams,Robin Williams,Friend Like Me,1318025,0.36611805555555554,21.96708333333333,8,3,0.621,0.648,0.478,0.0,0.703,-13.584,0.145,98.412,0.653,False
371,Friend Like Me Walt's Piano,Walt's Piano,Friend Like Me,152552,0.042375555555555555,2.5425333333333335,15,3,0.991,0.549,0.206,0.955,0.166,-21.592,0.0404,58.548,0.279,False
372,From Me to You (Instrumental Piano) Matchstick Piano Man,Matchstick Piano Man,From Me to You (Instrumental Piano),153175,0.04254861111111111,2.5529166666666665,8,2,0.996,0.405,0.0306,0.958,0.0945,-26.812,0.0512,67.507,0.284,False
373,From Russia with Love One Piano,One Piano,From Russia with Love,7877,0.0021880555555555555,0.13128333333333334,17,2,0.983,0.4,0.312,0.931,0.168,-10.715,0.0549,179.673,0.268,True
374,From The Start Laufey,Laufey,From The Start,169573,0.04710361111111111,2.826216666666667,10,1,0.0211,0.375,0.806,0.0,0.084,-4.139,0.0509,88.838,0.611,False
375,"Frozen Heart - From ""Frozen""/Soundtrack Version Cast - Frozen",Cast - Frozen,"Frozen Heart - From ""Frozen""/Soundtrack Version",214609,0.05961361111111111,3.5768166666666668,11,3,,,,,,,,,,False
376,"Germany, 1944 John Williams",John Williams,"Germany, 1944",303474,0.08429833333333334,5.0579,16,1,0.631,0.279,0.143,0.734,0.112,-17.934,0.0389,123.996,0.0399,False
377,Get Back - Remastered 2009 The Beatles,The Beatles,Get Back - Remastered 2009,11347,0.0031519444444444446,0.18911666666666666,6,2,0.492,0.761,0.592,0.00626,0.61,-9.836,0.0586,123.095,0.332,True
378,Get Back Piano Tribute Players,Piano Tribute Players,Get Back,156200,0.04338888888888889,2.6033333333333335,15,2,0.988,0.615,0.316,0.89,0.105,-15.779,0.0435,123.086,0.312,False
379,"Gethsemane (I Only Wanted To Say) - From ""Jesus Christ Superstar"" Soundtrack Ted Neeley",Ted Neeley,"Gethsemane (I Only Wanted To Say) - From ""Jesus Christ Superstar"" Soundtrack",1491092,0.4141922222222222,24.851533333333332,9,3,0.385,0.412,0.472,0.000685,0.125,-10.156,0.0477,137.26,0.311,False
380,"Getsemani (Oración del Huerto) - [Musical ""Jesucristo Superstar""] Camilo Sesto",Camilo Sesto,"Getsemani (Oración del Huerto) - [Musical ""Jesucristo Superstar""]",356000,0.09888888888888889,5.933333333333334,17,3,0.765,0.269,0.538,1.85e-06,0.174,-10.249,0.0494,82.976,0.281,False
381,Gimme Shelter The Rolling Stones,The Rolling Stones,Gimme Shelter,267090,0.07419166666666667,4.4515,10,3,0.447,0.634,0.63,0.039,0.17,-8.277,0.031,118.628,0.489,False
382,Gimme! Gimme! Gimme! (A Man After Midnight) - From 'Mamma Mia!' Original Motion Picture Soundtrack Amanda Seyfried,Amanda Seyfried,Gimme! Gimme! Gimme! (A Man After Midnight) - From 'Mamma Mia!' Original Motion Picture Soundtrack,1351542,0.37542833333333336,22.5257,9,1,0.021,0.628,0.836,0.000513,0.416,-4.776,0.0301,120.045,0.571,False
383,Girl (Instrumental Piano) Matchstick Piano Man,Matchstick Piano Man,Girl (Instrumental Piano),263727,0.0732575,4.39545,14,2,0.995,0.49,0.0299,0.966,0.126,-25.407,0.0573,73.913,0.139,False
384,Girl Jim Sturgess,Jim Sturgess,Girl,13867,0.0038519444444444443,0.23111666666666666,6,1,0.964,0.327,0.0986,0.0,0.091,-14.667,0.0469,74.851,0.272,True
385,Glasgow Love Theme Craig Armstrong,Craig Armstrong,Glasgow Love Theme,0,0.0,0.0,15,1,0.985,0.312,0.122,0.927,0.0765,-15.618,0.0313,78.664,0.0397,True
386,Go the Distance Roger Bart,Roger Bart,Go the Distance,388320,0.10786666666666667,6.472,11,3,0.878,0.275,0.126,0.000872,0.0791,-17.077,0.033,88.206,0.211,False
387,Golden - Piano Version Relaxing Piano Covers,Relaxing Piano Covers,Golden - Piano Version,23320,0.006477777777777778,0.38866666666666666,11,2,,,,,,,,,,True
388,"Goldeneye - From ""Goldeneye"" Royal Philharmonic Orchestra",Royal Philharmonic Orchestra,"Goldeneye - From ""Goldeneye""",519360,0.14426666666666665,8.656,12,3,,,,,,,,,,False
389,Goldeneye Mister Bond,Mister Bond,Goldeneye,496534,0.1379261111111111,8.275566666666666,10,1,0.0849,0.65,0.752,5.66e-06,0.095,-4.023,0.0429,91.042,0.687,False
390,Goldeneye One Piano,One Piano,Goldeneye,28592,0.007942222222222222,0.4765333333333333,5,3,,,,,,,,,,True
391,"Goldfinger - From ""Goldfinger"" Royal Philharmonic Orchestra",Royal Philharmonic Orchestra,"Goldfinger - From ""Goldfinger""",14559,0.004044166666666666,0.24265,6,1,,,,,,,,,,True
392,Goldfinger Mister Bond,Mister Bond,Goldfinger,495574,0.13765944444444445,8.259566666666666,11,1,0.34,0.481,0.421,0.0,0.409,-8.964,0.0387,85.7,0.316,False
393,Goldfinger One Piano,One Piano,Goldfinger,153951,0.042764166666666666,2.56585,9,2,0.987,0.658,0.359,0.966,0.11,-8.747,0.0418,102.583,0.0392,False
394,"Gone, Gone, Gone - Piano Version David Schultz",David Schultz,"Gone, Gone, Gone - Piano Version",203458,0.056516111111111114,3.3909666666666665,15,1,0.988,0.471,0.0787,0.899,0.108,-19.216,0.0526,103.24,0.0865,False
395,"Gone, Gone, Gone Miles Davis",Miles Davis,"Gone, Gone, Gone",29379,0.008160833333333334,0.48965,15,1,0.219,0.499,0.419,4.39e-05,0.241,-17.4,0.0605,105.658,0.674,True
396,"Gone, Gone, Gone Phillip Phillips",Phillip Phillips,"Gone, Gone, Gone",1233784,0.3427177777777778,20.563066666666664,15,2,0.129,0.664,0.642,0.0,0.114,-5.961,0.038,118.006,0.501,False
397,Good Night Eden Brown,Eden Brown,Good Night,150763,0.04187861111111111,2.5127166666666665,8,2,0.966,0.616,0.142,0.878,0.103,-16.239,0.0348,117.984,0.285,False
398,Goodbye Love One Piano,One Piano,Goodbye Love,341613,0.0948925,5.69355,17,2,0.989,0.732,0.12,0.959,0.104,-19.971,0.0565,133.478,0.273,False
399,Got to Get You Into My Life TJR,TJR,Got to Get You Into My Life,74456,0.020682222222222223,1.2409333333333334,15,2,0.941,0.506,0.275,0.942,0.111,-15.917,0.0518,128.957,0.529,False
400,Ground Control To Major Tom Michael John Hall,Michael John Hall,Ground Control To Major Tom,218807,0.06077972222222223,3.646783333333333,11,1,0.99,0.358,0.0151,0.889,0.122,-27.287,0.0444,74.919,0.0848,False
401,Guns and Ships Leslie Odom Jr.,Leslie Odom Jr.,Guns and Ships,315943,0.08776194444444445,5.265716666666667,11,3,0.399,0.72,0.666,0.0,0.0844,-6.914,0.328,138.03,0.383,False
402,Gustave (Music Box) Lorien Testard,Lorien Testard,Gustave (Music Box),108206,0.03005722222222222,1.8034333333333334,8,1,0.953,0.504,0.298,0.874,0.13,-16.273,0.0452,160.109,0.189,False
403,"Gustave (from ""Clair Obscur: Expedition 33"") Sebastien Skaf",Sebastien Skaf,"Gustave (from ""Clair Obscur: Expedition 33"")",388907,0.10802972222222221,6.481783333333334,9,1,,,,,,,,,,False
404,Gustave (from Clair Obscur: Expedition 33) - Piano Version Grim Cat Piano,Grim Cat Piano,Gustave (from Clair Obscur: Expedition 33) - Piano Version,234657,0.0651825,3.91095,9,1,,,,,,,,,,False
405,Gustave Lorien Testard,Lorien Testard,Gustave,2052001,0.5700002777777778,34.20001666666666,8,1,0.955,0.353,0.299,0.862,0.12,-12.835,0.0318,80.135,0.284,False
406,Gymnopédie No. 1 Erik Satie,Erik Satie,Gymnopédie No. 1,916708,0.2546411111111111,15.278466666666667,17,2,0.994,0.468,0.0127,0.937,0.094,-36.856,0.123,72.776,0.356,False
407,Gymnopédie No. 1 Finghin Collins,Finghin Collins,Gymnopédie No. 1,220733,0.06131472222222222,3.6788833333333333,17,2,0.995,0.456,0.0108,0.961,0.101,-28.383,0.0755,69.457,0.315,False
408,Ha Nacido Una Estrella Susan Martín,Susan Martín,Ha Nacido Una Estrella,174383,0.048439722222222224,2.9063833333333333,7,3,0.572,0.68,0.708,0.0,0.471,-7.961,0.109,117.931,0.788,False
409,"Hakuna Matata - From ""The Lion King"" Soundtrack Nathan Lane",Nathan Lane,"Hakuna Matata - From ""The Lion King"" Soundtrack",637881,0.17718916666666668,10.63135,8,3,,,,,,,,,,False
410,Hakuna Matata - Spanish-Castilian version Marc Pociello,Marc Pociello,Hakuna Matata - Spanish-Castilian version,781939,0.21720527777777776,13.032316666666667,7,3,0.623,0.423,0.478,2.6e-06,0.133,-12.796,0.225,168.556,0.66,False
411,Hakuna Matata Claudia Pizá,Claudia Pizá,Hakuna Matata,274381,0.07621694444444445,4.573016666666667,8,3,0.546,0.498,0.483,0.0,0.353,-12.14,0.181,83.241,0.63,False
412,Hallelujah Jeff Buckley,Jeff Buckley,Hallelujah,8381,0.0023280555555555554,0.13968333333333333,6,2,0.931,0.324,0.136,0.00117,0.176,-10.33,0.0318,97.256,0.0831,True
413,Hallelujah Leonard Cohen,Leonard Cohen,Hallelujah,279903,0.07775083333333334,4.66505,6,2,0.583,0.293,0.408,0.000706,0.101,-10.039,0.0279,171.413,0.247,False
414,Hallelujah Rufus Wainwright,Rufus Wainwright,Hallelujah,254082,0.07057833333333334,4.2347,6,3,0.88,0.367,0.156,0.0,0.0972,-10.052,0.0314,73.138,0.44,True
415,Hallelujah The Northern Lights Quintet,The Northern Lights Quintet,Hallelujah,303962,0.08443388888888889,5.066033333333333,11,1,0.771,0.365,0.186,0.0,0.111,-15.545,0.0305,94.108,0.171,False
416,Halloween Anthony Rapp,Anthony Rapp,Halloween,15179,0.004216388888888889,0.25298333333333334,16,1,0.549,0.451,0.534,0.0,0.12,-6.946,0.0289,87.097,0.729,True
417,Han Solo and the Princess John Williams,John Williams,Han Solo and the Princess,444142,0.12337277777777778,7.402366666666667,8,1,,,,,,,,,,False
418,"Happiness Is A Warm Gun - From ""Across The Universe"" Soundtrack Joe Anderson",Joe Anderson,"Happiness Is A Warm Gun - From ""Across The Universe"" Soundtrack",168578,0.04682722222222222,2.8096333333333336,6,3,0.146,0.576,0.452,0.00156,0.111,-9.137,0.0417,135.923,0.112,True
419,Happiness Is A Warm Gun - Remastered 2009 The Beatles,The Beatles,Happiness Is A Warm Gun - Remastered 2009,0,0.0,0.0,14,1,0.523,0.431,0.54,1.34e-06,0.169,-9.6,0.0589,139.288,0.44,True
420,Have You Ever Seen The Rain Creedence Clearwater Revival,Creedence Clearwater Revival,Have You Ever Seen The Rain,180897,0.05024916666666667,3.0149500000000002,6,1,0.0936,0.743,0.47,3.15e-05,0.186,-13.154,0.029,116.122,0.89,True
421,Have a Cigar Pink Floyd,Pink Floyd,Have a Cigar,31207,0.008668611111111111,0.5201166666666667,15,1,0.407,0.454,0.65,0.0488,0.589,-10.191,0.0437,120.155,0.72,True
422,Hay Un Amigo En Mí Tony Cruz,Tony Cruz,Hay Un Amigo En Mí,501548,0.13931888888888888,8.359133333333334,9,3,0.848,0.675,0.447,0.0,0.12,-8.207,0.0294,115.177,0.512,False
423,"He's a Pirate (From ""Pirates of the Caribbean"") - Piano Version Patrik Pietschmann",Patrik Pietschmann,"He's a Pirate (From ""Pirates of the Caribbean"") - Piano Version",183240,0.0509,3.054,9,1,0.972,0.441,0.255,0.871,0.0898,-17.508,0.0408,179.963,0.483,False
424,Heart-Shaped Box Nirvana,Nirvana,Heart-Shaped Box,281160,0.0781,4.686,15,2,0.199,0.256,0.641,0.0329,0.0853,-10.283,0.0552,203.006,0.382,False
425,"Heaven On Their Minds - From ""Jesus Christ Superstar"" Soundtrack Carl Anderson",Carl Anderson,"Heaven On Their Minds - From ""Jesus Christ Superstar"" Soundtrack",260800,0.07244444444444445,4.346666666666667,18,3,0.433,0.469,0.553,0.0,0.0662,-10.099,0.0545,124.714,0.682,False
426,Heaven on Their Minds - Remastered 2005 Andrew Lloyd Webber,Andrew Lloyd Webber,Heaven on Their Minds - Remastered 2005,217120,0.060311111111111114,3.6186666666666665,16,1,,,,,,,,,,False
427,Hello Adele,Adele,Hello,295502,0.08208388888888889,4.925033333333333,10,2,0.893,0.556,0.319,0.0,0.0996,-8.251,0.0281,135.187,0.294,False
428,"Hello, Goodbye - Remastered 2009 The Beatles",The Beatles,"Hello, Goodbye - Remastered 2009",0,0.0,0.0,16,1,0.306,0.479,0.733,2.4e-05,0.414,-8.753,0.0257,99.313,0.806,True
429,"Hello, Goodbye Piano Tribute Players",Piano Tribute Players,"Hello, Goodbye",196640,0.054622222222222225,3.2773333333333334,15,2,0.989,0.553,0.321,0.93,0.119,-16.48,0.0443,92.014,0.193,False
430,Help (Instrumental Piano) Matchstick Piano Man,Matchstick Piano Man,Help (Instrumental Piano),191224,0.05311777777777778,3.1870666666666665,7,2,0.994,0.301,0.0157,0.948,0.109,-23.898,0.0511,179.268,0.258,False
431,Help! - Live At Pier Hotel Himesh Patel,Himesh Patel,Help! - Live At Pier Hotel,284048,0.07890222222222222,4.734133333333333,10,2,0.000123,0.342,0.968,7.38e-06,0.38,-6.206,0.2,113.016,0.126,False
432,Help! - Remastered 2009 The Beatles,The Beatles,Help! - Remastered 2009,25144,0.006984444444444444,0.41906666666666664,5,3,0.188,0.534,0.725,0.0,0.0994,-7.576,0.0333,94.963,0.767,True
433,Helpless Phillipa Soo,Phillipa Soo,Helpless,749313,0.2081425,12.48855,11,3,0.334,0.688,0.491,0.0,0.0914,-7.494,0.269,79.009,0.737,False
434,"Helter Skelter - From ""Across The Universe"" Soundtrack Dana Fuchs",Dana Fuchs,"Helter Skelter - From ""Across The Universe"" Soundtrack",126314,0.03508722222222222,2.105233333333333,5,3,0.000195,0.266,0.911,0.0113,0.35,-3.824,0.0656,165.966,0.337,True
435,Here Comes The Sun - Remastered 2009 The Beatles,The Beatles,Here Comes The Sun - Remastered 2009,201916,0.05608777777777778,3.3652666666666664,6,3,0.0339,0.557,0.54,0.00248,0.179,-10.484,0.0347,129.177,0.394,True
436,Here Comes the Sun Gabriella Quevedo,Gabriella Quevedo,Here Comes the Sun,25978,0.0072161111111111115,0.43296666666666667,6,2,0.772,0.488,0.49,0.928,0.0866,-10.801,0.0375,133.117,0.854,True
437,Here Pharrell Williams,Pharrell Williams,Here,73387,0.020385277777777776,1.2231166666666666,15,1,,,,,,,,,,False
438,Here comes the sun Susan Sunnemo,Susan Sunnemo,Here comes the sun,213489,0.0593025,3.55815,8,2,0.993,0.42,0.136,0.941,0.106,-23.57,0.0655,180.164,0.307,False
439,Heroes Scott Bradlee's Postmodern Jukebox,Scott Bradlee's Postmodern Jukebox,Heroes,249013,0.06917027777777777,4.150216666666667,15,2,0.852,0.439,0.373,0.000108,0.115,-9.683,0.0396,128.509,0.221,False
440,"Hey Jude - From ""Across The Universe"" Soundtrack Joe Anderson",Joe Anderson,"Hey Jude - From ""Across The Universe"" Soundtrack",296857,0.08246027777777779,4.947616666666667,5,1,0.0711,0.347,0.35,0.000736,0.0948,-9.254,0.0286,141.839,0.203,False
441,Hey Jude - Remastered 2009 The Beatles,The Beatles,Hey Jude - Remastered 2009,431333,0.11981472222222223,7.188883333333333,19,2,0.0275,0.399,0.555,1.33e-05,0.0928,-10.156,0.0259,145.164,0.663,False
442,Hey Jude Louie Hobbs Trio,Louie Hobbs Trio,Hey Jude,219625,0.06100694444444445,3.660416666666667,11,1,0.944,0.68,0.212,0.89,0.077,-15.635,0.0419,121.394,0.364,False
443,Hey Jude Samantha Fade,Samantha Fade,Hey Jude,199079,0.05529972222222222,3.3179833333333333,8,2,0.981,0.681,0.172,0.932,0.0915,-15.473,0.0362,130.026,0.174,False
444,History Has Its Eyes on You Christopher Jackson,Christopher Jackson,History Has Its Eyes on You,194100,0.05391666666666667,3.235,11,3,0.803,0.438,0.373,0.0,0.123,-9.769,0.0291,77.415,0.274,False
445,Hoist The Colours - Bass Singers Version The Wellermen,The Wellermen,Hoist The Colours - Bass Singers Version,278443,0.07734527777777778,4.640716666666667,11,3,0.62,0.287,0.298,1.87e-05,0.163,-13.61,0.0326,94.531,0.243,False
446,Hoist the Colours - Epic Version - Cover Samuel Kim,Samuel Kim,Hoist the Colours - Epic Version - Cover,278706,0.07741833333333334,4.6451,9,3,,,,,,,,,,False
447,Hoist the Colours Hans Zimmer,Hans Zimmer,Hoist the Colours,182160,0.0506,3.036,9,3,0.662,0.341,0.0848,4.77e-06,0.543,-23.807,0.0389,80.011,0.293,False
448,Hoist the Colours MALINDA,MALINDA,Hoist the Colours,274320,0.0762,4.572,9,3,0.717,0.124,0.246,0.0,0.369,-13.674,0.0356,78.991,0.206,False
449,Hold Me Tight Evan Rachel Wood,Evan Rachel Wood,Hold Me Tight,3919,0.0010886111111111112,0.06531666666666666,15,2,0.00676,0.587,0.646,1.23e-06,0.148,-5.734,0.0332,135.991,0.597,True
450,Holiday Green Day,Green Day,Holiday,55310,0.015363888888888889,0.9218333333333334,15,3,0.000138,0.538,0.884,0.0,0.466,-3.251,0.031,146.511,0.736,True
451,Honest - From The Amazing Spider-Man 2 Soundtrack The Neighbourhood,The Neighbourhood,Honest - From The Amazing Spider-Man 2 Soundtrack,35453,0.009848055555555556,0.5908833333333333,15,1,,,,,,,,,,False
452,Honesty (feat. Kendall Roy) Nicholas Britell,Nicholas Britell,Honesty (feat. Kendall Roy),939312,0.26092,15.6552,9,1,0.777,0.478,0.175,0.0,0.102,-14.347,0.0553,79.326,0.173,False
453,"Honey, Honey - From 'Mamma Mia!' Original Motion Picture Soundtrack Amanda Seyfried",Amanda Seyfried,"Honey, Honey - From 'Mamma Mia!' Original Motion Picture Soundtrack",187360,0.05204444444444444,3.1226666666666665,9,3,0.0417,0.506,0.895,5.47e-06,0.252,-4.069,0.0363,140.044,0.806,False
454,Honor Him Hans Zimmer,Hans Zimmer,Honor Him,159680,0.04435555555555556,2.6613333333333333,10,1,0.857,0.194,0.105,0.884,0.117,-23.824,0.0418,68.08,0.0392,False
455,Hooked on a Feeling One Piano,One Piano,Hooked on a Feeling,166265,0.046184722222222224,2.7710833333333333,10,1,0.961,0.75,0.458,0.95,0.106,-9.363,0.0494,116.139,0.285,False
456,Hora de Estrellas Joel Minguet,Joel Minguet,Hora de Estrellas,196529,0.054591388888888884,3.2754833333333333,6,2,0.139,0.419,0.524,0.071,0.1,-11.297,0.041,128.672,0.275,False
457,"Hosanna - From ""Jesus Christ Superstar"" Soundtrack Ted Neeley",Ted Neeley,"Hosanna - From ""Jesus Christ Superstar"" Soundtrack",178517,0.04958805555555556,2.9752833333333335,6,2,0.428,0.31,0.484,7.35e-05,0.324,-8.883,0.0487,79.689,0.351,False
458,Hosanna Camilo Sesto,Camilo Sesto,Hosanna,177000,0.049166666666666664,2.95,16,3,0.645,0.389,0.42,0.0,0.0735,-11.148,0.0329,83.382,0.324,False
459,Hotel California - 2013 Remaster Eagles,Eagles,Hotel California - 2013 Remaster,606,0.00016833333333333332,0.0101,6,2,0.00574,0.579,0.508,0.000494,0.0575,-9.484,0.027,147.125,0.609,True
460,How Far I'll Go Auli'i Cravalho,Auli'i Cravalho,How Far I'll Go,490158,0.136155,8.1693,9,3,,,,,,,,,,False
461,How to Fight Loneliness Wilco,Wilco,How to Fight Loneliness,232027,0.06445194444444445,3.8671166666666665,7,2,0.596,0.692,0.378,0.11,0.134,-12.671,0.0308,123.658,0.4,False
462,Hurricane Lin-Manuel Miranda,Lin-Manuel Miranda,Hurricane,287102,0.07975055555555556,4.785033333333334,10,3,0.762,0.453,0.546,0.0,0.0965,-7.952,0.309,171.289,0.398,False
463,Hurt Johnny Cash,Johnny Cash,Hurt,1082665,0.3007402777777778,18.044416666666667,7,1,0.649,0.534,0.392,0.000227,0.0948,-7.636,0.0267,90.379,0.163,False
464,Hurt Violet Orlandi,Violet Orlandi,Hurt,51150,0.014208333333333333,0.8525,13,1,,,,,,,,,,False
465,"I Don't Know How To Love Him - From ""Jesus Christ Superstar"" Soundtrack Yvonne Elliman",Yvonne Elliman,"I Don't Know How To Love Him - From ""Jesus Christ Superstar"" Soundtrack",280526,0.07792388888888889,4.675433333333333,8,3,0.862,0.316,0.135,0.0,0.098,-15.419,0.0354,144.381,0.342,False
466,I Don't Know How to Love Him - Remastered 2005 ‘Jesus Christ Superstar’ 1996 London Cast,‘Jesus Christ Superstar’ 1996 London Cast,I Don't Know How to Love Him - Remastered 2005,41736,0.011593333333333334,0.6956,15,1,,,,,,,,,,False
467,"I Dreamed A Dream - From ""Les Misérables"" Anne Hathaway",Anne Hathaway,"I Dreamed A Dream - From ""Les Misérables""",14135,0.003926388888888889,0.23558333333333334,12,1,0.94,0.274,0.0742,2.37e-05,0.0869,-17.234,0.0456,93.48,0.15,True
468,I Expect You To Die Schell Games,Schell Games,I Expect You To Die,185294,0.051470555555555554,3.0882333333333336,4,2,0.632,0.378,0.269,8.2e-05,0.202,-11.872,0.0353,115.471,0.179,False
469,I Fall In Love Too Easily Sweet Nothings Band,Sweet Nothings Band,I Fall In Love Too Easily,7960,0.002211111111111111,0.13266666666666665,11,1,0.946,0.391,0.151,0.863,0.23,-17.695,0.032,95.055,0.107,True
470,I Get Along Without You Very Well Eric Rowland,Eric Rowland,I Get Along Without You Very Well,99987,0.027774166666666666,1.66645,11,1,0.952,0.465,0.186,0.936,0.111,-19.58,0.0349,114.283,0.105,False
471,I Hate Myself And Want To Die - 2013 Mix Nirvana,Nirvana,I Hate Myself And Want To Die - 2013 Mix,9550,0.0026527777777777778,0.15916666666666668,8,3,0.115,0.456,0.818,0.0,0.0995,-11.286,0.0589,115.556,0.257,True
472,I Have A Dream - From 'Mamma Mia!' Original Motion Picture Soundtrack Amanda Seyfried,Amanda Seyfried,I Have A Dream - From 'Mamma Mia!' Original Motion Picture Soundtrack,1036,0.0002877777777777778,0.017266666666666666,16,1,0.804,0.289,0.423,0.0,0.251,-7.269,0.029,205.104,0.472,True
473,I Know Him Jonathan Groff,Jonathan Groff,I Know Him,293940,0.08165,4.899,12,3,0.649,0.67,0.436,0.0,0.722,-8.636,0.364,121.581,0.378,False
474,I See Dead People in Boats Hans Zimmer,Hans Zimmer,I See Dead People in Boats,429187,0.11921861111111111,7.153116666666667,16,3,0.789,0.159,0.0577,0.921,0.106,-23.589,0.0402,107.466,0.0344,False
475,I See Fire Gabriella Quevedo,Gabriella Quevedo,I See Fire,243870,0.06774166666666667,4.0645,17,1,0.898,0.539,0.233,0.912,0.107,-14.714,0.0486,75.424,0.228,False
476,I Should Tell You Adam Pascal,Adam Pascal,I Should Tell You,344183,0.0956063888888889,5.7363833333333325,7,2,0.458,0.315,0.362,0.0,0.0922,-7.889,0.0271,98.657,0.171,False
477,"I Want To Hold Your Hand - From ""Across The Universe"" Soundtrack T.V. Carpio",T.V. Carpio,"I Want To Hold Your Hand - From ""Across The Universe"" Soundtrack",165533,0.04598138888888889,2.7588833333333334,15,3,0.506,0.55,0.247,2.53e-05,0.112,-9.75,0.0316,80.715,0.158,False
478,I Want To Hold Your Hand - Tracks On The Tracks Sessions Himesh Patel,Himesh Patel,I Want To Hold Your Hand - Tracks On The Tracks Sessions,10377,0.0028825,0.17295,6,2,0.299,0.595,0.563,0.0,0.474,-9.837,0.0317,132.113,0.721,True
479,I Want You (She's So Heavy) - Remastered 2009 The Beatles,The Beatles,I Want You (She's So Heavy) - Remastered 2009,1265,0.0003513888888888889,0.021083333333333332,15,2,0.0235,0.37,0.514,0.213,0.0966,-9.488,0.0321,115.716,0.413,True
480,I Want You (She's So Heavy) Joe Anderson,Joe Anderson,I Want You (She's So Heavy),222187,0.06171861111111111,3.703116666666667,12,2,0.0803,0.226,0.518,0.297,0.109,-7.486,0.0331,88.867,0.398,False
481,I Want to Hold Your Hand Piano Tribute Players,Piano Tribute Players,I Want to Hold Your Hand,244493,0.06791472222222222,4.074883333333334,15,2,0.976,0.47,0.42,0.869,0.166,-15.473,0.0405,134.99,0.327,False
482,I Will Christopher Phillips,Christopher Phillips,I Will,156973,0.043603611111111114,2.616216666666667,8,2,0.762,0.532,0.227,0.947,0.165,-17.659,0.0327,120.011,0.253,False
483,I Will Do What I Must William Ross,William Ross,I Will Do What I Must,186683,0.05185638888888889,3.1113833333333334,6,3,0.238,0.103,0.604,0.98,0.103,-12.787,0.0498,77.379,0.0467,False
484,I Will Go Sailing No More Randy Newman,Randy Newman,I Will Go Sailing No More,534819,0.14856083333333334,8.91365,7,3,0.928,0.19,0.0991,0.0037,0.12,-14.478,0.0311,83.447,0.0578,False
485,I Will Survive Scott Bradlee's Postmodern Jukebox,Scott Bradlee's Postmodern Jukebox,I Will Survive,241188,0.06699666666666666,4.0198,15,2,0.736,0.452,0.753,7.72e-06,0.354,-5.235,0.176,139.258,0.514,False
486,I'll Be There for You (Theme From “Friends”) Scott Bradlee's Postmodern Jukebox,Scott Bradlee's Postmodern Jukebox,I'll Be There for You (Theme From “Friends”),487763,0.13548972222222222,8.129383333333333,6,2,0.419,0.306,0.623,0.0,0.14,-7.67,0.049,166.929,0.614,True
487,I'll Cover You - Reprise Jesse L. Martin,Jesse L. Martin,I'll Cover You - Reprise,71042,0.019733888888888888,1.1840333333333333,10,2,0.831,0.313,0.413,3.81e-06,0.0781,-7.342,0.0406,79.902,0.181,False
488,I'll Cover You Wilson Jermaine Heredia,Wilson Jermaine Heredia,I'll Cover You,449319,0.12481083333333334,7.48865,8,1,0.243,0.619,0.876,0.0,0.0752,-3.347,0.0438,111.847,0.778,False
489,I'll Keep Coming Low Roar,Low Roar,I'll Keep Coming,5579,0.0015497222222222223,0.09298333333333333,5,1,0.0372,0.332,0.596,0.413,0.298,-5.607,0.0521,140.104,0.0996,True
490,I'll Make a Man Out of You Donny Osmond,Donny Osmond,I'll Make a Man Out of You,403360,0.11204444444444445,6.722666666666667,12,3,0.144,0.672,0.322,2.96e-05,0.074,-17.669,0.0339,113.852,0.496,False
491,I'm Gonna Be (500 Miles) Anotnia Thomas,Anotnia Thomas,I'm Gonna Be (500 Miles),354668,0.09851888888888889,5.911133333333333,10,3,0.85,0.441,0.252,0.000138,0.114,-8.6,0.0337,139.853,0.502,False
492,I'm Just Ken - In My Feelings Acoustic Ryan Gosling,Ryan Gosling,I'm Just Ken - In My Feelings Acoustic,15766,0.0043794444444444445,0.26276666666666665,6,2,0.379,0.334,0.58,0.00199,0.111,-6.804,0.0336,144.062,0.207,True
493,I'm Just Ken Ryan Gosling,Ryan Gosling,I'm Just Ken,248091,0.06891416666666667,4.13485,8,1,0.0264,0.352,0.628,4.74e-05,0.0952,-6.259,0.0428,140.431,0.387,False
494,I'm Leaving Low Roar,Low Roar,I'm Leaving,31232,0.008675555555555554,0.5205333333333333,6,2,0.499,0.203,0.527,0.0449,0.0897,-8.398,0.0344,90.128,0.124,True
495,I'm Shipping Up To Boston Dropkick Murphys,Dropkick Murphys,I'm Shipping Up To Boston,302270,0.0839638888888889,5.037833333333333,12,1,0.000706,0.452,0.928,0.000637,0.226,-3.133,0.079,129.188,0.6,False
496,"I've Just Seen A Face - From ""Across The Universe"" Soundtrack Jim Sturgess",Jim Sturgess,"I've Just Seen A Face - From ""Across The Universe"" Soundtrack",38113,0.010586944444444444,0.6352166666666667,6,1,0.0259,0.498,0.841,0.000753,0.173,-6.863,0.0617,135.759,0.333,True
497,Ice Camel,Camel,Ice,271514,0.07542055555555556,4.525233333333333,17,1,,,,,,,,,,False
498,If I Fell (Instrumental Piano) Matchstick Piano Man,Matchstick Piano Man,If I Fell (Instrumental Piano),175126,0.04864611111111111,2.9187666666666665,8,2,0.996,0.513,0.0266,0.966,0.107,-25.04,0.0571,95.677,0.31,False
499,If I Fell Evan Rachel Wood,Evan Rachel Wood,If I Fell,156813,0.04355916666666667,2.61355,9,3,0.968,0.474,0.0663,4.73e-06,0.142,-17.908,0.0353,79.217,0.11,False
500,If I Were a Rich Man Jerry Bock,Jerry Bock,If I Were a Rich Man,313347,0.08704083333333333,5.22245,9,2,0.776,0.569,0.149,0.0,0.0779,-14.099,0.261,73.516,0.352,False
501,Imagine - Remastered 2010 John Lennon,John Lennon,Imagine - Remastered 2010,386355,0.10732083333333334,6.43925,8,1,0.907,0.547,0.257,0.183,0.0935,-12.358,0.0252,75.752,0.169,False
502,Imagine Junity,Junity,Imagine,215250,0.05979166666666667,3.5875,11,1,0.964,0.493,0.126,6.44e-05,0.14,-16.534,0.0322,139.444,0.311,False
503,Impromptu No. 2 for Piano and Orchestra Nicholas Britell,Nicholas Britell,Impromptu No. 2 for Piano and Orchestra,131427,0.0365075,2.19045,17,2,0.98,0.413,0.075,0.898,0.101,-20.436,0.0394,135.141,0.0372,False
504,In My Life (arr. piano) Music Lab Collective,Music Lab Collective,In My Life (arr. piano),194215,0.053948611111111114,3.2369166666666667,8,2,,,,,,,,,,False
505,In My Life - Remastered 2009 The Beatles,The Beatles,In My Life - Remastered 2009,0,0.0,0.0,15,2,0.449,0.688,0.435,0.0,0.113,-11.359,0.0323,103.239,0.435,True
506,In This Shirt The Irrepressibles,The Irrepressibles,In This Shirt,1006397,0.2795547222222222,16.77328333333333,17,1,0.691,0.293,0.394,0.382,0.157,-9.581,0.0299,80.168,0.0384,False
507,In the Mouth of Madness John Carpenter,John Carpenter,In the Mouth of Madness,14868,0.00413,0.2478,6,3,0.00161,0.353,0.743,0.748,0.267,-8.268,0.0695,124.999,0.0622,True
508,Infinite Potential Murray Gold,Murray Gold,Infinite Potential,256358,0.07121055555555555,4.272633333333333,9,2,,,,,,,,,,False
509,"Interlude - Ricercare - ""On the Lot"" Nicholas Britell",Nicholas Britell,"Interlude - Ricercare - ""On the Lot""",3484,0.0009677777777777778,0.05806666666666667,9,3,0.00108,0.247,0.375,0.898,0.126,-12.992,0.0516,80.921,0.0361,True
510,"Intermezzo in C Minor - ""Money Wins"" Nicholas Britell",Nicholas Britell,"Intermezzo in C Minor - ""Money Wins""",19753,0.0054869444444444445,0.32921666666666666,6,2,0.438,0.129,0.179,0.68,0.114,-16.566,0.0401,90.617,0.0398,True
511,Intermezzo in C Minor - Piano and Double Bass Nicholas Britell,Nicholas Britell,Intermezzo in C Minor - Piano and Double Bass,0,0.0,0.0,16,1,0.993,0.679,0.0761,0.921,0.109,-19.963,0.0577,99.491,0.156,True
512,Interstellar Overdrive Pink Floyd,Pink Floyd,Interstellar Overdrive,60279,0.016744166666666668,1.00465,15,1,0.767,0.23,0.704,0.869,0.112,-10.975,0.0566,94.227,0.308,False
513,"Into the Unknown (From ""Frozen 2"") - Piano Version Patrik Pietschmann",Patrik Pietschmann,"Into the Unknown (From ""Frozen 2"") - Piano Version",374448,0.10401333333333333,6.2408,8,3,,,,,,,,,,False
514,Into the Unknown AURORA,AURORA,Into the Unknown,1199760,0.33326666666666666,19.996000000000002,8,3,0.849,0.321,0.405,0.000544,0.138,-8.533,0.0412,146.072,0.274,False
515,Into the Unknown Idina Menzel,Idina Menzel,Into the Unknown,779392,0.2164977777777778,12.989866666666666,11,3,0.849,0.321,0.405,0.000544,0.138,-8.533,0.0412,146.072,0.274,False
516,Into the West Annie Lennox,Annie Lennox,Into the West,1051357,0.2920436111111111,17.522616666666664,7,1,0.914,0.312,0.031,8.81e-06,0.0949,-22.035,0.037,92.074,0.0399,False
517,Irene's Theme David Arnold,David Arnold,Irene's Theme,42933,0.011925833333333333,0.71555,7,2,,,,,,,,,,False
518,Islas Baleares Antònia Font,Antònia Font,Islas Baleares,227504,0.06319555555555556,3.791733333333333,6,1,0.422,0.612,0.371,0.000273,0.226,-15.419,0.113,144.112,0.295,False
519,"It Won't Be Long - From ""Across The Universe"" Soundtrack Evan Rachel Wood",Evan Rachel Wood,"It Won't Be Long - From ""Across The Universe"" Soundtrack",136761,0.037989166666666664,2.27935,6,2,0.118,0.588,0.61,0.0,0.165,-4.433,0.0273,136.094,0.539,False
520,It's A Small World (Disneyland Paris version) Cast Of Disneyland Resort Paris,Cast Of Disneyland Resort Paris,It's A Small World (Disneyland Paris version),806102,0.2239172222222222,13.435033333333333,8,3,0.704,0.469,0.51,1.58e-06,0.359,-7.228,0.0307,120.079,0.676,False
521,It's Done Nicholas Britell,Nicholas Britell,It's Done,179010,0.049725,2.9835000000000003,6,1,0.862,0.19,0.142,0.852,0.104,-18.507,0.0359,66.967,0.0444,False
522,It's On Again (feat. Kendrick Lamar) - From The Amazing Spider-Man 2 Soundtrack Alicia Keys,Alicia Keys,It's On Again (feat. Kendrick Lamar) - From The Amazing Spider-Man 2 Soundtrack,3666,0.0010183333333333333,0.0611,15,1,0.06,0.647,0.687,0.0,0.495,-5.274,0.121,110.14,0.494,True
523,It's On Again - Radio Edit Alicia Keys,Alicia Keys,It's On Again - Radio Edit,7312,0.002031111111111111,0.12186666666666666,15,1,0.0394,0.624,0.661,0.0,0.344,-5.34,0.0753,110.052,0.512,True
524,It's Quiet Uptown Renée Elise Goldsberry,Renée Elise Goldsberry,It's Quiet Uptown,540344,0.15009555555555557,9.005733333333334,10,3,0.796,0.484,0.187,0.0,0.0785,-14.076,0.0423,129.753,0.227,False
525,I’ll Follow the Sun Maestro Di Piano,Maestro Di Piano,I’ll Follow the Sun,160818,0.044671666666666665,2.6803,8,2,0.978,0.312,0.321,0.828,0.127,-15.362,0.0533,207.444,0.362,False
526,J'y suis jamais allé - From ''Amelie'' Mercuzio Pianist,Mercuzio Pianist,J'y suis jamais allé - From ''Amelie'',63831,0.017730833333333335,1.06385,9,2,0.964,0.517,0.41,0.924,0.119,-17.598,0.0393,105.034,0.317,False
527,"J'y suis jamais allé - Theme from ""Amelie"" Mercuzio Pianist",Mercuzio Pianist,"J'y suis jamais allé - Theme from ""Amelie""",91040,0.02528888888888889,1.5173333333333334,7,2,0.964,0.517,0.41,0.924,0.119,-17.598,0.0393,105.034,0.317,False
528,J'y suis jamais allé Nàiade,Nàiade,J'y suis jamais allé,162680,0.04518888888888889,2.711333333333333,9,2,0.932,0.75,0.385,0.0102,0.0547,-11.351,0.0428,83.99,0.615,False
529,Ja No Ens Passa - En Directe Al Festival De Cap Roig / 2015 Els Amics De Les Arts,Els Amics De Les Arts,Ja No Ens Passa - En Directe Al Festival De Cap Roig / 2015,42852,0.011903333333333333,0.7142,15,3,0.0857,0.457,0.769,1.35e-06,0.713,-7.15,0.0389,126.992,0.635,False
530,Ja No Ens Passa Els Amics De Les Arts,Els Amics De Les Arts,Ja No Ens Passa,13551,0.0037641666666666665,0.22585,6,1,0.398,0.648,0.594,0.0,0.353,-8.09,0.0374,118.022,0.572,True
531,Ja no ens passa Els Amics De Les Arts,Els Amics De Les Arts,Ja no ens passa,203971,0.05665861111111111,3.3995166666666665,12,2,0.398,0.648,0.594,0.0,0.353,-8.09,0.0374,118.022,0.572,True
532,Jack Sparrow Hans Zimmer,Hans Zimmer,Jack Sparrow,3288843,0.9135675,54.814049999999995,11,3,0.759,0.335,0.323,0.824,0.0717,-14.71,0.0564,91.599,0.291,False
533,Jack Sparrow The Lonely Island,The Lonely Island,Jack Sparrow,7899,0.0021941666666666667,0.13165,8,3,0.0225,0.718,0.712,0.0,0.0442,-5.242,0.222,97.005,0.42,True
534,Jacob's Prayer Emile Mosseri,Emile Mosseri,Jacob's Prayer,189526,0.05264611111111111,3.1587666666666667,7,2,0.968,0.293,0.137,0.935,0.0779,-20.623,0.0327,81.478,0.111,False
535,James Bond Theme - Epic Version L'Orchestra Cinematique,L'Orchestra Cinematique,James Bond Theme - Epic Version,488252,0.13562555555555555,8.137533333333334,12,2,,,,,,,,,,False
536,"James Bond Theme - From ""Dr. No"" Royal Philharmonic Orchestra",Royal Philharmonic Orchestra,"James Bond Theme - From ""Dr. No""",12186,0.003385,0.2031,6,2,,,,,,,,,,True
537,James Bond Theme - Piano Version Patrik Pietschmann,Patrik Pietschmann,James Bond Theme - Piano Version,316896,0.08802666666666667,5.2816,10,2,0.989,0.525,0.268,0.897,0.115,-16.898,0.0393,124.883,0.0369,False
538,James Bond Theme One Piano,One Piano,James Bond Theme,370734,0.10298166666666667,6.1789000000000005,15,1,,,,,,,,,,False
539,James Laufey,Laufey,James,20600,0.005722222222222222,0.3433333333333333,12,1,,,,,,,,,,True
540,Javert's Suicide Russell Crowe,Russell Crowe,Javert's Suicide,178634,0.04962055555555556,2.9772333333333334,6,1,0.682,0.417,0.336,0.0,0.348,-14.455,0.0858,106.928,0.234,False
541,Jean-Luc Els Amics De Les Arts,Els Amics De Les Arts,Jean-Luc,259520,0.07208888888888888,4.325333333333333,9,3,0.761,0.757,0.601,2.63e-06,0.0818,-9.45,0.0653,123.997,0.916,False
542,Jesus Doesn't Want Me For A Sunbeam - Live Nirvana,Nirvana,Jesus Doesn't Want Me For A Sunbeam - Live,12341,0.0034280555555555557,0.20568333333333333,8,2,0.0638,0.51,0.641,3.65e-06,0.272,-10.312,0.0812,113.646,0.295,True
543,Jesus Morirá Camilo Sesto,Camilo Sesto,Jesus Morirá,220000,0.06111111111111111,3.6666666666666665,16,3,0.403,0.474,0.534,0.0,0.36,-11.176,0.0576,134.43,0.396,False
544,John Kanaka El Pony Pisador,El Pony Pisador,John Kanaka,199084,0.05530111111111111,3.3180666666666667,15,3,0.343,0.501,0.639,0.0,0.119,-10.318,0.0396,149.835,0.694,False
545,John Nineteen: Forty-One Tin Idols,Tin Idols,John Nineteen: Forty-One,10672,0.0029644444444444445,0.17786666666666667,6,2,,,,,,,,,,True
546,Johnny I Hardly Knew Ye The Irish Rovers,The Irish Rovers,Johnny I Hardly Knew Ye,805,0.0002236111111111111,0.013416666666666667,6,3,0.62,0.439,0.84,8.91e-06,0.617,-8.161,0.0873,111.748,0.34,True
547,Juan Diecinueve Cuarenta y Uno Camilo Sesto,Camilo Sesto,Juan Diecinueve Cuarenta y Uno,156000,0.043333333333333335,2.6,18,3,0.799,0.16,0.161,0.8,0.0856,-14.778,0.0404,107.859,0.0345,False
548,"Judas' Death - From ""Jesus Christ Superstar"" Soundtrack Carl Anderson",Carl Anderson,"Judas' Death - From ""Jesus Christ Superstar"" Soundtrack",200183,0.055606388888888886,3.3363833333333335,6,2,0.828,0.418,0.43,0.0321,0.31,-13.366,0.11,115.288,0.162,False
549,Judas' Death - Remastered 2005 ‘Jesus Christ Superstar’ 1996 London Cast,‘Jesus Christ Superstar’ 1996 London Cast,Judas' Death - Remastered 2005,270133,0.07503694444444445,4.5022166666666665,8,3,,,,,,,,,,False
550,Juicio Ante Pilatos Camilo Sesto,Camilo Sesto,Juicio Ante Pilatos,346533,0.09625916666666667,5.77555,17,3,0.46,0.383,0.627,0.0,0.845,-8.681,0.148,95.643,0.329,False
551,Justice Patrick Doyle,Patrick Doyle,Justice,569635,0.15823194444444444,9.493916666666667,10,1,0.602,0.144,0.178,0.896,0.116,-15.693,0.0416,139.581,0.0406,False
552,Jyn Erso & Hope Suite Michael Giacchino,Michael Giacchino,Jyn Erso & Hope Suite,351667,0.09768527777777777,5.861116666666667,7,2,0.853,0.134,0.117,0.925,0.328,-17.025,0.0391,71.9,0.0355,False
553,Karma Police Radiohead,Radiohead,Karma Police,264067,0.07335194444444444,4.401116666666667,8,2,0.0638,0.36,0.501,9.32e-05,0.172,-9.129,0.0258,74.807,0.324,False
554,"Kendall's Departure - ""This Is Not For Tears"" Nicholas Britell",Nicholas Britell,"Kendall's Departure - ""This Is Not For Tears""",76560,0.021266666666666666,1.276,7,1,0.968,0.0949,0.0963,0.935,0.0695,-18.787,0.0446,72.893,0.0344,False
555,"King Herod's Song - From ""Jesus Christ Superstar"" Soundtrack Joshua Mostel",Joshua Mostel,"King Herod's Song - From ""Jesus Christ Superstar"" Soundtrack",193970,0.05388055555555556,3.2328333333333332,19,3,0.878,0.663,0.479,7.57e-06,0.0215,-11.782,0.195,104.056,0.83,False
556,Kokoschka Els Amics De Les Arts,Els Amics De Les Arts,Kokoschka,1123,0.00031194444444444444,0.018716666666666666,15,1,0.0691,0.629,0.914,8.54e-06,0.0769,-3.724,0.0736,150.071,0.62,True
557,"Koskov Escapes / Hercules Take Off - From ""The Living Daylights"" John Barry",John Barry,"Koskov Escapes / Hercules Take Off - From ""The Living Daylights""",180560,0.05015555555555556,3.009333333333333,16,1,0.192,0.585,0.569,0.969,0.218,-10.435,0.0454,137.081,0.339,False
558,L to the OG (feat. Kendall Roy) Nicholas Britell,Nicholas Britell,L to the OG (feat. Kendall Roy),174107,0.048363055555555555,2.901783333333333,9,3,0.0109,0.608,0.737,0.0,0.189,-5.758,0.153,96.113,0.248,True
559,L'Abordatge El Pony Pisador,El Pony Pisador,L'Abordatge,762086,0.21169055555555555,12.701433333333334,14,3,0.322,0.376,0.585,0.000303,0.157,-10.636,0.0406,124.701,0.242,False
560,L'Affaire Sofia - En Directe Al Festival De Cap Roig / 2015 Els Amics De Les Arts,Els Amics De Les Arts,L'Affaire Sofia - En Directe Al Festival De Cap Roig / 2015,281147,0.0780963888888889,4.685783333333333,10,2,0.174,0.256,0.704,0.0,0.676,-7.536,0.0452,170.126,0.757,False
561,L'Affaire Sofia Els Amics De Les Arts,Els Amics De Les Arts,L'Affaire Sofia,5807,0.0016130555555555555,0.09678333333333333,6,1,0.599,0.479,0.61,0.0,0.0835,-8.173,0.0429,164.862,0.692,True
562,L'Amour d'un Père Lorien Testard,Lorien Testard,L'Amour d'un Père,254000,0.07055555555555555,4.233333333333333,11,1,0.906,0.296,0.291,0.000543,0.0902,-13.007,0.0396,120.674,0.186,False
563,L'Amour d'une Mère Lorien Testard,Lorien Testard,L'Amour d'une Mère,597,0.00016583333333333334,0.00995,7,2,0.956,0.393,0.176,0.24,0.122,-16.833,0.0347,108.044,0.139,True
564,L'Arquitecte Els Amics De Les Arts,Els Amics De Les Arts,L'Arquitecte,246067,0.06835194444444445,4.101116666666667,8,3,0.511,0.482,0.385,0.00026,0.302,-10.043,0.0312,155.939,0.303,False
565,L'Endocrina Els Amics De Les Arts,Els Amics De Les Arts,L'Endocrina,369066,0.10251833333333334,6.1511,7,3,0.849,0.794,0.365,1.53e-06,0.0784,-10.886,0.047,125.068,0.616,False
566,L'Home Que Dobla En Bruce Willis - En Directe Al Festival De Cap Roig / 2015 Els Amics De Les Arts,Els Amics De Les Arts,L'Home Que Dobla En Bruce Willis - En Directe Al Festival De Cap Roig / 2015,568,0.0001577777777777778,0.009466666666666667,17,1,0.406,0.27,0.427,0.0,0.348,-8.807,0.0395,188.886,0.295,True
567,L'Home Que Dobla En Bruce Willis Els Amics De Les Arts,Els Amics De Les Arts,L'Home Que Dobla En Bruce Willis,244537,0.06792694444444446,4.075616666666667,8,3,0.7,0.491,0.518,0.0,0.211,-9.309,0.0692,183.997,0.566,False
568,L'Home Que Treballa Fent De Gos - En Directe Al Festival De Cap Roig / 2015 Els Amics De Les Arts,Els Amics De Les Arts,L'Home Que Treballa Fent De Gos - En Directe Al Festival De Cap Roig / 2015,17194,0.004776111111111111,0.28656666666666664,7,1,0.0531,0.458,0.737,0.0,0.75,-7.785,0.0295,96.92,0.517,True
569,L'Home Que Treballa Fent De Gos Els Amics De Les Arts,Els Amics De Les Arts,L'Home Que Treballa Fent De Gos,14851,0.004125277777777778,0.24751666666666666,17,1,,,,,,,,,,True
570,L'Home Que Va Matar Liberty Valance Els Amics De Les Arts,Els Amics De Les Arts,L'Home Que Va Matar Liberty Valance,14171,0.003936388888888889,0.23618333333333333,6,1,0.647,0.66,0.296,0.000596,0.108,-14.954,0.0327,102.983,0.236,True
571,La Canción Del Pirata Tierra Santa,Tierra Santa,La Canción Del Pirata,408707,0.11352972222222223,6.8117833333333335,10,2,0.00637,0.231,0.944,0.000151,0.902,-5.232,0.24,174.334,0.0624,False
572,La Crucifixión Camilo Sesto,Camilo Sesto,La Crucifixión,171000,0.0475,2.85,18,3,0.437,0.225,0.879,0.387,0.409,-12.761,0.146,133.534,0.0388,False
573,La Estrella Azul Pablo Palos,Pablo Palos,La Estrella Azul,585974,0.16277055555555556,9.766233333333334,8,3,0.963,0.243,0.174,5.14e-05,0.353,-13.912,0.0421,75.712,0.0697,False
574,La Estrella Que Nos Vió Nacer (Tema Principal) Chorus - Peter Pan,Chorus - Peter Pan,La Estrella Que Nos Vió Nacer (Tema Principal),313584,0.08710666666666667,5.2264,8,3,0.979,0.243,0.273,2.15e-05,0.284,-12.802,0.0318,99.309,0.226,False
575,La Leyenda de la Lámpara Josema Yuste,Josema Yuste,La Leyenda de la Lámpara,0,0.0,0.0,11,3,0.655,0.524,0.543,0.0,0.364,-16.83,0.327,80.975,0.721,True
576,La Llum Que No Se'n Va Els Amics De Les Arts,Els Amics De Les Arts,La Llum Que No Se'n Va,337377,0.09371583333333333,5.6229499999999994,7,3,0.812,0.334,0.288,0.000951,0.143,-9.531,0.0318,146.812,0.197,False
577,La Merda Se'ns Menja Els Amics De Les Arts,Els Amics De Les Arts,La Merda Se'ns Menja,230970,0.06415833333333333,3.8495000000000004,6,1,0.512,0.433,0.433,0.0,0.822,-11.673,0.115,78.453,0.496,False
578,La Meva Rosa Manu Guix,Manu Guix,La Meva Rosa,1592,0.0004422222222222222,0.026533333333333332,14,1,,,,,,,,,,True
579,La Nit Sembla Que Serà Nostra Els Amics De Les Arts,Els Amics De Les Arts,La Nit Sembla Que Serà Nostra,420640,0.11684444444444445,7.010666666666666,12,2,0.223,0.678,0.838,0.0,0.0883,-7.435,0.0513,154.943,0.811,False
580,La Rosa Manu Guix,Manu Guix,La Rosa,3315,0.0009208333333333333,0.05525,14,1,,,,,,,,,,True
581,La Sorra Del Desert L'Últim Indi,L'Últim Indi,La Sorra Del Desert,160800,0.04466666666666667,2.68,19,2,,,,,,,,,,False
582,La Ultima Cena Camilo Sesto,Camilo Sesto,La Ultima Cena,424000,0.11777777777777777,7.066666666666666,17,3,0.72,0.308,0.415,0.0,0.104,-11.17,0.0454,79.461,0.294,False
583,La Vie Boheme B Rosario Dawson,Rosario Dawson,La Vie Boheme B,6224,0.001728888888888889,0.10373333333333333,6,3,0.257,0.555,0.959,0.0,0.583,-3.558,0.0632,146.948,0.704,True
584,La Vie Boheme Cast of the Motion Picture RENT,Cast of the Motion Picture RENT,La Vie Boheme,5293,0.0014702777777777778,0.08821666666666667,15,1,0.353,0.499,0.766,0.0,0.0791,-5.484,0.127,135.159,0.401,True
585,La Vie En Rose Emily Watts,Emily Watts,La Vie En Rose,161761,0.044933611111111105,2.6960166666666665,9,1,0.957,0.419,0.0842,0.0,0.285,-17.542,0.0341,88.278,0.246,False
586,La flaca Jarabe De Palo,Jarabe De Palo,La flaca,262090,0.07280277777777777,4.368166666666667,9,1,0.0838,0.751,0.731,0.0,0.0556,-4.419,0.0308,97.007,0.973,False
587,La respuesta encontrarás Isabel Valls,Isabel Valls,La respuesta encontrarás,359514,0.099865,5.991899999999999,7,3,0.931,0.297,0.204,2.07e-05,0.0821,-11.958,0.0365,70.354,0.193,False
588,La taula petita Els Amics De Les Arts,Els Amics De Les Arts,La taula petita,8090,0.002247222222222222,0.13483333333333333,6,3,0.826,0.303,0.217,0.000582,0.0939,-16.737,0.0335,75.145,0.168,True
589,"Lamentoso - Clarinets, Piano, Pizzicato Strings Nicholas Britell",Nicholas Britell,"Lamentoso - Clarinets, Piano, Pizzicato Strings",51427,0.014285277777777777,0.8571166666666666,9,1,0.983,0.229,0.0183,0.802,0.148,-23.566,0.042,66.089,0.0381,False
590,"Larghetto - Piano, Celesta, Strings - ""Kendall's Return"" Nicholas Britell",Nicholas Britell,"Larghetto - Piano, Celesta, Strings - ""Kendall's Return""",171490,0.047636111111111115,2.8581666666666665,6,2,0.825,0.349,0.0569,0.945,0.0985,-24.768,0.0341,119.927,0.0338,False
591,Largo Doloroso - Strings Nicholas Britell,Nicholas Britell,Largo Doloroso - Strings,22053,0.006125833333333333,0.36755,6,3,0.332,0.151,0.114,0.969,0.0682,-19.394,0.0441,89.494,0.0345,True
592,Las Hojas Muertas Andrea Bocelli,Andrea Bocelli,Las Hojas Muertas,290997,0.0808325,4.84995,9,1,0.808,0.18,0.445,0.00686,0.0636,-8.712,0.0341,147.856,0.0743,False
593,Las Hojas Muertas Raphael,Raphael,Las Hojas Muertas,183317,0.05092138888888889,3.055283333333333,10,1,0.582,0.474,0.347,0.0,0.151,-8.706,0.0332,124.342,0.241,False
594,Las Hojas Muertas Richard Mayner,Richard Mayner,Las Hojas Muertas,166040,0.046122222222222224,2.767333333333333,10,1,0.0603,0.39,0.14,0.417,0.287,-17.702,0.0348,130.031,0.271,False
595,Las Hojas Muertas Sergio Golwarz,Sergio Golwarz,Las Hojas Muertas,188976,0.052493333333333336,3.1496,10,1,0.795,0.267,0.495,0.579,0.116,-6.136,0.0344,132.774,0.322,False
596,Las hojas muertas Sole Gimenez,Sole Gimenez,Las hojas muertas,214907,0.05969638888888889,3.5817833333333335,10,1,0.781,0.549,0.402,3.32e-06,0.128,-9.532,0.0474,121.55,0.34,False
597,Lay All Your Love On Me - From 'Mamma Mia!' Original Motion Picture Soundtrack Dominic Cooper,Dominic Cooper,Lay All Your Love On Me - From 'Mamma Mia!' Original Motion Picture Soundtrack,271090,0.07530277777777779,4.518166666666667,13,2,0.0102,0.705,0.738,0.000189,0.308,-5.402,0.0289,133.027,0.504,False
598,Layla - Acoustic Live Eric Clapton,Eric Clapton,Layla - Acoustic Live,291484,0.08096777777777778,4.858066666666666,9,1,0.318,0.559,0.524,0.00094,0.933,-11.64,0.0462,93.85,0.652,False
599,Les Coses Els Amics De Les Arts,Els Amics De Les Arts,Les Coses,11073,0.003075833333333333,0.18455,6,2,0.0948,0.638,0.717,6.1e-06,0.175,-5.424,0.0368,121.033,0.67,True
600,Les Feuilles mortes (Autumn leaves) - Live Édith Piaf,Édith Piaf,Les Feuilles mortes (Autumn leaves) - Live,206587,0.05738527777777778,3.4431166666666666,10,1,0.965,0.187,0.23,7.91e-06,0.919,-11.649,0.038,174.007,0.103,False
601,Les Fulles Mortes Alba Llibre Rius,Alba Llibre Rius,Les Fulles Mortes,174587,0.04849638888888889,2.9097833333333334,9,1,0.824,0.516,0.209,1.67e-05,0.129,-14.43,0.0409,71.937,0.204,False
602,Les Fulles Mortes Marina Rossell,Marina Rossell,Les Fulles Mortes,225693,0.0626925,3.76155,9,1,,,,,,,,,,False
603,Les Meves Ex I Tu Els Amics De Les Arts,Els Amics De Les Arts,Les Meves Ex I Tu,31040,0.008622222222222222,0.5173333333333333,6,1,0.292,0.624,0.751,0.0,0.12,-9.151,0.0434,140.044,0.669,True
604,Les paraules que triem no dir Els Amics De Les Arts,Els Amics De Les Arts,Les paraules que triem no dir,322149,0.08948583333333333,5.369149999999999,5,1,0.271,0.733,0.581,0.0,0.0623,-7.744,0.0857,118.063,0.465,False
605,Let Down - Choir Eibell,Eibell,Let Down - Choir,19340,0.005372222222222222,0.32233333333333336,8,1,,,,,,,,,,True
606,"Let It Be - From The Album ""One Man Only"" Himesh Patel",Himesh Patel,"Let It Be - From The Album ""One Man Only""",238573,0.06627027777777778,3.9762166666666667,9,2,0.534,0.62,0.539,4.83e-06,0.11,-10.082,0.0286,140.042,0.458,False
607,Let It Be - Long Version Carol Woods,Carol Woods,Let It Be - Long Version,10787,0.0029963888888888887,0.17978333333333332,15,3,0.94,0.405,0.235,0.0,0.0848,-7.877,0.0416,136.63,0.414,True
608,Let It Be - Remastered 2009 The Beatles,The Beatles,Let It Be - Remastered 2009,248324,0.06897888888888888,4.138733333333333,15,1,0.631,0.443,0.403,0.0,0.111,-8.339,0.0322,143.462,0.41,False
609,Let It Be Samantha Fade,Samantha Fade,Let It Be,192000,0.05333333333333334,3.2,8,2,0.909,0.653,0.284,0.872,0.114,-13.027,0.0438,120.011,0.277,False
610,"Let It Go - From ""Frozen / Single Version Demi Lovato",Demi Lovato,"Let It Go - From ""Frozen / Single Version",674834,0.1874538888888889,11.247233333333334,10,3,0.0269,0.503,0.657,0.0,0.265,-5.866,0.0359,139.918,0.246,False
611,Lettre à Maelle Lorien Testard,Lorien Testard,Lettre à Maelle,140000,0.03888888888888889,2.3333333333333335,10,1,0.988,0.25,0.0903,0.921,0.112,-21.878,0.0289,84.691,0.18,False
612,"Licence To Kill - From ""Licence To Kill"" Royal Philharmonic Orchestra",Royal Philharmonic Orchestra,"Licence To Kill - From ""Licence To Kill""",175480,0.048744444444444444,2.9246666666666665,10,1,,,,,,,,,,False
613,Licence To Kill Mister Bond,Mister Bond,Licence To Kill,343140,0.09531666666666666,5.719,6,1,0.505,0.532,0.431,3.69e-06,0.11,-7.981,0.0558,159.783,0.195,False
614,Licence to Kill One Piano,One Piano,Licence to Kill,220028,0.06111888888888889,3.667133333333333,20,2,,,,,,,,,,False
615,Life Support Wayne Wilcox,Wayne Wilcox,Life Support,101646,0.028234999999999996,1.6941,5,1,0.799,0.459,0.398,0.0,0.383,-8.141,0.0289,144.644,0.794,True
616,Light My Candle Adam Pascal,Adam Pascal,Light My Candle,12453,0.003459166666666667,0.20755,6,2,0.557,0.808,0.508,0.0,0.0578,-6.429,0.0409,130.999,0.82,True
617,Light My Candle One Piano,One Piano,Light My Candle,4064,0.001128888888888889,0.06773333333333334,15,1,0.731,0.614,0.357,0.887,0.0934,-15.498,0.051,138.968,0.377,True
618,Light My Candle Piano Tribute Players,Piano Tribute Players,Light My Candle,23354,0.006487222222222222,0.3892333333333333,6,2,0.985,0.618,0.282,0.908,0.105,-17.688,0.0468,131.025,0.441,True
619,Light of the Seven Ramin Djawadi,Ramin Djawadi,Light of the Seven,2644214,0.7345038888888888,44.070233333333334,6,1,0.903,0.273,0.102,0.721,0.268,-16.843,0.0494,120.378,0.0583,False
620,Like a Prayer - Battle Royale Mix from “Deadpool & Wolverine” Madonna,Madonna,Like a Prayer - Battle Royale Mix from “Deadpool & Wolverine”,464680,0.1290777777777778,7.744666666666667,10,2,0.146,0.317,0.606,6.9e-05,0.0772,-10.073,0.0411,116.01,0.118,False
621,Like a Prayer - Choir Version From “Deadpool & Wolverine” I'll Take You There Choir,I'll Take You There Choir,Like a Prayer - Choir Version From “Deadpool & Wolverine”,11336,0.003148888888888889,0.18893333333333334,6,3,0.848,0.244,0.273,0.499,0.124,-13.875,0.0351,116.076,0.104,True
622,Like a Prayer Madonna,Madonna,Like a Prayer,362669,0.10074138888888888,6.044483333333334,6,1,0.848,0.244,0.273,0.499,0.124,-13.875,0.0351,116.076,0.104,False
623,Like the Movies Laufey,Laufey,Like the Movies,162759,0.04521083333333333,2.71265,10,1,,,,,,,,,,False
624,"Lithonia (From ""Daredevil: Born Again Trailer"") - Epic Version Geek Music",Geek Music,"Lithonia (From ""Daredevil: Born Again Trailer"") - Epic Version",359428,0.09984111111111112,5.990466666666666,9,2,,,,,,,,,,False
625,Lithonia - Piano Version Jeremy Moebel,Jeremy Moebel,Lithonia - Piano Version,188639,0.05239972222222222,3.1439833333333334,10,3,,,,,,,,,,False
626,Lithonia Childish Gambino,Childish Gambino,Lithonia,2253051,0.6258475,37.55085,9,3,0.0948,0.415,0.383,0.0,0.118,-7.629,0.0287,140.102,0.172,False
627,Little Drop Of Poison Tom Waits,Tom Waits,Little Drop Of Poison,378614,0.10517055555555556,6.310233333333334,8,3,0.837,0.625,0.355,0.0038,0.197,-12.969,0.0588,111.53,0.826,False
628,Little Fall Of Rain Eddie Redmayne,Eddie Redmayne,Little Fall Of Rain,17298,0.004805,0.2883,6,3,0.942,0.412,0.0154,0.0,0.0975,-28.054,0.0871,86.056,0.144,True
629,"Live And Let Die - From ""Live And Let Die"" Royal Philharmonic Orchestra",Royal Philharmonic Orchestra,"Live And Let Die - From ""Live And Let Die""",1080,0.0003,0.018,15,1,,,,,,,,,,True
630,Liverpool Els Amics De Les Arts,Els Amics De Les Arts,Liverpool,286750,0.07965277777777777,4.779166666666667,6,1,0.777,0.455,0.269,3.63e-06,0.338,-14.04,0.0531,132.284,0.196,False
631,"Living Daylights - From ""The Living Daylights"" Royal Philharmonic Orchestra",Royal Philharmonic Orchestra,"Living Daylights - From ""The Living Daylights""",255031,0.07084194444444444,4.250516666666667,6,1,,,,,,,,,,False
632,Lobo-hombre en París La Unión,La Unión,Lobo-hombre en París,233267,0.06479638888888889,3.887783333333333,16,2,0.0162,0.602,0.952,4.92e-05,0.112,-5.195,0.0628,146.287,0.75,False
633,London Calling - Remastered The Clash,The Clash,London Calling - Remastered,5596,0.0015544444444444444,0.09326666666666666,6,3,0.123,0.651,0.801,0.0,0.0825,-7.34,0.0514,133.769,0.776,True
634,Lonely Day System Of A Down,System Of A Down,Lonely Day,328350,0.09120833333333334,5.4725,11,1,0.362,0.47,0.796,1.1e-06,0.133,-3.277,0.0336,113.108,0.215,False
635,Look Down Hugh Jackman,Hugh Jackman,Look Down,266059,0.07390527777777778,4.434316666666667,6,1,0.898,0.379,0.377,1.16e-06,0.128,-11.951,0.184,152.624,0.375,False
636,Los golfillos Alan Menken,Alan Menken,Los golfillos,11028,0.0030633333333333333,0.1838,11,3,0.96,0.314,0.0477,0.541,0.333,-21.526,0.0403,113.873,0.052,True
637,Losing My Religion R.E.M.,R.E.M.,Losing My Religion,14268,0.0039633333333333335,0.2378,6,2,0.0772,0.672,0.841,0.0,0.135,-5.992,0.0285,125.437,0.82,True
638,Lost Voice Lorien Testard,Lorien Testard,Lost Voice,0,0.0,0.0,15,1,0.984,0.211,0.131,0.77,0.107,-14.454,0.0425,84.753,0.0397,True
639,Louisiana O Els Camps De Cotó - En Directe Al Festival De Cap Roig / 2015 Els Amics De Les Arts,Els Amics De Les Arts,Louisiana O Els Camps De Cotó - En Directe Al Festival De Cap Roig / 2015,11744,0.0032622222222222223,0.19573333333333334,6,2,0.672,0.297,0.511,4.73e-06,0.981,-12.372,0.0706,79.867,0.407,True
640,Louisiana O Els Camps De Cotó Els Amics De Les Arts,Els Amics De Les Arts,Louisiana O Els Camps De Cotó,284027,0.07889638888888889,4.733783333333333,10,1,0.775,0.674,0.359,7.98e-06,0.147,-12.403,0.0588,89.967,0.485,False
641,Louisiana o els camps de cotó (amb la col·laboració de l'Orfeó Català) Els Amics De Les Arts,Els Amics De Les Arts,Louisiana o els camps de cotó (amb la col·laboració de l'Orfeó Català),326208,0.09061333333333332,5.436800000000001,9,1,0.956,0.456,0.247,0.0,0.131,-13.723,0.0437,163.92,0.279,False
642,Louisiana o els camps de cotó Els Amics De Les Arts,Els Amics De Les Arts,Louisiana o els camps de cotó,13220,0.003672222222222222,0.22033333333333333,6,2,0.775,0.674,0.359,7.98e-06,0.147,-12.403,0.0588,89.967,0.485,True
643,Love Buzz Nirvana,Nirvana,Love Buzz,156040,0.04334444444444444,2.6006666666666667,12,1,3.1e-05,0.479,0.865,0.228,0.182,-8.281,0.0339,137.902,0.77,False
644,Love Heals - Bonus Track Cast of the Motion Picture RENT,Cast of the Motion Picture RENT,Love Heals - Bonus Track,19003,0.005278611111111111,0.31671666666666665,15,1,0.191,0.387,0.611,0.0,0.257,-4.619,0.0322,101.626,0.329,True
645,"Love Is an Open Door - From ""Frozen""/Soundtrack Version Kristen Bell",Kristen Bell,"Love Is an Open Door - From ""Frozen""/Soundtrack Version",498932,0.13859222222222223,8.315533333333333,11,3,0.262,0.737,0.636,0.0,0.319,-6.308,0.0737,100.033,0.537,False
646,Love Me Do Piano King,Piano King,Love Me Do,239781,0.06660583333333334,3.9963499999999996,16,2,0.987,0.471,0.224,0.785,0.122,-16.316,0.0565,96.571,0.328,False
647,Love Song Antònia Font,Antònia Font,Love Song,181467,0.0504075,3.02445,15,1,0.0196,0.651,0.781,0.0077,0.401,-5.715,0.0273,115.986,0.711,False
648,Love of My Life Gabriella Quevedo,Gabriella Quevedo,Love of My Life,33478,0.009299444444444445,0.5579666666666667,16,1,0.926,0.421,0.312,0.914,0.163,-10.938,0.0473,163.705,0.342,False
649,Lovefool - Piano Version Scott Bradlee's Postmodern Jukebox,Scott Bradlee's Postmodern Jukebox,Lovefool - Piano Version,433030,0.12028611111111111,7.2171666666666665,12,1,0.945,0.539,0.398,0.867,0.118,-7.9,0.0469,131.06,0.586,False
650,Lovefool Scott Bradlee's Postmodern Jukebox,Scott Bradlee's Postmodern Jukebox,Lovefool,239500,0.06652777777777778,3.9916666666666667,15,2,0.802,0.424,0.355,0.0,0.27,-6.883,0.0358,124.657,0.37,False
651,"Lucy In The Sky With Diamonds - From ""Across The Universe"" Soundtrack Bono",Bono,"Lucy In The Sky With Diamonds - From ""Across The Universe"" Soundtrack",61743,0.017150833333333334,1.02905,8,3,0.128,0.3,0.658,0.00021,0.074,-6.789,0.0564,92.816,0.349,False
652,Lucy In The Sky With Diamonds - Piano Lullaby Version David Healer,David Healer,Lucy In The Sky With Diamonds - Piano Lullaby Version,140712,0.039086666666666665,2.3452,8,2,0.988,0.689,0.227,0.917,0.115,-17.283,0.0842,119.943,0.277,False
653,Lumière (Music Box) Lorien Testard,Lorien Testard,Lumière (Music Box),172000,0.04777777777777778,2.8666666666666667,8,1,0.857,0.672,0.178,0.617,0.296,-21.298,0.114,74.993,0.0942,False
654,Lumière (piano solo) [from Clair Obscur: Expedition 33) Katherine Cordova,Katherine Cordova,Lumière (piano solo) [from Clair Obscur: Expedition 33),441000,0.1225,7.35,7,2,,,,,,,,,,False
655,Lumière - Continuer à t'aimer (Lune) Lorien Testard,Lorien Testard,Lumière - Continuer à t'aimer (Lune),110000,0.030555555555555555,1.8333333333333333,7,1,0.744,0.797,0.171,0.46,0.113,-14.832,0.0859,99.95,0.243,False
656,Lumière - Le Grand Café de Lumière Lorien Testard,Lorien Testard,Lumière - Le Grand Café de Lumière,146000,0.04055555555555555,2.433333333333333,7,1,0.447,0.551,0.179,0.754,0.105,-13.585,0.0278,106.445,0.293,False
657,Lumière - Lumière à l’Aube Lorien Testard,Lorien Testard,Lumière - Lumière à l’Aube,928000,0.2577777777777778,15.466666666666667,7,1,0.881,0.599,0.136,0.855,0.101,-19.403,0.0435,149.849,0.396,False
658,Lumière - Nocturne pour Lumière (Violoncelle) Lorien Testard,Lorien Testard,Lumière - Nocturne pour Lumière (Violoncelle),206000,0.05722222222222222,3.433333333333333,10,1,0.984,0.205,0.208,0.902,0.134,-15.812,0.0539,171.733,0.315,False
659,Lumière - Promenade dans Lumière Lorien Testard,Lorien Testard,Lumière - Promenade dans Lumière,205000,0.05694444444444444,3.4166666666666665,7,1,0.852,0.393,0.0284,0.000954,0.296,-21.307,0.0477,150.39,0.395,False
660,Lumière - Rêveries dans Lumière Lorien Testard,Lorien Testard,Lumière - Rêveries dans Lumière,9334,0.0025927777777777776,0.15556666666666666,7,1,0.994,0.65,0.0206,0.956,0.195,-27.56,0.0437,90.112,0.281,True
661,Lumière Lorien Testard,Lorien Testard,Lumière,1089380,0.30260555555555557,18.156333333333333,7,1,0.95,0.426,0.185,5.02e-06,0.213,-11.717,0.0339,83.424,0.459,False
662,"Lumiére (From ""Clair Obscur: Expedition 33"") - Cover Español Lorien Testard",Lorien Testard,"Lumiére (From ""Clair Obscur: Expedition 33"") - Cover Español",247159,0.06865527777777777,4.119316666666666,5,1,,,,,,,,,,False
663,M'He Aficionat Al Ball Els Amics De Les Arts,Els Amics De Les Arts,M'He Aficionat Al Ball,203566,0.05654611111111111,3.3927666666666667,6,1,0.736,0.648,0.334,0.0,0.13,-10.476,0.0423,128.092,0.666,False
664,Ma Katherine Patrick Doyle,Patrick Doyle,Ma Katherine,138048,0.03834666666666667,2.3008,8,1,0.9,0.145,0.225,0.979,0.101,-18.164,0.0357,102.601,0.0369,False
665,Mad World (Instrumental) Jennifer Ann,Jennifer Ann,Mad World (Instrumental),275577,0.07654916666666667,4.59295,6,1,0.795,0.322,0.194,0.836,0.12,-15.411,0.0339,97.448,0.134,True
666,Mad World Gary Jules,Gary Jules,Mad World,379014,0.10528166666666666,6.3169,7,2,0.976,0.344,0.0585,0.000362,0.103,-17.212,0.0373,174.149,0.323,False
667,Mad World Jennifer Ann,Jennifer Ann,Mad World,266911,0.07414194444444445,4.4485166666666665,6,3,0.882,0.29,0.233,4.45e-05,0.124,-11.668,0.0356,98.218,0.243,True
668,Mad World Scott Bradlee's Postmodern Jukebox,Scott Bradlee's Postmodern Jukebox,Mad World,242026,0.06722944444444444,4.033766666666667,8,2,0.759,0.481,0.267,0.0,0.156,-8.588,0.0322,106.143,0.397,False
669,Mad World Tears For Fears,Tears For Fears,Mad World,40620,0.011283333333333333,0.677,8,2,0.976,0.344,0.0585,0.000362,0.103,-17.212,0.0373,174.149,0.323,False
670,Madolyn Sharon Isbin,Sharon Isbin,Madolyn,268534,0.07459277777777777,4.4755666666666665,15,1,0.99,0.658,0.0635,0.95,0.105,-19.838,0.0847,183.961,0.352,False
671,Madre sabe más Celia Vergara,Celia Vergara,Madre sabe más,1125975,0.31277083333333333,18.76625,7,3,0.879,0.473,0.3,0.0,0.0294,-10.42,0.155,44.057,0.489,False
672,Maelle Lorien Testard,Lorien Testard,Maelle,340000,0.09444444444444444,5.666666666666667,11,1,0.961,0.24,0.157,0.000862,0.14,-12.249,0.0398,105.981,0.145,False
673,Mama Said - Remastered Metallica,Metallica,Mama Said - Remastered,890351,0.24731972222222223,14.839183333333335,10,2,,,,,,,,,,False
674,Mamma Mia - From 'Mamma Mia!' Original Motion Picture Soundtrack Meryl Streep,Meryl Streep,Mamma Mia - From 'Mamma Mia!' Original Motion Picture Soundtrack,164477,0.04568805555555556,2.7412833333333335,15,1,0.15,0.746,0.848,2.18e-06,0.37,-4.638,0.0331,138.047,0.756,False
675,Marcato e con Forza Nicholas Britell,Nicholas Britell,Marcato e con Forza,22026,0.006118333333333333,0.3671,8,2,0.579,0.45,0.275,0.9,0.0862,-9.969,0.0276,140.181,0.502,True
676,Marigold Nirvana,Nirvana,Marigold,31164,0.008656666666666667,0.5194,6,1,0.126,0.367,0.326,0.000599,0.12,-13.025,0.0395,175.109,0.333,True
677,Marion's Theme / The Crate John Williams,John Williams,Marion's Theme / The Crate,16906,0.004696111111111111,0.28176666666666667,19,2,0.94,0.181,0.176,0.92,0.0945,-16.799,0.0414,84.091,0.0659,True
678,Married Life Michael Giacchino,Michael Giacchino,Married Life,2991379,0.8309386111111112,49.85631666666667,10,3,0.97,0.278,0.0675,0.732,0.0812,-20.946,0.04,82.626,0.112,False
679,"Marry Me (from ""At World's End"") - Epic Version L'Orchestra Cinematique",L'Orchestra Cinematique,"Marry Me (from ""At World's End"") - Epic Version",863638,0.23989944444444444,14.393966666666667,10,3,,,,,,,,,,False
680,Master Of Puppets - Live Metallica,Metallica,Master Of Puppets - Live,30084,0.008356666666666667,0.5014000000000001,15,3,6.43e-06,0.285,0.99,0.0052,0.718,-3.344,0.102,106.829,0.232,True
681,May It Be Enya,Enya,May It Be,422134,0.11725944444444444,7.035566666666667,9,1,0.98,0.129,0.179,0.013,0.134,-17.081,0.0459,59.407,0.0735,False
682,Me Sobren Paraules Antònia Font,Antònia Font,Me Sobren Paraules,9785,0.0027180555555555556,0.16308333333333333,6,1,0.0626,0.57,0.574,0.00414,0.205,-11.591,0.0401,160.008,0.333,True
683,Medley & Breakfast - En Directe Al Festival De Cap Roig / 2015 Els Amics De Les Arts,Els Amics De Les Arts,Medley & Breakfast - En Directe Al Festival De Cap Roig / 2015,608694,0.16908166666666666,10.1449,8,3,0.0786,0.33,0.629,0.0,0.716,-8.329,0.0342,101.166,0.437,False
684,Meet Me Inside Lin-Manuel Miranda,Lin-Manuel Miranda,Meet Me Inside,250896,0.06969333333333333,4.1815999999999995,11,3,0.378,0.732,0.643,0.0,0.363,-8.318,0.474,88.543,0.644,False
685,Menteix la primavera - En directe Mishima,Mishima,Menteix la primavera - En directe,12753,0.0035425,0.21255,6,3,0.417,0.479,0.725,1.9e-06,0.777,-7.859,0.13,121.155,0.594,True
686,Menteix la primavera Mishima,Mishima,Menteix la primavera,451726,0.12547944444444445,7.528766666666667,10,1,0.328,0.768,0.502,0.203,0.101,-8.984,0.0339,112.525,0.667,False
687,Merry-Go-Round of Life - from 'Howl's Moving Castle' Joe Hisaishi,Joe Hisaishi,Merry-Go-Round of Life - from 'Howl's Moving Castle',311107,0.08641861111111111,5.185116666666667,17,1,0.876,0.239,0.287,0.644,0.122,-12.565,0.0388,71.608,0.185,False
688,Mi sueño es Enrique Sequeros,Enrique Sequeros,Mi sueño es,197359,0.054821944444444444,3.2893166666666667,7,3,0.74,0.661,0.605,0.0,0.239,-7.697,0.2,133.758,0.726,True
689,Michelle (Instrumental Piano) Matchstick Piano Man,Matchstick Piano Man,Michelle (Instrumental Piano),203419,0.05650527777777778,3.3903166666666666,15,2,0.995,0.467,0.00753,0.967,0.0914,-28.458,0.057,74.044,0.229,False
690,Michelle - Remastered 2009 The Beatles,The Beatles,Michelle - Remastered 2009,162373,0.04510361111111111,2.7062166666666667,10,2,0.652,0.578,0.29,0.0,0.105,-12.501,0.0341,117.403,0.666,False
691,Million Dollar Home Run Nicholas Britell,Nicholas Britell,Million Dollar Home Run,90840,0.025233333333333333,1.514,15,2,0.676,0.665,0.339,0.929,0.104,-15.96,0.0356,130.999,0.0392,False
692,"Minuet in C Minor - English Horn - ""I Need You"" Nicholas Britell",Nicholas Britell,"Minuet in C Minor - English Horn - ""I Need You""",15226,0.0042294444444444445,0.25376666666666664,9,2,0.775,0.152,0.172,0.926,0.12,-16.571,0.0363,91.865,0.135,True
693,Minuet in C Minor - Strings and Viola Solo Nicholas Britell,Nicholas Britell,Minuet in C Minor - Strings and Viola Solo,1701,0.0004725,0.02835,17,2,0.733,0.228,0.263,0.945,0.116,-13.008,0.0406,141.19,0.29,True
694,Miss Thing Larry Saltzman,Larry Saltzman,Miss Thing,139904,0.03886222222222222,2.331733333333333,6,1,0.748,0.588,0.219,0.912,0.113,-12.265,0.0334,120.091,0.453,True
695,Misty Mountains - Remastered 2022 Malukah,Malukah,Misty Mountains - Remastered 2022,30196,0.008387777777777777,0.5032666666666666,6,1,0.933,0.464,0.148,0.00136,0.114,-11.775,0.0345,111.587,0.19,True
696,"Moderato Con Brio for Violin, Harp, and Orchestra Nicholas Britell",Nicholas Britell,"Moderato Con Brio for Violin, Harp, and Orchestra",219,6.083333333333333e-05,0.00365,8,3,0.714,0.681,0.338,0.924,0.0911,-11.889,0.0335,112.936,0.217,True
697,Molly's Lips - BBC John Peel Session 1990 Nirvana,Nirvana,Molly's Lips - BBC John Peel Session 1990,28664,0.007962222222222223,0.47773333333333334,6,1,1.91e-05,0.311,0.895,0.195,0.0584,-9.401,0.0476,167.107,0.681,True
698,Money Pink Floyd,Pink Floyd,Money,406400,0.1128888888888889,6.773333333333333,6,1,0.024,0.468,0.536,0.00199,0.269,-10.422,0.144,126.256,0.785,True
699,"Money, Money, Money - From 'Mamma Mia!' Original Motion Picture Soundtrack Meryl Streep",Meryl Streep,"Money, Money, Money - From 'Mamma Mia!' Original Motion Picture Soundtrack",186453,0.0517925,3.10755,8,2,0.246,0.759,0.733,2.11e-06,0.0493,-4.773,0.0362,121.977,0.481,False
700,Monoco's Station - Maelle’s First Snow Lorien Testard,Lorien Testard,Monoco's Station - Maelle’s First Snow,129000,0.035833333333333335,2.15,10,1,0.988,0.0906,0.159,0.829,0.0745,-18.509,0.0402,86.234,0.0405,False
701,Monoco's Station - When the Snow Cries Lorien Testard,Lorien Testard,Monoco's Station - When the Snow Cries,544450,0.1512361111111111,9.074166666666667,14,1,0.721,0.0865,0.21,0.55,0.0941,-16.23,0.0376,76.855,0.0364,False
702,Monsieur Cousteau - En Directe Al Festival De Cap Roig / 2015 Els Amics De Les Arts,Els Amics De Les Arts,Monsieur Cousteau - En Directe Al Festival De Cap Roig / 2015,33418,0.009282777777777779,0.5569666666666666,6,1,0.0387,0.461,0.642,3.33e-05,0.751,-8.566,0.0346,145.393,0.518,True
703,Moon River Melissa Benoist,Melissa Benoist,Moon River,287670,0.07990833333333333,4.794499999999999,9,3,0.938,0.29,0.154,0.0,0.118,-11.548,0.033,65.924,0.185,False
704,Moonage Daydream - 2012 Remaster David Bowie,David Bowie,Moonage Daydream - 2012 Remaster,6515,0.0018097222222222221,0.10858333333333334,6,2,0.0408,0.56,0.605,0.000162,0.0585,-11.209,0.0348,144.478,0.756,True
705,"Moonraker - From ""Moonraker"" Royal Philharmonic Orchestra",Royal Philharmonic Orchestra,"Moonraker - From ""Moonraker""",30518,0.008477222222222223,0.5086333333333333,6,2,,,,,,,,,,True
706,More I Cannot Wish You Jesse Martin,Jesse Martin,More I Cannot Wish You,316320,0.08786666666666666,5.272,8,3,0.872,0.475,0.255,2.76e-05,0.111,-10.299,0.0399,86.113,0.388,False
707,Mr. Blue Sky Electric Light Orchestra,Electric Light Orchestra,Mr. Blue Sky,23778,0.006605,0.3963,5,3,0.652,0.388,0.338,3.73e-06,0.248,-10.054,0.0329,177.765,0.478,True
708,Mr. Blue Sky Scott Bradlee's Postmodern Jukebox,Scott Bradlee's Postmodern Jukebox,Mr. Blue Sky,780663,0.21685083333333333,13.01105,6,1,0.867,0.399,0.287,0.0,0.111,-8.772,0.03,102.024,0.164,False
709,Mr. Moustache Nirvana,Nirvana,Mr. Moustache,19642,0.005456111111111111,0.3273666666666667,6,1,5.58e-06,0.194,0.898,0.141,0.108,-6.12,0.0608,177.191,0.482,True
710,Mucho más allá Gisela,Gisela,Mucho más allá,195027,0.05417416666666667,3.25045,16,3,0.826,0.319,0.396,0.000183,0.153,-7.805,0.0415,157.709,0.322,False
711,Muerte de Judas Camilo Sesto,Camilo Sesto,Muerte de Judas,317000,0.08805555555555555,5.283333333333333,17,3,0.375,0.396,0.742,1.55e-06,0.103,-8.996,0.104,115.737,0.633,False
712,Multiple Jacks Hans Zimmer,Hans Zimmer,Multiple Jacks,231840,0.0644,3.864,16,3,0.704,0.235,0.0608,0.827,0.148,-24.025,0.0384,79.547,0.0338,False
713,Museu D'Història Natural - En Directe Al Festival De Cap Roig / 2015 Els Amics De Les Arts,Els Amics De Les Arts,Museu D'Història Natural - En Directe Al Festival De Cap Roig / 2015,285842,0.07940055555555556,4.764033333333334,15,3,0.105,0.462,0.551,5.73e-06,0.962,-8.849,0.0263,90.879,0.317,False
714,Museu D'Història Natural Els Amics De Les Arts,Els Amics De Les Arts,Museu D'Història Natural,11257,0.0031269444444444443,0.18761666666666665,15,1,0.679,0.572,0.463,2.74e-06,0.377,-9.448,0.0489,173.887,0.361,True
715,My Body Is A Cage Peter Gabriel,Peter Gabriel,My Body Is A Cage,2488116,0.6911433333333333,41.468599999999995,10,1,0.849,0.341,0.114,0.0938,0.104,-12.885,0.0341,78.912,0.0806,False
716,My Name Is Carnival - 2001 Remaster Jackson C. Frank,Jackson C. Frank,My Name Is Carnival - 2001 Remaster,469980,0.13055,7.833,6,2,0.76,0.448,0.37,0.0,0.113,-11.653,0.0273,103.807,0.414,False
717,My Shot Lin-Manuel Miranda,Lin-Manuel Miranda,My Shot,1019454,0.28318166666666666,16.9909,6,3,,,,,,,,,,False
718,My Sweet Lord - 2014 Remaster George Harrison,George Harrison,My Sweet Lord - 2014 Remaster,4889,0.0013580555555555555,0.08148333333333334,6,1,0.0812,0.54,0.688,0.0,0.0857,-9.021,0.0331,120.981,0.564,True
719,Necros Attacks - from The Living Daylights Rich Douglas,Rich Douglas,Necros Attacks - from The Living Daylights,126500,0.035138888888888886,2.1083333333333334,15,1,0.0325,0.563,0.508,0.0349,0.319,-14.596,0.0335,120.026,0.266,False
720,Negaciones de Pedro Camilo Sesto,Camilo Sesto,Negaciones de Pedro,93000,0.025833333333333333,1.55,17,3,0.73,0.499,0.489,0.0,0.161,-10.436,0.0474,118.179,0.62,False
721,Negative Creep Nirvana,Nirvana,Negative Creep,45577,0.012660277777777777,0.7596166666666666,6,1,7.97e-06,0.37,0.947,0.000175,0.0762,-7.213,0.0901,81.744,0.418,True
722,Neutrins Antònia Font,Antònia Font,Neutrins,2100,0.0005833333333333334,0.035,15,1,0.635,0.607,0.604,0.887,0.0965,-12.506,0.032,160.038,0.758,True
723,"New York, 1969 John Williams",John Williams,"New York, 1969",1028640,0.28573333333333334,17.144,8,3,0.728,0.285,0.127,0.826,0.0866,-18.281,0.0364,118.21,0.112,False
724,"New York, New York Denis Solee",Denis Solee,"New York, New York",233067,0.06474083333333333,3.88445,11,1,,,,,,,,,,False
725,Night On The Yorktown Michael Giacchino,Michael Giacchino,Night On The Yorktown,57241,0.015900277777777777,0.9540166666666666,15,1,0.896,0.0753,0.05,0.644,0.0829,-20.269,0.0393,80.17,0.0371,False
726,Night Time Alexandre Desplat,Alexandre Desplat,Night Time,47013,0.013059166666666667,0.78355,12,2,0.966,0.421,0.0704,0.625,0.136,-21.406,0.0371,89.9,0.0389,False
727,Night at the Opera - from Quantum of Solace Rich Douglas,Rich Douglas,Night at the Opera - from Quantum of Solace,177836,0.04939888888888889,2.9639333333333333,8,1,0.83,0.36,0.239,0.905,0.11,-19.025,0.0349,84.102,0.0779,False
728,No Church In The Wild JAŸ-Z,JAŸ-Z,No Church In The Wild,124042,0.03445611111111111,2.0673666666666666,8,3,0.269,0.676,0.726,0.0238,0.136,-8.261,0.0928,92.804,0.569,False
729,No Em Vull Fer Gran Macedònia,Macedònia,No Em Vull Fer Gran,217709,0.06047472222222222,3.628483333333333,12,1,0.297,0.78,0.735,0.00385,0.299,-1.247,0.0266,106.983,0.689,True
730,No Ho Entens - des de casa Els Amics De Les Arts,Els Amics De Les Arts,No Ho Entens - des de casa,9418,0.002616111111111111,0.15696666666666667,6,2,0.745,0.59,0.396,2.75e-06,0.23,-11.772,0.0322,156.038,0.553,True
731,No Puedo Vivir Sin Ti El Canto Del Loco,El Canto Del Loco,No Puedo Vivir Sin Ti,22113,0.0061425,0.36855,15,1,0.0246,0.666,0.834,0.0,0.208,-3.314,0.0318,129.982,0.61,True
732,"No Se Que Va a Ser de Mi (De ""Toy Story"") Los Cantaseries",Los Cantaseries,"No Se Que Va a Ser de Mi (De ""Toy Story"")",937058,0.2602938888888889,15.617633333333334,5,3,0.351,0.678,0.629,5.4e-05,0.168,-9.195,0.0275,136.0,0.881,False
733,No Surprises Radiohead,Radiohead,No Surprises,458240,0.1272888888888889,7.637333333333333,8,2,0.0577,0.255,0.393,0.00361,0.113,-10.654,0.0278,76.426,0.118,False
734,No Time To Die (Instrumental Guitar) Guus Dielissen,Guus Dielissen,No Time To Die (Instrumental Guitar),16239,0.004510833333333334,0.27065,6,2,0.988,0.492,0.0478,0.925,0.0838,-20.035,0.0553,141.924,0.285,True
735,"No Time To Die (Orchestral Version) - From ""No Time To Die"" Royal Philharmonic Orchestra",Royal Philharmonic Orchestra,"No Time To Die (Orchestral Version) - From ""No Time To Die""",809,0.0002247222222222222,0.013483333333333333,9,1,,,,,,,,,,True
736,No Time To Die - Epic Version L'Orchestra Cinematique,L'Orchestra Cinematique,No Time To Die - Epic Version,247380,0.06871666666666666,4.123,12,1,,,,,,,,,,False
737,No Time To Die - Piano Rendition The Blue Notes,The Blue Notes,No Time To Die - Piano Rendition,263021,0.0730613888888889,4.383683333333334,15,1,0.979,0.534,0.25,0.937,0.106,-13.141,0.0675,143.921,0.0631,False
738,No Time To Die Billie Eilish,Billie Eilish,No Time To Die,1457597,0.40488805555555557,24.293283333333335,10,2,0.824,0.227,0.125,0.00575,0.0794,-19.111,0.0416,77.651,0.0396,False
739,No Time To Die Suite - Live Hans Zimmer,Hans Zimmer,No Time To Die Suite - Live,350608,0.09739111111111111,5.843466666666667,7,2,0.00243,0.491,0.857,0.764,0.847,-10.158,0.0798,135.819,0.126,False
740,No Time To Die Suite: Part 1 Hans Zimmer,Hans Zimmer,No Time To Die Suite: Part 1,186573,0.051825833333333335,3.10955,7,2,0.38,0.161,0.161,0.839,0.131,-18.541,0.0333,141.988,0.0379,False
741,No Time To Die Suite: Part 1 Steve Mazzaro,Steve Mazzaro,No Time To Die Suite: Part 1,746280,0.2073,12.438,15,2,0.38,0.161,0.161,0.839,0.131,-18.541,0.0333,141.988,0.0379,False
742,"No Time To Die Suite: Part 2, Final Ascent Hans Zimmer",Hans Zimmer,"No Time To Die Suite: Part 2, Final Ascent",169173,0.0469925,2.81955,7,2,0.062,0.137,0.284,0.82,0.236,-17.632,0.037,88.612,0.0341,False
743,"No Time To Die Suite: Part 2, Final Ascent Steve Mazzaro",Steve Mazzaro,"No Time To Die Suite: Part 2, Final Ascent",676720,0.18797777777777777,11.278666666666666,15,2,0.062,0.137,0.284,0.82,0.236,-17.632,0.037,88.612,0.0341,False
744,No Time to Die (Piano) Piano ZeroL,Piano ZeroL,No Time to Die (Piano),456000,0.12666666666666668,7.6,8,2,0.993,0.545,0.0205,0.928,0.0915,-29.564,0.0648,75.82,0.185,False
745,No Time to Die - Epic Suite Version 2Hooks,2Hooks,No Time to Die - Epic Suite Version,213444,0.05929,3.5574,8,2,0.031,0.086,0.599,0.783,0.164,-10.332,0.0498,179.808,0.035,False
746,No Time to Die - Piano Version Patrik Pietschmann,Patrik Pietschmann,No Time to Die - Piano Version,1647,0.0004575,0.02745,17,1,0.99,0.554,0.138,0.932,0.0981,-20.59,0.0438,144.085,0.0766,True
747,No Time to Die Barbie Sailers,Barbie Sailers,No Time to Die,32768,0.009102222222222223,0.5461333333333334,6,2,0.0167,0.357,0.686,0.000351,0.187,-6.395,0.0541,143.638,0.186,True
748,No Time to Die Gabriella Quevedo,Gabriella Quevedo,No Time to Die,270000,0.075,4.5,9,3,0.834,0.54,0.303,0.865,0.146,-10.025,0.0471,130.309,0.157,False
749,No Vam Saber Tornar Els Amics De Les Arts,Els Amics De Les Arts,No Vam Saber Tornar,314882,0.08746722222222222,5.248033333333333,7,3,0.00833,0.574,0.881,0.00362,0.0838,-5.463,0.0356,132.02,0.423,False
750,No dejaré que te eches a perder José María Guzmán,José María Guzmán,No dejaré que te eches a perder,503148,0.13976333333333332,8.3858,15,3,0.565,0.587,0.901,1.49e-05,0.163,-7.118,0.0442,106.151,0.88,False
751,No em Deixis Mai Menaix a Truà,Menaix a Truà,No em Deixis Mai,308934,0.085815,5.1489,6,3,0.371,0.711,0.503,0.413,0.107,-9.277,0.0279,122.01,0.678,True
752,No ho entens Els Amics De Les Arts,Els Amics De Les Arts,No ho entens,25891,0.007191944444444445,0.43151666666666666,6,1,0.188,0.6,0.576,0.0432,0.0891,-8.245,0.0355,156.077,0.253,True
753,No se habla de Bruno Carolina Gaitán - La Gaita,Carolina Gaitán - La Gaita,No se habla de Bruno,216120,0.060033333333333334,3.602,20,3,0.303,0.812,0.471,0.0,0.104,-8.314,0.0404,102.964,0.756,False
754,Noble Art Els Amics De Les Arts,Els Amics De Les Arts,Noble Art,13454,0.003737222222222222,0.22423333333333334,6,1,0.222,0.786,0.502,0.0,0.0602,-7.388,0.0481,130.067,0.841,True
755,"Nobody Does It Better - From ""The Spy Who Loved Me"" Royal Philharmonic Orchestra",Royal Philharmonic Orchestra,"Nobody Does It Better - From ""The Spy Who Loved Me""",7762,0.0021561111111111112,0.12936666666666666,7,2,,,,,,,,,,True
756,Nobody Does It Better Mister Bond,Mister Bond,Nobody Does It Better,236667,0.06574083333333333,3.94445,12,1,0.327,0.65,0.523,0.0,0.0939,-6.121,0.041,135.946,0.526,False
757,Nobody Else Low Roar,Low Roar,Nobody Else,26363,0.007323055555555556,0.43938333333333335,6,3,0.198,0.345,0.33,0.881,0.0943,-13.089,0.0367,159.492,0.078,True
758,Non-Stop Leslie Odom Jr.,Leslie Odom Jr.,Non-Stop,1384509,0.38458583333333335,23.07515,11,3,0.211,0.77,0.482,0.0,0.223,-9.529,0.351,91.994,0.441,False
759,Norwegian Wood (Instrumental Piano) Matchstick Piano Man,Matchstick Piano Man,Norwegian Wood (Instrumental Piano),206833,0.05745361111111111,3.447216666666667,8,2,0.995,0.381,0.0122,0.95,0.118,-28.764,0.105,200.64,0.394,False
760,Not Around Low Roar,Low Roar,Not Around,48600,0.0135,0.8099999999999999,6,1,0.674,0.378,0.242,0.537,0.0864,-16.962,0.0317,158.085,0.0744,False
761,Nothing Else Matters - Remastered 2021 Metallica,Metallica,Nothing Else Matters - Remastered 2021,388733,0.10798138888888889,6.478883333333333,9,1,0.0543,0.548,0.395,5.41e-06,0.0791,-9.794,0.0268,142.372,0.182,False
762,November Rain Guns N' Roses,Guns N' Roses,November Rain,559170,0.155325,9.3195,6,1,0.016,0.294,0.64,0.22,0.112,-9.316,0.0291,79.79,0.226,False
763,Nowhere Man (Instrumental Piano) Matchstick Piano Man,Matchstick Piano Man,Nowhere Man (Instrumental Piano),196102,0.05447277777777778,3.2683666666666666,8,2,0.996,0.439,0.0125,0.964,0.117,-27.938,0.0646,99.909,0.213,False
764,Nuvole Bianche Ludovico Einaudi,Ludovico Einaudi,Nuvole Bianche,955684,0.26546777777777775,15.928066666666666,10,1,0.961,0.191,0.0582,0.89,0.0941,-25.398,0.0578,132.614,0.0454,False
765,"Ob-La-Di, Ob-La-Da - Piano Lullaby Version David Healer",David Healer,"Ob-La-Di, Ob-La-Da - Piano Lullaby Version",121224,0.03367333333333333,2.0204,8,2,0.924,0.681,0.336,0.883,0.0786,-18.645,0.0505,111.99,0.718,False
766,Obertura Camilo Sesto,Camilo Sesto,Obertura,466000,0.12944444444444445,7.766666666666667,16,3,0.525,0.375,0.415,0.312,0.37,-14.127,0.062,93.621,0.0434,False
767,Obertura Per Catalogar - En Directe Al Festival De Cap Roig / 2015 Els Amics De Les Arts,Els Amics De Les Arts,Obertura Per Catalogar - En Directe Al Festival De Cap Roig / 2015,6175,0.0017152777777777778,0.10291666666666667,6,2,0.00184,0.37,0.562,0.308,0.473,-8.479,0.0367,130.521,0.35,True
768,Octopus's Garden (Instrumental Piano) Matchstick Piano Man,Matchstick Piano Man,Octopus's Garden (Instrumental Piano),244475,0.06790972222222222,4.074583333333333,8,2,0.995,0.318,0.0142,0.959,0.0821,-28.191,0.0567,76.594,0.133,False
769,Oh Darling Piano Tribute Players,Piano Tribute Players,Oh Darling,249800,0.06938888888888889,4.163333333333333,6,2,0.995,0.581,0.279,0.948,0.109,-15.143,0.0657,172.106,0.593,False
770,Oh Me - Live Nirvana,Nirvana,Oh Me - Live,9192,0.0025533333333333332,0.15319999999999998,6,1,0.726,0.538,0.51,0.0187,0.205,-13.192,0.102,72.471,0.262,True
771,Oh la la Antònia Font,Antònia Font,Oh la la,438546,0.12181833333333333,7.3091,7,1,0.32,0.651,0.448,5.57e-06,0.11,-11.951,0.0281,134.989,0.788,False
772,Old Lumière - Fragments Tell Stories Lorien Testard,Lorien Testard,Old Lumière - Fragments Tell Stories,162000,0.045,2.7,11,1,0.973,0.177,0.0361,0.875,0.08,-31.021,0.0414,68.273,0.0412,False
773,"On Her Majesty's Secret Service - From ""On Her Majesty's Secret Service"" Royal Philharmonic Orchestra",Royal Philharmonic Orchestra,"On Her Majesty's Secret Service - From ""On Her Majesty's Secret Service""",96728,0.02686888888888889,1.6121333333333334,15,3,,,,,,,,,,False
774,On Her Majesty's Secret Service - From “On Her Majesty’s Secret Service” Soundtrack / Remastered 2003 John Barry,John Barry,On Her Majesty's Secret Service - From “On Her Majesty’s Secret Service” Soundtrack / Remastered 2003,25866,0.007185,0.4311,20,1,0.0596,0.401,0.444,0.0,0.0874,-11.391,0.0306,124.746,0.349,True
775,On My Own - Instrumental Piano Tribute Players,Piano Tribute Players,On My Own - Instrumental,1533,0.00042583333333333335,0.02555,10,2,0.981,0.385,0.38,0.907,0.12,-13.542,0.0402,123.244,0.267,True
776,On My Own - Live Rosalind James,Rosalind James,On My Own - Live,6331,0.0017586111111111112,0.10551666666666666,15,2,0.894,0.384,0.245,0.0,0.736,-10.802,0.0465,110.06,0.192,True
777,On My Own Kaho Shimada,Kaho Shimada,On My Own,16376,0.004548888888888889,0.2729333333333333,7,1,0.878,0.218,0.0852,0.000207,0.103,-15.43,0.0422,57.225,0.118,True
778,On My Own One Piano,One Piano,On My Own,202898,0.05636055555555555,3.3816333333333333,8,2,0.882,0.452,0.196,0.918,0.11,-16.18,0.0535,115.98,0.177,False
779,On My Own Samantha Barks,Samantha Barks,On My Own,82977,0.023049166666666666,1.3829500000000001,6,1,0.888,0.303,0.116,0.0,0.144,-15.723,0.0552,85.473,0.196,True
780,On the Nature of Daylight - Orchestral Version Max Richter,Max Richter,On the Nature of Daylight - Orchestral Version,1006345,0.2795402777777778,16.77241666666667,7,2,0.708,0.0608,0.157,0.855,0.123,-15.431,0.0488,60.374,0.0325,False
781,On the Nature of Daylight Max Richter,Max Richter,On the Nature of Daylight,61353,0.0170425,1.02255,10,1,0.154,0.0652,0.342,0.857,0.11,-12.742,0.0483,65.602,0.0335,False
782,"Once in a Long, Long While Low Roar",Low Roar,"Once in a Long, Long While",634005,0.1761125,10.566749999999999,10,1,0.209,0.558,0.566,0.422,0.112,-12.563,0.0423,130.024,0.117,False
783,One - Live Metallica,Metallica,One - Live,6851,0.0019030555555555556,0.11418333333333333,6,1,6.72e-06,0.291,0.948,0.271,0.992,-5.713,0.124,123.76,0.267,True
784,"One Day (From ""Pirates of the Caribbean 3"") - Piano Version Patrik Pietschmann",Patrik Pietschmann,"One Day (From ""Pirates of the Caribbean 3"") - Piano Version",470976,0.13082666666666667,7.8496,15,2,0.976,0.369,0.128,0.876,0.0872,-18.472,0.0395,125.836,0.0536,False
785,One Day Hans Zimmer,Hans Zimmer,One Day,966240,0.2684,16.104,7,3,0.688,0.173,0.306,0.924,0.106,-16.531,0.0417,82.348,0.0358,False
786,One Day More - Instrumental Piano Tribute Players,Piano Tribute Players,One Day More - Instrumental,239875,0.06663194444444444,3.997916666666667,8,3,0.988,0.532,0.381,0.893,0.116,-16.122,0.0344,139.962,0.193,False
787,One Day More - Live The 'Les Misérables 2010' Company,The 'Les Misérables 2010' Company,One Day More - Live,475606,0.13211277777777777,7.926766666666667,15,1,0.821,0.265,0.456,0.0,0.741,-8.938,0.0479,81.506,0.122,False
788,One Day More Les Misérables Cast,Les Misérables Cast,One Day More,221933,0.06164805555555555,3.6988833333333333,12,2,0.845,0.376,0.269,0.0,0.0795,-11.951,0.0315,86.022,0.289,False
789,One Day More One Piano,One Piano,One Day More,232376,0.06454888888888889,3.872933333333333,14,1,,,,,,,,,,False
790,One Day More! Gary Morris,Gary Morris,One Day More!,209147,0.05809638888888889,3.4857833333333335,15,1,0.9,0.326,0.322,4.68e-06,0.112,-12.355,0.0364,92.038,0.233,False
791,One Harry Nilsson,Harry Nilsson,One,768741,0.21353916666666667,12.81235,5,2,0.946,0.455,0.063,0.000131,0.1,-21.191,0.0386,125.333,0.208,False
792,One Jump Ahead Brad Kane,Brad Kane,One Jump Ahead,427320,0.1187,7.122,8,3,0.425,0.564,0.326,0.0,0.742,-16.436,0.127,123.609,0.688,False
793,One Last Time Christopher Jackson,Christopher Jackson,One Last Time,592776,0.16466,9.8796,9,3,0.631,0.449,0.42,0.0,0.0805,-9.624,0.356,176.989,0.41,False
794,One Song Glory - Instrumental Piano Tribute Players,Piano Tribute Players,One Song Glory - Instrumental,207613,0.05767027777777778,3.4602166666666667,12,1,0.964,0.637,0.167,0.888,0.111,-18.029,0.0543,143.992,0.139,False
795,One Song Glory Adam Pascal,Adam Pascal,One Song Glory,343271,0.09535305555555555,5.721183333333333,10,1,0.201,0.648,0.475,0.0,0.127,-7.301,0.118,143.599,0.267,False
796,One Song Glory One Piano,One Piano,One Song Glory,7935,0.0022041666666666668,0.13225,6,3,0.904,0.628,0.232,0.924,0.072,-15.313,0.0641,143.977,0.324,True
797,Only You (i el Teu Xampú) Blaumut,Blaumut,Only You (i el Teu Xampú),283016,0.07861555555555555,4.716933333333333,6,1,,,,,,,,,,True
798,Order 66 AtinPiano,AtinPiano,Order 66,206333,0.057314722222222225,3.4388833333333335,20,2,0.897,0.352,0.122,0.864,0.0953,-20.486,0.0471,79.845,0.111,False
799,Order 66 Theme - Epic Version Samuel Kim,Samuel Kim,Order 66 Theme - Epic Version,21243,0.0059008333333333335,0.35405,6,3,0.519,0.351,0.882,0.823,0.108,-6.687,0.0646,77.981,0.154,True
800,Organ Variation Hans Zimmer,Hans Zimmer,Organ Variation,291803,0.08105638888888889,4.863383333333333,15,1,0.933,0.179,0.00256,0.861,0.0826,-31.258,0.0421,66.138,0.0334,False
801,Orion - Live Metallica,Metallica,Orion - Live,506867,0.1407963888888889,8.447783333333334,10,1,0.00124,0.29,0.76,0.924,0.0544,-8.37,0.0427,166.573,0.477,False
802,Our Last Summer - From 'Mamma Mia!' Original Motion Picture Soundtrack Colin Firth,Colin Firth,Our Last Summer - From 'Mamma Mia!' Original Motion Picture Soundtrack,355254,0.09868166666666667,5.9209,8,3,0.246,0.635,0.459,0.0,0.259,-7.343,0.0244,96.056,0.433,False
803,Out Tonight One Piano,One Piano,Out Tonight,2083,0.0005786111111111111,0.034716666666666667,8,1,0.833,0.54,0.236,0.91,0.0973,-18.459,0.0554,137.044,0.327,True
804,Out Tonight Rosario Dawson,Rosario Dawson,Out Tonight,275658,0.07657166666666668,4.5943,6,1,0.000111,0.534,0.911,0.000406,0.078,-2.826,0.0441,139.02,0.681,True
805,Over the Moon Idina Menzel,Idina Menzel,Over the Moon,4109,0.0011413888888888888,0.06848333333333333,15,3,0.405,0.648,0.439,0.0,0.27,-8.154,0.552,124.024,0.302,True
806,"Overture (Jesus Christ Superstar/Soundtrack) - From ""Jesus Christ Superstar"" Soundtrack André Previn",André Previn,"Overture (Jesus Christ Superstar/Soundtrack) - From ""Jesus Christ Superstar"" Soundtrack",329827,0.09161861111111111,5.497116666666667,18,3,0.747,0.339,0.61,0.0892,0.127,-11.952,0.0637,123.372,0.0538,False
807,Overture (Work Song) One Piano,One Piano,Overture (Work Song),33953,0.009431388888888888,0.5658833333333333,6,1,0.735,0.456,0.368,0.874,0.146,-16.465,0.0529,169.753,0.0667,True
808,Overture - Remastered 2005 ‘Jesus Christ Superstar’ 1996 London Cast,‘Jesus Christ Superstar’ 1996 London Cast,Overture - Remastered 2005,255360,0.07093333333333333,4.256,10,3,,,,,,,,,,False
809,P.S. I Love You Wayne Gratz,Wayne Gratz,P.S. I Love You,203993,0.05666472222222223,3.3998833333333334,12,2,0.994,0.417,0.0813,0.934,0.106,-21.818,0.0526,107.46,0.174,False
810,Padmé's Ruminations John Williams,John Williams,Padmé's Ruminations,17094,0.004748333333333334,0.2849,6,1,,,,,,,,,,True
811,"Paint It, Black The Rolling Stones",The Rolling Stones,"Paint It, Black",404534,0.11237055555555556,6.742233333333333,15,2,0.0145,0.503,0.86,0.191,0.366,-7.909,0.0925,159.611,0.742,False
812,Painting the Roses Red / March of the Cards The Mellomen,The Mellomen,Painting the Roses Red / March of the Cards,674400,0.18733333333333332,11.24,9,3,0.921,0.672,0.416,0.00101,0.0975,-12.439,0.311,126.576,0.914,False
813,Palacio de Pilatos Camilo Sesto,Camilo Sesto,Palacio de Pilatos,167093,0.046414722222222225,2.784883333333333,17,3,0.451,0.463,0.358,0.0,0.494,-9.188,0.0324,77.576,0.0865,False
814,Paperback Writer Piano Tribute Players,Piano Tribute Players,Paperback Writer,40041,0.0111225,0.66735,15,2,0.97,0.507,0.357,0.825,0.124,-14.66,0.0444,157.978,0.448,False
815,Parlay Hans Zimmer,Hans Zimmer,Parlay,130360,0.03621111111111111,2.1726666666666667,16,3,0.273,0.264,0.236,0.908,0.215,-16.169,0.0311,77.393,0.101,False
816,Part of Your World Jodi Benson,Jodi Benson,Part of Your World,422547,0.11737416666666667,7.0424500000000005,7,3,0.92,0.275,0.144,0.000423,0.29,-14.516,0.0481,61.557,0.302,False
817,Pass Around the Grog El Pony Pisador,El Pony Pisador,Pass Around the Grog,140990,0.03916388888888889,2.349833333333333,15,3,0.797,0.535,0.164,0.0,0.115,-9.087,0.0517,111.046,0.29,False
818,Past/Present/Future Brandon Roberts,Brandon Roberts,Past/Present/Future,356880,0.09913333333333334,5.948,12,2,,,,,,,,,,False
819,Path Apocalyptica,Apocalyptica,Path,0,0.0,0.0,17,1,0.00058,0.447,0.686,0.0136,0.0871,-5.544,0.0357,105.017,0.345,True
820,Patience Low Roar,Low Roar,Patience,689760,0.1916,11.496,9,2,0.882,0.182,0.141,0.728,0.0934,-13.949,0.0374,99.836,0.0388,False
821,Pay Me My Money Down El Pony Pisador,El Pony Pisador,Pay Me My Money Down,129308,0.03591888888888889,2.155133333333333,15,3,0.25,0.778,0.653,0.0,0.0984,-8.153,0.0338,105.043,0.965,False
822,Penny Lane - Piano Lullaby Version David Healer,David Healer,Penny Lane - Piano Lullaby Version,179159,0.04976638888888889,2.985983333333333,9,2,0.983,0.623,0.234,0.94,0.156,-17.322,0.0504,101.96,0.397,False
823,Penny Lane - Remastered 2009 The Beatles,The Beatles,Penny Lane - Remastered 2009,17611,0.004891944444444444,0.29351666666666665,5,2,0.212,0.651,0.488,0.026,0.136,-8.22,0.0316,113.032,0.491,True
824,Pennyroyal Tea Nirvana,Nirvana,Pennyroyal Tea,28473,0.007909166666666667,0.47455,6,1,0.000351,0.428,0.449,0.000498,0.253,-12.114,0.0342,113.308,0.196,True
825,People Are Strange The Doors,The Doors,People Are Strange,272273,0.07563138888888889,4.537883333333333,5,2,0.685,0.699,0.467,0.0,0.315,-8.578,0.0375,119.287,0.764,False
826,Per Què Vaig Venir Antònia Font,Antònia Font,Per Què Vaig Venir,146600,0.04072222222222222,2.4433333333333334,13,1,0.827,0.46,0.457,0.664,0.258,-10.381,0.0265,163.918,0.46,False
827,Perdido en el bosque Erik Cruz,Erik Cruz,Perdido en el bosque,206796,0.05744333333333333,3.4465999999999997,11,3,0.757,0.417,0.461,3.56e-06,0.121,-6.073,0.027,74.269,0.4,True
828,Perfect Day Lou Reed,Lou Reed,Perfect Day,226510,0.06291944444444444,3.775166666666667,15,3,0.744,0.4,0.267,0.00734,0.103,-12.488,0.0323,144.799,0.0872,False
829,"Peter Parker Picked a Perilously Precarious Profession - from ""Spider-Man: No Way Home"" Soundtrack Michael Giacchino",Michael Giacchino,"Peter Parker Picked a Perilously Precarious Profession - from ""Spider-Man: No Way Home"" Soundtrack",485368,0.13482444444444444,8.089466666666667,7,3,0.729,0.291,0.0304,0.813,0.0735,-16.878,0.0322,60.185,0.0672,False
830,"Peter's Denial - From ""Jesus Christ Superstar"" Soundtrack Yvonne Elliman",Yvonne Elliman,"Peter's Denial - From ""Jesus Christ Superstar"" Soundtrack",189908,0.05275222222222223,3.1651333333333334,10,3,0.913,0.512,0.393,0.00021,0.139,-12.803,0.0534,116.6,0.546,True
831,Peter's Denial - Remastered 2005 ‘Jesus Christ Superstar’ 1996 London Cast,‘Jesus Christ Superstar’ 1996 London Cast,Peter's Denial - Remastered 2005,12607,0.0035019444444444442,0.21011666666666667,6,2,,,,,,,,,,True
832,"Pianos + 808 + Beat - ""Welcome Home” Nicholas Britell",Nicholas Britell,"Pianos + 808 + Beat - ""Welcome Home”",6200,0.0017222222222222222,0.10333333333333333,10,2,0.0249,0.783,0.479,0.879,0.112,-9.255,0.0644,142.027,0.622,True
833,Pick Up David Arnold,David Arnold,Pick Up,342619,0.09517194444444443,5.7103166666666665,5,1,,,,,,,,,,False
834,"Pilate And Christ - From ""Jesus Christ Superstar"" Soundtrack Barry Dennen",Barry Dennen,"Pilate And Christ - From ""Jesus Christ Superstar"" Soundtrack",363371,0.1009363888888889,6.056183333333333,19,3,0.826,0.374,0.273,0.0,0.0837,-14.423,0.143,77.193,0.159,False
835,"Pilate's Dream - From ""Jesus Christ Superstar"" Soundtrack Barry Dennen",Barry Dennen,"Pilate's Dream - From ""Jesus Christ Superstar"" Soundtrack",326121,0.09058916666666667,5.43535,12,2,0.788,0.408,0.17,0.0469,0.111,-15.397,0.0422,90.109,0.327,False
836,Piratas del Caribe - El hombre del cofre muerto Film Symphony Orchestra,Film Symphony Orchestra,Piratas del Caribe - El hombre del cofre muerto,1700135,0.47225972222222223,28.335583333333332,7,3,0.491,0.246,0.508,0.0227,0.458,-9.588,0.0749,67.192,0.206,False
837,Pirates Of The Caribbean Medley - Live Hans Zimmer,Hans Zimmer,Pirates Of The Caribbean Medley - Live,1434746,0.39854055555555556,23.912433333333333,5,2,0.0221,0.196,0.423,0.0961,0.954,-11.821,0.0354,96.566,0.146,False
838,"Pirates of The Caribbean Orchestra Suite: Part 1, I Don't Think Now Is The Best Time / At Wit's End - Live Hans Zimmer",Hans Zimmer,"Pirates of The Caribbean Orchestra Suite: Part 1, I Don't Think Now Is The Best Time / At Wit's End - Live",1701827,0.4727297222222222,28.363783333333334,9,3,0.00416,0.228,0.675,0.798,0.105,-10.955,0.0639,135.154,0.0705,False
839,"Pirates of The Caribbean Orchestra Suite: Part 2, Drink Up Me Hearties Yo Ho - Live Hans Zimmer",Hans Zimmer,"Pirates of The Caribbean Orchestra Suite: Part 2, Drink Up Me Hearties Yo Ho - Live",341506,0.09486277777777778,5.691766666666667,10,2,0.00202,0.233,0.565,0.881,0.709,-10.614,0.0474,97.538,0.0836,False
840,Pirates of the Caribbean Piano Suite Leiki Ueda,Leiki Ueda,Pirates of the Caribbean Piano Suite,392928,0.10914666666666667,6.5488,15,2,0.978,0.278,0.256,0.872,0.104,-17.365,0.0392,67.986,0.146,False
841,"Pirates of the Caribbean Suite: Part 1 ""Jack Sparrow"" - Live Hans Zimmer",Hans Zimmer,"Pirates of the Caribbean Suite: Part 1 ""Jack Sparrow"" - Live",1004720,0.2790888888888889,16.745333333333335,7,2,0.022,0.282,0.566,0.807,0.225,-13.43,0.0702,91.547,0.372,False
842,Pirates of the Caribbean Suite: Part 1 Lorne Balfe,Lorne Balfe,Pirates of the Caribbean Suite: Part 1,198850,0.05523611111111111,3.3141666666666665,15,2,0.168,0.278,0.486,0.841,0.119,-15.074,0.0439,97.346,0.129,False
843,Pirates of the Caribbean Suite: Part 2 - Live Hans Zimmer,Hans Zimmer,Pirates of the Caribbean Suite: Part 2 - Live,1871936,0.5199822222222222,31.198933333333333,9,3,0.0428,0.0987,0.119,0.326,0.337,-18.709,0.0329,84.529,0.0577,False
844,Pirates of the Caribbean Suite: Part 2 Lorne Balfe,Lorne Balfe,Pirates of the Caribbean Suite: Part 2,164432,0.04567555555555555,2.7405333333333335,15,2,0.0491,0.315,0.64,0.0495,0.0838,-12.18,0.0685,97.538,0.151,False
845,Pirates of the Caribbean Suite: Part 3 - Live Hans Zimmer,Hans Zimmer,Pirates of the Caribbean Suite: Part 3 - Live,1441161,0.40032249999999997,24.019350000000003,7,2,0.0205,0.249,0.589,0.93,0.73,-13.816,0.0771,97.515,0.0895,False
846,"Pirates of the Caribbean – Symphonic Suite - From ""The Curse of the Black Pearl"" The City of Prague Philharmonic Orchestra Chorus",The City of Prague Philharmonic Orchestra Chorus,"Pirates of the Caribbean – Symphonic Suite - From ""The Curse of the Black Pearl""",277080,0.07696666666666667,4.618,8,3,0.842,0.415,0.422,0.318,0.0699,-11.661,0.0382,111.302,0.332,False
847,Pobre Jerusalén Camilo Sesto,Camilo Sesto,Pobre Jerusalén,121000,0.03361111111111111,2.0166666666666666,16,3,0.907,0.351,0.107,0.000499,0.138,-20.641,0.0353,127.974,0.421,False
848,Polly Nirvana,Nirvana,Polly,941,0.0002613888888888889,0.015683333333333334,15,1,0.884,0.83,0.382,0.301,0.11,-11.231,0.0566,121.12,0.54,True
849,Pols en el Vent Menaix a Truà,Menaix a Truà,Pols en el Vent,204707,0.056863055555555556,3.411783333333333,16,2,0.376,0.686,0.444,0.0584,0.11,-6.667,0.0305,90.018,0.691,False
850,"Poor Jerusalem - From ""Jesus Christ Superstar"" Soundtrack Ted Neeley",Ted Neeley,"Poor Jerusalem - From ""Jesus Christ Superstar"" Soundtrack",97360,0.027044444444444444,1.6226666666666667,18,3,0.966,0.365,0.208,0.363,0.116,-18.008,0.0689,161.718,0.301,False
851,Por Donde Tu Vayas Chorus - Peter Pan,Chorus - Peter Pan,Por Donde Tu Vayas,682634,0.18962055555555557,11.377233333333333,7,3,0.888,0.562,0.255,0.000273,0.129,-12.718,0.067,131.344,0.974,False
852,Por Primera Vez en Años (Reprise) Carmen López,Carmen López,Por Primera Vez en Años (Reprise),318204,0.08839,5.3034,8,3,,,,,,,,,,False
853,Por fin ya veo la luz Carmen López,Carmen López,Por fin ya veo la luz,465904,0.12941777777777777,7.765066666666666,9,3,0.886,0.206,0.25,0.0,0.128,-9.607,0.0308,52.957,0.174,False
854,Power - Instrumental Nicholas Britell,Nicholas Britell,Power - Instrumental,104116,0.02892111111111111,1.7352666666666667,6,3,0.00715,0.582,0.499,0.901,0.108,-8.878,0.0529,140.121,0.319,False
855,Preferiria No Fer-Ho - En Directe Al Festival De Cap Roig / 2015 Els Amics De Les Arts,Els Amics De Les Arts,Preferiria No Fer-Ho - En Directe Al Festival De Cap Roig / 2015,13241,0.0036780555555555555,0.22068333333333334,6,2,0.0448,0.465,0.793,1.26e-06,0.785,-8.107,0.137,121.874,0.413,True
856,Preferiria No Fer-Ho Els Amics De Les Arts,Els Amics De Les Arts,Preferiria No Fer-Ho,127057,0.03529361111111111,2.1176166666666667,10,2,,,,,,,,,,False
857,Preferiria no fer-ho Els Amics De Les Arts,Els Amics De Les Arts,Preferiria no fer-ho,3023,0.0008397222222222222,0.050383333333333336,8,2,,,,,,,,,,True
858,Preparaos Jordi Doncos,Jordi Doncos,Preparaos,2056938,0.5713716666666667,34.2823,9,3,,,,,,,,,,False
859,Prepared to do Anything David Arnold,David Arnold,Prepared to do Anything,258933,0.07192583333333333,4.31555,9,2,,,,,,,,,,False
860,Prince Ali One Piano,One Piano,Prince Ali,702867,0.19524083333333334,11.71445,14,3,0.99,0.524,0.0934,0.945,0.113,-21.961,0.0462,132.465,0.214,False
861,Prince Ali Robin Williams,Robin Williams,Prince Ali,515280,0.14313333333333333,8.588000000000001,8,3,0.687,0.522,0.439,0.0,0.167,-13.67,0.0545,106.084,0.609,False
862,"Prologue - From ""Tangled""/Score Donna Murphy",Donna Murphy,"Prologue - From ""Tangled""/Score",271172,0.07532555555555555,4.519533333333333,7,3,0.874,0.245,0.18,0.0254,0.242,-16.531,0.0317,85.58,0.171,True
863,Príncipe Ali (Repetición) Xavier Rivera,Xavier Rivera,Príncipe Ali (Repetición),217500,0.060416666666666674,3.625,8,3,0.834,0.601,0.464,0.0,0.671,-11.519,0.063,57.626,0.718,False
864,Príncipe Ali Josema Yuste,Josema Yuste,Príncipe Ali,1388164,0.3856011111111111,23.136066666666668,8,3,0.732,0.524,0.486,0.0,0.17,-11.4,0.0921,104.283,0.668,False
865,Prólogo (La Bella y La Bestia) Camilo García,Camilo García,Prólogo (La Bella y La Bestia),148773,0.04132583333333333,2.47955,8,3,0.885,0.427,0.46,0.000141,0.477,-21.103,0.596,93.261,0.443,False
866,Prólogo - de Enredados Isabel Nogueras,Isabel Nogueras,Prólogo - de Enredados,366477,0.10179916666666666,6.10795,8,3,0.92,0.237,0.141,0.0362,0.24,-16.202,0.0348,123.22,0.117,False
867,Prólogo Francisco Colmenero,Francisco Colmenero,Prólogo,136023,0.03778416666666667,2.2670500000000002,9,3,0.884,0.459,0.112,0.0,0.602,-25.61,0.134,89.937,0.487,False
868,Psycho Killer Talking Heads,Talking Heads,Psycho Killer,260507,0.07236305555555556,4.341783333333334,10,1,0.0586,0.721,0.401,0.00259,0.122,-12.139,0.0661,123.384,0.944,False
869,Punkrocker (feat. Iggy Pop) - As featured in Superman Teddybears,Teddybears,Punkrocker (feat. Iggy Pop) - As featured in Superman,6530,0.001813888888888889,0.10883333333333334,6,2,0.000422,0.552,0.797,0.655,0.148,-6.367,0.0295,141.859,0.306,True
870,Purpose Is Glorious Natalie Holt,Natalie Holt,Purpose Is Glorious,339338,0.09426055555555556,5.655633333333333,13,1,0.429,0.159,0.203,0.908,0.244,-14.684,0.0316,88.905,0.057,False
871,"Que difícil, dir que no Anna Roig",Anna Roig,"Que difícil, dir que no",27516,0.007643333333333334,0.4586,6,1,0.842,0.623,0.313,0.0236,0.144,-14.168,0.0378,145.807,0.267,True
872,Quiero Ser Como Tú Flavio,Flavio,Quiero Ser Como Tú,1691109,0.4697525,28.185149999999997,9,3,,,,,,,,,,False
873,Quinta del Sordo - Remasterizado Luis Eduardo Aute,Luis Eduardo Aute,Quinta del Sordo - Remasterizado,364973,0.10138138888888888,6.082883333333333,8,3,0.194,0.598,0.632,0.00142,0.125,-7.727,0.0527,139.944,0.259,False
874,Quinta del Sordo Luis Eduardo Aute,Luis Eduardo Aute,Quinta del Sordo,714026,0.19834055555555555,11.900433333333334,8,3,0.194,0.598,0.632,0.00142,0.125,-7.727,0.0527,139.944,0.259,False
875,Rain - Piano Lullaby Version David Healer,David Healer,Rain - Piano Lullaby Version,162219,0.045060833333333335,2.70365,8,2,0.756,0.408,0.376,0.979,0.415,-15.989,0.0396,102.353,0.481,False
876,Rape Me Nirvana,Nirvana,Rape Me,51076,0.014187777777777778,0.8512666666666666,6,3,0.0141,0.42,0.746,0.0,0.0661,-10.628,0.0467,111.886,0.229,True
877,Real Love Music Lab Collective,Music Lab Collective,Real Love,142947,0.0397075,2.38245,12,2,,,,,,,,,,False
878,Realmente Extraño Camilo Sesto,Camilo Sesto,Realmente Extraño,114000,0.03166666666666667,1.9,16,3,0.273,0.476,0.646,0.0,0.121,-9.997,0.091,101.245,0.761,False
879,Red Right Hand (Peaky Blinders Theme) (Flood Remix) Nick Cave & The Bad Seeds,Nick Cave & The Bad Seeds,Red Right Hand (Peaky Blinders Theme) (Flood Remix),19879,0.005521944444444444,0.3313166666666667,6,3,0.573,0.814,0.229,0.158,0.0718,-16.208,0.0737,116.049,0.287,True
880,"Red Right Hand - From the Motion Picture ""Hellboy"" Pete Yorn",Pete Yorn,"Red Right Hand - From the Motion Picture ""Hellboy""",33873,0.009409166666666666,0.56455,18,1,0.267,0.743,0.649,0.622,0.216,-9.437,0.0265,113.984,0.948,False
881,Redemption Song Johnny Cash,Johnny Cash,Redemption Song,208067,0.05779638888888888,3.467783333333333,7,3,0.759,0.518,0.378,0.0,0.0883,-9.995,0.0342,113.541,0.518,True
882,"Remember Me (Ernesto de la Cruz) - From ""Coco""/Soundtrack Version Benjamin Bratt",Benjamin Bratt,"Remember Me (Ernesto de la Cruz) - From ""Coco""/Soundtrack Version",437120,0.12142222222222222,7.285333333333333,7,3,0.514,0.506,0.562,0.000347,0.213,-6.663,0.0422,129.057,0.614,False
883,Reminiscence Therapy John Powell,John Powell,Reminiscence Therapy,12178,0.003382777777777778,0.20296666666666666,6,3,0.21,0.15,0.451,0.757,0.392,-15.855,0.0482,80.049,0.089,True
884,Rent Piano Tribute Players,Piano Tribute Players,Rent,9318,0.0025883333333333335,0.1553,6,3,0.992,0.581,0.329,0.947,0.0944,-17.202,0.0744,178.011,0.373,True
885,Resultat Manu Guix,Manu Guix,Resultat,114231,0.03173083333333333,1.90385,21,1,,,,,,,,,,False
886,Revolution Jim Sturgess,Jim Sturgess,Revolution,9126,0.002535,0.1521,7,1,0.00077,0.406,0.903,0.0172,0.124,-6.745,0.124,62.865,0.402,True
887,Reykjavik - En Directe Al Festival De Cap Roig / 2015 Els Amics De Les Arts,Els Amics De Les Arts,Reykjavik - En Directe Al Festival De Cap Roig / 2015,6176,0.0017155555555555555,0.10293333333333334,17,2,0.201,0.43,0.371,0.00376,0.834,-12.828,0.0294,133.295,0.186,True
888,Reykjavík Els Amics De Les Arts,Els Amics De Les Arts,Reykjavík,275789,0.07660805555555555,4.5964833333333335,8,3,,,,,,,,,,False
889,Ricercare - Strings and Voices - Bonus Track Nicholas Britell,Nicholas Britell,Ricercare - Strings and Voices - Bonus Track,148501,0.041250277777777775,2.4750166666666664,13,1,0.775,0.17,0.149,0.749,0.0711,-17.175,0.0435,84.612,0.0378,False
890,Right Hand Man Lin-Manuel Miranda,Lin-Manuel Miranda,Right Hand Man,965091,0.2680808333333333,16.08485,11,3,0.177,0.68,0.413,0.0,0.205,-9.41,0.492,158.576,0.383,False
891,Rock & Roll Part 2 Gary Glitter,Gary Glitter,Rock & Roll Part 2,206572,0.057381111111111105,3.4428666666666667,6,2,0.000292,0.71,0.314,0.785,0.0857,-10.666,0.082,129.124,0.401,True
892,Roll the Woodpile Down El Pony Pisador,El Pony Pisador,Roll the Woodpile Down,147926,0.041090555555555554,2.4654333333333334,15,3,0.754,0.494,0.254,0.0,0.275,-9.043,0.0921,171.262,0.736,False
893,Rolling in the Deep Adele,Adele,Rolling in the Deep,12853,0.0035702777777777777,0.21421666666666667,6,3,0.138,0.73,0.769,0.0,0.0473,-5.114,0.0298,104.948,0.507,True
894,"Roman's Beat - ""Hearts"" Nicholas Britell",Nicholas Britell,"Roman's Beat - ""Hearts""",5173,0.0014369444444444445,0.08621666666666666,6,1,0.0536,0.8,0.714,0.869,0.0809,-8.447,0.028,88.14,0.504,True
895,"Rondo in F Minor for Solo Piano - ""Kendall's Summit"" Nicholas Britell",Nicholas Britell,"Rondo in F Minor for Solo Piano - ""Kendall's Summit""",21860,0.006072222222222222,0.36433333333333334,6,1,0.979,0.34,0.116,0.928,0.107,-19.694,0.0315,72.036,0.151,True
896,SHERlocked David Arnold,David Arnold,SHERlocked,224187,0.062274166666666665,3.73645,8,2,,,,,,,,,,False
897,Same Old Day Murray Gold,Murray Gold,Same Old Day,193133,0.05364805555555555,3.2188833333333333,9,2,,,,,,,,,,False
898,Santa Fe One Piano,One Piano,Santa Fe,198053,0.05501472222222222,3.300883333333333,9,1,0.745,0.428,0.3,0.877,0.104,-16.702,0.0443,169.568,0.473,False
899,Sappy Nirvana,Nirvana,Sappy,205493,0.05708138888888889,3.4248833333333333,16,3,1.04e-05,0.406,0.81,1.34e-06,0.325,-6.127,0.0343,128.282,0.638,False
900,Satisfied Renée Elise Goldsberry,Renée Elise Goldsberry,Satisfied,1316912,0.3658088888888889,21.948533333333334,11,3,0.287,0.707,0.593,0.0,0.15,-8.581,0.0949,123.772,0.478,False
901,Satyricon - Instrumental Nicholas Britell,Nicholas Britell,Satyricon - Instrumental,196435,0.054565277777777775,3.2739166666666666,5,2,0.000402,0.623,0.617,0.86,0.302,-11.24,0.0618,87.999,0.0353,False
902,Say No to This Jasmine Cephas-Jones,Jasmine Cephas-Jones,Say No to This,484034,0.1344538888888889,8.067233333333334,12,3,0.464,0.754,0.535,0.0,0.19,-8.156,0.305,81.035,0.395,False
903,Scarborough Fair / Canticle Simon & Garfunkel,Simon & Garfunkel,Scarborough Fair / Canticle,18743,0.005206388888888889,0.3123833333333333,8,1,0.65,0.336,0.248,0.0,0.113,-15.626,0.0324,128.548,0.298,True
904,Scarface (Push It To The Limit) Paul Engemann,Paul Engemann,Scarface (Push It To The Limit),538948,0.14970777777777777,8.982466666666667,6,3,0.0299,0.571,0.609,2.89e-06,0.66,-10.691,0.0324,156.203,0.27,False
905,Scherzo in F Minor - Strings Nicholas Britell,Nicholas Britell,Scherzo in F Minor - Strings,45174,0.012548333333333333,0.7529,7,3,0.757,0.572,0.372,0.903,0.0999,-11.727,0.0397,145.558,0.914,False
906,Schindler's List - Piano Instrumental Attila Fias,Attila Fias,Schindler's List - Piano Instrumental,33044,0.00917888888888889,0.5507333333333333,19,1,0.979,0.499,0.147,0.912,0.145,-19.489,0.0604,113.859,0.143,False
907,Schindler's List Main Theme - Piano Version Patrik Pietschmann,Patrik Pietschmann,Schindler's List Main Theme - Piano Version,716677,0.19907694444444446,11.944616666666667,17,1,0.99,0.441,0.0578,0.876,0.0703,-21.398,0.048,98.48,0.0706,False
908,Schuyler Defeated Phillipa Soo,Phillipa Soo,Schuyler Defeated,127116,0.03531,2.1186,12,3,0.236,0.745,0.597,0.0,0.157,-10.422,0.257,102.108,0.842,False
909,Seabird Alessi Brothers,Alessi Brothers,Seabird,186320,0.051755555555555555,3.1053333333333333,15,1,0.136,0.733,0.384,7.97e-05,0.0979,-13.177,0.0306,126.023,0.609,False
910,Seasons of Love One Piano,One Piano,Seasons of Love,186333,0.05175916666666667,3.10555,15,2,0.968,0.655,0.274,0.923,0.106,-15.438,0.0438,98.158,0.3,False
911,Seasons of Love Rosario Dawson,Rosario Dawson,Seasons of Love,21532,0.0059811111111111115,0.35886666666666667,6,2,0.609,0.475,0.579,0.0,0.0756,-4.096,0.0334,178.151,0.466,True
912,Semblava Que Fossis Tu Els Amics De Les Arts,Els Amics De Les Arts,Semblava Que Fossis Tu,282052,0.07834777777777778,4.700866666666666,5,3,0.162,0.708,0.738,2e-05,0.145,-4.783,0.0384,125.041,0.43,False
913,September Philippe Saisse Trio,Philippe Saisse Trio,September,205680,0.057133333333333335,3.428,11,1,0.626,0.694,0.698,0.847,0.0777,-8.806,0.0305,125.008,0.732,False
914,Serem Petits Prínceps Manu Guix,Manu Guix,Serem Petits Prínceps,19951,0.005541944444444445,0.3325166666666667,7,1,,,,,,,,,,True
915,Serenade in E-Flat Major Nicholas Britell,Nicholas Britell,Serenade in E-Flat Major,53305,0.014806944444444445,0.8884166666666667,12,1,0.874,0.143,0.177,0.78,0.116,-16.984,0.0398,90.938,0.0377,False
916,"Serenata - ""Il Viaggio"" Nicholas Britell",Nicholas Britell,"Serenata - ""Il Viaggio""",81973,0.022770277777777778,1.3662166666666666,15,3,0.0156,0.214,0.333,0.534,0.125,-13.43,0.0379,97.81,0.152,False
917,"Serenata/A Man Without Love - Medley/Live On The Ed Sullivan Show, August 17, 1969 Sergio Franchi",Sergio Franchi,"Serenata/A Man Without Love - Medley/Live On The Ed Sullivan Show, August 17, 1969",211254,0.05868166666666667,3.5209,12,1,0.227,0.643,0.341,0.0,0.0689,-15.934,0.0383,130.688,0.64,False
918,Serene Resonance Halcyon Jazz Band,Halcyon Jazz Band,Serene Resonance,1435,0.0003986111111111111,0.023916666666666666,11,1,0.92,0.333,0.118,0.878,0.102,-17.564,0.0426,176.16,0.109,True
919,Serve The Servants Nirvana,Nirvana,Serve The Servants,229224,0.06367333333333333,3.8204,9,2,1.13e-05,0.435,0.895,0.0318,0.19,-8.7,0.0421,119.659,0.668,False
920,Seven Nation Army Laza Bossa,Laza Bossa,Seven Nation Army,205181,0.056994722222222224,3.4196833333333334,11,1,,,,,,,,,,False
921,Seven Nation Army Scott Bradlee's Postmodern Jukebox,Scott Bradlee's Postmodern Jukebox,Seven Nation Army,744956,0.20693222222222224,12.415933333333333,8,2,0.708,0.485,0.513,0.0,0.508,-5.91,0.0614,90.374,0.385,False
922,Sgt. Pepper's Lonely Hearts Club Band - 2017 Mix The Beatles,The Beatles,Sgt. Pepper's Lonely Hearts Club Band - 2017 Mix,729,0.0002025,0.01215,15,3,0.101,0.328,0.521,0.0,0.154,-6.221,0.0378,133.834,0.432,True
923,Sgt. Pepper's Lonely Hearts Club Band Piano Tribute Players,Piano Tribute Players,Sgt. Pepper's Lonely Hearts Club Band,148827,0.041340833333333334,2.48045,8,2,0.987,0.588,0.373,0.937,0.0997,-15.945,0.0557,93.983,0.389,False
924,Shape Of My Heart Sting,Sting,Shape Of My Heart,65510,0.018197222222222222,1.0918333333333334,10,3,0.693,0.537,0.372,0.00107,0.083,-10.08,0.0331,83.94,0.244,False
925,She Loves You (Instrumental Piano) Matchstick Piano Man,Matchstick Piano Man,She Loves You (Instrumental Piano),273618,0.07600499999999999,4.5603,7,2,0.995,0.44,0.0218,0.971,0.0957,-26.155,0.0597,179.455,0.141,False
926,She Loves You - Mono Version / Remastered 2009 The Beatles,The Beatles,She Loves You - Mono Version / Remastered 2009,715,0.0001986111111111111,0.011916666666666667,6,3,0.389,0.321,0.895,0.0,0.177,-5.157,0.0463,149.807,0.904,True
927,She Remembers Max Richter,Max Richter,She Remembers,458808,0.12744666666666668,7.6468,10,2,0.979,0.0602,0.0276,0.962,0.101,-21.52,0.0528,67.561,0.0356,False
928,She's Leaving Home Lullaby Piano Series,Lullaby Piano Series,She's Leaving Home,271719,0.0754775,4.52865,7,2,0.981,0.358,0.0943,0.849,0.143,-20.965,0.0331,70.532,0.287,False
929,Sherlock Holmes Suite: Part 1 Hans Zimmer,Hans Zimmer,Sherlock Holmes Suite: Part 1,248212,0.06894777777777777,4.136866666666666,15,2,0.439,0.298,0.281,0.708,0.275,-20.597,0.0622,130.836,0.141,False
930,Sherlock Holmes Suite: Part 2 Hans Zimmer,Hans Zimmer,Sherlock Holmes Suite: Part 2,715448,0.19873555555555555,11.924133333333334,15,2,0.133,0.344,0.631,0.906,0.145,-13.77,0.0467,141.951,0.38,False
931,Sherlock Theme Nstens1117,Nstens1117,Sherlock Theme,10207,0.0028352777777777777,0.17011666666666667,6,3,0.0131,0.232,0.479,0.757,0.145,-6.853,0.0306,97.903,0.4,True
932,Shine On You Crazy Diamond (Pts. 1-5) Pink Floyd,Pink Floyd,Shine On You Crazy Diamond (Pts. 1-5),859181,0.23866138888888888,14.319683333333334,5,1,0.772,0.264,0.294,0.686,0.107,-11.941,0.028,137.937,0.0402,False
933,Shine On You Crazy Diamond (Pts. 6-9) Pink Floyd,Pink Floyd,Shine On You Crazy Diamond (Pts. 6-9),16763,0.004656388888888889,0.2793833333333333,12,3,0.576,0.288,0.485,0.9,0.322,-13.162,0.0491,135.87,0.124,True
934,Si Mis Manos Pudieran Deshojar Joel Minguet,Joel Minguet,Si Mis Manos Pudieran Deshojar,192307,0.05341861111111111,3.2051166666666666,9,1,0.834,0.752,0.375,0.00183,0.0872,-13.805,0.0388,98.03,0.191,False
935,"Si Puedes Perdonar - from ""The Book of Life"" Soundtrack Gustavo Santaolalla",Gustavo Santaolalla,"Si Puedes Perdonar - from ""The Book of Life"" Soundtrack",104280,0.02896666666666667,1.738,11,2,0.946,0.4,0.114,1.5e-06,0.109,-13.997,0.0671,188.503,0.408,False
936,Si Vens (Remasteritzat 2013) Ja T'ho Dire,Ja T'ho Dire,Si Vens (Remasteritzat 2013),440248,0.12229111111111111,7.337466666666667,15,2,0.684,0.686,0.745,0.0,0.0837,-5.648,0.0399,138.197,0.573,True
937,Si a Arabia tú vas José Ramón Nogueras,José Ramón Nogueras,Si a Arabia tú vas,169517,0.04708805555555555,2.825283333333333,8,3,0.773,0.446,0.276,0.0,0.117,-12.119,0.0494,126.401,0.197,False
938,Si la tristesa no té fi Anna Roig,Anna Roig,Si la tristesa no té fi,194838,0.05412166666666667,3.2473,9,2,0.908,0.437,0.277,9.18e-05,0.0859,-14.646,0.05,101.311,0.243,False
939,Silbando al Trabajar Yolanda de las Heras,Yolanda de las Heras,Silbando al Trabajar,1085135,0.3014263888888889,18.085583333333332,9,3,0.907,0.749,0.284,0.144,0.0799,-13.005,0.035,102.199,0.784,False
940,Silbando al trabajar Anabel García,Anabel García,Silbando al trabajar,541334,0.15037055555555556,9.022233333333334,12,3,0.68,0.646,0.489,0.0,0.235,-7.773,0.0755,107.629,0.717,False
941,"Simon Zealotes - From ""Jesus Christ Superstar"" Soundtrack Larry T. Marshall",Larry T. Marshall,"Simon Zealotes - From ""Jesus Christ Superstar"" Soundtrack",291667,0.08101861111111111,4.861116666666667,18,3,0.778,0.546,0.622,0.303,0.123,-10.727,0.0923,117.814,0.37,False
942,Simon Zealotes / Poor Jerusalem (Medley) - Remastered 2005 Steve Balsamo,Steve Balsamo,Simon Zealotes / Poor Jerusalem (Medley) - Remastered 2005,12735,0.0035375,0.21225,6,2,,,,,,,,,,True
943,Simon Zelotes Camilo Sesto,Camilo Sesto,Simon Zelotes,219000,0.060833333333333336,3.65,16,3,0.484,0.496,0.73,0.0,0.117,-10.58,0.0752,115.775,0.393,False
944,Sinfonietta in A Minor - Strings Variation - “The Photo” Nicholas Britell,Nicholas Britell,Sinfonietta in A Minor - Strings Variation - “The Photo”,12830,0.003563888888888889,0.21383333333333332,6,1,0.6,0.157,0.281,0.896,0.116,-17.56,0.0378,134.105,0.0934,True
945,Singapore Hans Zimmer,Hans Zimmer,Singapore,220867,0.061351944444444445,3.6811166666666666,15,3,0.178,0.219,0.254,0.589,0.11,-16.294,0.0374,94.43,0.131,False
946,Sirène - Rouge d'Iris Lorien Testard,Lorien Testard,Sirène - Rouge d'Iris,199000,0.05527777777777778,3.316666666666667,11,1,0.0179,0.314,0.586,0.0003,0.405,-8.83,0.0396,139.651,0.154,False
947,"Skyfall - From "" Skyfall - James Bond"" Jonas Kvarnström",Jonas Kvarnström,"Skyfall - From "" Skyfall - James Bond""",331005,0.09194583333333334,5.51675,6,2,0.976,0.528,0.258,0.86,0.136,-12.297,0.0279,75.016,0.19,True
948,"Skyfall - From ""Skyfall"" Royal Philharmonic Orchestra",Royal Philharmonic Orchestra,"Skyfall - From ""Skyfall""",239227,0.06645194444444444,3.9871166666666666,15,2,,,,,,,,,,False
949,Skyfall Adele,Adele,Skyfall,577034,0.1602872222222222,9.617233333333333,10,2,0.0816,0.263,0.604,0.775,0.0897,-11.435,0.0547,140.078,0.0799,False
950,Skyfall One Piano,One Piano,Skyfall,198965,0.055268055555555556,3.3160833333333333,9,2,,,,,,,,,,False
951,Slipping Through My Fingers - From 'Mamma Mia!' Original Motion Picture Soundtrack Meryl Streep,Meryl Streep,Slipping Through My Fingers - From 'Mamma Mia!' Original Motion Picture Soundtrack,1414575,0.39293749999999994,23.576249999999998,10,1,0.507,0.463,0.489,0.0,0.165,-7.968,0.0288,140.034,0.249,False
952,Slipping Through My Fingers ABBA,ABBA,Slipping Through My Fingers,233680,0.06491111111111111,3.8946666666666667,11,2,0.507,0.463,0.489,0.0,0.165,-7.968,0.0288,140.034,0.249,False
953,Sliver Nirvana,Nirvana,Sliver,140693,0.039081388888888895,2.344883333333333,7,1,1.16e-05,0.428,0.684,0.000156,0.0744,-10.044,0.0475,141.336,0.419,False
954,Smells Like Teen Spirit Nirvana,Nirvana,Smells Like Teen Spirit,610141,0.16948361111111113,10.169016666666666,9,1,2.55e-05,0.502,0.912,0.000173,0.106,-4.556,0.0564,116.761,0.72,False
955,Smells Like Teen Spirit Scott Bradlee's Postmodern Jukebox,Scott Bradlee's Postmodern Jukebox,Smells Like Teen Spirit,319000,0.08861111111111111,5.316666666666666,15,2,0.572,0.258,0.324,2.74e-06,0.145,-6.099,0.0351,183.513,0.221,False
956,Smooth Criminal Scott Bradlee's Postmodern Jukebox,Scott Bradlee's Postmodern Jukebox,Smooth Criminal,460033,0.12778694444444444,7.667216666666667,6,2,0.44,0.578,0.49,4.38e-05,0.228,-9.729,0.0933,138.427,0.5,False
957,Soc la flor Anna Roig,Anna Roig,Soc la flor,535600,0.1487777777777778,8.926666666666666,9,2,0.767,0.434,0.324,0.0513,0.0852,-13.635,0.0454,123.474,0.315,False
958,Solas Jamie Duffy,Jamie Duffy,Solas,702732,0.19520333333333334,11.712200000000001,6,1,0.964,0.256,0.335,0.889,0.0932,-16.708,0.0362,85.807,0.35,False
959,Solo Tiene Que Mejorar un Poco (Canción de los Troles) Cast - Frozen,Cast - Frozen,Solo Tiene Que Mejorar un Poco (Canción de los Troles),910800,0.253,15.18,7,3,,,,,,,,,,False
960,Some Things Never Change Kristen Bell,Kristen Bell,Some Things Never Change,1049825,0.29161805555555553,17.497083333333336,11,3,0.613,0.567,0.543,0.0,0.106,-4.485,0.0313,89.937,0.299,False
961,"Something - From ""Across The Universe"" Soundtrack Jim Sturgess",Jim Sturgess,"Something - From ""Across The Universe"" Soundtrack",179787,0.04994083333333333,2.99645,12,1,0.226,0.499,0.251,3.06e-05,0.131,-10.449,0.0341,136.173,0.188,False
962,"Something - From The Album ""One Man Only"" Himesh Patel",Himesh Patel,"Something - From The Album ""One Man Only""",22236,0.006176666666666666,0.3706,5,3,0.721,0.598,0.346,0.313,0.128,-13.077,0.0331,138.005,0.155,True
963,Something - Remastered 2009 The Beatles,The Beatles,Something - Remastered 2009,13061,0.0036280555555555554,0.21768333333333334,6,3,0.195,0.406,0.338,2.57e-06,0.138,-10.872,0.0303,132.875,0.379,True
964,Something In The Way - Live Nirvana,Nirvana,Something In The Way - Live,241533,0.0670925,4.02555,15,3,0.656,0.547,0.335,0.000161,0.115,-13.304,0.0501,106.099,0.109,False
965,Something In The Way Nirvana,Nirvana,Something In The Way,451250,0.12534722222222222,7.520833333333334,10,1,0.745,0.427,0.201,0.263,0.109,-13.044,0.0317,105.218,0.0668,False
966,Something Samantha Fade,Samantha Fade,Something,215172,0.05977,3.5862,8,2,0.961,0.648,0.316,0.941,0.0938,-14.597,0.0433,116.0,0.0979,False
967,Somewhere Only We Know (Piano Version) Riyandi Kusuma,Riyandi Kusuma,Somewhere Only We Know (Piano Version),212677,0.059076944444444446,3.5446166666666667,11,2,0.982,0.468,0.277,0.884,0.0934,-19.092,0.0415,169.707,0.0969,False
968,Somewhere Only We Know Keane,Keane,Somewhere Only We Know,237147,0.06587416666666666,3.95245,10,2,0.0678,0.441,0.606,1.43e-05,0.0973,-5.825,0.0259,171.978,0.358,False
969,Somewhere Only We Know Lily Allen,Lily Allen,Somewhere Only We Know,208504,0.057917777777777776,3.4750666666666667,6,3,0.934,0.313,0.286,0.0451,0.0974,-10.593,0.0324,80.925,0.287,False
970,Song for Sienna Brian Crain,Brian Crain,Song for Sienna,4073,0.0011313888888888888,0.06788333333333334,6,2,0.933,0.357,0.21,0.95,0.132,-14.532,0.0287,96.418,0.117,True
971,Song for Zula Phosphorescent,Phosphorescent,Song for Zula,87498,0.024305,1.4583,15,1,0.734,0.486,0.623,0.536,0.0509,-8.264,0.0358,86.007,0.525,False
972,Song to the Siren - Take 7 Tim Buckley,Tim Buckley,Song to the Siren - Take 7,208400,0.057888888888888886,3.473333333333333,16,1,0.834,0.484,0.0869,0.000125,0.131,-18.198,0.0346,134.713,0.0772,False
973,Sonriendo al Cantar Yolanda de las Heras,Yolanda de las Heras,Sonriendo al Cantar,237580,0.06599444444444444,3.9596666666666667,9,3,0.93,0.376,0.189,4.82e-06,0.211,-15.586,0.0409,90.249,0.339,False
974,Sort que sou aquí Els Amics De Les Arts,Els Amics De Les Arts,Sort que sou aquí,344000,0.09555555555555556,5.733333333333333,8,1,,,,,,,,,,False
975,Space Oddity - 2015 Remaster David Bowie,David Bowie,Space Oddity - 2015 Remaster,955842,0.26551166666666665,15.9307,12,3,0.0726,0.31,0.403,9.27e-05,0.139,-13.664,0.0326,134.48,0.466,False
976,Space Oddity CHVRT H!TS,CHVRT H!TS,Space Oddity,286508,0.07958555555555556,4.775133333333334,15,3,0.0561,0.532,0.554,0.000112,0.312,-8.775,0.0261,140.118,0.531,False
977,Space The Final Frontier / Main On Ends Michael Giacchino,Michael Giacchino,Space The Final Frontier / Main On Ends,326214,0.090615,5.4369,15,1,0.426,0.268,0.505,0.746,0.0809,-9.629,0.0356,81.922,0.113,False
978,"Spectacular Spider-Man Theme Song (From ""The Spectacular Spider-Man"") The Tender Box",The Tender Box,"Spectacular Spider-Man Theme Song (From ""The Spectacular Spider-Man"")",7864,0.0021844444444444446,0.13106666666666666,6,2,,,,,,,,,,True
979,"Spider Baiting - from ""Spider-Man: No Way Home"" Soundtrack Michael Giacchino",Michael Giacchino,"Spider Baiting - from ""Spider-Man: No Way Home"" Soundtrack",13153,0.003653611111111111,0.21921666666666667,11,3,0.931,0.196,0.0429,0.949,0.106,-23.562,0.0488,69.618,0.032,True
980,Spider-Man the Animated Series Theme Nstens1117,Nstens1117,Spider-Man the Animated Series Theme,1573,0.00043694444444444445,0.026216666666666666,8,2,6.34e-06,0.221,0.626,0.963,0.242,-6.732,0.0555,122.717,0.538,True
981,Spider-Man: Homecoming Suite Michael Giacchino,Michael Giacchino,Spider-Man: Homecoming Suite,1077918,0.2994216666666667,17.9653,8,3,0.631,0.202,0.274,0.697,0.147,-14.193,0.042,145.207,0.0565,False
982,Spring Meadows - Cello Motifs Lorien Testard,Lorien Testard,Spring Meadows - Cello Motifs,133708,0.03714111111111111,2.228466666666667,9,1,0.86,0.242,0.0668,0.928,0.104,-21.951,0.0493,123.655,0.214,False
983,St. Eriksplan Low Roar,Low Roar,St. Eriksplan,5660,0.0015722222222222223,0.09433333333333334,15,1,0.731,0.453,0.236,0.596,0.12,-12.606,0.0282,98.065,0.19,True
984,Stairway to Heaven - Remaster Led Zeppelin,Led Zeppelin,Stairway to Heaven - Remaster,484627,0.13461861111111112,8.077116666666667,6,1,0.58,0.338,0.34,0.0032,0.116,-12.049,0.0339,82.433,0.197,False
985,Stairway to Heaven Rodrigo y Gabriela,Rodrigo y Gabriela,Stairway to Heaven,296672,0.08240888888888889,4.944533333333333,10,1,0.902,0.508,0.504,0.834,0.151,-10.589,0.0469,112.491,0.572,False
986,Star Wars - Across The Stars - Piano Version Alex Gobbett,Alex Gobbett,Star Wars - Across The Stars - Piano Version,271184,0.07532888888888889,4.519733333333333,15,2,0.988,0.402,0.0956,0.926,0.0939,-16.998,0.0392,112.382,0.0718,False
987,"Star Wars Suite: Main Theme - From ""Star Wars: Episode IV - A New Hope"" John Williams",John Williams,"Star Wars Suite: Main Theme - From ""Star Wars: Episode IV - A New Hope""",717891,0.19941416666666664,11.96485,8,3,0.689,0.24,0.425,0.926,0.0931,-10.527,0.0374,119.762,0.078,False
988,Stars One Piano,One Piano,Stars,8882,0.002467222222222222,0.14803333333333332,6,2,0.986,0.424,0.0426,0.897,0.11,-23.03,0.0403,114.217,0.154,True
989,Stay Alive - Reprise Lin-Manuel Miranda,Lin-Manuel Miranda,Stay Alive - Reprise,223106,0.06197388888888889,3.7184333333333335,10,3,0.535,0.546,0.246,0.0,0.0801,-13.754,0.26,160.031,0.427,False
990,Stay Alive Original Broadway Cast of Hamilton,Original Broadway Cast of Hamilton,Stay Alive,477309,0.13258583333333335,7.95515,11,3,0.471,0.723,0.415,0.0,0.0995,-10.394,0.395,159.65,0.581,False
991,Stone Wave Cliffs - Warding Blades Lorien Testard,Lorien Testard,Stone Wave Cliffs - Warding Blades,146000,0.04055555555555555,2.433333333333333,11,1,0.316,0.553,0.66,0.92,0.142,-14.281,0.0307,140.045,0.232,False
992,"Strange Thing Mystifying - From ""Jesus Christ Superstar"" Soundtrack Carl Anderson",Carl Anderson,"Strange Thing Mystifying - From ""Jesus Christ Superstar"" Soundtrack",223466,0.06207388888888889,3.7244333333333333,7,3,0.621,0.534,0.483,7.77e-06,0.109,-11.049,0.0931,107.304,0.572,False
993,Strange Things Randy Newman,Randy Newman,Strange Things,1191522,0.3309783333333333,19.8587,10,3,,,,,,,,,,False
994,Strawberry Fields Forever (Instrumental Piano) Matchstick Piano Man,Matchstick Piano Man,Strawberry Fields Forever (Instrumental Piano),204882,0.056911666666666666,3.4147,8,2,,,,,,,,,,False
995,Strings + 808 + Beat Nicholas Britell,Nicholas Britell,Strings + 808 + Beat,9227,0.0025630555555555554,0.15378333333333333,6,2,0.00727,0.747,0.433,0.778,0.109,-8.882,0.117,139.93,0.167,True
996,Strings Con Fuoco Nicholas Britell,Nicholas Britell,Strings Con Fuoco,19385,0.005384722222222222,0.32308333333333333,6,3,0.705,0.506,0.181,0.868,0.103,-9.467,0.0331,86.018,0.433,True
997,Succession (Main Title Theme) - Orchestral Intro Version Nicholas Britell,Nicholas Britell,Succession (Main Title Theme) - Orchestral Intro Version,95611,0.026558611111111113,1.5935166666666667,8,3,0.00301,0.35,0.38,0.869,0.108,-11.139,0.0351,140.25,0.0378,False
998,Succession - Andante Risoluto Nicholas Britell,Nicholas Britell,Succession - Andante Risoluto,296856,0.08246,4.9476,9,1,0.954,0.533,0.256,0.918,0.119,-13.023,0.0302,108.004,0.12,False
999,Succession - End Title Theme - Brass Quintet Variation Nicholas Britell,Nicholas Britell,Succession - End Title Theme - Brass Quintet Variation,84093,0.023359166666666667,1.40155,16,3,0.986,0.422,0.194,0.885,0.146,-13.324,0.0323,65.396,0.189,False
1000,Succession - End Title Theme - Piano and Cello Variation Nicholas Britell,Nicholas Britell,Succession - End Title Theme - Piano and Cello Variation,22275,0.0061875,0.37124999999999997,10,1,0.96,0.454,0.125,0.794,0.119,-15.297,0.036,130.544,0.161,True
1001,Suddenly Hugh Jackman,Hugh Jackman,Suddenly,304935,0.08470416666666666,5.08225,8,3,0.918,0.366,0.123,5.53e-06,0.103,-21.941,0.148,74.849,0.143,False
1002,Sueño de Pilatos Camilo Sesto,Camilo Sesto,Sueño de Pilatos,111000,0.030833333333333334,1.85,16,3,0.788,0.247,0.193,1.56e-05,0.104,-19.228,0.0434,135.556,0.258,False
1003,"Suite (From ""Pirates of the Caribbean: The Curse of the Black Pearl"") - Live Film Symphony Orchestra",Film Symphony Orchestra,"Suite (From ""Pirates of the Caribbean: The Curse of the Black Pearl"") - Live",708134,0.1967038888888889,11.802233333333334,7,3,0.917,0.376,0.666,0.878,0.678,-10.024,0.121,109.644,0.194,False
1004,Sultans of Swing Gabriella Quevedo,Gabriella Quevedo,Sultans of Swing,357821,0.09939472222222222,5.963683333333333,18,1,0.355,0.458,0.481,0.88,0.177,-10.09,0.0363,127.269,0.403,True
1005,Superman Theme x Man of Steel Theme - Epic Version L'Orchestra Cinematique,L'Orchestra Cinematique,Superman Theme x Man of Steel Theme - Epic Version,225602,0.06266722222222222,3.7600333333333333,8,1,,,,,,,,,,False
1006,"Superstar - From ""Jesus Christ Superstar"" Soundtrack Carl Anderson",Carl Anderson,"Superstar - From ""Jesus Christ Superstar"" Soundtrack",13882,0.003856111111111111,0.23136666666666666,9,2,0.501,0.398,0.487,1.42e-05,0.175,-9.362,0.0459,119.747,0.514,True
1007,Superstar Camilo Sesto,Camilo Sesto,Superstar,215467,0.059851944444444444,3.5911166666666667,17,3,0.224,0.482,0.773,0.0,0.288,-7.734,0.0483,122.131,0.765,False
1008,Suïssa Els Amics De Les Arts,Els Amics De Les Arts,Suïssa,301135,0.0836486111111111,5.018916666666667,6,1,0.00566,0.47,0.888,0.0725,0.239,-5.715,0.0727,155.13,0.33,False
1009,Sweet Child O' Mine Guns N' Roses,Guns N' Roses,Sweet Child O' Mine,7019,0.0019497222222222223,0.11698333333333333,6,3,0.09,0.445,0.952,0.0843,0.112,-5.321,0.0522,125.304,0.624,True
1010,Symphony No. 5 (Remix) [Beethoven's Fifth Symphony] [Electric Guitar Solo Rock Metal] Blue Claw Philharmonic,Blue Claw Philharmonic,Symphony No. 5 (Remix) [Beethoven's Fifth Symphony] [Electric Guitar Solo Rock Metal],2640,0.0007333333333333333,0.044,15,1,0.786,0.138,0.394,0.976,0.0475,-6.077,0.038,83.733,0.675,True
1011,Take Five The Dave Brubeck Quartet,The Dave Brubeck Quartet,Take Five,26770,0.007436111111111111,0.44616666666666666,8,1,0.539,0.454,0.26,0.00078,0.0675,-13.193,0.0401,174.322,0.598,True
1012,Take Me To Church Hozier,Hozier,Take Me To Church,484776,0.13466,8.0796,12,2,0.637,0.575,0.664,0.0,0.116,-5.303,0.0481,129.071,0.437,False
1013,Take Me or Leave Me Idina Menzel,Idina Menzel,Take Me or Leave Me,23094,0.006415,0.38489999999999996,15,1,0.318,0.457,0.763,0.0,0.0322,-3.459,0.255,175.043,0.87,True
1014,Take Me or Leave Me One Piano,One Piano,Take Me or Leave Me,226293,0.06285916666666666,3.77155,10,2,0.586,0.453,0.35,0.911,0.054,-15.497,0.0618,173.947,0.61,False
1015,Take Me or Leave Me Piano Tribute Players,Piano Tribute Players,Take Me or Leave Me,49,1.3611111111111111e-05,0.0008166666666666667,14,1,0.992,0.374,0.295,0.963,0.114,-15.377,0.0657,116.956,0.463,True
1016,Take On Me - 2017 Acoustic a-ha,a-ha,Take On Me - 2017 Acoustic,747450,0.207625,12.4575,15,1,0.92,0.437,0.188,1.26e-05,0.0988,-10.868,0.0307,103.883,0.223,False
1017,Take On Me - MTV Unplugged a-ha,a-ha,Take On Me - MTV Unplugged,507814,0.14105944444444443,8.463566666666667,7,2,0.966,0.472,0.204,4.12e-05,0.69,-13.419,0.0408,129.504,0.296,False
1018,Take a Break Phillipa Soo,Phillipa Soo,Take a Break,572972,0.15915888888888888,9.549533333333333,12,3,0.587,0.552,0.371,0.0,0.18,-9.426,0.227,81.548,0.587,False
1019,Tal Vegada Menaix a Truà,Menaix a Truà,Tal Vegada,281488,0.0781911111111111,4.691466666666667,8,2,0.414,0.527,0.529,2.82e-05,0.281,-6.937,0.0371,182.228,0.511,False
1020,Tango Maureen One Piano,One Piano,Tango Maureen,224089,0.062246944444444445,3.7348166666666667,17,1,0.816,0.551,0.185,0.91,0.083,-17.136,0.0516,132.983,0.421,False
1021,Tant de bo fossis aquí Anna Roig,Anna Roig,Tant de bo fossis aquí,296756,0.08243222222222221,4.9459333333333335,6,2,0.833,0.554,0.0972,0.00101,0.107,-19.099,0.288,58.853,0.155,False
1022,Tantes Coses a Fer Els Pets,Els Pets,Tantes Coses a Fer,376090,0.10446944444444445,6.268166666666667,15,2,0.0239,0.609,0.918,1.51e-05,0.204,-3.923,0.0282,150.066,0.932,False
1023,Tarik Macedònia,Macedònia,Tarik,3738,0.0010383333333333334,0.0623,6,1,0.119,0.873,0.718,0.00015,0.0874,-4.028,0.0332,106.998,0.648,True
1024,Tears in Heaven - Acoustic Live Eric Clapton,Eric Clapton,Tears in Heaven - Acoustic Live,561272,0.15590888888888887,9.354533333333334,8,1,0.806,0.694,0.331,0.00235,0.707,-13.0,0.0284,79.055,0.458,False
1025,Ten Duel Commandments Lin-Manuel Miranda,Lin-Manuel Miranda,Ten Duel Commandments,319938,0.08887166666666667,5.3323,11,3,0.0691,0.887,0.516,0.0,0.617,-8.187,0.658,77.977,0.828,False
1026,Ten Million Slaves Otis Taylor,Otis Taylor,Ten Million Slaves,517914,0.14386500000000002,8.6319,5,3,0.527,0.477,0.431,0.00667,0.211,-8.192,0.0277,132.393,0.572,False
1027,Thank You For The Music - From 'Mamma Mia!' Original Motion Picture Soundtrack Amanda Seyfried,Amanda Seyfried,Thank You For The Music - From 'Mamma Mia!' Original Motion Picture Soundtrack,226040,0.0627888888888889,3.7673333333333336,8,2,0.932,0.527,0.134,0.0,0.103,-11.264,0.0348,98.879,0.479,False
1028,That Would Be Enough Phillipa Soo,Phillipa Soo,That Would Be Enough,535338,0.148705,8.9223,11,3,0.819,0.499,0.2,0.0,0.115,-10.276,0.0355,137.367,0.185,False
1029,That's Life Frank Sinatra,Frank Sinatra,That's Life,187891,0.052191944444444444,3.1315166666666667,13,1,0.55,0.56,0.434,0.0,0.346,-14.151,0.0729,112.803,0.664,False
1030,That's Life Gabriella Quevedo,Gabriella Quevedo,That's Life,216982,0.06027277777777777,3.6163666666666665,6,2,0.659,0.485,0.442,0.792,0.132,-8.909,0.0539,109.537,0.345,True
1031,That's My Man LIZ,LIZ,That's My Man,2708,0.0007522222222222223,0.04513333333333333,15,1,,,,,,,,,,True
1032,The Adams Administration Original Broadway Cast of Hamilton,Original Broadway Cast of Hamilton,The Adams Administration,109680,0.030466666666666666,1.828,10,3,0.505,0.8,0.362,0.0,0.121,-10.313,0.544,130.14,0.792,False
1033,"The Apology Song (From ""The Book of Life"") [Spanish Guitar Version] Guardz of Spanish Guitars",Guardz of Spanish Guitars,"The Apology Song (From ""The Book of Life"") [Spanish Guitar Version]",171572,0.04765888888888889,2.8595333333333333,11,2,0.941,0.723,0.125,0.702,0.105,-16.458,0.0393,95.039,0.419,False
1034,The Apology Song Demo Gustavo Santaolalla,Gustavo Santaolalla,The Apology Song Demo,171653,0.04768138888888889,2.8608833333333332,10,2,0.895,0.705,0.0898,1.15e-05,0.104,-16.627,0.0739,93.96,0.235,False
1035,The Apology Song Latino Americano Gustavo Santaolalla,Gustavo Santaolalla,The Apology Song Latino Americano,152187,0.04227416666666667,2.53645,8,2,0.808,0.693,0.365,0.00178,0.131,-10.797,0.064,120.559,0.798,False
1036,"The Arrest - From ""Jesus Christ Superstar"" Soundtrack Ted Neeley",Ted Neeley,"The Arrest - From ""Jesus Christ Superstar"" Soundtrack",198155,0.05504305555555556,3.302583333333333,19,3,0.826,0.445,0.553,8.2e-05,0.0882,-11.494,0.355,88.263,0.366,True
1037,The Arrest - Remastered 2005 Andrew Lloyd Webber,Andrew Lloyd Webber,The Arrest - Remastered 2005,199427,0.05539638888888889,3.3237833333333335,20,2,,,,,,,,,,False
1038,The Avengers Alan Silvestri,Alan Silvestri,The Avengers,493700,0.1371388888888889,8.228333333333333,11,3,0.606,0.25,0.553,0.673,0.145,-8.188,0.0429,118.985,0.226,False
1039,The Baby G.E. Smith,G.E. Smith,The Baby,168133,0.04670361111111111,2.802216666666667,20,2,0.691,0.755,0.394,0.0,0.0524,-7.438,0.126,107.751,0.803,False
1040,The Batman Michael Giacchino,Michael Giacchino,The Batman,30916,0.008587777777777778,0.5152666666666667,6,2,0.5,0.209,0.152,0.903,0.103,-16.519,0.0324,80.136,0.0482,True
1041,The Blower's Daughter Damien Rice,Damien Rice,The Blower's Daughter,1395658,0.3876827777777778,23.260966666666665,7,2,0.134,0.342,0.2,0.000153,0.341,-13.569,0.0324,133.113,0.0743,False
1042,The Breakup Song The Greg Kihn Band,The Greg Kihn Band,The Breakup Song,509121,0.1414225,8.48535,15,1,0.032,0.695,0.887,4.9e-05,0.234,-4.417,0.0291,141.541,0.965,False
1043,The Brethren Court Hans Zimmer,Hans Zimmer,The Brethren Court,141147,0.0392075,2.35245,16,3,0.822,0.286,0.039,0.8,0.266,-26.541,0.0311,104.052,0.0364,False
1044,The Call Of Ktulu - Live Metallica,Metallica,The Call Of Ktulu - Live,15319,0.004255277777777778,0.2553166666666667,6,3,3.53e-05,0.286,0.941,0.896,0.429,-5.137,0.0554,132.023,0.0986,True
1045,The Chain - 2004 Remaster Fleetwood Mac,Fleetwood Mac,The Chain - 2004 Remaster,777011,0.2158363888888889,12.950183333333333,16,3,,,,,,,,,,False
1046,The Confrontation - Live John Owen-Jones,John Owen-Jones,The Confrontation - Live,268018,0.07444944444444444,4.466966666666666,6,2,0.764,0.403,0.49,0.0,0.388,-10.261,0.122,98.559,0.475,False
1047,The Confrontation Hugh Jackman,Hugh Jackman,The Confrontation,114987,0.031940833333333335,1.91645,9,2,0.781,0.404,0.524,0.0,0.214,-11.051,0.143,85.569,0.458,False
1048,The Confrontation Philip Quast,Philip Quast,The Confrontation,20161,0.005600277777777778,0.3360166666666667,6,3,0.838,0.429,0.292,2.02e-06,0.237,-18.065,0.0696,93.576,0.353,True
1049,The Crown of Jaehaerys Ramin Djawadi,Ramin Djawadi,The Crown of Jaehaerys,57160,0.01587777777777778,0.9526666666666667,9,3,0.673,0.0721,0.235,0.895,0.076,-14.2,0.0339,77.472,0.0357,False
1050,"The Crucifixion - From ""Jesus Christ Superstar"" Soundtrack Ted Neeley",Ted Neeley,"The Crucifixion - From ""Jesus Christ Superstar"" Soundtrack",6670,0.0018527777777777778,0.11116666666666666,15,1,0.8,0.22,0.414,0.903,0.0977,-15.949,0.103,137.905,0.0813,True
1051,The Dark Knight Main Theme - Piano Version Patrik Pietschmann,Patrik Pietschmann,The Dark Knight Main Theme - Piano Version,469938,0.13053833333333334,7.8323,6,2,0.943,0.581,0.11,0.862,0.108,-19.787,0.038,110.049,0.0374,False
1052,The Dark Knight Trilogy Medley - Live Hans Zimmer,Hans Zimmer,The Dark Knight Trilogy Medley - Live,790227,0.2195075,13.17045,11,2,0.0367,0.357,0.504,0.798,0.381,-14.247,0.0458,112.021,0.0871,False
1053,The Day That Never Comes - Live Metallica,Metallica,The Day That Never Comes - Live,6797,0.0018880555555555556,0.11328333333333333,5,3,0.000116,0.298,0.917,0.0416,0.906,-9.244,0.0797,136.026,0.231,True
1054,"The Departed Tango (feat. Larry Saltzman, Jamey Haddad, Marc Ribot, Shawn Pelton & Tim Le Febvre) Howard Shore",Howard Shore,"The Departed Tango (feat. Larry Saltzman, Jamey Haddad, Marc Ribot, Shawn Pelton & Tim Le Febvre)",66100,0.018361111111111113,1.1016666666666666,10,1,0.321,0.817,0.528,0.961,0.223,-11.963,0.0331,120.001,0.894,False
1055,The Departure Max Richter,Max Richter,The Departure,77041,0.02140027777777778,1.2840166666666668,17,1,0.996,0.384,0.00341,0.943,0.0964,-39.053,0.0447,116.941,0.117,False
1056,The Election of 1800 Daveed Diggs,Daveed Diggs,The Election of 1800,475966,0.1322127777777778,7.932766666666667,10,3,0.319,0.731,0.42,0.0,0.306,-10.199,0.462,67.426,0.645,False
1057,The Electro Suite Nstens1117,Nstens1117,The Electro Suite,17823,0.004950833333333333,0.29705,6,2,0.0792,0.43,0.645,0.863,0.518,-9.161,0.0322,80.053,0.176,True
1058,The End The Doors,The Doors,The End,1550255,0.4306263888888889,25.837583333333335,15,3,0.285,0.351,0.228,0.00116,0.123,-17.271,0.0307,104.551,0.0329,False
1059,"The Fantastic Four: First Steps Main Theme - From ""The Fantastic Four: First Steps"" Michael Giacchino",Michael Giacchino,"The Fantastic Four: First Steps Main Theme - From ""The Fantastic Four: First Steps""",202560,0.056266666666666666,3.376,8,1,,,,,,,,,,False
1060,The Fantastic Four: First Steps Main Theme Extended Version Michael Giacchino,Michael Giacchino,The Fantastic Four: First Steps Main Theme Extended Version,250293,0.06952583333333333,4.17155,8,1,,,,,,,,,,False
1061,The Fastest Man Alive (Always Late) Nstens1117,Nstens1117,The Fastest Man Alive (Always Late),12321,0.0034225,0.20535,6,3,0.00118,0.379,0.822,0.824,0.364,-5.758,0.0541,121.017,0.21,True
1062,The Final Battle Aaron Tveit,Aaron Tveit,The Final Battle,189294,0.052581666666666665,3.1549,15,2,0.286,0.226,0.629,0.513,0.209,-8.461,0.0717,108.888,0.0742,True
1063,The Final Countdown Scott Bradlee's Postmodern Jukebox,Scott Bradlee's Postmodern Jukebox,The Final Countdown,229750,0.06381944444444444,3.8291666666666666,15,2,0.775,0.559,0.678,0.0259,0.421,-10.468,0.0602,122.482,0.615,False
1064,The Flash Vs. Arrow Nstens1117,Nstens1117,The Flash Vs. Arrow,24958,0.006932777777777777,0.4159666666666667,5,3,0.00178,0.262,0.851,0.824,0.115,-8.244,0.0473,130.921,0.14,True
1065,The Fool On The Hill Len Rhodes,Len Rhodes,The Fool On The Hill,89038,0.024732777777777777,1.4839666666666667,15,2,0.995,0.383,0.039,0.943,0.103,-27.12,0.0783,50.939,0.188,False
1066,The Glory Days Michael Giacchino,Michael Giacchino,The Glory Days,663877,0.18441027777777777,11.064616666666668,15,3,0.732,0.334,0.262,0.388,0.235,-14.193,0.0391,80.446,0.145,False
1067,"The Hanging Tree - From ""The Hunger Games: Mockingjay"" Soundtraclk James Newton Howard",James Newton Howard,"The Hanging Tree - From ""The Hunger Games: Mockingjay"" Soundtraclk",437014,0.12139277777777778,7.283566666666666,9,1,0.344,0.213,0.0743,3.45e-05,0.212,-18.071,0.0408,53.863,0.145,False
1068,The James Bond Theme (Dr. No) Mister Bond,Mister Bond,The James Bond Theme (Dr. No),203907,0.056640833333333335,3.39845,10,1,0.183,0.836,0.327,0.874,0.0746,-7.866,0.04,111.972,0.551,False
1069,The Last Goodbye Billy Boyd,Billy Boyd,The Last Goodbye,273602,0.07600055555555556,4.560033333333333,10,1,0.892,0.304,0.175,1.95e-05,0.084,-14.034,0.0311,93.716,0.162,True
1070,The Last Rites (feat. G.E. Smith & Sharon Isbin) Howard Shore,Howard Shore,The Last Rites (feat. G.E. Smith & Sharon Isbin),185627,0.051563055555555556,3.0937833333333336,15,2,0.949,0.14,0.159,0.776,0.131,-13.51,0.0353,82.006,0.0825,False
1071,"The Last Supper - From ""Jesus Christ Superstar"" Soundtrack Ted Neeley",Ted Neeley,"The Last Supper - From ""Jesus Christ Superstar"" Soundtrack",443987,0.12332972222222223,7.399783333333334,6,1,0.8,0.441,0.399,0.000135,0.0923,-10.178,0.0605,119.183,0.319,False
1072,The Last Supper - Remastered 2005 ‘Jesus Christ Superstar’ 1996 London Cast,‘Jesus Christ Superstar’ 1996 London Cast,The Last Supper - Remastered 2005,459093,0.12752583333333334,7.65155,15,1,,,,,,,,,,False
1073,The Last of Us Gustavo Santaolalla,Gustavo Santaolalla,The Last of Us,368899,0.10247194444444443,6.148316666666666,8,1,0.867,0.587,0.467,0.928,0.098,-12.392,0.0306,154.636,0.353,False
1074,The Line (from the series Arcane League of Legends) Arcane,Arcane,The Line (from the series Arcane League of Legends),1863,0.0005175,0.03105,11,2,0.263,0.556,0.47,0.000266,0.0835,-9.777,0.0379,142.596,0.322,True
1075,The Living Daylights (Air Bond/Necros Attack) The City of Prague Philharmonic Orchestra,The City of Prague Philharmonic Orchestra,The Living Daylights (Air Bond/Necros Attack),60890,0.016913888888888888,1.0148333333333333,9,2,0.139,0.401,0.489,0.973,0.109,-10.117,0.0299,129.914,0.141,False
1076,The Living Daylights (End Title) The City of Prague Philharmonic Orchestra,The City of Prague Philharmonic Orchestra,The Living Daylights (End Title),183484,0.05096777777777778,3.0580666666666665,9,2,0.666,0.182,0.232,0.734,0.111,-16.37,0.0332,82.472,0.215,False
1077,"The Living Daylights (From ""James Bond"") - Piano Version 007 Piano",007 Piano,"The Living Daylights (From ""James Bond"") - Piano Version",122287,0.03396861111111111,2.038116666666667,9,2,0.994,0.581,0.0639,0.954,0.102,-25.639,0.0566,164.002,0.26,False
1078,"The Living Daylights (From ""The Living Daylights"") - Orchestral Mix Thematic Pianos",Thematic Pianos,"The Living Daylights (From ""The Living Daylights"") - Orchestral Mix",246500,0.06847222222222223,4.108333333333333,9,2,,,,,,,,,,False
1079,The Living Daylights (Mujahadin/Afghanistan Plan) The City of Prague Philharmonic Orchestra,The City of Prague Philharmonic Orchestra,The Living Daylights (Mujahadin/Afghanistan Plan),61630,0.017119444444444444,1.0271666666666666,9,2,0.8,0.186,0.156,0.895,0.108,-18.498,0.0377,126.094,0.0402,False
1080,The Living Daylights - 2016 Remaster a-ha,a-ha,The Living Daylights - 2016 Remaster,1034224,0.28728444444444445,17.237066666666667,6,1,0.114,0.695,0.78,0.000971,0.0785,-7.906,0.0267,120.255,0.833,False
1081,The Living Daylights - From: The Living Daylights Patrik Jablonski,Patrik Jablonski,The Living Daylights - From: The Living Daylights,203477,0.05652138888888889,3.3912833333333334,9,2,,,,,,,,,,False
1082,The Living Daylights - Live a-ha,a-ha,The Living Daylights - Live,572573,0.15904805555555557,9.542883333333334,9,1,,,,,,,,,,False
1083,The Living Daylights - MTV Unplugged a-ha,a-ha,The Living Daylights - MTV Unplugged,1993520,0.5537555555555556,33.22533333333333,6,2,0.265,0.581,0.762,9.8e-06,0.2,-8.54,0.0409,110.932,0.436,False
1084,The Living Daylights Mister Bond,Mister Bond,The Living Daylights,318053,0.08834805555555555,5.300883333333333,11,1,0.692,0.611,0.388,5.38e-05,0.113,-7.626,0.0253,89.914,0.244,False
1085,The Living Daylights One Piano,One Piano,The Living Daylights,195839,0.054399722222222224,3.2639833333333335,9,2,,,,,,,,,,False
1086,The Living Daylights a-ha,a-ha,The Living Daylights,803376,0.22316,13.3896,6,1,0.114,0.695,0.78,0.000971,0.0785,-7.906,0.0267,120.255,0.833,False
1087,The Long Song Murray Gold,Murray Gold,The Long Song,218667,0.060740833333333334,3.64445,9,1,,,,,,,,,,False
1088,The Long and Winding Road (Instrumental Piano) Matchstick Piano Man,Matchstick Piano Man,The Long and Winding Road (Instrumental Piano),197565,0.054879166666666666,3.29275,19,2,0.996,0.63,0.0537,0.969,0.121,-22.52,0.0836,72.45,0.236,False
1089,The Lord of the Rings Main Theme - Piano Version Patrik Pietschmann,Patrik Pietschmann,The Lord of the Rings Main Theme - Piano Version,245607,0.06822416666666667,4.09345,5,1,0.986,0.595,0.11,0.905,0.0926,-20.867,0.0396,79.992,0.105,True
1090,The Machine Low Roar,Low Roar,The Machine,674687,0.18741305555555554,11.244783333333334,15,1,0.822,0.432,0.33,0.293,0.152,-16.483,0.0434,135.034,0.17,False
1091,The Mad Man With A Box Murray Gold,Murray Gold,The Mad Man With A Box,131467,0.03651861111111111,2.191116666666667,12,2,,,,,,,,,,False
1092,The Man Comes Around Johnny Cash,Johnny Cash,The Man Comes Around,277486,0.07707944444444445,4.624766666666667,6,1,0.52,0.635,0.584,0.0951,0.962,-7.912,0.144,97.067,0.753,False
1093,The Man Who Sold The World - Live Nirvana,Nirvana,The Man Who Sold The World - Live,261093,0.07252583333333333,4.35155,7,3,0.425,0.483,0.753,0.000142,0.257,-8.937,0.0832,115.102,0.42,False
1094,The Problems of Your Future David Arnold,David Arnold,The Problems of Your Future,998040,0.27723333333333333,16.634,8,1,,,,,,,,,,False
1095,The Rains Of Castomere The National,The National,The Rains Of Castomere,288506,0.08014055555555556,4.808433333333333,9,1,0.637,0.416,0.096,0.135,0.123,-23.069,0.0331,94.685,0.204,False
1096,The Rains of Castamere - Remastered 2022 Malukah,Malukah,The Rains of Castamere - Remastered 2022,273067,0.07585194444444444,4.551116666666667,11,1,0.958,0.496,0.102,1.7e-06,0.11,-11.681,0.0338,99.309,0.236,False
1097,The Reacher - Naissance des cendres Lorien Testard,Lorien Testard,The Reacher - Naissance des cendres,146000,0.04055555555555555,2.433333333333333,8,1,0.812,0.276,0.292,0.255,0.114,-15.268,0.0343,134.818,0.25,False
1098,The Reacher - Vers le Sommet Lorien Testard,Lorien Testard,The Reacher - Vers le Sommet,106393,0.02955361111111111,1.7732166666666667,11,1,0.743,0.521,0.479,0.907,0.111,-15.92,0.0266,139.999,0.521,False
1099,The Reason (Piano Version) Riyandi Kusuma,Riyandi Kusuma,The Reason (Piano Version),226645,0.06295694444444444,3.777416666666667,12,2,0.967,0.446,0.249,0.892,0.0972,-18.791,0.0379,82.458,0.0453,False
1100,The Reason Hoobastank,Hoobastank,The Reason,699427,0.19428527777777777,11.657116666666667,7,2,0.199,0.561,0.595,6.47e-05,0.132,-4.53,0.0274,104.006,0.144,False
1101,The Reynolds Pamphlet Original Broadway Cast of Hamilton,Original Broadway Cast of Hamilton,The Reynolds Pamphlet,256942,0.07137277777777777,4.282366666666666,10,3,0.0277,0.751,0.573,0.0,0.129,-8.539,0.226,141.999,0.538,False
1102,The Room Where It Happens Leslie Odom Jr.,Leslie Odom Jr.,The Room Where It Happens,636430,0.17678611111111112,10.607166666666666,12,3,0.271,0.638,0.49,0.0,0.664,-9.382,0.426,173.552,0.511,False
1103,The Sad Man With A Box Murray Gold,Murray Gold,The Sad Man With A Box,198387,0.0551075,3.30645,7,2,,,,,,,,,,False
1104,The Schuyler Sisters Renée Elise Goldsberry,Renée Elise Goldsberry,The Schuyler Sisters,559629,0.1554525,9.32715,11,3,0.187,0.74,0.727,0.0,0.627,-6.253,0.278,101.409,0.792,False
1105,The Scientist Coldplay,Coldplay,The Scientist,619200,0.172,10.32,7,2,0.731,0.557,0.442,1.46e-05,0.11,-7.224,0.0243,146.277,0.213,False
1106,The Sewers Sasha Baron Cohen,Sasha Baron Cohen,The Sewers,18063,0.0050175,0.30105,6,1,0.564,0.312,0.265,0.000789,0.19,-11.854,0.0373,169.232,0.174,True
1107,"The Shepherd's Boy (From ""Doctor Who"") [Electric Guitar Version] Borna Matosic",Borna Matosic,"The Shepherd's Boy (From ""Doctor Who"") [Electric Guitar Version]",287081,0.07974472222222222,4.784683333333334,15,3,0.237,0.2,0.347,0.812,0.338,-11.95,0.0348,82.263,0.0396,False
1108,The Shepherd's Boy Murray Gold,Murray Gold,The Shepherd's Boy,580671,0.1612975,9.677850000000001,17,1,,,,,,,,,,False
1109,The Sixth Station Joe Hisaishi,Joe Hisaishi,The Sixth Station,437330,0.12148055555555556,7.288833333333333,11,1,0.879,0.304,0.0463,0.803,0.0923,-25.773,0.0353,77.936,0.0392,False
1110,The Sound of Silence - Acoustic Version Simon & Garfunkel,Simon & Garfunkel,The Sound of Silence - Acoustic Version,664289,0.18452472222222221,11.071483333333333,16,1,0.837,0.525,0.216,0.0,0.107,-13.551,0.0301,106.761,0.328,False
1111,The Spy and the Liar (String Orchestra Mix) Jared Emerson-Johnson,Jared Emerson-Johnson,The Spy and the Liar (String Orchestra Mix),11201,0.003111388888888889,0.18668333333333334,6,3,0.199,0.242,0.275,0.92,0.13,-12.566,0.0374,118.927,0.249,True
1112,The Spy and the Liar Jared Emerson-Johnson,Jared Emerson-Johnson,The Spy and the Liar,10839,0.0030108333333333332,0.18065,6,2,0.455,0.154,0.43,0.0,0.174,-12.583,0.0358,80.167,0.283,True
1113,The Story of Tonight - Reprise Okieriete Onaodowan,Okieriete Onaodowan,The Story of Tonight - Reprise,347640,0.09656666666666668,5.7940000000000005,11,3,0.68,0.724,0.305,0.0,0.128,-12.763,0.257,81.874,0.594,False
1114,The Story of Tonight Lin-Manuel Miranda,Lin-Manuel Miranda,The Story of Tonight,275943,0.07665083333333333,4.59905,6,3,0.835,0.494,0.237,0.0,0.648,-10.579,0.0517,95.219,0.625,False
1115,"The Temple - From ""Jesus Christ Superstar"" Soundtrack Ted Neeley",Ted Neeley,"The Temple - From ""Jesus Christ Superstar"" Soundtrack",1344268,0.3734077777777778,22.404466666666668,11,1,0.417,0.329,0.6,0.0178,0.0793,-11.273,0.0736,102.448,0.353,False
1116,The Unforgiven - Remastered 2021 Metallica,Metallica,The Unforgiven - Remastered 2021,6200,0.0017222222222222222,0.10333333333333333,6,3,0.0179,0.526,0.579,0.00861,0.216,-9.489,0.0257,139.496,0.211,True
1117,The Unforgiven III Metallica,Metallica,The Unforgiven III,8469,0.0023525,0.14115,15,2,0.00196,0.297,0.692,3.75e-06,0.115,-5.625,0.0344,121.52,0.103,True
1118,"The Winner Takes It All - From ""Mamma Mia!"" Meryl Streep",Meryl Streep,"The Winner Takes It All - From ""Mamma Mia!""",325143,0.0903175,5.41905,6,2,0.67,0.278,0.373,0.0,0.105,-8.077,0.0327,82.69,0.264,False
1119,The Winner Takes It All The Northern Lights Quintet,The Northern Lights Quintet,The Winner Takes It All,341083,0.09474527777777778,5.684716666666667,11,1,0.895,0.395,0.232,1.57e-05,0.254,-13.059,0.0298,89.132,0.137,False
1120,The Witcher: Toss A Coin To Your Witcher Esther Abrami,Esther Abrami,The Witcher: Toss A Coin To Your Witcher,168042,0.046678333333333336,2.8007,9,1,0.886,0.281,0.254,0.0395,0.155,-14.256,0.0383,104.777,0.115,False
1121,The Woman - Series 2 The Meridian Studio Ensemble,The Meridian Studio Ensemble,The Woman - Series 2,154025,0.042784722222222224,2.567083333333333,8,2,0.845,0.347,0.0466,0.926,0.104,-24.043,0.0332,121.899,0.142,False
1122,The Woman David Arnold,David Arnold,The Woman,151493,0.04208138888888889,2.5248833333333334,8,2,,,,,,,,,,False
1123,"The World Is Not Enough - From ""The World Is Not Enough"" Royal Philharmonic Orchestra",Royal Philharmonic Orchestra,"The World Is Not Enough - From ""The World Is Not Enough""",357648,0.09934666666666667,5.9608,8,3,,,,,,,,,,False
1124,The World Is Not Enough Mister Bond,Mister Bond,The World Is Not Enough,245533,0.06820361111111112,4.092216666666666,12,1,0.933,0.283,0.361,0.000381,0.108,-6.957,0.0299,140.51,0.224,False
1125,The World Was Wide Enough Leslie Odom Jr.,Leslie Odom Jr.,The World Was Wide Enough,604382,0.1678838888888889,10.073033333333333,10,3,0.467,0.653,0.351,0.0,0.107,-12.776,0.648,116.6,0.307,False
1126,The World is Not Enough One Piano,One Piano,The World is Not Enough,20411,0.005669722222222223,0.34018333333333334,6,2,,,,,,,,,,True
1127,"Theme (from ""Spider Man"") [Original Television Series] Michael Giacchino",Michael Giacchino,"Theme (from ""Spider Man"") [Original Television Series]",5473,0.0015202777777777777,0.09121666666666667,11,3,0.03,0.395,0.718,0.82,0.206,-9.285,0.0505,81.242,0.117,True
1128,"Theme - From ""Eternal Sunshine of the Spotless Mind""/Score Jon Brion",Jon Brion,"Theme - From ""Eternal Sunshine of the Spotless Mind""/Score",2307,0.0006408333333333333,0.03845,15,1,0.974,0.567,0.0437,0.943,0.111,-22.912,0.0369,104.024,0.191,True
1129,Theme From Schindler's List John Williams,John Williams,Theme From Schindler's List,1540646,0.4279572222222222,25.677433333333333,15,1,0.859,0.142,0.113,0.838,0.107,-25.362,0.0415,98.575,0.0697,False
1130,"Theme Variation - Piano, Orchestra, 808 Nicholas Britell",Nicholas Britell,"Theme Variation - Piano, Orchestra, 808",11337,0.003149166666666667,0.18895,6,2,0.674,0.317,0.287,0.927,0.128,-13.928,0.0406,142.08,0.0382,True
1131,"Then We Are Decided - From ""Jesus Christ Superstar"" Soundtrack Bob Bingham",Bob Bingham,"Then We Are Decided - From ""Jesus Christ Superstar"" Soundtrack",153733,0.04270361111111111,2.5622166666666666,18,3,0.728,0.524,0.709,0.00809,0.0674,-11.774,0.589,85.644,0.172,False
1132,This I Love Guns N' Roses,Guns N' Roses,This I Love,28252,0.007847777777777778,0.47086666666666666,6,2,0.603,0.263,0.442,2.99e-06,0.106,-8.279,0.0309,92.179,0.133,True
1133,This Is Halloween The Citizens of Halloween,The Citizens of Halloween,This Is Halloween,991837,0.27551027777777776,16.530616666666667,10,3,,,,,,,,,,False
1134,"This Jesus Must Die - From ""Jesus Christ Superstar"" Soundtrack Bob Bingham",Bob Bingham,"This Jesus Must Die - From ""Jesus Christ Superstar"" Soundtrack",469355,0.1303763888888889,7.822583333333333,6,3,0.628,0.439,0.48,0.0,0.102,-11.877,0.139,138.115,0.455,False
1135,This Jesus Must Die - Remastered 2005 Andrew Lloyd Webber,Andrew Lloyd Webber,This Jesus Must Die - Remastered 2005,215733,0.05992583333333333,3.59555,8,1,,,,,,,,,,False
1136,This Land Hans Zimmer,Hans Zimmer,This Land,371789,0.10327472222222223,6.196483333333333,11,3,0.433,0.152,0.129,0.647,0.171,-22.61,0.0404,99.042,0.136,False
1137,"This Time There's Three of Us (The Majestic Tale) [From ""Doctor Who - The Day of The Doctor""] Murray Gold",Murray Gold,"This Time There's Three of Us (The Majestic Tale) [From ""Doctor Who - The Day of The Doctor""]",423320,0.1175888888888889,7.0553333333333335,9,3,,,,,,,,,,False
1138,Thriller Scott Bradlee's Postmodern Jukebox,Scott Bradlee's Postmodern Jukebox,Thriller,11250,0.003125,0.1875,15,2,0.68,0.569,0.791,0.0,0.623,-4.81,0.0948,117.344,0.753,True
1139,Through the Valley Ashley Johnson,Ashley Johnson,Through the Valley,29007,0.0080575,0.48345,8,1,0.948,0.588,0.0645,3.04e-06,0.116,-15.563,0.0555,59.327,0.34,True
1140,Thunderball One Piano,One Piano,Thunderball,591,0.00016416666666666665,0.00985,14,1,0.978,0.648,0.37,0.938,0.176,-8.028,0.0303,92.944,0.151,True
1141,Ticket to Ride (Instrumental Piano) Matchstick Piano Man,Matchstick Piano Man,Ticket to Ride (Instrumental Piano),218293,0.060636944444444445,3.6382166666666667,15,2,0.994,0.527,0.0296,0.968,0.123,-23.159,0.0512,68.979,0.158,False
1142,Til Kingdom Come Coldplay,Coldplay,Til Kingdom Come,752004,0.20889,12.5334,8,1,0.61,0.607,0.395,0.00768,0.33,-9.593,0.0287,115.068,0.274,False
1143,"Time (From ""Inception"") [Remake] - Piano Version Patrik Pietschmann",Patrik Pietschmann,"Time (From ""Inception"") [Remake] - Piano Version",252264,0.07007333333333333,4.2044,10,2,0.982,0.523,0.136,0.939,0.0737,-20.607,0.047,139.977,0.0384,False
1144,Time Hans Zimmer,Hans Zimmer,Time,279118,0.07753277777777778,4.651966666666667,15,1,0.178,0.286,0.0968,0.696,0.0861,-16.806,0.0323,62.881,0.0395,False
1145,Time in a Bottle Gabriella Quevedo,Gabriella Quevedo,Time in a Bottle,164071,0.04557527777777778,2.7345166666666665,7,3,0.896,0.617,0.295,0.905,0.136,-12.275,0.049,130.917,0.339,False
1146,Time in a Bottle Jim Croce,Jim Croce,Time in a Bottle,447865,0.12440694444444444,7.464416666666666,8,1,0.888,0.533,0.155,0.0,0.108,-16.837,0.0376,134.019,0.592,False
1147,Today 4 U Jesse L. Martin,Jesse L. Martin,Today 4 U,15997,0.004443611111111111,0.2666166666666666,6,2,0.043,0.724,0.94,4.27e-05,0.142,-3.155,0.0507,132.006,0.684,True
1148,Todo Estará en Paz Camilo Sesto,Camilo Sesto,Todo Estará en Paz,268000,0.07444444444444444,4.466666666666667,16,3,0.578,0.523,0.483,0.0,0.812,-10.509,0.038,135.173,0.667,False
1149,Todo Ha Sido un Sueño Camilo Sesto,Camilo Sesto,Todo Ha Sido un Sueño,156000,0.043333333333333335,2.6,17,3,0.682,0.532,0.231,0.0,0.288,-15.73,0.0291,140.112,0.525,False
1150,"Tomorrow Never Dies - From ""Tomorrow Never Dies"" Royal Philharmonic Orchestra",Royal Philharmonic Orchestra,"Tomorrow Never Dies - From ""Tomorrow Never Dies""",16378,0.0045494444444444445,0.2729666666666667,6,1,,,,,,,,,,True
1151,Tomorrow Never Dies Mister Bond,Mister Bond,Tomorrow Never Dies,219680,0.06102222222222222,3.6613333333333333,11,1,0.518,0.8,0.635,7.48e-05,0.0984,-5.486,0.0284,115.995,0.676,False
1152,Tomorrow Never Dies One Piano,One Piano,Tomorrow Never Dies,192685,0.05352361111111111,3.2114166666666666,15,3,,,,,,,,,,False
1153,Too Much Love Will Kill You - Remastered 2011 Queen,Queen,Too Much Love Will Kill You - Remastered 2011,261387,0.0726075,4.356450000000001,7,2,0.58,0.385,0.395,6.31e-05,0.159,-7.602,0.0313,72.933,0.21,False
1154,Toss a Coin to Your Witcher - Piano Version Patrik Pietschmann,Patrik Pietschmann,Toss a Coin to Your Witcher - Piano Version,43881,0.012189166666666666,0.73135,6,1,0.977,0.62,0.259,0.829,0.131,-17.96,0.0433,104.9,0.116,False
1155,Toss a Coin to Your Witcher Barbie Sailers,Barbie Sailers,Toss a Coin to Your Witcher,160446,0.044568333333333335,2.6741,16,2,0.0538,0.562,0.656,9.93e-05,0.111,-7.636,0.0316,104.861,0.339,False
1156,Tot és part de ser un pirata El Pony Pisador,El Pony Pisador,Tot és part de ser un pirata,440206,0.12227944444444444,7.336766666666667,16,3,,,,,,,,,,False
1157,Tothom es separa Els Amics De Les Arts,Els Amics De Les Arts,Tothom es separa,198949,0.05526361111111111,3.3158166666666666,6,3,,,,,,,,,,False
1158,Tots Els Homes D'Escòcia Els Amics De Les Arts,Els Amics De Les Arts,Tots Els Homes D'Escòcia,271160,0.07532222222222222,4.519333333333333,9,1,0.917,0.512,0.279,1.98e-05,0.131,-11.31,0.037,124.342,0.43,False
1159,Tots es motors Antònia Font,Antònia Font,Tots es motors,242533,0.06737027777777778,4.042216666666667,14,1,0.12,0.536,0.827,0.000374,0.309,-8.064,0.0308,108.203,0.598,False
1160,Toxicity System Of A Down,System Of A Down,Toxicity,15096,0.004193333333333334,0.2516,6,3,0.000278,0.417,0.934,0.0015,0.132,-3.908,0.119,127.066,0.287,True
1161,Tren Transsiberià Els Amics De Les Arts,Els Amics De Les Arts,Tren Transsiberià,460549,0.12793027777777777,7.675816666666666,8,1,0.349,0.602,0.72,0.0,0.109,-8.497,0.0586,134.992,0.633,False
1162,Trial Before Pilate (Including the 39 Lashes) - Remastered 2005 ‘Jesus Christ Superstar’ 1996 London Cast,‘Jesus Christ Superstar’ 1996 London Cast,Trial Before Pilate (Including the 39 Lashes) - Remastered 2005,362600,0.10072222222222223,6.043333333333333,9,1,,,,,,,,,,False
1163,"Trial Before Pilate - From ""Jesus Christ Superstar"" Soundtrack Barry Dennen",Barry Dennen,"Trial Before Pilate - From ""Jesus Christ Superstar"" Soundtrack",646944,0.17970666666666668,10.782399999999999,20,3,0.879,0.402,0.654,0.000119,0.114,-9.714,0.633,175.441,0.279,False
1164,Turn The Page Metallica,Metallica,Turn The Page,366467,0.1017963888888889,6.107783333333333,9,1,1.94e-05,0.426,0.813,0.022,0.0937,-3.963,0.0318,149.013,0.228,False
1165,Turning Les Misérables - International Cast,Les Misérables - International Cast,Turning,3607,0.0010019444444444444,0.060116666666666665,6,3,0.96,0.323,0.0335,0.0,0.116,-20.194,0.0501,85.874,0.266,True
1166,Twist and Shout Piano Tribute Players,Piano Tribute Players,Twist and Shout,318400,0.08844444444444445,5.306666666666667,9,2,0.961,0.677,0.374,0.894,0.102,-13.967,0.0818,126.026,0.552,False
1167,Umbrella - Live Scott Bradlee's Postmodern Jukebox,Scott Bradlee's Postmodern Jukebox,Umbrella - Live,205284,0.057023333333333336,3.4214,6,2,0.403,0.473,0.779,0.0,0.685,-9.494,0.302,118.549,0.783,True
1168,Umbrella - Piano Version Scott Bradlee's Postmodern Jukebox,Scott Bradlee's Postmodern Jukebox,Umbrella - Piano Version,154310,0.04286388888888889,2.571833333333333,6,1,0.945,0.518,0.575,0.907,0.151,-7.517,0.0595,117.39,0.954,False
1169,Umbrella More More,More More,Umbrella,258000,0.07166666666666667,4.3,11,1,0.000566,0.34,0.822,0.0,0.0959,-5.054,0.0424,174.088,0.354,False
1170,Umbrella Scott Bradlee's Postmodern Jukebox,Scott Bradlee's Postmodern Jukebox,Umbrella,204594,0.05683166666666667,3.4099,7,2,0.691,0.623,0.842,0.0,0.236,-7.383,0.29,106.735,0.779,True
1171,"Umi O Koete, Yama O Koete Els Amics De Les Arts",Els Amics De Les Arts,"Umi O Koete, Yama O Koete",1353,0.0003758333333333333,0.02255,10,2,0.759,0.567,0.368,1.58e-06,0.254,-13.307,0.0234,95.035,0.331,True
1172,Un 33 Décembre à Paris Lorien Testard,Lorien Testard,Un 33 Décembre à Paris,241466,0.06707388888888889,4.0244333333333335,6,1,0.982,0.488,0.185,0.625,0.138,-16.415,0.0377,119.978,0.171,False
1173,Un Amigo Fiel Rubén Trujillo,Rubén Trujillo,Un Amigo Fiel,16340,0.004538888888888889,0.2723333333333333,11,3,0.626,0.658,0.622,0.0,0.635,-11.253,0.0707,97.771,0.682,True
1174,Un Dia Com un Altre Els Amics De Les Arts,Els Amics De Les Arts,Un Dia Com un Altre,22393,0.006220277777777778,0.37321666666666664,7,1,0.108,0.351,0.32,0.000456,0.0796,-10.546,0.0354,183.521,0.237,True
1175,Un Genio Genial Josema Yuste,Josema Yuste,Un Genio Genial,1157921,0.3216447222222222,19.298683333333333,15,3,0.553,0.678,0.629,0.0,0.391,-10.626,0.117,97.983,0.734,False
1176,Un Minut Estroboscòpica Antònia Font,Antònia Font,Un Minut Estroboscòpica,12403,0.0034452777777777776,0.20671666666666666,6,1,0.144,0.504,0.531,1.29e-05,0.298,-11.83,0.03,138.12,0.746,True
1177,Un Mundo Ideal Miguel Morant,Miguel Morant,Un Mundo Ideal,645495,0.17930416666666665,10.75825,11,3,0.727,0.224,0.226,0.0,0.106,-12.583,0.0314,171.294,0.335,False
1178,Un mundo ideal David García Llop,David García Llop,Un mundo ideal,353891,0.09830305555555555,5.898183333333333,9,3,0.782,0.353,0.382,0.0,0.163,-8.132,0.0363,122.088,0.108,False
1179,Under Pressure - Remastered 2011 Queen,Queen,Under Pressure - Remastered 2011,332637,0.09239916666666666,5.54395,9,1,0.429,0.671,0.712,0.0,0.103,-7.815,0.0476,113.805,0.462,False
1180,Under the Stars Hans Zimmer,Hans Zimmer,Under the Stars,829751,0.2304863888888889,13.829183333333333,8,3,0.613,0.292,0.162,0.544,0.123,-20.812,0.0414,107.296,0.105,False
1181,Une Vie à T'aimer - Piano Version Laurie Théberge,Laurie Théberge,Une Vie à T'aimer - Piano Version,1612875,0.4480208333333333,26.88125,8,1,,,,,,,,,,False
1182,Une vie à peindre Lorien Testard,Lorien Testard,Une vie à peindre,660052,0.18334777777777778,11.000866666666667,9,1,0.013,0.361,0.766,0.000889,0.0863,-6.318,0.0502,90.034,0.118,False
1183,"Une vie à t'aimer (from ""Clair Obscur: Expedition 33"") Sebastien Skaf",Sebastien Skaf,"Une vie à t'aimer (from ""Clair Obscur: Expedition 33"")",1368196,0.3800544444444444,22.803266666666666,9,1,,,,,,,,,,False
1184,Une vie à t'aimer (from Clair Obscur: Expedition 33) - Piano Version Grim Cat Piano,Grim Cat Piano,Une vie à t'aimer (from Clair Obscur: Expedition 33) - Piano Version,275282,0.07646722222222223,4.588033333333334,9,1,,,,,,,,,,False
1185,Une vie à t'aimer Alicia Dessendre,Alicia Dessendre,Une vie à t'aimer,285992,0.07944222222222222,4.766533333333333,8,1,,,,,,,,,,False
1186,Une vie à t'aimer Lorien Testard,Lorien Testard,Une vie à t'aimer,3758225,1.043951388888889,62.63708333333334,9,1,0.0634,0.16,0.862,3.65e-06,0.366,-4.397,0.288,179.986,0.0652,False
1187,"Une vie à t’aimer (From ""Clair Obscur: Expedition 33"") Jules Allard",Jules Allard,"Une vie à t’aimer (From ""Clair Obscur: Expedition 33"")",257142,0.07142833333333333,4.2857,8,1,,,,,,,,,,False
1188,Unknown Track Unknown Artist,Unknown Artist,Unknown Track,162395,0.045109722222222225,2.706583333333333,10,3,,,,,,,,,,True
1189,Until It Sleeps - Live Metallica,Metallica,Until It Sleeps - Live,279498,0.07763833333333334,4.6583000000000006,5,1,9.23e-06,0.27,0.942,0.000286,0.404,-4.145,0.061,125.098,0.304,False
1190,Up Is Down Hans Zimmer,Hans Zimmer,Up Is Down,973200,0.2703333333333333,16.22,8,3,0.266,0.46,0.423,0.909,0.107,-14.704,0.0528,129.906,0.121,False
1191,Vaig Aprendre Manu Guix,Manu Guix,Vaig Aprendre,361822,0.1005061111111111,6.030366666666667,16,1,,,,,,,,,,True
1192,Vaig Aprendre Original Cast - Bonus Track Manu Guix,Manu Guix,Vaig Aprendre Original Cast - Bonus Track,535959,0.1488775,8.932649999999999,12,2,,,,,,,,,,False
1193,Vale - 2 Murray Gold,Murray Gold,Vale - 2,97373,0.027048055555555554,1.6228833333333332,10,2,,,,,,,,,,False
1194,Vale Decem Murray Gold,Murray Gold,Vale Decem,426486,0.11846833333333334,7.108099999999999,12,2,,,,,,,,,,False
1195,Vale Murray Gold,Murray Gold,Vale,260160,0.07226666666666667,4.336,12,2,,,,,,,,,,False
1196,Valjean's Soliloquy Hugh Jackman,Hugh Jackman,Valjean's Soliloquy,198707,0.05519638888888889,3.3117833333333335,12,2,0.805,0.355,0.269,0.0,0.265,-14.556,0.118,67.663,0.279,False
1197,Venc amb tu Antònia Font,Antònia Font,Venc amb tu,6219,0.0017275,0.10365,6,1,0.0108,0.612,0.587,1.97e-06,0.263,-12.121,0.0383,152.05,0.855,True
1198,"Vesper (From ""Casino Royale"" Soundtrack) David Arnold",David Arnold,"Vesper (From ""Casino Royale"" Soundtrack)",240967,0.06693527777777777,4.016116666666667,6,1,0.886,0.235,0.0546,0.913,0.0711,-23.644,0.0391,63.678,0.071,False
1199,Viru$ OBESES,OBESES,Viru$,251428,0.06984111111111112,4.190466666666667,15,3,0.0849,0.711,0.75,0.000251,0.146,-4.679,0.041,114.979,0.719,False
1200,Vitamina sol Antònia Font,Antònia Font,Vitamina sol,159933,0.04442583333333333,2.66555,9,3,0.794,0.274,0.431,8.09e-06,0.416,-9.385,0.0415,190.238,0.637,False
1201,Viure Sense Tu Antònia Font,Antònia Font,Viure Sense Tu,31558,0.008766111111111112,0.5259666666666667,6,1,0.0771,0.565,0.534,0.0273,0.1,-12.05,0.0486,137.825,0.722,True
1202,Voilà Barbara Pravi,Barbara Pravi,Voilà,127370,0.035380555555555554,2.1228333333333333,10,1,0.773,0.447,0.337,0.0,0.298,-8.665,0.0631,135.379,0.603,False
1203,Vol Volar (Let It Go from Frozen) [Versió en Català] - Bonus Track Moisés Nieto,Moisés Nieto,Vol Volar (Let It Go from Frozen) [Versió en Català] - Bonus Track,639957,0.17776583333333332,10.66595,9,3,,,,,,,,,,False
1204,"Volaras, Volaras, Volaras Chorus - Peter Pan",Chorus - Peter Pan,"Volaras, Volaras, Volaras",786468,0.21846333333333331,13.1078,10,3,0.978,0.493,0.293,0.0,0.169,-11.908,0.265,58.646,0.64,False
1205,Volveran las Oscuras Golondrinas Sergi Pérez,Sergi Pérez,Volveran las Oscuras Golondrinas,65378,0.018160555555555555,1.0896333333333332,6,3,,,,,,,,,,False
1206,Vos estim a tots igual Antònia Font,Antònia Font,Vos estim a tots igual,10692,0.00297,0.1782,5,3,0.0769,0.595,0.672,0.0118,0.42,-6.758,0.0304,82.496,0.78,True
1207,Voulez-Vous - From 'Mamma Mia!' Original Motion Picture Soundtrack Cast of Mamma Mia! The Movie,Cast of Mamma Mia! The Movie,Voulez-Vous - From 'Mamma Mia!' Original Motion Picture Soundtrack,21905,0.006084722222222222,0.3650833333333333,6,1,0.0152,0.701,0.889,0.0131,0.148,-4.776,0.0362,126.986,0.789,True
1208,Voy a Hacer Todo un Hombre de Tí Pablo Perea,Pablo Perea,Voy a Hacer Todo un Hombre de Tí,673213,0.18700361111111113,11.220216666666666,9,3,0.417,0.709,0.412,4.23e-06,0.0767,-12.406,0.0375,113.93,0.424,False
1209,Véns a Fer un Ninot de Neu amb Mi? (From Frozen) [Versió en Català] Moisés Nieto,Moisés Nieto,Véns a Fer un Ninot de Neu amb Mi? (From Frozen) [Versió en Català],337287,0.09369083333333332,5.62145,8,3,,,,,,,,,,False
1210,Wa Yeah! Antònia Font,Antònia Font,Wa Yeah!,15390,0.004275,0.2565,6,3,0.315,0.774,0.841,0.00167,0.292,-6.026,0.0308,133.984,0.963,True
1211,Wait for It Leslie Odom Jr.,Leslie Odom Jr.,Wait for It,581250,0.16145833333333334,9.6875,11,3,0.124,0.543,0.473,4.04e-06,0.0922,-9.638,0.157,86.534,0.519,False
1212,Waiting (10 Years) Low Roar,Low Roar,Waiting (10 Years),259671,0.07213083333333334,4.32785,6,2,0.641,0.587,0.489,0.254,0.115,-12.757,0.0922,155.039,0.228,False
1213,Wake Me up When September Ends Green Day,Green Day,Wake Me up When September Ends,385303,0.10702861111111112,6.421716666666667,16,2,0.023,0.546,0.814,0.0,0.0972,-5.146,0.0314,104.98,0.146,False
1214,War Hans Zimmer,Hans Zimmer,War,87950,0.024430555555555556,1.4658333333333333,9,3,0.89,0.0753,0.163,0.936,0.115,-17.328,0.0402,76.405,0.0395,False
1215,Washington on Your Side Leslie Odom Jr.,Leslie Odom Jr.,Washington on Your Side,362956,0.10082111111111111,6.049266666666667,12,3,0.165,0.884,0.521,0.0,0.0756,-10.216,0.348,134.051,0.425,False
1216,Wasteland (from the series Arcane League of Legends) Arcane,Arcane,Wasteland (from the series Arcane League of Legends),185493,0.05152583333333333,3.0915500000000002,7,2,0.83,0.428,0.323,4.93e-05,0.113,-10.216,0.0312,139.169,0.189,False
1217,"Waystar Royco Corporate Identity - ""Feel It!"" Nicholas Britell",Nicholas Britell,"Waystar Royco Corporate Identity - ""Feel It!""",44160,0.012266666666666667,0.736,16,3,0.769,0.216,0.312,0.731,0.0716,-22.235,0.0929,199.784,0.0343,False
1218,We Can Work It Out Piano Tribute Players,Piano Tribute Players,We Can Work It Out,29905,0.008306944444444445,0.4984166666666667,15,2,0.972,0.552,0.322,0.925,0.167,-15.089,0.0407,104.003,0.418,True
1219,We Don't Talk About Bruno Carolina Gaitán - La Gaita,Carolina Gaitán - La Gaita,We Don't Talk About Bruno,864480,0.24013333333333334,14.408,8,3,0.357,0.577,0.45,0.0,0.111,-8.516,0.0834,205.863,0.83,False
1220,We Know Lin-Manuel Miranda,Lin-Manuel Miranda,We Know,284088,0.07891333333333334,4.7348,10,3,,,,,,,,,,False
1221,Wellerman - Sea Shanty Nathan Evans,Nathan Evans,Wellerman - Sea Shanty,155333,0.04314805555555556,2.5888833333333334,9,1,0.614,0.675,0.359,0.0,0.137,-5.157,0.108,191.903,0.792,False
1222,Wellerman El Pony Pisador,El Pony Pisador,Wellerman,231025,0.06417361111111111,3.850416666666667,16,3,0.207,0.658,0.686,0.0,0.0788,-8.812,0.0277,105.098,0.808,False
1223,What Comes Next? Jonathan Groff,Jonathan Groff,What Comes Next?,198686,0.055190555555555555,3.3114333333333335,11,3,0.603,0.515,0.302,0.0,0.199,-10.882,0.079,114.972,0.277,False
1224,What I Am (Remastered) - Live Edie Brickell,Edie Brickell,What I Am (Remastered) - Live,11207,0.0031130555555555555,0.18678333333333333,6,3,0.772,0.544,0.817,0.0149,0.615,-5.207,0.0814,93.606,0.436,True
1225,What I Am Edie Brickell & New Bohemians,Edie Brickell & New Bohemians,What I Am,296360,0.08232222222222223,4.939333333333333,8,3,0.624,0.619,0.677,6.46e-05,0.0589,-11.728,0.0746,177.873,0.571,False
1226,What You Own One Piano,One Piano,What You Own,325470,0.09040833333333334,5.424499999999999,15,2,0.819,0.573,0.309,0.851,0.118,-16.916,0.0468,133.953,0.208,False
1227,What'd I Miss Daveed Diggs,Daveed Diggs,What'd I Miss,473402,0.13150055555555556,7.890033333333333,12,3,0.169,0.539,0.577,0.0,0.14,-7.763,0.386,177.787,0.319,False
1228,"What's The Buzz - From ""Jesus Christ Superstar"" Soundtrack Ted Neeley",Ted Neeley,"What's The Buzz - From ""Jesus Christ Superstar"" Soundtrack",155467,0.04318527777777778,2.5911166666666667,18,3,0.52,0.556,0.749,0.0,0.0992,-9.258,0.0901,113.384,0.831,False
1229,What's This? Danny Elfman,Danny Elfman,What's This?,927200,0.25755555555555554,15.453333333333333,7,3,,,,,,,,,,False
1230,"What's the Buzz? / Strange Thing, Mystifying (Medley) - Remastered 2005 ‘Jesus Christ Superstar’ 1996 London Cast",‘Jesus Christ Superstar’ 1996 London Cast,"What's the Buzz? / Strange Thing, Mystifying (Medley) - Remastered 2005",22550,0.006263888888888889,0.37583333333333335,9,1,,,,,,,,,,True
1231,When All Is Said And Done - From 'Mamma Mia!' Original Motion Picture Soundtrack Pierce Brosnan,Pierce Brosnan,When All Is Said And Done - From 'Mamma Mia!' Original Motion Picture Soundtrack,13971,0.0038808333333333334,0.23285,17,2,0.547,0.603,0.444,0.000886,0.192,-9.713,0.0266,115.989,0.339,True
1232,When I Am Older Josh Gad,Josh Gad,When I Am Older,782624,0.21739555555555556,13.043733333333332,8,3,0.708,0.754,0.326,0.0,0.103,-7.001,0.243,117.004,0.435,False
1233,When I'm 64 Jean Philippe Colange,Jean Philippe Colange,When I'm 64,147693,0.04102583333333333,2.46155,7,2,0.928,0.618,0.365,0.845,0.259,-9.602,0.0448,129.424,0.593,False
1234,When September Ends Violet Orlandi,Violet Orlandi,When September Ends,213818,0.05939388888888889,3.563633333333333,10,1,,,,,,,,,,False
1235,Where Has Every Body Gone - 1992 Remaster Pretenders,Pretenders,Where Has Every Body Gone - 1992 Remaster,459054,0.12751500000000002,7.6509,6,1,0.29,0.656,0.663,0.282,0.167,-10.278,0.0335,119.962,0.433,False
1236,Wherever I May Roam - Remastered 2021 Metallica,Metallica,Wherever I May Roam - Remastered 2021,236389,0.06566361111111112,3.9398166666666667,6,2,0.000617,0.537,0.831,0.000571,0.117,-7.467,0.0364,131.384,0.351,True
1237,While My Guitar Gently Weeps - Acoustic Version - Take 1 - Remastered The Beatles,The Beatles,While My Guitar Gently Weeps - Acoustic Version - Take 1 - Remastered,207360,0.0576,3.456,17,1,,,,,,,,,,False
1238,While My Guitar Gently Weeps - Acoustic Version - Take 1 The Beatles,The Beatles,While My Guitar Gently Weeps - Acoustic Version - Take 1,661722,0.18381166666666668,11.0287,8,2,0.863,0.592,0.0871,4.84e-06,0.0636,-17.016,0.0382,122.708,0.211,False
1239,While My Guitar Gently Weeps Martin Luther McCoy,Martin Luther McCoy,While My Guitar Gently Weeps,486694,0.13519277777777777,8.111566666666665,9,1,0.384,0.405,0.354,5.1e-06,0.0888,-10.605,0.0308,110.078,0.19,False
1240,While My Guitar Gently Weeps Piano Tribute Players,Piano Tribute Players,While My Guitar Gently Weeps,249880,0.06941111111111112,4.164666666666666,12,2,0.984,0.623,0.264,0.932,0.0969,-15.129,0.0522,112.989,0.306,False
1241,While My Guitar Gently Weeps The Beatles,The Beatles,While My Guitar Gently Weeps,226757,0.06298805555555556,3.7792833333333333,15,3,0.0205,0.453,0.654,0.00395,0.172,-8.855,0.0317,115.0,0.702,False
1242,Whip Jamboree El Pony Pisador,El Pony Pisador,Whip Jamboree,268640,0.07462222222222223,4.477333333333333,16,3,0.0443,0.844,0.393,0.0,0.0862,-9.476,0.0508,116.945,0.616,False
1243,White Queen (As It Began) - Remastered 2011 Queen,Queen,White Queen (As It Began) - Remastered 2011,16331,0.004536388888888889,0.27218333333333333,7,1,0.829,0.241,0.296,3.7e-05,0.133,-12.441,0.0359,153.27,0.173,True
1244,White Room Cream,Cream,White Room,58013,0.016114722222222225,0.9668833333333333,5,1,0.191,0.553,0.576,0.00664,0.0365,-13.458,0.0304,109.827,0.457,False
1245,Who Am I One Piano,One Piano,Who Am I,313949,0.08720805555555555,5.232483333333333,6,1,0.816,0.346,0.17,0.86,0.196,-18.344,0.0592,115.959,0.157,False
1246,"Who Am I? - From ""Les Miserables'' Hugh Jackman",Hugh Jackman,"Who Am I? - From ""Les Miserables''",189643,0.052678611111111114,3.1607166666666666,6,3,0.81,0.374,0.303,0.0,0.192,-13.184,0.0848,77.537,0.182,True
1247,"Who Lives, Who Dies, Who Tells Your Story Original Broadway Cast of Hamilton",Original Broadway Cast of Hamilton,"Who Lives, Who Dies, Who Tells Your Story",435458,0.12096055555555556,7.257633333333334,10,3,0.777,0.353,0.326,0.0,0.0904,-9.687,0.0901,75.5,0.156,False
1248,Who Wants To Live Forever - Remastered 2011 Queen,Queen,Who Wants To Live Forever - Remastered 2011,778407,0.21622416666666666,12.97345,8,1,0.544,0.182,0.388,0.00134,0.114,-8.672,0.0324,139.276,0.0392,False
1249,Who You Really Are David Arnold,David Arnold,Who You Really Are,155773,0.043270277777777776,2.596216666666667,11,2,,,,,,,,,,False
1250,Wild World Yusuf / Cat Stevens,Yusuf / Cat Stevens,Wild World,200560,0.055711111111111114,3.3426666666666667,15,3,0.345,0.48,0.542,0.000609,0.113,-8.51,0.0348,152.853,0.567,False
1251,Will I Aaron Lohr,Aaron Lohr,Will I,166333,0.04620361111111111,2.7722166666666666,9,2,0.457,0.157,0.382,0.0,0.167,-8.875,0.0313,178.017,0.38,False
1252,Will I One Piano,One Piano,Will I,203996,0.05666555555555556,3.3999333333333333,6,1,0.995,0.427,0.0572,0.93,0.0846,-23.374,0.0583,93.823,0.231,True
1253,Will I? - Instrumental Piano Tribute Players,Piano Tribute Players,Will I? - Instrumental,17002,0.004722777777777778,0.28336666666666666,6,1,0.962,0.486,0.0369,0.887,0.0844,-24.019,0.0593,82.158,0.239,True
1254,Wilting Glass Trio,Glass Trio,Wilting,271256,0.0753488888888889,4.520933333333334,11,1,0.932,0.497,0.129,0.892,0.106,-18.951,0.0391,110.534,0.177,False
1255,Winter (A.Vivaldi Rock Live) Laura Lace,Laura Lace,Winter (A.Vivaldi Rock Live),224500,0.06236111111111111,3.7416666666666667,15,1,5.14e-05,0.151,0.843,0.841,0.179,-6.642,0.0781,137.942,0.154,False
1256,Wish You Were Here Pink Floyd,Pink Floyd,Wish You Were Here,86267,0.023963055555555557,1.4377833333333334,6,1,0.735,0.481,0.262,0.0114,0.832,-15.73,0.0414,122.861,0.375,True
1257,With A Little Help From My Friends - 2017 Mix The Beatles,The Beatles,With A Little Help From My Friends - 2017 Mix,5798,0.0016105555555555556,0.09663333333333333,6,2,0.12,0.673,0.639,0.0,0.22,-6.673,0.0274,112.311,0.748,True
1258,With A Little Help From My Friends Joe Anderson,Joe Anderson,With A Little Help From My Friends,201008,0.055835555555555555,3.350133333333333,6,1,0.306,0.473,0.547,0.000296,0.356,-5.802,0.0335,118.049,0.429,False
1259,With a Little Help From My Friends Maestro Di Piano,Maestro Di Piano,With a Little Help From My Friends,172820,0.04800555555555556,2.880333333333333,12,2,0.984,0.409,0.224,0.941,0.181,-14.678,0.0395,110.165,0.154,False
1260,Without You Harry Nilsson,Harry Nilsson,Without You,606735,0.1685375,10.11225,11,1,0.613,0.381,0.186,2.75e-06,0.0694,-15.477,0.029,65.058,0.142,False
1261,Without You One Piano,One Piano,Without You,777353,0.2159313888888889,12.955883333333333,6,2,,,,,,,,,,False
1262,Without You Rosario Dawson,Rosario Dawson,Without You,268597,0.07461027777777778,4.476616666666667,6,1,0.15,0.537,0.585,0.000473,0.106,-6.158,0.0317,124.051,0.12,False
1263,World Map - Of Virtuosity and Heart Lorien Testard,Lorien Testard,World Map - Of Virtuosity and Heart,191000,0.05305555555555556,3.183333333333333,9,1,3.58e-05,0.289,0.841,0.952,0.0961,-7.509,0.0546,149.198,0.177,False
1264,"Writing's On The Wall - From ""Spectre"" Soundtrack Sam Smith",Sam Smith,"Writing's On The Wall - From ""Spectre"" Soundtrack",544528,0.15125777777777777,9.075466666666667,5,2,0.769,0.261,0.302,2.57e-06,0.0863,-8.19,0.0339,81.418,0.0883,False
1265,Writing's on the Wall One Piano,One Piano,Writing's on the Wall,8351,0.002319722222222222,0.13918333333333333,6,2,,,,,,,,,,True
1266,X-Men the Animated Series Theme Nstens1117,Nstens1117,X-Men the Animated Series Theme,17400,0.004833333333333334,0.29000000000000004,6,2,9.54e-06,0.183,0.721,0.973,0.19,-4.698,0.0673,121.113,0.746,True
1267,Yellow Submarine Piano Tribute Players,Piano Tribute Players,Yellow Submarine,133133,0.03698138888888889,2.2188833333333333,8,2,0.978,0.542,0.223,0.898,0.0911,-17.823,0.0735,110.979,0.236,False
1268,"Yesterday - From The Album ""One Man Only"" Himesh Patel",Himesh Patel,"Yesterday - From The Album ""One Man Only""",1111,0.0003086111111111111,0.018516666666666667,14,1,0.805,0.455,0.124,0.00555,0.112,-18.411,0.0325,94.025,0.221,True
1269,Yesterday - Remastered 2009 The Beatles,The Beatles,Yesterday - Remastered 2009,378067,0.1050186111111111,6.301116666666667,10,1,0.879,0.332,0.179,0.0,0.0886,-11.83,0.0326,96.524,0.315,False
1270,Yesterday Felisja Allen,Felisja Allen,Yesterday,178378,0.049549444444444445,2.9729666666666668,8,2,0.971,0.65,0.143,0.903,0.123,-15.637,0.0336,74.0,0.156,False
1271,Yesterday Violet Orlandi,Violet Orlandi,Yesterday,189550,0.05265277777777778,3.1591666666666667,6,1,,,,,,,,,,False
1272,Yo Ho (A Pirate's Life for Me) (Disneyland Paris version) Cast – Disneyland Paris,Cast – Disneyland Paris,Yo Ho (A Pirate's Life for Me) (Disneyland Paris version),269920,0.07497777777777778,4.498666666666667,8,3,0.871,0.655,0.826,5.79e-06,0.371,-10.448,0.784,111.858,0.619,False
1273,Yo Ho (A Pirate's Life for Me) Disney Studio Chorus,Disney Studio Chorus,Yo Ho (A Pirate's Life for Me),806560,0.22404444444444443,13.442666666666666,12,3,0.778,0.548,0.538,0.0,0.198,-11.349,0.51,112.505,0.692,False
1274,Yorktown (The World Turned Upside Down) Original Broadway Cast of Hamilton,Original Broadway Cast of Hamilton,Yorktown (The World Turned Upside Down),485176,0.13477111111111112,8.086266666666667,11,3,0.297,0.76,0.883,0.0,0.727,-5.397,0.25,98.012,0.51,False
1275,"You Know My Name - From ""Casino Royale"" Royal Philharmonic Orchestra",Royal Philharmonic Orchestra,"You Know My Name - From ""Casino Royale""",232720,0.06464444444444445,3.8786666666666667,16,1,,,,,,,,,,False
1276,"You Know My Name - From ""Casino Royale"" Soundtrack Chris Cornell",Chris Cornell,"You Know My Name - From ""Casino Royale"" Soundtrack",8198,0.002277222222222222,0.13663333333333333,6,2,0.0207,0.366,0.869,0.0,0.254,-3.316,0.0387,138.051,0.384,True
1277,You Know You're Right Nirvana,Nirvana,You Know You're Right,454318,0.12619944444444445,7.5719666666666665,8,1,0.0407,0.289,0.716,0.00123,0.135,-6.53,0.106,168.049,0.344,False
1278,"You Only Live Twice - From ""You Only Live Twice"" Royal Philharmonic Orchestra",Royal Philharmonic Orchestra,"You Only Live Twice - From ""You Only Live Twice""",177489,0.0493025,2.9581500000000003,12,1,,,,,,,,,,False
1279,You Only Live Twice One Piano,One Piano,You Only Live Twice,4051,0.0011252777777777778,0.06751666666666667,6,3,0.985,0.558,0.331,0.938,0.12,-8.741,0.0326,87.729,0.199,True
1280,You'll Be Back Jonathan Groff,Jonathan Groff,You'll Be Back,624963,0.17360083333333332,10.41605,11,3,0.39,0.607,0.466,0.0,0.135,-7.562,0.0578,121.741,0.434,False
1281,You'll See Adam Pascal,Adam Pascal,You'll See,7259,0.0020163888888888887,0.12098333333333333,6,2,0.0918,0.508,0.846,0.0,0.397,-5.693,0.0457,110.983,0.529,True
1282,You're The One That I Want - Piano Version Henry Smith,Henry Smith,You're The One That I Want - Piano Version,121334,0.03370388888888889,2.0222333333333333,8,2,0.991,0.493,0.0504,0.826,0.099,-18.244,0.0689,110.532,0.131,False
1283,You're Welcome - Piano Version The Chillest,The Chillest,You're Welcome - Piano Version,168198,0.04672166666666667,2.8033,8,3,0.982,0.647,0.14,0.93,0.115,-16.349,0.036,86.024,0.171,False
1284,You're Welcome Dwayne Johnson,Dwayne Johnson,You're Welcome,327788,0.09105222222222223,5.463133333333333,8,3,,,,,,,,,,False
1285,You're Welcome One Piano,One Piano,You're Welcome,176015,0.04889305555555556,2.9335833333333334,8,3,,,,,,,,,,False
1286,You've Got To Hide Your Love Away - Remastered 2009 The Beatles,The Beatles,You've Got To Hide Your Love Away - Remastered 2009,148093,0.04113694444444444,2.4682166666666667,6,1,0.211,0.399,0.394,0.0,0.102,-9.05,0.0282,184.274,0.382,False
1287,You've Got To Hide Your Love Away Wayne Gratz,Wayne Gratz,You've Got To Hide Your Love Away,212091,0.05891416666666666,3.53485,8,2,0.97,0.29,0.104,0.919,0.109,-18.24,0.0519,150.154,0.186,False
1288,You've Got a Friend in Me Randy Newman,Randy Newman,You've Got a Friend in Me,50700,0.014083333333333333,0.845,11,3,0.82,0.698,0.301,2.16e-06,0.2,-13.063,0.03,115.643,0.474,False
1289,Your Obedient Servant Leslie Odom Jr.,Leslie Odom Jr.,Your Obedient Servant,300128,0.0833688888888889,5.002133333333333,10,3,0.293,0.736,0.37,0.0,0.042,-11.072,0.502,165.908,0.619,False
1290,Your Song - Piano Version Henry Smith,Henry Smith,Your Song - Piano Version,9997,0.0027769444444444443,0.16661666666666666,14,2,0.993,0.445,0.0467,0.929,0.106,-21.057,0.0502,123.427,0.0857,True
1291,Zero To Hero Chorus - Hercules,Chorus - Hercules,Zero To Hero,288366,0.08010166666666667,4.806100000000001,11,3,0.467,0.475,0.835,0.0,0.377,-7.734,0.277,164.789,0.712,False
1292,Zombie Violet Orlandi,Violet Orlandi,Zombie,3725,0.0010347222222222222,0.06208333333333333,6,3,,,,,,,,,,True
1293,Zoom Antònia Font,Antònia Font,Zoom,33704,0.009362222222222223,0.5617333333333334,6,1,0.377,0.547,0.413,0.0734,0.168,-12.022,0.0327,166.973,0.801,True
1294,Zurg's Planet Randy Newman,Randy Newman,Zurg's Planet,38085,0.010579166666666667,0.63475,11,3,0.791,0.266,0.36,0.95,0.0683,-11.271,0.0437,136.261,0.0594,False
1295,autumn leaves (jazzy piano instrumental) Chilled Pig,Chilled Pig,autumn leaves (jazzy piano instrumental),91083,0.025300833333333335,1.51805,16,1,0.992,0.334,0.0191,0.927,0.0997,-28.653,0.0395,61.28,0.125,False
1296,bad guy Violet Orlandi,Violet Orlandi,bad guy,1742,0.0004838888888888889,0.029033333333333335,18,1,,,,,,,,,,True
1297,bad guy Vitamin String Quartet,Vitamin String Quartet,bad guy,42474,0.011798333333333334,0.7079,6,3,0.914,0.7,0.328,0.0362,0.0941,-9.981,0.146,135.058,0.648,True
1298,detached Paula Milara,Paula Milara,detached,149125,0.04142361111111111,2.4854166666666666,10,1,,,,,,,,,,False
1299,hotline (edit) Billie Eilish,Billie Eilish,hotline (edit),254475,0.0706875,4.24125,6,2,0.816,0.516,0.254,0.855,0.189,-16.027,0.0589,56.829,0.304,False
1300,i've got a crush on you Hunter Paige,Hunter Paige,i've got a crush on you,31676,0.008798888888888889,0.5279333333333334,11,1,0.928,0.582,0.123,0.589,0.121,-16.208,0.0364,106.559,0.0795,False
1301,"¡Qué Festín! - de ""La Bella y La Bestia""/Banda Sonora Original Miguel Ángel Jenner",Miguel Ángel Jenner,"¡Qué Festín! - de ""La Bella y La Bestia""/Banda Sonora Original",667719,0.1854775,11.12865,12,3,0.757,0.501,0.329,0.0,0.168,-16.066,0.135,125.071,0.553,False
1302,"“Sorry, Pinky” Nicholas Britell",Nicholas Britell,"“Sorry, Pinky”",118061,0.032794722222222225,1.9676833333333332,6,3,0.904,0.0715,0.00207,0.914,0.108,-34.438,0.0467,79.589,0.0321,False
1303,“Tuscany” Suite for Piano and Orchestra Nicholas Britell,Nicholas Britell,“Tuscany” Suite for Piano and Orchestra,123654,0.034348333333333335,2.0609,20,2,0.776,0.438,0.221,0.68,0.0886,-15.551,0.0349,120.831,0.0889,False
1304,哀と悲 MUSASHI PROJECT,MUSASHI PROJECT,哀と悲,187857,0.0521825,3.13095,11,1,0.743,0.28,0.183,0.525,0.173,-14.359,0.0361,119.685,0.0395,True
1305,月光 Shion Miyawaki,Shion Miyawaki,月光,587066,0.16307388888888888,9.784433333333334,7,2,0.962,0.516,0.258,7.58e-06,0.0959,-7.627,0.0273,75.051,0.237,False
1306,这样很好 (Isha's Song) (from the series Arcane League of Legends) Arcane,Arcane,这样很好 (Isha's Song) (from the series Arcane League of Legends),35130,0.009758333333333334,0.5855,10,2,0.236,0.456,0.524,1.42e-06,0.107,-7.634,0.0298,75.132,0.207,False
