,Unnamed: 0,endTime,artistName,trackName,msPlayed,HoursPlayed,MinutesPlayed,hour,month,day,skipped,month_entropy,query,acousticness,danceability,energy,instrumentalness,liveness,loudness,speechiness,tempo,valence,cluster
0,0,2026-01-01 08:25:00,Els Amics De Les Arts,Tren Transsiberià,27163,0.0075452777777777,0.4527166666666666,8,1,Thursday,True,2026-01,Tren Transsiberià Els Amics De Les Arts,0.349,0.602,0.72,0.0,0.109,-8.497,0.0586,134.992,0.633,2.0
1,1,2026-01-02 06:00:00,Els Amics De Les Arts,30 Dies Sense Cap Accident,26632,0.0073977777777777,0.4438666666666667,6,1,Friday,True,2026-01,30 Dies Sense Cap Accident Els Amics De Les Arts,0.00284,0.47,0.96,0.0285,0.115,-3.965,0.0843,146.84,0.501,0.0
2,2,2026-01-02 06:10:00,Joe Anderson,"Happiness Is A Warm Gun - From ""Across The Universe"" Soundtrack",14200,0.0039444444444444,0.2366666666666666,6,1,Friday,True,2026-01,"Happiness Is A Warm Gun - From ""Across The Universe"" Soundtrack Joe Anderson",0.146,0.576,0.452,0.00156,0.111,-9.137,0.0417,135.923,0.112,0.0
3,3,2026-01-02 06:15:00,Anna Roig,"Que difícil, dir que no",13423,0.0037286111111111,0.2237166666666666,6,1,Friday,True,2026-01,"Que difícil, dir que no Anna Roig",0.842,0.623,0.313,0.0236,0.144,-14.168,0.0378,145.807,0.267,1.0
4,4,2026-01-02 06:20:00,Els Amics De Les Arts,Monsieur Cousteau - En Directe Al Festival De Cap Roig / 2015,16320,0.0045333333333333,0.272,6,1,Friday,True,2026-01,Monsieur Cousteau - En Directe Al Festival De Cap Roig / 2015 Els Amics De Les Arts,0.0387,0.461,0.642,3.33e-05,0.751,-8.566,0.0346,145.393,0.518,0.0
5,5,2026-01-02 06:30:00,Els Amics De Les Arts,El Matrimoni Arnolfini,15260,0.0042388888888888,0.2543333333333333,6,1,Friday,True,2026-01,El Matrimoni Arnolfini Els Amics De Les Arts,0.117,0.601,0.859,3.09e-06,0.0777,-6.694,0.0784,107.809,0.766,2.0
6,6,2026-01-02 06:40:00,Antònia Font,Armando Rampas (Recital del Robot I L'astronauta I),14933,0.0041480555555555,0.2488833333333333,6,1,Friday,True,2026-01,Armando Rampas (Recital del Robot I L'astronauta I) Antònia Font,0.0996,0.629,0.703,0.0,0.232,-7.244,0.0294,141.911,0.804,2.0
7,7,2026-01-02 07:13:00,Murray Gold,Clara's Diner,22737,0.0063158333333333,0.37895,7,1,Friday,True,2026-01,Clara's Diner Murray Gold,,,,,,,,,,
8,8,2026-01-02 08:32:00,Ashley Johnson,Through the Valley,29007,0.0080575,0.48345,8,1,Friday,True,2026-01,Through the Valley Ashley Johnson,0.948,0.588,0.0645,3.04e-06,0.116,-15.563,0.0555,59.327,0.34,1.0
9,9,2026-01-02 08:37:00,John Williams,"Across the Stars (Love Theme from ""Star Wars: Attack of the Clones"")",331840,0.0921777777777777,5.530666666666667,8,1,Friday,False,2026-01,"Across the Stars (Love Theme from ""Star Wars: Attack of the Clones"") John Williams",,,,,,,,,,
10,10,2026-01-02 08:41:00,Wesley Sprayue,Across the Stars - Piano,210071,0.0583530555555555,3.501183333333333,8,1,Friday,False,2026-01,Across the Stars - Piano Wesley Sprayue,0.993,0.474,0.0211,0.949,0.0754,-24.212,0.0527,79.368,0.183,3.0
11,11,2026-01-02 08:45:00,Patrik Pietschmann,"Across the Stars (From ""Star Wars: Attack of the Clones"") - Piano Version",230928,0.0641466666666666,3.8488,8,1,Friday,False,2026-01,"Across the Stars (From ""Star Wars: Attack of the Clones"") - Piano Version Patrik Pietschmann",0.984,0.627,0.0601,0.894,0.0914,-18.692,0.0488,112.198,0.0766,3.0
12,12,2026-01-02 08:46:00,Kenji Tanaka Piano Versions,Across the Stars,67623,0.0187841666666666,1.12705,8,1,Friday,False,2026-01,Across the Stars Kenji Tanaka Piano Versions,0.995,0.375,0.0194,0.939,0.0963,-28.078,0.0365,68.41,0.139,3.0
13,13,2026-01-02 08:46:00,Eibell,Let Down - Choir,19340,0.0053722222222222,0.3223333333333333,8,1,Friday,True,2026-01,Let Down - Choir Eibell,,,,,,,,,,
14,14,2026-01-02 08:46:00,Gustavo Santaolalla,The Last of Us,1833,0.0005091666666666,0.03055,8,1,Friday,True,2026-01,The Last of Us Gustavo Santaolalla,0.867,0.587,0.467,0.928,0.098,-12.392,0.0306,154.636,0.353,1.0
15,15,2026-01-02 08:47:00,Patrick Doyle,Ma Katherine,69024,0.0191733333333333,1.1504,8,1,Friday,False,2026-01,Ma Katherine Patrick Doyle,0.9,0.145,0.225,0.979,0.101,-18.164,0.0357,102.601,0.0369,3.0
16,16,2026-01-02 08:48:00,John Williams,Theme From Schindler's List,5750,0.0015972222222222,0.0958333333333333,8,1,Friday,True,2026-01,Theme From Schindler's List John Williams,0.859,0.142,0.113,0.838,0.107,-25.362,0.0415,98.575,0.0697,3.0
17,17,2026-01-02 08:55:00,Hans Zimmer,Final Ascent,445400,0.1237222222222222,7.423333333333333,8,1,Friday,False,2026-01,Final Ascent Hans Zimmer,0.159,0.203,0.0935,0.806,0.0883,-15.575,0.0344,41.858,0.0346,3.0
18,18,2026-01-02 08:57:00,Across the Stars,"Across the Stars (from ""Star Wars"")",145857,0.0405158333333333,2.43095,8,1,Friday,False,2026-01,"Across the Stars (from ""Star Wars"") Across the Stars",,,,,,,,,,
19,19,2026-01-02 08:59:00,Frozen Silence,Across the Stars - sleep piano,73785,0.0204958333333333,1.22975,8,1,Friday,False,2026-01,Across the Stars - sleep piano Frozen Silence,0.996,0.515,0.0113,0.937,0.0959,-29.617,0.0696,62.942,0.451,3.0
20,20,2026-01-02 09:04:00,John Williams,Across the Stars,307000,0.0852777777777777,5.116666666666666,9,1,Friday,False,2026-01,Across the Stars John Williams,,,,,,,,,,
21,21,2026-01-02 09:07:00,Samuel Kim,Across the Stars (Love Theme),198318,0.0550883333333333,3.3053,9,1,Friday,False,2026-01,Across the Stars (Love Theme) Samuel Kim,0.915,0.2,0.259,0.906,0.0941,-9.627,0.0369,104.969,0.118,3.0
22,22,2026-01-02 09:13:00,John Williams,"Across the Stars (Love Theme) [From ""Star Wars: Episode II - Attack of the Clones""]",363507,0.1009741666666666,6.05845,9,1,Friday,False,2026-01,"Across the Stars (Love Theme) [From ""Star Wars: Episode II - Attack of the Clones""] John Williams",0.907,0.0881,0.144,0.936,0.116,-18.702,0.0396,76.149,0.0396,3.0
23,23,2026-01-02 09:17:00,Lorien Testard,Lumière - Lumière à l’Aube,232000,0.0644444444444444,3.8666666666666663,9,1,Friday,False,2026-01,Lumière - Lumière à l’Aube Lorien Testard,0.881,0.599,0.136,0.855,0.101,-19.403,0.0435,149.849,0.396,1.0
24,24,2026-01-02 09:22:00,Queen,Who Wants To Live Forever - Remastered 2011,315653,0.0876813888888888,5.260883333333333,9,1,Friday,False,2026-01,Who Wants To Live Forever - Remastered 2011 Queen,0.544,0.182,0.388,0.00134,0.114,-8.672,0.0324,139.276,0.0392,0.0
25,25,2026-01-02 09:25:00,Harry Nilsson,One,138633,0.0385091666666666,2.31055,9,1,Friday,False,2026-01,One Harry Nilsson,0.946,0.455,0.063,0.000131,0.1,-21.191,0.0386,125.333,0.208,3.0
26,26,2026-01-04 09:51:00,The 'Les Misérables 2010' Company,One Day More - Live,33632,0.0093422222222222,0.5605333333333333,9,1,Sunday,False,2026-01,One Day More - Live The 'Les Misérables 2010' Company,0.821,0.265,0.456,0.0,0.741,-8.938,0.0479,81.506,0.122,1.0
27,27,2026-01-05 05:55:00,Nicholas Britell,Allegro in C Minor,36111,0.0100308333333333,0.60185,5,1,Monday,False,2026-01,Allegro in C Minor Nicholas Britell,0.536,0.664,0.519,0.957,0.0814,-8.792,0.0355,140.769,0.04,1.0
28,28,2026-01-05 06:00:00,Els Amics De Les Arts,El Código Da Vinci,18547,0.0051519444444444,0.3091166666666666,6,1,Monday,True,2026-01,El Código Da Vinci Els Amics De Les Arts,0.195,0.558,0.545,1.37e-05,0.152,-9.925,0.0825,83.297,0.693,2.0
29,29,2026-01-05 06:15:00,Lin-Manuel Miranda,My Shot,19992,0.0055533333333333,0.3332,6,1,Monday,True,2026-01,My Shot Lin-Manuel Miranda,,,,,,,,,,
30,30,2026-01-05 06:20:00,John Williams,Anakin's Dark Deeds,41591,0.0115530555555555,0.6931833333333334,6,1,Monday,False,2026-01,Anakin's Dark Deeds John Williams,,,,,,,,,,
31,31,2026-01-05 06:30:00,John Williams,Padmé's Ruminations,17094,0.0047483333333333,0.2849,6,1,Monday,True,2026-01,Padmé's Ruminations John Williams,,,,,,,,,,
32,32,2026-01-05 06:40:00,Larry Saltzman,Miss Thing,28882,0.0080227777777777,0.4813666666666666,6,1,Monday,True,2026-01,Miss Thing Larry Saltzman,0.748,0.588,0.219,0.912,0.113,-12.265,0.0334,120.091,0.453,1.0
33,33,2026-01-05 06:44:00,Malukah,The Rains of Castamere - Remastered 2022,112898,0.0313605555555555,1.8816333333333333,6,1,Monday,False,2026-01,The Rains of Castamere - Remastered 2022 Malukah,0.958,0.496,0.102,1.7e-06,0.11,-11.681,0.0338,99.309,0.236,1.0
34,34,2026-01-05 07:06:00,Royal Philharmonic Orchestra,"Tomorrow Never Dies - From ""Tomorrow Never Dies""",4665,0.0012958333333333,0.07775,7,1,Monday,True,2026-01,"Tomorrow Never Dies - From ""Tomorrow Never Dies"" Royal Philharmonic Orchestra",,,,,,,,,,
35,35,2026-01-05 11:00:00,Malukah,The Rains of Castamere - Remastered 2022,23636,0.0065655555555555,0.3939333333333333,11,1,Monday,True,2026-01,The Rains of Castamere - Remastered 2022 Malukah,0.958,0.496,0.102,1.7e-06,0.11,-11.681,0.0338,99.309,0.236,1.0
36,36,2026-01-05 11:04:00,Michael John Hall,Ground Control To Major Tom,215587,0.0598852777777777,3.5931166666666665,11,1,Monday,False,2026-01,Ground Control To Major Tom Michael John Hall,0.99,0.358,0.0151,0.889,0.122,-27.287,0.0444,74.919,0.0848,3.0
37,37,2026-01-05 11:10:00,Annie Lennox,Into the West,347600,0.0965555555555555,5.793333333333333,11,1,Monday,False,2026-01,Into the West Annie Lennox,0.914,0.312,0.031,8.81e-06,0.0949,-22.035,0.037,92.074,0.0399,3.0
38,38,2026-01-05 11:12:00,James Newton Howard,A Close Friend,111126,0.0308683333333333,1.8521,11,1,Monday,False,2026-01,A Close Friend James Newton Howard,0.976,0.082,0.0158,0.988,0.0855,-33.355,0.0466,170.441,0.0377,3.0
39,39,2026-01-05 11:14:00,The Cinematic Orchestra,Arrival of the Birds,157240,0.0436777777777777,2.6206666666666667,11,1,Monday,False,2026-01,Arrival of the Birds The Cinematic Orchestra,0.937,0.175,0.143,0.933,0.0915,-17.439,0.0412,173.33,0.0662,3.0
40,40,2026-01-05 15:35:00,a-ha,Take On Me - 2017 Acoustic,1889,0.0005247222222222,0.0314833333333333,15,1,Monday,True,2026-01,Take On Me - 2017 Acoustic a-ha,0.92,0.437,0.188,1.26e-05,0.0988,-10.868,0.0307,103.883,0.223,1.0
41,41,2026-01-05 15:35:00,Ja T'ho Dire,Si Vens (Remasteritzat 2013),544,0.0001511111111111,0.0090666666666666,15,1,Monday,True,2026-01,Si Vens (Remasteritzat 2013) Ja T'ho Dire,0.684,0.686,0.745,0.0,0.0837,-5.648,0.0399,138.197,0.573,2.0
42,42,2026-01-05 15:39:00,Cast of the Motion Picture RENT,Love Heals - Bonus Track,13536,0.00376,0.2256,15,1,Monday,True,2026-01,Love Heals - Bonus Track Cast of the Motion Picture RENT,0.191,0.387,0.611,0.0,0.257,-4.619,0.0322,101.626,0.329,0.0
43,43,2026-01-05 15:39:00,One Piano,Light My Candle,4064,0.0011288888888888,0.0677333333333333,15,1,Monday,True,2026-01,Light My Candle One Piano,0.731,0.614,0.357,0.887,0.0934,-15.498,0.051,138.968,0.377,1.0
44,44,2026-01-05 15:39:00,Lorien Testard,"Lumiére (From ""Clair Obscur: Expedition 33"") - Cover Español",222208,0.0617244444444444,3.7034666666666665,15,1,Monday,False,2026-01,"Lumiére (From ""Clair Obscur: Expedition 33"") - Cover Español Lorien Testard",,,,,,,,,,
45,45,2026-01-05 15:40:00,Andrew Lloyd Webber,Everything's Alright - Remastered 2005,9602,0.0026672222222222,0.1600333333333333,15,1,Monday,True,2026-01,Everything's Alright - Remastered 2005 Andrew Lloyd Webber,,,,,,,,,,
46,46,2026-01-05 15:42:00,Hugh Jackman,"Who Am I? - From ""Les Miserables''",157453,0.0437369444444444,2.624216666666667,15,1,Monday,False,2026-01,"Who Am I? - From ""Les Miserables'' Hugh Jackman",0.81,0.374,0.303,0.0,0.192,-13.184,0.0848,77.537,0.182,1.0
47,47,2026-01-05 15:46:00,El Canto Del Loco,No Puedo Vivir Sin Ti,11344,0.0031511111111111,0.1890666666666666,15,1,Monday,True,2026-01,No Puedo Vivir Sin Ti El Canto Del Loco,0.0246,0.666,0.834,0.0,0.208,-3.314,0.0318,129.982,0.61,2.0
48,48,2026-01-05 15:46:00,Gary Morris,One Day More!,209147,0.0580963888888888,3.485783333333333,15,1,Monday,False,2026-01,One Day More! Gary Morris,0.9,0.326,0.322,4.68e-06,0.112,-12.355,0.0364,92.038,0.233,1.0
49,49,2026-01-05 15:46:00,Low Roar,St. Eriksplan,5660,0.0015722222222222,0.0943333333333333,15,1,Monday,True,2026-01,St. Eriksplan Low Roar,0.731,0.453,0.236,0.596,0.12,-12.606,0.0282,98.065,0.19,1.0
50,50,2026-01-05 15:48:00,One Piano,James Bond Theme,119946,0.0333183333333333,1.9991,15,1,Monday,False,2026-01,James Bond Theme One Piano,,,,,,,,,,
51,51,2026-01-05 15:51:00,Antònia Font,Love Song,181467,0.0504075,3.02445,15,1,Monday,False,2026-01,Love Song Antònia Font,0.0196,0.651,0.781,0.0077,0.401,-5.715,0.0273,115.986,0.711,2.0
52,52,2026-01-05 15:51:00,Nirvana,Mr. Moustache,7765,0.0021569444444444,0.1294166666666666,15,1,Monday,True,2026-01,Mr. Moustache Nirvana,5.58e-06,0.194,0.898,0.141,0.108,-6.12,0.0608,177.191,0.482,0.0
53,53,2026-01-05 15:52:00,Els Amics De Les Arts,Les Meves Ex I Tu,1885,0.0005236111111111,0.0314166666666666,15,1,Monday,True,2026-01,Les Meves Ex I Tu Els Amics De Les Arts,0.292,0.624,0.751,0.0,0.12,-9.151,0.0434,140.044,0.669,2.0
54,54,2026-01-05 15:52:00,One Piano,Hooked on a Feeling,1405,0.0003902777777777,0.0234166666666666,15,1,Monday,True,2026-01,Hooked on a Feeling One Piano,0.961,0.75,0.458,0.95,0.106,-9.363,0.0494,116.139,0.285,1.0
55,55,2026-01-05 15:52:00,Nirvana,Polly,941,0.0002613888888888,0.0156833333333333,15,1,Monday,True,2026-01,Polly Nirvana,0.884,0.83,0.382,0.301,0.11,-11.231,0.0566,121.12,0.54,1.0
56,56,2026-01-05 15:52:00,Blue Claw Philharmonic,Symphony No. 5 (Remix) [Beethoven's Fifth Symphony] [Electric Guitar Solo Rock Metal],2640,0.0007333333333333,0.044,15,1,Monday,True,2026-01,Symphony No. 5 (Remix) [Beethoven's Fifth Symphony] [Electric Guitar Solo Rock Metal] Blue Claw Philharmonic,0.786,0.138,0.394,0.976,0.0475,-6.077,0.038,83.733,0.675,1.0
57,57,2026-01-05 15:52:00,Royal Philharmonic Orchestra,"Live And Let Die - From ""Live And Let Die""",1080,0.0003,0.018,15,1,Monday,True,2026-01,"Live And Let Die - From ""Live And Let Die"" Royal Philharmonic Orchestra",,,,,,,,,,
58,58,2026-01-05 15:52:00,Nicholas Britell,"Roman's Beat - ""Hearts""",1030,0.0002861111111111,0.0171666666666666,15,1,Monday,True,2026-01,"Roman's Beat - ""Hearts"" Nicholas Britell",0.0536,0.8,0.714,0.869,0.0809,-8.447,0.028,88.14,0.504,2.0
59,59,2026-01-05 15:52:00,Nirvana,Marigold,15642,0.004345,0.2607,15,1,Monday,True,2026-01,Marigold Nirvana,0.126,0.367,0.326,0.000599,0.12,-13.025,0.0395,175.109,0.333,0.0
60,60,2026-01-05 16:00:00,Ted Neeley,"The Temple - From ""Jesus Christ Superstar"" Soundtrack",336067,0.0933519444444444,5.601116666666667,16,1,Monday,False,2026-01,"The Temple - From ""Jesus Christ Superstar"" Soundtrack Ted Neeley",0.417,0.329,0.6,0.0178,0.0793,-11.273,0.0736,102.448,0.353,0.0
61,61,2026-01-05 16:03:00,Ryan Gosling,I'm Just Ken,222634,0.0618427777777777,3.710566666666667,16,1,Monday,False,2026-01,I'm Just Ken Ryan Gosling,0.0264,0.352,0.628,4.74e-05,0.0952,-6.259,0.0428,140.431,0.387,0.0
62,62,2026-01-05 16:07:00,Royal Philharmonic Orchestra,"You Know My Name - From ""Casino Royale""",232720,0.0646444444444444,3.8786666666666663,16,1,Monday,False,2026-01,"You Know My Name - From ""Casino Royale"" Royal Philharmonic Orchestra",,,,,,,,,,
63,63,2026-01-05 16:11:00,Mister Bond,Goldeneye,248267,0.0689630555555555,4.137783333333333,16,1,Monday,False,2026-01,Goldeneye Mister Bond,0.0849,0.65,0.752,5.66e-06,0.095,-4.023,0.0429,91.042,0.687,2.0
64,64,2026-01-05 16:16:00,Metallica,Until It Sleeps - Live,269973,0.0749925,4.49955,16,1,Monday,False,2026-01,Until It Sleeps - Live Metallica,9.23e-06,0.27,0.942,0.000286,0.404,-4.145,0.061,125.098,0.304,0.0
65,65,2026-01-05 16:20:00,Rufus Wainwright,Across The Universe - Remix,249387,0.0692741666666666,4.15645,16,1,Monday,False,2026-01,Across The Universe - Remix Rufus Wainwright,0.518,0.344,0.414,0.0,0.0982,-6.567,0.0269,148.591,0.201,0.0
66,66,2026-01-05 16:24:00,Nicholas Britell,Honesty (feat. Kendall Roy),234828,0.06523,3.9138,16,1,Monday,False,2026-01,Honesty (feat. Kendall Roy) Nicholas Britell,0.777,0.478,0.175,0.0,0.102,-14.347,0.0553,79.326,0.173,1.0
67,67,2026-01-05 16:28:00,Els Amics De Les Arts,La Merda Se'ns Menja,220853,0.0613480555555555,3.6808833333333335,16,1,Monday,False,2026-01,La Merda Se'ns Menja Els Amics De Les Arts,0.512,0.433,0.433,0.0,0.822,-11.673,0.115,78.453,0.496,1.0
68,68,2026-01-05 16:53:00,Peter Gabriel,My Body Is A Cage,60111,0.0166975,1.00185,16,1,Monday,False,2026-01,My Body Is A Cage Peter Gabriel,0.849,0.341,0.114,0.0938,0.104,-12.885,0.0341,78.912,0.0806,3.0
69,69,2026-01-07 06:55:00,The Beatles,You've Got To Hide Your Love Away - Remastered 2009,18973,0.0052702777777777,0.3162166666666666,6,1,Wednesday,True,2026-01,You've Got To Hide Your Love Away - Remastered 2009 The Beatles,0.211,0.399,0.394,0.0,0.102,-9.05,0.0282,184.274,0.382,0.0
70,70,2026-01-07 07:00:00,Antònia Font,Oh la la,10263,0.0028508333333333,0.17105,7,1,Wednesday,True,2026-01,Oh la la Antònia Font,0.32,0.651,0.448,5.57e-06,0.11,-11.951,0.0281,134.989,0.788,2.0
71,71,2026-01-07 07:05:00,Metallica,Wherever I May Roam - Remastered 2021,5915,0.0016430555555555,0.0985833333333333,7,1,Wednesday,True,2026-01,Wherever I May Roam - Remastered 2021 Metallica,0.000617,0.537,0.831,0.000571,0.117,-7.467,0.0364,131.384,0.351,0.0
72,72,2026-01-07 07:10:00,Nicholas Britell,"Kendall's Departure - ""This Is Not For Tears""",18659,0.0051830555555555,0.3109833333333333,7,1,Wednesday,True,2026-01,"Kendall's Departure - ""This Is Not For Tears"" Nicholas Britell",0.968,0.0949,0.0963,0.935,0.0695,-18.787,0.0446,72.893,0.0344,3.0
73,73,2026-01-07 07:49:00,David Bowie,Space Oddity - 2015 Remaster,8616,0.0023933333333333,0.1436,7,1,Wednesday,True,2026-01,Space Oddity - 2015 Remaster David Bowie,0.0726,0.31,0.403,9.27e-05,0.139,-13.664,0.0326,134.48,0.466,0.0
74,74,2026-01-07 12:00:00,David Bowie,Space Oddity - 2015 Remaster,1554,0.0004316666666666,0.0259,12,1,Wednesday,True,2026-01,Space Oddity - 2015 Remaster David Bowie,0.0726,0.31,0.403,9.27e-05,0.139,-13.664,0.0326,134.48,0.466,0.0
75,75,2026-01-07 14:40:00,One Piano,Come and Get Your Love,930,0.0002583333333333,0.0155,14,1,Wednesday,True,2026-01,Come and Get Your Love One Piano,0.971,0.377,0.15,0.934,0.101,-23.731,0.0434,116.363,0.182,3.0
76,76,2026-01-07 14:40:00,Halocene,Bohemian Rhapsody,1310,0.0003638888888888,0.0218333333333333,14,1,Wednesday,True,2026-01,Bohemian Rhapsody Halocene,0.252,0.323,0.521,1.17e-06,0.11,-7.286,0.0336,145.515,0.325,0.0
77,77,2026-01-07 14:40:00,Els Amics De Les Arts,A Vegades - En Directe Al Festival De Cap Roig / 2015,963,0.0002675,0.01605,14,1,Wednesday,True,2026-01,A Vegades - En Directe Al Festival De Cap Roig / 2015 Els Amics De Les Arts,0.00445,0.36,0.774,0.0,0.817,-7.461,0.0513,147.337,0.374,0.0
78,78,2026-01-07 14:40:00,One Piano,Out Tonight,0,0.0,0.0,14,1,Wednesday,True,2026-01,Out Tonight One Piano,0.833,0.54,0.236,0.91,0.0973,-18.459,0.0554,137.044,0.327,1.0
79,79,2026-01-07 14:40:00,Low Roar,I'll Keep Coming,0,0.0,0.0,14,1,Wednesday,True,2026-01,I'll Keep Coming Low Roar,0.0372,0.332,0.596,0.413,0.298,-5.607,0.0521,140.104,0.0996,0.0
80,80,2026-01-07 14:44:00,Antònia Font,Tots es motors,242533,0.0673702777777777,4.042216666666667,14,1,Wednesday,False,2026-01,Tots es motors Antònia Font,0.12,0.536,0.827,0.000374,0.309,-8.064,0.0308,108.203,0.598,2.0
81,81,2026-01-07 14:46:00,Manu Guix,El Bevedor,123400,0.0342777777777777,2.056666666666666,14,1,Wednesday,False,2026-01,El Bevedor Manu Guix,,,,,,,,,,
82,82,2026-01-07 14:49:00,Manu Guix,Vaig Aprendre Original Cast - Bonus Track,178653,0.0496258333333333,2.97755,14,1,Wednesday,False,2026-01,Vaig Aprendre Original Cast - Bonus Track Manu Guix,,,,,,,,,,
83,83,2026-01-07 14:49:00,Nicholas Britell,Concerto Grosso in C Minor - Ripieno Strings,8722,0.0024227777777777,0.1453666666666666,14,1,Wednesday,True,2026-01,Concerto Grosso in C Minor - Ripieno Strings Nicholas Britell,0.508,0.1,0.0836,0.914,0.0985,-17.266,0.0455,168.96,0.0936,3.0
84,84,2026-01-07 14:51:00,Eric Clapton,Layla - Acoustic Live,2457,0.0006825,0.04095,14,1,Wednesday,True,2026-01,Layla - Acoustic Live Eric Clapton,0.318,0.559,0.524,0.00094,0.933,-11.64,0.0462,93.85,0.652,2.0
85,85,2026-01-07 14:51:00,The Doors,People Are Strange,112750,0.0313194444444444,1.8791666666666669,14,1,Wednesday,False,2026-01,People Are Strange The Doors,0.685,0.699,0.467,0.0,0.315,-8.578,0.0375,119.287,0.764,2.0
86,86,2026-01-07 14:51:00,Nirvana,Oh Me - Live,974,0.0002705555555555,0.0162333333333333,14,1,Wednesday,True,2026-01,Oh Me - Live Nirvana,0.726,0.538,0.51,0.0187,0.205,-13.192,0.102,72.471,0.262,1.0
87,87,2026-01-07 14:51:00,Sharon Isbin,Boston Common,0,0.0,0.0,14,1,Wednesday,True,2026-01,Boston Common Sharon Isbin,0.983,0.487,0.0418,0.912,0.1,-20.39,0.0431,120.15,0.0773,3.0
88,88,2026-01-07 14:51:00,The Beatles,Happiness Is A Warm Gun - Remastered 2009,0,0.0,0.0,14,1,Wednesday,True,2026-01,Happiness Is A Warm Gun - Remastered 2009 The Beatles,0.523,0.431,0.54,1.34e-06,0.169,-9.6,0.0589,139.288,0.44,0.0
89,89,2026-01-07 14:51:00,The Doors,The End,2030,0.0005638888888888,0.0338333333333333,14,1,Wednesday,True,2026-01,The End The Doors,0.285,0.351,0.228,0.00116,0.123,-17.271,0.0307,104.551,0.0329,3.0
90,90,2026-01-07 14:51:00,Himesh Patel,"Yesterday - From The Album ""One Man Only""",1111,0.0003086111111111,0.0185166666666666,14,1,Wednesday,True,2026-01,"Yesterday - From The Album ""One Man Only"" Himesh Patel",0.805,0.455,0.124,0.00555,0.112,-18.411,0.0325,94.025,0.221,3.0
91,91,2026-01-07 14:51:00,Low Roar,Bones,1353,0.0003758333333333,0.02255,14,1,Wednesday,True,2026-01,Bones Low Roar,0.25,0.508,0.411,0.00981,0.162,-9.857,0.0386,69.995,0.353,0.0
92,92,2026-01-07 14:55:00,One Piano,Drink With Me (To Days Gone By),1143,0.0003175,0.01905,14,1,Wednesday,True,2026-01,Drink With Me (To Days Gone By) One Piano,0.918,0.475,0.307,0.934,0.103,-14.519,0.0623,179.898,0.367,1.0
93,93,2026-01-07 14:55:00,Royal Philharmonic Orchestra,"You Only Live Twice - From ""You Only Live Twice""",1169,0.0003247222222222,0.0194833333333333,14,1,Wednesday,True,2026-01,"You Only Live Twice - From ""You Only Live Twice"" Royal Philharmonic Orchestra",,,,,,,,,,
94,94,2026-01-07 14:55:00,One Piano,One Day More,232376,0.0645488888888888,3.872933333333333,14,1,Wednesday,False,2026-01,One Day More One Piano,,,,,,,,,,
95,95,2026-01-07 14:55:00,Piano Tribute Players,Take Me or Leave Me,49,1.3611111111111111e-05,0.0008166666666666,14,1,Wednesday,True,2026-01,Take Me or Leave Me Piano Tribute Players,0.992,0.374,0.295,0.963,0.114,-15.377,0.0657,116.956,0.463,1.0
96,96,2026-01-07 14:55:00,Simon & Garfunkel,The Sound of Silence - Acoustic Version,866,0.0002405555555555,0.0144333333333333,14,1,Wednesday,True,2026-01,The Sound of Silence - Acoustic Version Simon & Garfunkel,0.837,0.525,0.216,0.0,0.107,-13.551,0.0301,106.761,0.328,1.0
97,97,2026-01-07 14:55:00,Emily Watts,La Vie En Rose,4078,0.0011327777777777,0.0679666666666666,14,1,Wednesday,True,2026-01,La Vie En Rose Emily Watts,0.957,0.419,0.0842,0.0,0.285,-17.542,0.0341,88.278,0.246,3.0
98,98,2026-01-07 14:55:00,One Piano,Thunderball,591,0.0001641666666666,0.00985,14,1,Wednesday,True,2026-01,Thunderball One Piano,0.978,0.648,0.37,0.938,0.176,-8.028,0.0303,92.944,0.151,1.0
99,99,2026-01-07 15:09:00,Russell Crowe,Javert's Suicide,137960,0.0383222222222222,2.299333333333333,15,1,Wednesday,False,2026-01,Javert's Suicide Russell Crowe,0.682,0.417,0.336,0.0,0.348,-14.455,0.0858,106.928,0.234,1.0
100,100,2026-01-07 16:02:00,Anne Hathaway,"I Dreamed A Dream - From ""Les Misérables""",13651,0.0037919444444444,0.2275166666666666,16,1,Wednesday,True,2026-01,"I Dreamed A Dream - From ""Les Misérables"" Anne Hathaway",0.94,0.274,0.0742,2.37e-05,0.0869,-17.234,0.0456,93.48,0.15,3.0
101,101,2026-01-07 16:02:00,Russell Crowe,Javert's Suicide,37548,0.01043,0.6258,16,1,Wednesday,False,2026-01,Javert's Suicide Russell Crowe,0.682,0.417,0.336,0.0,0.348,-14.455,0.0858,106.928,0.234,1.0
102,102,2026-01-07 16:03:00,Gabriella Quevedo,Love of My Life,33478,0.0092994444444444,0.5579666666666667,16,1,Wednesday,False,2026-01,Love of My Life Gabriella Quevedo,0.926,0.421,0.312,0.914,0.163,-10.938,0.0473,163.705,0.342,1.0
103,103,2026-01-07 16:05:00,Anthony Rapp,Halloween,15179,0.0042163888888888,0.2529833333333333,16,1,Wednesday,True,2026-01,Halloween Anthony Rapp,0.549,0.451,0.534,0.0,0.12,-6.946,0.0289,87.097,0.729,2.0
104,104,2026-01-07 16:05:00,Nicholas Britell,"""My Dear, Dear, World of a Father""",117680,0.0326888888888888,1.9613333333333332,16,1,Wednesday,False,2026-01,"""My Dear, Dear, World of a Father"" Nicholas Britell",0.987,0.446,0.0152,0.911,0.084,-24.392,0.0498,65.51,0.0435,3.0
105,105,2026-01-07 16:09:00,Metallica,One - Live,0,0.0,0.0,16,1,Wednesday,True,2026-01,One - Live Metallica,6.72e-06,0.291,0.948,0.271,0.992,-5.713,0.124,123.76,0.267,0.0
106,106,2026-01-07 16:09:00,Scott Bradlee's Postmodern Jukebox,Creep,9628,0.0026744444444444,0.1604666666666666,16,1,Wednesday,True,2026-01,Creep Scott Bradlee's Postmodern Jukebox,0.697,0.292,0.359,1.85e-05,0.108,-9.043,0.0328,177.334,0.228,1.0
107,107,2026-01-07 16:09:00,Jim Sturgess,"Across The Universe - From ""Across The Universe"" Soundtrack",207787,0.0577186111111111,3.4631166666666666,16,1,Wednesday,False,2026-01,"Across The Universe - From ""Across The Universe"" Soundtrack Jim Sturgess",0.0402,0.459,0.498,1.9e-06,0.355,-8.361,0.0806,116.485,0.435,0.0
108,108,2026-01-07 16:13:00,David Arnold,Addicted to a Certain Lifestyle,230267,0.0639630555555555,3.837783333333333,16,1,Wednesday,False,2026-01,Addicted to a Certain Lifestyle David Arnold,,,,,,,,,,
109,109,2026-01-07 16:14:00,Nicholas Britell,Ricercare - Strings and Voices - Bonus Track,78613,0.0218369444444444,1.3102166666666666,16,1,Wednesday,False,2026-01,Ricercare - Strings and Voices - Bonus Track Nicholas Britell,0.775,0.17,0.149,0.749,0.0711,-17.175,0.0435,84.612,0.0378,3.0
110,110,2026-01-07 16:18:00,The Blue Notes,No Time To Die - Piano Rendition,246555,0.0684875,4.10925,16,1,Wednesday,False,2026-01,No Time To Die - Piano Rendition The Blue Notes,0.979,0.534,0.25,0.937,0.106,-13.141,0.0675,143.921,0.0631,1.0
111,111,2026-01-07 16:25:00,John Williams,"Germany, 1944",282893,0.0785813888888889,4.714883333333334,16,1,Wednesday,False,2026-01,"Germany, 1944 John Williams",0.631,0.279,0.143,0.734,0.112,-17.934,0.0389,123.996,0.0399,3.0
112,112,2026-01-07 16:29:00,Els Amics De Les Arts,Liverpool,271387,0.0753852777777777,4.523116666666667,16,1,Wednesday,False,2026-01,Liverpool Els Amics De Les Arts,0.777,0.455,0.269,3.63e-06,0.338,-14.04,0.0531,132.284,0.196,1.0
113,113,2026-01-07 16:32:00,Eddie Redmayne,Empty Chairs At Empty Tables,191213,0.0531147222222222,3.1868833333333333,16,1,Wednesday,False,2026-01,Empty Chairs At Empty Tables Eddie Redmayne,0.944,0.299,0.0656,1.89e-05,0.0943,-18.002,0.0553,170.381,0.115,3.0
114,114,2026-01-07 16:35:00,Mishima,Menteix la primavera,0,0.0,0.0,16,1,Wednesday,True,2026-01,Menteix la primavera Mishima,0.328,0.768,0.502,0.203,0.101,-8.984,0.0339,112.525,0.667,2.0
115,115,2026-01-07 16:35:00,One Piano,Will I,840,0.0002333333333333,0.014,16,1,Wednesday,True,2026-01,Will I One Piano,0.995,0.427,0.0572,0.93,0.0846,-23.374,0.0583,93.823,0.231,3.0
116,116,2026-01-07 16:35:00,Els Amics De Les Arts,4-3-3,177748,0.0493744444444444,2.962466666666667,16,1,Wednesday,False,2026-01,4-3-3 Els Amics De Les Arts,,,,,,,,,,
117,117,2026-01-07 16:35:00,Amanda Seyfried,I Have A Dream - From 'Mamma Mia!' Original Motion Picture Soundtrack,1036,0.0002877777777777,0.0172666666666666,16,1,Wednesday,True,2026-01,I Have A Dream - From 'Mamma Mia!' Original Motion Picture Soundtrack Amanda Seyfried,0.804,0.289,0.423,0.0,0.251,-7.269,0.029,205.104,0.472,1.0
118,118,2026-01-07 16:35:00,Els Amics De Les Arts,L'Home Que Va Matar Liberty Valance,1856,0.0005155555555555,0.0309333333333333,16,1,Wednesday,True,2026-01,L'Home Que Va Matar Liberty Valance Els Amics De Les Arts,0.647,0.66,0.296,0.000596,0.108,-14.954,0.0327,102.983,0.236,1.0
119,119,2026-01-07 16:35:00,Menaix a Truà,No em Deixis Mai,962,0.0002672222222222,0.0160333333333333,16,1,Wednesday,True,2026-01,No em Deixis Mai Menaix a Truà,0.371,0.711,0.503,0.413,0.107,-9.277,0.0279,122.01,0.678,2.0
120,120,2026-01-07 16:36:00,Els Amics De Les Arts,L'Home Que Treballa Fent De Gos - En Directe Al Festival De Cap Roig / 2015,0,0.0,0.0,16,1,Wednesday,True,2026-01,L'Home Que Treballa Fent De Gos - En Directe Al Festival De Cap Roig / 2015 Els Amics De Les Arts,0.0531,0.458,0.737,0.0,0.75,-7.785,0.0295,96.92,0.517,0.0
121,121,2026-01-07 16:36:00,Nicholas Britell,Intermezzo in C Minor - Piano and Double Bass,0,0.0,0.0,16,1,Wednesday,True,2026-01,Intermezzo in C Minor - Piano and Double Bass Nicholas Britell,0.993,0.679,0.0761,0.921,0.109,-19.963,0.0577,99.491,0.156,1.0
122,122,2026-01-07 16:36:00,Els Amics De Les Arts,Tots Els Homes D'Escòcia,0,0.0,0.0,16,1,Wednesday,True,2026-01,Tots Els Homes D'Escòcia Els Amics De Les Arts,0.917,0.512,0.279,1.98e-05,0.131,-11.31,0.037,124.342,0.43,1.0
123,123,2026-01-07 16:36:00,Els Amics De Les Arts,Bed & Breakfast,959,0.0002663888888888,0.0159833333333333,16,1,Wednesday,True,2026-01,Bed & Breakfast Els Amics De Les Arts,0.761,0.757,0.601,2.63e-06,0.0818,-9.45,0.0653,123.997,0.916,2.0
124,124,2026-01-07 16:36:00,One Piano,Finale B,813,0.0002258333333333,0.01355,16,1,Wednesday,True,2026-01,Finale B One Piano,0.972,0.244,0.114,0.881,0.284,-19.729,0.0376,145.611,0.262,3.0
125,125,2026-01-07 16:36:00,Redbone,Come and Get Your Love,1339,0.0003719444444444,0.0223166666666666,16,1,Wednesday,True,2026-01,Come and Get Your Love Redbone,0.172,0.731,0.804,0.00028,0.0685,-7.621,0.0473,107.383,0.957,2.0
126,126,2026-01-07 16:36:00,The Beatles,"Hello, Goodbye - Remastered 2009",0,0.0,0.0,16,1,Wednesday,True,2026-01,"Hello, Goodbye - Remastered 2009 The Beatles",0.306,0.479,0.733,2.4e-05,0.414,-8.753,0.0257,99.313,0.806,2.0
127,127,2026-01-07 16:36:00,Murray Gold,A Good Man? (Twelve's Theme),1215,0.0003375,0.02025,16,1,Wednesday,True,2026-01,A Good Man? (Twelve's Theme) Murray Gold,,,,,,,,,,
128,128,2026-01-07 16:40:00,Joel Minguet,Chopo Muerto,228772,0.0635477777777777,3.812866666666667,16,1,Wednesday,False,2026-01,Chopo Muerto Joel Minguet,0.759,0.713,0.357,3e-06,0.106,-11.99,0.0359,85.259,0.431,1.0
129,129,2026-01-07 16:42:00,Royal Philharmonic Orchestra,"A View To Kill - From ""A View To Kill""",136000,0.0377777777777777,2.2666666666666666,16,1,Wednesday,False,2026-01,"A View To Kill - From ""A View To Kill"" Royal Philharmonic Orchestra",,,,,,,,,,
130,130,2026-01-07 16:46:00,Nicholas Britell,Honesty (feat. Kendall Roy),234828,0.06523,3.9138,16,1,Wednesday,False,2026-01,Honesty (feat. Kendall Roy) Nicholas Britell,0.777,0.478,0.175,0.0,0.102,-14.347,0.0553,79.326,0.173,1.0
131,131,2026-01-07 16:47:00,Macedònia,No Em Vull Fer Gran,6576,0.0018266666666666,0.1096,16,1,Wednesday,True,2026-01,No Em Vull Fer Gran Macedònia,0.297,0.78,0.735,0.00385,0.299,-1.247,0.0266,106.983,0.689,2.0
132,132,2026-01-07 16:47:00,Pink Floyd,Have a Cigar,28102,0.0078061111111111,0.4683666666666666,16,1,Wednesday,True,2026-01,Have a Cigar Pink Floyd,0.407,0.454,0.65,0.0488,0.589,-10.191,0.0437,120.155,0.72,2.0
133,133,2026-01-07 16:50:00,Murray Gold,Break Free,183973,0.0511036111111111,3.0662166666666666,16,1,Wednesday,False,2026-01,Break Free Murray Gold,,,,,,,,,,
134,134,2026-01-07 17:09:00,Anna Roig,Com pot ser?,82647,0.0229575,1.37745,17,1,Wednesday,False,2026-01,Com pot ser? Anna Roig,0.193,0.65,0.31,0.0333,0.0987,-13.884,0.0487,128.024,0.422,2.0
135,135,2026-01-08 18:00:00,Anna Roig,Com pot ser?,277599,0.0771108333333333,4.62665,18,1,Thursday,False,2026-01,Com pot ser? Anna Roig,0.193,0.65,0.31,0.0333,0.0987,-13.884,0.0487,128.024,0.422,2.0
136,136,2026-01-08 18:01:00,Scott Bradlee's Postmodern Jukebox,Don't Let Me Down,38920,0.0108111111111111,0.6486666666666666,18,1,Thursday,False,2026-01,Don't Let Me Down Scott Bradlee's Postmodern Jukebox,0.666,0.322,0.479,0.0,0.254,-8.338,0.0385,148.907,0.329,1.0
137,137,2026-01-08 18:04:00,Violet Orlandi,bad guy,1742,0.0004838888888888,0.0290333333333333,18,1,Thursday,True,2026-01,bad guy Violet Orlandi,,,,,,,,,,
138,138,2026-01-08 18:04:00,Simon & Garfunkel,Scarborough Fair / Canticle,17520,0.0048666666666666,0.292,18,1,Thursday,True,2026-01,Scarborough Fair / Canticle Simon & Garfunkel,0.65,0.336,0.248,0.0,0.113,-15.626,0.0324,128.548,0.298,3.0
139,139,2026-01-08 18:06:00,Sharon Isbin,Madolyn,134267,0.0372963888888888,2.237783333333333,18,1,Thursday,False,2026-01,Madolyn Sharon Isbin,0.99,0.658,0.0635,0.95,0.105,-19.838,0.0847,183.961,0.352,1.0
140,140,2026-01-08 18:09:00,Pete Yorn,"Red Right Hand - From the Motion Picture ""Hellboy""",33873,0.0094091666666666,0.56455,18,1,Thursday,False,2026-01,"Red Right Hand - From the Motion Picture ""Hellboy"" Pete Yorn",0.267,0.743,0.649,0.622,0.216,-9.437,0.0265,113.984,0.948,2.0
141,141,2026-01-08 18:25:00,John Williams,Theme From Schindler's List,287099,0.0797497222222222,4.784983333333333,18,1,Thursday,False,2026-01,Theme From Schindler's List John Williams,0.859,0.142,0.113,0.838,0.107,-25.362,0.0415,98.575,0.0697,3.0
142,142,2026-01-08 18:58:00,John Williams,Theme From Schindler's List,103215,0.0286708333333333,1.72025,18,1,Thursday,False,2026-01,Theme From Schindler's List John Williams,0.859,0.142,0.113,0.838,0.107,-25.362,0.0415,98.575,0.0697,3.0
143,143,2026-01-08 19:09:00,Patrik Pietschmann,Schindler's List Main Theme - Piano Version,473701,0.1315836111111111,7.895016666666667,19,1,Thursday,False,2026-01,Schindler's List Main Theme - Piano Version Patrik Pietschmann,0.99,0.441,0.0578,0.876,0.0703,-21.398,0.048,98.48,0.0706,3.0
144,144,2026-01-08 19:32:00,Attila Fias,Schindler's List - Piano Instrumental,33044,0.0091788888888888,0.5507333333333333,19,1,Thursday,False,2026-01,Schindler's List - Piano Instrumental Attila Fias,0.979,0.499,0.147,0.912,0.145,-19.489,0.0604,113.859,0.143,3.0
145,145,2026-01-12 05:59:00,Lorien Testard,"Lumiére (From ""Clair Obscur: Expedition 33"") - Cover Español",24951,0.0069308333333333,0.41585,5,1,Monday,True,2026-01,"Lumiére (From ""Clair Obscur: Expedition 33"") - Cover Español Lorien Testard",,,,,,,,,,
146,146,2026-01-12 06:00:00,Els Amics De Les Arts,El Matrimoni Arnolfini,12396,0.0034433333333333,0.2066,6,1,Monday,True,2026-01,El Matrimoni Arnolfini Els Amics De Les Arts,0.117,0.601,0.859,3.09e-06,0.0777,-6.694,0.0784,107.809,0.766,2.0
147,147,2026-01-12 06:09:00,Antònia Font,Me Sobren Paraules,9785,0.0027180555555555,0.1630833333333333,6,1,Monday,True,2026-01,Me Sobren Paraules Antònia Font,0.0626,0.57,0.574,0.00414,0.205,-11.591,0.0401,160.008,0.333,0.0
148,148,2026-01-12 06:10:00,a-ha,The Living Daylights - MTV Unplugged,10292,0.0028588888888888,0.1715333333333333,6,1,Monday,True,2026-01,The Living Daylights - MTV Unplugged a-ha,0.265,0.581,0.762,9.8e-06,0.2,-8.54,0.0409,110.932,0.436,2.0
149,149,2026-01-12 06:15:00,The Beatles,Blackbird - 2018 Mix,9658,0.0026827777777777,0.1609666666666666,6,1,Monday,True,2026-01,Blackbird - 2018 Mix The Beatles,0.841,0.648,0.139,3.31e-06,0.0589,-14.744,0.0368,93.874,0.373,1.0
150,150,2026-01-12 06:19:00,One Piano,Overture (Work Song),6561,0.0018225,0.10935,6,1,Monday,True,2026-01,Overture (Work Song) One Piano,0.735,0.456,0.368,0.874,0.146,-16.465,0.0529,169.753,0.0667,1.0
151,151,2026-01-12 06:20:00,Antònia Font,Viure Sense Tu,9016,0.0025044444444444,0.1502666666666666,6,1,Monday,True,2026-01,Viure Sense Tu Antònia Font,0.0771,0.565,0.534,0.0273,0.1,-12.05,0.0486,137.825,0.722,2.0
152,152,2026-01-12 06:30:00,Anna Roig,Escolta,6822,0.001895,0.1137,6,1,Monday,True,2026-01,Escolta Anna Roig,0.667,0.427,0.366,0.0841,0.0995,-13.625,0.0607,97.931,0.208,1.0
153,153,2026-01-12 06:40:00,Royal Philharmonic Orchestra,"Goldfinger - From ""Goldfinger""",14559,0.0040441666666666,0.24265,6,1,Monday,True,2026-01,"Goldfinger - From ""Goldfinger"" Royal Philharmonic Orchestra",,,,,,,,,,
154,154,2026-01-12 06:45:00,Renée Elise Goldsberry,Ain't No Grave,27886,0.0077461111111111,0.4647666666666666,6,1,Monday,True,2026-01,Ain't No Grave Renée Elise Goldsberry,0.205,0.507,0.535,8e-06,0.112,-9.35,0.0571,144.188,0.462,0.0
155,155,2026-01-12 06:52:00,Lorien Testard,Un 33 Décembre à Paris,75908,0.0210855555555555,1.2651333333333334,6,1,Monday,False,2026-01,Un 33 Décembre à Paris Lorien Testard,0.982,0.488,0.185,0.625,0.138,-16.415,0.0377,119.978,0.171,1.0
156,156,2026-01-12 07:22:00,Els Amics De Les Arts,El senyal que esperaves,1949,0.0005413888888888,0.0324833333333333,7,1,Monday,True,2026-01,El senyal que esperaves Els Amics De Les Arts,,,,,,,,,,
157,157,2026-01-12 13:40:00,Lorien Testard,Un 33 Décembre à Paris,57093,0.0158591666666666,0.95155,13,1,Monday,False,2026-01,Un 33 Décembre à Paris Lorien Testard,0.982,0.488,0.185,0.625,0.138,-16.415,0.0377,119.978,0.171,1.0
158,158,2026-01-12 13:43:00,Gustavo Santaolalla,The Last of Us,183533,0.0509813888888888,3.058883333333333,13,1,Monday,False,2026-01,The Last of Us Gustavo Santaolalla,0.867,0.587,0.467,0.928,0.098,-12.392,0.0306,154.636,0.353,1.0
159,159,2026-01-12 13:47:00,Joe Hisaishi,The Sixth Station,218240,0.0606222222222222,3.637333333333333,13,1,Monday,False,2026-01,The Sixth Station Joe Hisaishi,0.879,0.304,0.0463,0.803,0.0923,-25.773,0.0353,77.936,0.0392,3.0
160,160,2026-01-12 13:48:00,Hans Zimmer,Honor Him,79840,0.0221777777777777,1.3306666666666669,13,1,Monday,False,2026-01,Honor Him Hans Zimmer,0.857,0.194,0.105,0.884,0.117,-23.824,0.0418,68.08,0.0392,3.0
161,161,2026-01-12 13:51:00,Jamie Duffy,Solas,192594,0.0534983333333333,3.2099,13,1,Monday,False,2026-01,Solas Jamie Duffy,0.964,0.256,0.335,0.889,0.0932,-16.708,0.0362,85.807,0.35,3.0
162,162,2026-01-12 13:53:00,Alexandre Desplat,Extremely Loud and Incredibly Close,117673,0.0326869444444444,1.9612166666666664,13,1,Monday,False,2026-01,Extremely Loud and Incredibly Close Alexandre Desplat,0.991,0.474,0.0118,0.891,0.0622,-31.108,0.0318,79.1,0.0656,3.0
163,163,2026-01-12 13:56:00,Natalie Holt,Purpose Is Glorious,188367,0.0523241666666666,3.13945,13,1,Monday,False,2026-01,Purpose Is Glorious Natalie Holt,0.429,0.159,0.203,0.908,0.244,-14.684,0.0316,88.905,0.057,3.0
164,164,2026-01-12 14:01:00,Eric Clapton,Tears in Heaven - Acoustic Live,280000,0.0777777777777777,4.666666666666667,14,1,Monday,False,2026-01,Tears in Heaven - Acoustic Live Eric Clapton,0.806,0.694,0.331,0.00235,0.707,-13.0,0.0284,79.055,0.458,1.0
165,165,2026-01-12 14:05:00,Billy Boyd,The Last Goodbye,247360,0.0687111111111111,4.1226666666666665,14,1,Monday,False,2026-01,The Last Goodbye Billy Boyd,0.892,0.304,0.175,1.95e-05,0.084,-14.034,0.0311,93.716,0.162,3.0
166,166,2026-01-12 14:10:00,Hozier,"Blood Upon the Snow (From ""God of War Ragnarök"" Soundtrack)",271697,0.0754713888888889,4.528283333333333,14,1,Monday,False,2026-01,"Blood Upon the Snow (From ""God of War Ragnarök"" Soundtrack) Hozier",0.442,0.323,0.301,0.00131,0.164,-13.564,0.0344,126.221,0.276,1.0
167,167,2026-01-12 14:13:00,MUSASHI PROJECT,哀と悲,179520,0.0498666666666666,2.992,14,1,Monday,False,2026-01,哀と悲 MUSASHI PROJECT,0.743,0.28,0.183,0.525,0.173,-14.359,0.0361,119.685,0.0395,3.0
168,168,2026-01-12 14:17:00,Lorien Testard,Gustave,228000,0.0633333333333333,3.8,14,1,Monday,False,2026-01,Gustave Lorien Testard,0.955,0.353,0.299,0.862,0.12,-12.835,0.0318,80.135,0.284,1.0
169,169,2026-01-12 14:23:00,Ludovico Einaudi,Nuvole Bianche,357707,0.0993630555555555,5.961783333333333,14,1,Monday,False,2026-01,Nuvole Bianche Ludovico Einaudi,0.961,0.191,0.0582,0.89,0.0941,-25.398,0.0578,132.614,0.0454,3.0
170,170,2026-01-12 15:41:00,John Williams,Theme From Schindler's List,248250,0.0689583333333333,4.1375,15,1,Monday,False,2026-01,Theme From Schindler's List John Williams,0.859,0.142,0.113,0.838,0.107,-25.362,0.0415,98.575,0.0697,3.0
171,171,2026-01-12 15:46:00,John Williams,Theme From Schindler's List,384946,0.1069294444444444,6.415766666666666,15,1,Monday,False,2026-01,Theme From Schindler's List John Williams,0.859,0.142,0.113,0.838,0.107,-25.362,0.0415,98.575,0.0697,3.0
172,172,2026-01-12 15:47:00,Annie Lennox,Into the West,8557,0.0023769444444444,0.1426166666666666,15,1,Monday,True,2026-01,Into the West Annie Lennox,0.914,0.312,0.031,8.81e-06,0.0949,-22.035,0.037,92.074,0.0399,3.0
173,173,2026-01-12 15:52:00,Hans Zimmer,Organ Variation,291803,0.0810563888888888,4.863383333333333,15,1,Monday,False,2026-01,Organ Variation Hans Zimmer,0.933,0.179,0.00256,0.861,0.0826,-31.258,0.0421,66.138,0.0334,3.0
174,174,2026-01-12 15:54:00,David Arnold,"Vesper (From ""Casino Royale"" Soundtrack)",104147,0.0289297222222222,1.7357833333333332,15,1,Monday,False,2026-01,"Vesper (From ""Casino Royale"" Soundtrack) David Arnold",0.886,0.235,0.0546,0.913,0.0711,-23.644,0.0391,63.678,0.071,3.0
175,175,2026-01-12 15:57:00,Lorien Testard,Alicia,170000,0.0472222222222222,2.833333333333333,15,1,Monday,False,2026-01,Alicia Lorien Testard,0.958,0.16,0.149,2.17e-06,0.156,-12.107,0.0419,169.141,0.141,3.0
176,176,2026-01-12 16:57:00,James Newton Howard,A Close Friend,3692,0.0010255555555555,0.0615333333333333,16,1,Monday,True,2026-01,A Close Friend James Newton Howard,0.976,0.082,0.0158,0.988,0.0855,-33.355,0.0466,170.441,0.0377,3.0
177,177,2026-01-12 17:02:00,Michael John Hall,Ground Control To Major Tom,3220,0.0008944444444444,0.0536666666666666,17,1,Monday,True,2026-01,Ground Control To Major Tom Michael John Hall,0.99,0.358,0.0151,0.889,0.122,-27.287,0.0444,74.919,0.0848,3.0
178,178,2026-01-12 17:03:00,The Irrepressibles,In This Shirt,956,0.0002655555555555,0.0159333333333333,17,1,Monday,True,2026-01,In This Shirt The Irrepressibles,0.691,0.293,0.394,0.382,0.157,-9.581,0.0299,80.168,0.0384,1.0
179,179,2026-01-12 17:03:00,Max Richter,The Departure,1192,0.0003311111111111,0.0198666666666666,17,1,Monday,True,2026-01,The Departure Max Richter,0.996,0.384,0.00341,0.943,0.0964,-39.053,0.0447,116.941,0.117,3.0
180,180,2026-01-12 17:08:00,The Irrepressibles,In This Shirt,335147,0.0930963888888889,5.5857833333333335,17,1,Monday,False,2026-01,In This Shirt The Irrepressibles,0.691,0.293,0.394,0.382,0.157,-9.581,0.0299,80.168,0.0384,1.0
181,181,2026-01-12 17:09:00,Max Richter,The Departure,75849,0.0210691666666666,1.26415,17,1,Monday,False,2026-01,The Departure Max Richter,0.996,0.384,0.00341,0.943,0.0964,-39.053,0.0447,116.941,0.117,3.0
182,182,2026-01-12 17:21:00,Ramin Djawadi,Light of the Seven,589095,0.1636375,9.81825,17,1,Monday,False,2026-01,Light of the Seven Ramin Djawadi,0.903,0.273,0.102,0.721,0.268,-16.843,0.0494,120.378,0.0583,3.0
183,183,2026-01-12 17:25:00,Wesley Sprayue,Across the Stars - Piano,210071,0.0583530555555555,3.501183333333333,17,1,Monday,False,2026-01,Across the Stars - Piano Wesley Sprayue,0.993,0.474,0.0211,0.949,0.0754,-24.212,0.0527,79.368,0.183,3.0
184,184,2026-01-12 17:46:00,John Williams,Across the Stars,226718,0.0629772222222222,3.7786333333333335,17,1,Monday,False,2026-01,Across the Stars John Williams,,,,,,,,,,
185,185,2026-01-13 06:00:00,Patrik Pietschmann,Toss a Coin to Your Witcher - Piano Version,43881,0.0121891666666666,0.73135,6,1,Tuesday,False,2026-01,Toss a Coin to Your Witcher - Piano Version Patrik Pietschmann,0.977,0.62,0.259,0.829,0.131,-17.96,0.0433,104.9,0.116,1.0
186,186,2026-01-13 06:15:00,Els Amics De Les Arts,Noble Art,13454,0.0037372222222222,0.2242333333333333,6,1,Tuesday,True,2026-01,Noble Art Els Amics De Les Arts,0.222,0.786,0.502,0.0,0.0602,-7.388,0.0481,130.067,0.841,2.0
187,187,2026-01-13 06:20:00,Els Amics De Les Arts,Et vaig dir,23616,0.00656,0.3936,6,1,Tuesday,True,2026-01,Et vaig dir Els Amics De Les Arts,0.355,0.497,0.582,0.000112,0.099,-6.452,0.04,80.089,0.239,0.0
188,188,2026-01-13 06:30:00,Nicholas Britell,It's Done,9665,0.0026847222222222,0.1610833333333333,6,1,Tuesday,True,2026-01,It's Done Nicholas Britell,0.862,0.19,0.142,0.852,0.104,-18.507,0.0359,66.967,0.0444,3.0
189,189,2026-01-13 06:40:00,Jim Sturgess,Girl,13867,0.0038519444444444,0.2311166666666666,6,1,Tuesday,True,2026-01,Girl Jim Sturgess,0.964,0.327,0.0986,0.0,0.091,-14.667,0.0469,74.851,0.272,3.0
190,190,2026-01-13 06:58:00,Piano Tribute Players,Will I? - Instrumental,8077,0.0022436111111111,0.1346166666666666,6,1,Tuesday,True,2026-01,Will I? - Instrumental Piano Tribute Players,0.962,0.486,0.0369,0.887,0.0844,-24.019,0.0593,82.158,0.239,3.0
191,191,2026-01-13 12:13:00,John Williams,Across the Stars,80317,0.0223102777777777,1.3386166666666666,12,1,Tuesday,False,2026-01,Across the Stars John Williams,,,,,,,,,,
192,192,2026-01-13 12:18:00,Queen,Who Wants To Live Forever - Remastered 2011,132707,0.0368630555555555,2.211783333333333,12,1,Tuesday,False,2026-01,Who Wants To Live Forever - Remastered 2011 Queen,0.544,0.182,0.388,0.00134,0.114,-8.672,0.0324,139.276,0.0392,0.0
193,193,2026-01-13 15:06:00,Kurt Cobain,And I Love Her,5344,0.0014844444444444,0.0890666666666666,15,1,Tuesday,True,2026-01,And I Love Her Kurt Cobain,0.983,0.61,0.287,0.827,0.129,-15.299,0.0328,96.697,0.459,1.0
194,194,2026-01-13 15:06:00,Queen,Who Wants To Live Forever - Remastered 2011,13351,0.0037086111111111,0.2225166666666666,15,1,Tuesday,True,2026-01,Who Wants To Live Forever - Remastered 2011 Queen,0.544,0.182,0.388,0.00134,0.114,-8.672,0.0324,139.276,0.0392,0.0
195,195,2026-01-13 15:06:00,John Williams,Across the Stars,307000,0.0852777777777777,5.116666666666666,15,1,Tuesday,False,2026-01,Across the Stars John Williams,,,,,,,,,,
196,196,2026-01-13 15:29:00,Eric Clapton,Tears in Heaven - Acoustic Live,1272,0.0003533333333333,0.0212,15,1,Tuesday,True,2026-01,Tears in Heaven - Acoustic Live Eric Clapton,0.806,0.694,0.331,0.00235,0.707,-13.0,0.0284,79.055,0.458,1.0
197,197,2026-01-13 15:29:00,Hans Zimmer,Final Ascent,1706,0.0004738888888888,0.0284333333333333,15,1,Tuesday,True,2026-01,Final Ascent Hans Zimmer,0.159,0.203,0.0935,0.806,0.0883,-15.575,0.0344,41.858,0.0346,3.0
198,198,2026-01-13 15:29:00,Hans Zimmer,Final Ascent,409984,0.1138844444444444,6.833066666666666,15,1,Tuesday,False,2026-01,Final Ascent Hans Zimmer,0.159,0.203,0.0935,0.806,0.0883,-15.575,0.0344,41.858,0.0346,3.0
199,199,2026-01-13 15:29:00,Craig Armstrong,Glasgow Love Theme,0,0.0,0.0,15,1,Tuesday,True,2026-01,Glasgow Love Theme Craig Armstrong,0.985,0.312,0.122,0.927,0.0765,-15.618,0.0313,78.664,0.0397,3.0
200,200,2026-01-13 15:29:00,The Beatles,Yesterday - Remastered 2009,1066,0.0002961111111111,0.0177666666666666,15,1,Tuesday,True,2026-01,Yesterday - Remastered 2009 The Beatles,0.879,0.332,0.179,0.0,0.0886,-11.83,0.0326,96.524,0.315,1.0
201,201,2026-01-13 15:29:00,Kath Bloom,Come Here,0,0.0,0.0,15,1,Tuesday,True,2026-01,Come Here Kath Bloom,0.0768,0.644,0.583,0.0,0.0868,-7.312,0.0282,102.192,0.308,0.0
202,202,2026-01-13 15:29:00,Lorien Testard,Lost Voice,0,0.0,0.0,15,1,Tuesday,True,2026-01,Lost Voice Lorien Testard,0.984,0.211,0.131,0.77,0.107,-14.454,0.0425,84.753,0.0397,3.0
203,203,2026-01-13 15:29:00,Peter Gabriel,My Body Is A Cage,579,0.0001608333333333,0.00965,15,1,Tuesday,True,2026-01,My Body Is A Cage Peter Gabriel,0.849,0.341,0.114,0.0938,0.104,-12.885,0.0341,78.912,0.0806,3.0
204,204,2026-01-13 15:30:00,Jon Brion,"Theme - From ""Eternal Sunshine of the Spotless Mind""/Score",2307,0.0006408333333333,0.03845,15,1,Tuesday,True,2026-01,"Theme - From ""Eternal Sunshine of the Spotless Mind""/Score Jon Brion",0.974,0.567,0.0437,0.943,0.111,-22.912,0.0369,104.024,0.191,3.0
205,205,2026-01-13 15:32:00,Natalie Holt,Purpose Is Glorious,142407,0.0395575,2.37345,15,1,Tuesday,False,2026-01,Purpose Is Glorious Natalie Holt,0.429,0.159,0.203,0.908,0.244,-14.684,0.0316,88.905,0.057,3.0
206,206,2026-01-13 15:32:00,Joe Hisaishi,The Sixth Station,850,0.0002361111111111,0.0141666666666666,15,1,Tuesday,True,2026-01,The Sixth Station Joe Hisaishi,0.879,0.304,0.0463,0.803,0.0923,-25.773,0.0353,77.936,0.0392,3.0
207,207,2026-01-13 15:32:00,Ludovico Einaudi,Experience,4112,0.0011422222222222,0.0685333333333333,15,1,Tuesday,True,2026-01,Experience Ludovico Einaudi,0.934,0.447,0.449,0.961,0.0697,-10.634,0.0376,92.468,0.036,1.0
208,208,2026-01-13 15:32:00,MUSASHI PROJECT,哀と悲,87,2.4166666666666667e-05,0.00145,15,1,Tuesday,True,2026-01,哀と悲 MUSASHI PROJECT,0.743,0.28,0.183,0.525,0.173,-14.359,0.0361,119.685,0.0395,3.0
209,209,2026-01-13 15:32:00,Hans Zimmer,Time,3562,0.0009894444444444,0.0593666666666666,15,1,Tuesday,True,2026-01,Time Hans Zimmer,0.178,0.286,0.0968,0.696,0.0861,-16.806,0.0323,62.881,0.0395,3.0
210,210,2026-01-13 15:32:00,Murray Gold,A Good Man? (Twelve's Theme),911,0.0002530555555555,0.0151833333333333,15,1,Tuesday,True,2026-01,A Good Man? (Twelve's Theme) Murray Gold,,,,,,,,,,
211,211,2026-01-13 16:21:00,David Arnold,"Vesper (From ""Casino Royale"" Soundtrack)",99508,0.0276411111111111,1.6584666666666668,16,1,Tuesday,False,2026-01,"Vesper (From ""Casino Royale"" Soundtrack) David Arnold",0.886,0.235,0.0546,0.913,0.0711,-23.644,0.0391,63.678,0.071,3.0
212,212,2026-01-13 16:24:00,Matt Ganim,Autumn Leaves (Piano Version),168182,0.0467172222222222,2.803033333333333,16,1,Tuesday,False,2026-01,Autumn Leaves (Piano Version) Matt Ganim,0.988,0.465,0.0151,0.87,0.0767,-19.357,0.0568,105.16,0.212,3.0
213,213,2026-01-13 16:29:00,Chilled Pig,autumn leaves (jazzy piano instrumental),91083,0.0253008333333333,1.51805,16,1,Tuesday,False,2026-01,autumn leaves (jazzy piano instrumental) Chilled Pig,0.992,0.334,0.0191,0.927,0.0997,-28.653,0.0395,61.28,0.125,3.0
214,214,2026-01-13 16:41:00,Manu Guix,Vaig Aprendre,23535,0.0065375,0.39225,16,1,Tuesday,True,2026-01,Vaig Aprendre Manu Guix,,,,,,,,,,
215,215,2026-01-13 16:44:00,Manu Guix,Vaig Aprendre,154370,0.0428805555555555,2.572833333333333,16,1,Tuesday,False,2026-01,Vaig Aprendre Manu Guix,,,,,,,,,,
216,216,2026-01-13 17:10:00,Samuel Joseph,Autumn Leaves - Piano Version,99370,0.0276027777777777,1.6561666666666666,17,1,Tuesday,False,2026-01,Autumn Leaves - Piano Version Samuel Joseph,,,,,,,,,,
217,217,2026-01-14 06:00:00,Menaix a Truà,Al Alba,20461,0.0056836111111111,0.3410166666666667,6,1,Wednesday,True,2026-01,Al Alba Menaix a Truà,0.621,0.691,0.526,0.0598,0.0824,-6.789,0.027,132.136,0.212,1.0
218,218,2026-01-14 06:15:00,Samantha Barks,On My Own,32291,0.0089697222222222,0.5381833333333333,6,1,Wednesday,False,2026-01,On My Own Samantha Barks,0.888,0.303,0.116,0.0,0.144,-15.723,0.0552,85.473,0.196,3.0
219,219,2026-01-14 06:20:00,Murray Gold,Clara's Diner,17859,0.0049608333333333,0.29765,6,1,Wednesday,True,2026-01,Clara's Diner Murray Gold,,,,,,,,,,
220,220,2026-01-14 06:25:00,Billie Eilish,hotline (edit),10423,0.0028952777777777,0.1737166666666666,6,1,Wednesday,True,2026-01,hotline (edit) Billie Eilish,0.816,0.516,0.254,0.855,0.189,-16.027,0.0589,56.829,0.304,1.0
221,221,2026-01-14 06:30:00,Don McLean,Crying,13754,0.0038205555555555,0.2292333333333333,6,1,Wednesday,True,2026-01,Crying Don McLean,0.466,0.302,0.344,1.53e-06,0.184,-11.894,0.0277,140.763,0.242,1.0
222,222,2026-01-14 06:35:00,Malukah,Misty Mountains - Remastered 2022,6114,0.0016983333333333,0.1019,6,1,Wednesday,True,2026-01,Misty Mountains - Remastered 2022 Malukah,0.933,0.464,0.148,0.00136,0.114,-11.775,0.0345,111.587,0.19,1.0
223,223,2026-01-14 06:40:00,Macedònia,Tarik,3738,0.0010383333333333,0.0623,6,1,Wednesday,True,2026-01,Tarik Macedònia,0.119,0.873,0.718,0.00015,0.0874,-4.028,0.0332,106.998,0.648,2.0
224,224,2026-01-14 09:27:00,Johnny Cash,Hurt,216533,0.0601480555555555,3.608883333333333,9,1,Wednesday,False,2026-01,Hurt Johnny Cash,0.649,0.534,0.392,0.000227,0.0948,-7.636,0.0267,90.379,0.163,1.0
225,225,2026-01-14 09:29:00,Esther Abrami,The Witcher: Toss A Coin To Your Witcher,168042,0.0466783333333333,2.8007,9,1,Wednesday,False,2026-01,The Witcher: Toss A Coin To Your Witcher Esther Abrami,0.886,0.281,0.254,0.0395,0.155,-14.256,0.0383,104.777,0.115,3.0
226,226,2026-01-14 09:32:00,Frank Sinatra,Autumn Leaves - Remastered 1999,172867,0.0480186111111111,2.8811166666666668,9,1,Wednesday,False,2026-01,Autumn Leaves - Remastered 1999 Frank Sinatra,0.868,0.223,0.105,4.92e-05,0.181,-17.766,0.0316,81.493,0.0783,3.0
227,227,2026-01-14 09:38:00,Eric Clapton,Autumn Leaves,340787,0.0946630555555555,5.679783333333333,9,1,Wednesday,False,2026-01,Autumn Leaves Eric Clapton,0.795,0.326,0.188,0.676,0.112,-17.393,0.0363,82.688,0.184,3.0
228,228,2026-01-14 09:40:00,Els Amics De Les Arts,A Vegades,10836,0.00301,0.1806,9,1,Wednesday,True,2026-01,A Vegades Els Amics De Les Arts,0.26,0.646,0.611,8.25e-05,0.0649,-9.898,0.0459,137.236,0.686,2.0
229,229,2026-01-14 09:41:00,Alba Llibre Rius,Les Fulles Mortes,174587,0.0484963888888888,2.9097833333333334,9,1,Wednesday,False,2026-01,Les Fulles Mortes Alba Llibre Rius,0.824,0.516,0.209,1.67e-05,0.129,-14.43,0.0409,71.937,0.204,1.0
230,230,2026-01-14 09:46:00,Marina Rossell,Les Fulles Mortes,225693,0.0626925,3.76155,9,1,Wednesday,False,2026-01,Les Fulles Mortes Marina Rossell,,,,,,,,,,
231,231,2026-01-14 09:51:00,Andrea Bocelli,Las Hojas Muertas,290997,0.0808325,4.84995,9,1,Wednesday,False,2026-01,Las Hojas Muertas Andrea Bocelli,0.808,0.18,0.445,0.00686,0.0636,-8.712,0.0341,147.856,0.0743,1.0
232,232,2026-01-14 10:17:00,Adele,Skyfall,4870,0.0013527777777777,0.0811666666666666,10,1,Wednesday,True,2026-01,Skyfall Adele,0.0816,0.263,0.604,0.775,0.0897,-11.435,0.0547,140.078,0.0799,0.0
233,233,2026-01-14 10:20:00,Frank Sinatra,Autumn Leaves - Remastered 1999,172867,0.0480186111111111,2.8811166666666668,10,1,Wednesday,False,2026-01,Autumn Leaves - Remastered 1999 Frank Sinatra,0.868,0.223,0.105,4.92e-05,0.181,-17.766,0.0316,81.493,0.0783,3.0
234,234,2026-01-14 10:23:00,Nat King Cole,Autumn Leaves,161766,0.044935,2.6961,10,1,Wednesday,False,2026-01,Autumn Leaves Nat King Cole,0.939,0.211,0.348,0.00052,0.384,-10.12,0.0326,86.868,0.0981,3.0
235,235,2026-01-14 10:29:00,Eric Clapton,Autumn Leaves,340787,0.0946630555555555,5.679783333333333,10,1,Wednesday,False,2026-01,Autumn Leaves Eric Clapton,0.795,0.326,0.188,0.676,0.112,-17.393,0.0363,82.688,0.184,3.0
236,236,2026-01-14 10:34:00,Eva Cassidy,Autumn Leaves (Live At Blues Alley),289560,0.0804333333333333,4.826,10,1,Wednesday,False,2026-01,Autumn Leaves (Live At Blues Alley) Eva Cassidy,0.976,0.367,0.0445,0.0283,0.734,-19.014,0.035,147.411,0.118,3.0
237,237,2026-01-14 10:37:00,Édith Piaf,Les Feuilles mortes (Autumn leaves) - Live,206587,0.0573852777777777,3.4431166666666666,10,1,Wednesday,False,2026-01,Les Feuilles mortes (Autumn leaves) - Live Édith Piaf,0.965,0.187,0.23,7.91e-06,0.919,-11.649,0.038,174.007,0.103,3.0
238,238,2026-01-14 10:40:00,Matt Ganim,Autumn Leaves (Piano Version),168182,0.0467172222222222,2.803033333333333,10,1,Wednesday,False,2026-01,Autumn Leaves (Piano Version) Matt Ganim,0.988,0.465,0.0151,0.87,0.0767,-19.357,0.0568,105.16,0.212,3.0
239,239,2026-01-14 10:43:00,Sole Gimenez,Las hojas muertas,214907,0.0596963888888888,3.581783333333333,10,1,Wednesday,False,2026-01,Las hojas muertas Sole Gimenez,0.781,0.549,0.402,3.32e-06,0.128,-9.532,0.0474,121.55,0.34,1.0
240,240,2026-01-14 10:46:00,Raphael,Las Hojas Muertas,183317,0.0509213888888888,3.055283333333333,10,1,Wednesday,False,2026-01,Las Hojas Muertas Raphael,0.582,0.474,0.347,0.0,0.151,-8.706,0.0332,124.342,0.241,1.0
241,241,2026-01-14 10:50:00,Sergio Golwarz,Las Hojas Muertas,188976,0.0524933333333333,3.1496,10,1,Wednesday,False,2026-01,Las Hojas Muertas Sergio Golwarz,0.795,0.267,0.495,0.579,0.116,-6.136,0.0344,132.774,0.322,1.0
242,242,2026-01-14 10:52:00,Richard Mayner,Las Hojas Muertas,166040,0.0461222222222222,2.767333333333333,10,1,Wednesday,False,2026-01,Las Hojas Muertas Richard Mayner,0.0603,0.39,0.14,0.417,0.287,-17.702,0.0348,130.031,0.271,3.0
243,243,2026-01-14 10:55:00,Barbara Pravi,Voilà,127370,0.0353805555555555,2.1228333333333333,10,1,Wednesday,False,2026-01,Voilà Barbara Pravi,0.773,0.447,0.337,0.0,0.298,-8.665,0.0631,135.379,0.603,1.0
244,244,2026-01-14 10:55:00,Meryl Streep,Slipping Through My Fingers - From 'Mamma Mia!' Original Motion Picture Soundtrack,27572,0.0076588888888888,0.4595333333333333,10,1,Wednesday,True,2026-01,Slipping Through My Fingers - From 'Mamma Mia!' Original Motion Picture Soundtrack Meryl Streep,0.507,0.463,0.489,0.0,0.165,-7.968,0.0288,140.034,0.249,0.0
245,245,2026-01-14 11:00:00,Glass Trio,Wilting,271256,0.0753488888888889,4.520933333333334,11,1,Wednesday,False,2026-01,Wilting Glass Trio,0.932,0.497,0.129,0.892,0.106,-18.951,0.0391,110.534,0.177,3.0
246,246,2026-01-14 11:03:00,Junity,Imagine,215250,0.0597916666666666,3.5875,11,1,Wednesday,False,2026-01,Imagine Junity,0.964,0.493,0.126,6.44e-05,0.14,-16.534,0.0322,139.444,0.311,1.0
247,247,2026-01-14 11:07:00,The Blue Versions,Creep,218370,0.0606583333333333,3.6395,11,1,Wednesday,False,2026-01,Creep The Blue Versions,0.816,0.508,0.263,0.00074,0.155,-15.131,0.0334,137.545,0.21,1.0
248,248,2026-01-14 11:12:00,The Northern Lights Quintet,Hallelujah,303962,0.0844338888888888,5.066033333333333,11,1,Wednesday,False,2026-01,Hallelujah The Northern Lights Quintet,0.771,0.365,0.186,0.0,0.111,-15.545,0.0305,94.108,0.171,3.0
249,249,2026-01-14 11:15:00,Laza Bossa,Seven Nation Army,205181,0.0569947222222222,3.4196833333333334,11,1,Wednesday,False,2026-01,Seven Nation Army Laza Bossa,,,,,,,,,,
250,250,2026-01-14 11:21:00,The Northern Lights Quintet,The Winner Takes It All,341083,0.0947452777777777,5.684716666666667,11,1,Wednesday,False,2026-01,The Winner Takes It All The Northern Lights Quintet,0.895,0.395,0.232,1.57e-05,0.254,-13.059,0.0298,89.132,0.137,1.0
251,251,2026-01-14 11:23:00,Eric Rowland,I Get Along Without You Very Well,99987,0.0277741666666666,1.66645,11,1,Wednesday,False,2026-01,I Get Along Without You Very Well Eric Rowland,0.952,0.465,0.186,0.936,0.111,-19.58,0.0349,114.283,0.105,3.0
252,252,2026-01-14 11:27:00,More More,Umbrella,258000,0.0716666666666666,4.3,11,1,Wednesday,False,2026-01,Umbrella More More,0.000566,0.34,0.822,0.0,0.0959,-5.054,0.0424,174.088,0.354,0.0
253,253,2026-01-14 11:30:00,Philippe Saisse Trio,September,205680,0.0571333333333333,3.428,11,1,Wednesday,False,2026-01,September Philippe Saisse Trio,0.626,0.694,0.698,0.847,0.0777,-8.806,0.0305,125.008,0.732,2.0
254,254,2026-01-14 11:36:00,BWB,Billie Jean,365120,0.1014222222222222,6.085333333333334,11,1,Wednesday,False,2026-01,Billie Jean BWB,0.457,0.785,0.633,0.438,0.0864,-8.58,0.0336,112.973,0.945,2.0
255,255,2026-01-14 11:40:00,Louie Hobbs Trio,Hey Jude,219625,0.0610069444444444,3.660416666666667,11,1,Wednesday,False,2026-01,Hey Jude Louie Hobbs Trio,0.944,0.68,0.212,0.89,0.077,-15.635,0.0419,121.394,0.364,1.0
256,256,2026-01-14 11:46:00,Atlantic Five Jazz Band,Careless Whisper,340000,0.0944444444444444,5.666666666666667,11,1,Wednesday,False,2026-01,Careless Whisper Atlantic Five Jazz Band,0.595,0.526,0.356,0.927,0.103,-14.513,0.0341,75.305,0.367,1.0
257,257,2026-01-14 11:50:00,Denis Solee,"New York, New York",233067,0.0647408333333333,3.88445,11,1,Wednesday,False,2026-01,"New York, New York Denis Solee",,,,,,,,,,
258,258,2026-01-14 11:51:00,Hunter Paige,i've got a crush on you,30002,0.0083338888888888,0.5000333333333333,11,1,Wednesday,False,2026-01,i've got a crush on you Hunter Paige,0.928,0.582,0.123,0.589,0.121,-16.208,0.0364,106.559,0.0795,1.0
259,259,2026-01-14 11:51:00,Hunter Paige,i've got a crush on you,1674,0.000465,0.0279,11,1,Wednesday,True,2026-01,i've got a crush on you Hunter Paige,0.928,0.582,0.123,0.589,0.121,-16.208,0.0364,106.559,0.0795,1.0
260,260,2026-01-14 11:51:00,Arta Porting,Beautiful Sunrise,853,0.0002369444444444,0.0142166666666666,11,1,Wednesday,True,2026-01,Beautiful Sunrise Arta Porting,0.936,0.362,0.17,0.879,0.109,-18.193,0.0338,107.442,0.156,3.0
261,261,2026-01-14 11:51:00,Sweet Nothings Band,I Fall In Love Too Easily,7960,0.0022111111111111,0.1326666666666666,11,1,Wednesday,True,2026-01,I Fall In Love Too Easily Sweet Nothings Band,0.946,0.391,0.151,0.863,0.23,-17.695,0.032,95.055,0.107,3.0
262,262,2026-01-14 11:51:00,Halcyon Jazz Band,Serene Resonance,1435,0.0003986111111111,0.0239166666666666,11,1,Wednesday,True,2026-01,Serene Resonance Halcyon Jazz Band,0.92,0.333,0.118,0.878,0.102,-17.564,0.0426,176.16,0.109,3.0
263,263,2026-01-14 11:55:00,Engelbert Humperdinck,A Man Without Love,203133,0.0564258333333333,3.38555,11,1,Wednesday,False,2026-01,A Man Without Love Engelbert Humperdinck,0.637,0.538,0.467,0.0,0.115,-9.589,0.0327,111.766,0.507,1.0
264,264,2026-01-14 11:58:00,Michael Ball,A Man Without Love,211667,0.0587963888888888,3.5277833333333333,11,1,Wednesday,False,2026-01,A Man Without Love Michael Ball,0.576,0.458,0.613,0.000494,0.242,-6.662,0.03,108.822,0.553,2.0
265,265,2026-01-14 12:02:00,Mega Anthem Hitz,"A Man Without Love (Everday I Wake Up) [from ""Moon Knight""]",211907,0.0588630555555555,3.5317833333333333,12,1,Wednesday,False,2026-01,"A Man Without Love (Everday I Wake Up) [from ""Moon Knight""] Mega Anthem Hitz",0.853,0.583,0.368,0.0,0.0967,-11.742,0.0333,107.698,0.613,1.0
266,266,2026-01-14 12:05:00,Engelbert Humperdinck,A Man Without Love / Cuando Me Enamoro (with Angélica María),200746,0.0557627777777777,3.3457666666666666,12,1,Wednesday,False,2026-01,A Man Without Love / Cuando Me Enamoro (with Angélica María) Engelbert Humperdinck,0.638,0.619,0.527,0.0,0.121,-8.258,0.027,113.035,0.456,2.0
267,267,2026-01-14 12:08:00,Engelbert Humperdinck,A Man Without Love - Live,195440,0.0542888888888888,3.2573333333333334,12,1,Wednesday,False,2026-01,A Man Without Love - Live Engelbert Humperdinck,0.729,0.386,0.473,0.0,0.271,-12.416,0.0345,110.322,0.498,1.0
268,268,2026-01-14 12:12:00,Sergio Franchi,"Serenata/A Man Without Love - Medley/Live On The Ed Sullivan Show, August 17, 1969",211254,0.0586816666666666,3.5209,12,1,Wednesday,False,2026-01,"Serenata/A Man Without Love - Medley/Live On The Ed Sullivan Show, August 17, 1969 Sergio Franchi",0.227,0.643,0.341,0.0,0.0689,-15.934,0.0383,130.688,0.64,2.0
269,269,2026-01-14 12:15:00,Riyandi Kusuma,A Man Without Love (Piano Version),201975,0.0561041666666666,3.36625,12,1,Wednesday,False,2026-01,A Man Without Love (Piano Version) Riyandi Kusuma,0.983,0.418,0.16,0.882,0.131,-18.218,0.0385,111.505,0.116,3.0
270,270,2026-01-14 12:19:00,Ronnie Aldrich and his 2 pianos,A Man Without Love,217160,0.0603222222222222,3.6193333333333335,12,1,Wednesday,False,2026-01,A Man Without Love Ronnie Aldrich and his 2 pianos,0.565,0.512,0.508,0.842,0.194,-10.178,0.0261,110.414,0.575,2.0
271,271,2026-01-14 12:19:00,Enrique Iglesias,Cuando Me Enamoro,5931,0.0016475,0.09885,12,1,Wednesday,True,2026-01,Cuando Me Enamoro Enrique Iglesias,0.0106,0.82,0.813,4.84e-05,0.0893,-3.646,0.0268,126.026,0.893,2.0
272,272,2026-01-14 12:34:00,Andrea Bocelli,Cuando Me Enamoro,79074,0.021965,1.3179,12,1,Wednesday,False,2026-01,Cuando Me Enamoro Andrea Bocelli,0.65,0.622,0.611,2.76e-06,0.102,-5.981,0.0397,102.104,0.42,2.0
273,273,2026-01-14 14:31:00,Jorge Muñiz,Cuando Me Enamoro - En Vivo,1229,0.0003413888888888,0.0204833333333333,14,1,Wednesday,True,2026-01,Cuando Me Enamoro - En Vivo Jorge Muñiz,,,,,,,,,,
274,274,2026-01-14 14:43:00,Miles Davis,Autumn Leaves,660280,0.1834111111111111,11.004666666666669,14,1,Wednesday,False,2026-01,Autumn Leaves Miles Davis,0.784,0.543,0.164,9.62e-05,0.111,-14.351,0.0358,111.905,0.306,1.0
275,275,2026-01-14 14:47:00,Bill Evans,Autumn Leaves,220200,0.0611666666666666,3.67,14,1,Wednesday,False,2026-01,Autumn Leaves Bill Evans,0.919,0.626,0.295,0.695,0.0797,-13.651,0.037,103.064,0.579,1.0
276,276,2026-01-14 14:47:00,Bill Evans,Autumn Leaves,17525,0.0048680555555555,0.2920833333333333,14,1,Wednesday,True,2026-01,Autumn Leaves Bill Evans,0.919,0.626,0.295,0.695,0.0797,-13.651,0.037,103.064,0.579,1.0
277,277,2026-01-14 14:49:00,Bill Evans,Autumn Leaves,6640,0.0018444444444444,0.1106666666666666,14,1,Wednesday,True,2026-01,Autumn Leaves Bill Evans,0.919,0.626,0.295,0.695,0.0797,-13.651,0.037,103.064,0.579,1.0
278,278,2026-01-14 14:49:00,Bill Evans,Autumn Leaves,90784,0.0252177777777777,1.5130666666666666,14,1,Wednesday,False,2026-01,Autumn Leaves Bill Evans,0.919,0.626,0.295,0.695,0.0797,-13.651,0.037,103.064,0.579,1.0
279,279,2026-01-14 14:52:00,Leslie Odom Jr.,Alexander Hamilton,31966,0.0088794444444444,0.5327666666666667,14,1,Wednesday,False,2026-01,Alexander Hamilton Leslie Odom Jr.,0.522,0.609,0.435,0.0,0.118,-7.861,0.285,131.995,0.552,2.0
280,280,2026-01-14 14:52:00,Leslie Odom Jr.,Alexander Hamilton,9604,0.0026677777777777,0.1600666666666666,14,1,Wednesday,True,2026-01,Alexander Hamilton Leslie Odom Jr.,0.522,0.609,0.435,0.0,0.118,-7.861,0.285,131.995,0.552,2.0
281,281,2026-01-14 14:52:00,Lin-Manuel Miranda,"Aaron Burr, Sir",1427,0.0003963888888888,0.0237833333333333,14,1,Wednesday,True,2026-01,"Aaron Burr, Sir Lin-Manuel Miranda",0.272,0.646,0.439,0.0,0.0945,-10.837,0.818,160.387,0.528,2.0
282,282,2026-01-14 14:52:00,Oscar Peterson Trio,Autumn Leaves,5797,0.0016102777777777,0.0966166666666666,14,1,Wednesday,True,2026-01,Autumn Leaves Oscar Peterson Trio,0.711,0.42,0.441,0.000586,0.192,-11.266,0.0349,81.442,0.532,1.0
283,283,2026-01-14 14:53:00,Leslie Odom Jr.,Alexander Hamilton,6520,0.0018111111111111,0.1086666666666666,14,1,Wednesday,True,2026-01,Alexander Hamilton Leslie Odom Jr.,0.522,0.609,0.435,0.0,0.118,-7.861,0.285,131.995,0.552,2.0
284,284,2026-01-14 14:53:00,Original Broadway Cast of Hamilton,"Who Lives, Who Dies, Who Tells Your Story",1000,0.0002777777777777,0.0166666666666666,14,1,Wednesday,True,2026-01,"Who Lives, Who Dies, Who Tells Your Story Original Broadway Cast of Hamilton",0.777,0.353,0.326,0.0,0.0904,-9.687,0.0901,75.5,0.156,1.0
285,285,2026-01-14 14:55:00,Leslie Odom Jr.,Alexander Hamilton,64696,0.0179711111111111,1.0782666666666667,14,1,Wednesday,False,2026-01,Alexander Hamilton Leslie Odom Jr.,0.522,0.609,0.435,0.0,0.118,-7.861,0.285,131.995,0.552,2.0
286,286,2026-01-14 14:56:00,Manu Guix,La Rosa,3315,0.0009208333333333,0.05525,14,1,Wednesday,True,2026-01,La Rosa Manu Guix,,,,,,,,,,
287,287,2026-01-14 14:56:00,Manu Guix,Dibuixa'm un Xai,45410,0.0126138888888888,0.7568333333333334,14,1,Wednesday,False,2026-01,Dibuixa'm un Xai Manu Guix,,,,,,,,,,
288,288,2026-01-14 14:56:00,Manu Guix,Cançó dels Baobabs,2570,0.0007138888888888,0.0428333333333333,14,1,Wednesday,True,2026-01,Cançó dels Baobabs Manu Guix,,,,,,,,,,
289,289,2026-01-14 14:57:00,Manu Guix,Vaig Aprendre,6023,0.0016730555555555,0.1003833333333333,14,1,Wednesday,True,2026-01,Vaig Aprendre Manu Guix,,,,,,,,,,
290,290,2026-01-14 14:57:00,Manu Guix,Dibuixa'm un Xai,2666,0.0007405555555555,0.0444333333333333,14,1,Wednesday,True,2026-01,Dibuixa'm un Xai Manu Guix,,,,,,,,,,
291,291,2026-01-14 14:57:00,Manu Guix,Cançó dels Baobabs,23324,0.0064788888888888,0.3887333333333333,14,1,Wednesday,True,2026-01,Cançó dels Baobabs Manu Guix,,,,,,,,,,
292,292,2026-01-14 14:57:00,Manu Guix,El Bevedor,20620,0.0057277777777777,0.3436666666666667,14,1,Wednesday,True,2026-01,El Bevedor Manu Guix,,,,,,,,,,
293,293,2026-01-14 14:58:00,Manu Guix,La Meva Rosa,1592,0.0004422222222222,0.0265333333333333,14,1,Wednesday,True,2026-01,La Meva Rosa Manu Guix,,,,,,,,,,
294,294,2026-01-14 14:58:00,Manu Guix,El Bevedor,21235,0.0058986111111111,0.3539166666666666,14,1,Wednesday,True,2026-01,El Bevedor Manu Guix,,,,,,,,,,
295,295,2026-01-14 16:36:00,Manu Guix,Vaig Aprendre,172704,0.0479733333333333,2.8784,16,1,Wednesday,False,2026-01,Vaig Aprendre Manu Guix,,,,,,,,,,
296,296,2026-01-15 06:00:00,Low Roar,Not Around,46827,0.0130075,0.78045,6,1,Thursday,False,2026-01,Not Around Low Roar,0.674,0.378,0.242,0.537,0.0864,-16.962,0.0317,158.085,0.0744,3.0
297,297,2026-01-15 06:15:00,Els Amics De Les Arts,Els Bons Fotògrafs,13609,0.0037802777777777,0.2268166666666666,6,1,Thursday,True,2026-01,Els Bons Fotògrafs Els Amics De Les Arts,0.854,0.627,0.289,0.000571,0.129,-14.224,0.0296,116.235,0.324,1.0
298,298,2026-01-15 06:20:00,Paul Engemann,Scarface (Push It To The Limit),11988,0.00333,0.1998,6,1,Thursday,True,2026-01,Scarface (Push It To The Limit) Paul Engemann,0.0299,0.571,0.609,2.89e-06,0.66,-10.691,0.0324,156.203,0.27,0.0
299,299,2026-01-15 06:25:00,Keane,Everybody's Changing,10318,0.0028661111111111,0.1719666666666666,6,1,Thursday,True,2026-01,Everybody's Changing Keane,0.0014,0.517,0.839,0.000365,0.108,-3.521,0.0287,94.015,0.416,0.0
300,300,2026-01-15 06:30:00,Violet Orlandi,Yesterday,13641,0.0037891666666666,0.22735,6,1,Thursday,True,2026-01,Yesterday Violet Orlandi,,,,,,,,,,
301,301,2026-01-15 06:35:00,Nirvana,Molly's Lips - BBC John Peel Session 1990,19481,0.0054113888888888,0.3246833333333333,6,1,Thursday,True,2026-01,Molly's Lips - BBC John Peel Session 1990 Nirvana,1.91e-05,0.311,0.895,0.195,0.0584,-9.401,0.0476,167.107,0.681,0.0
302,302,2026-01-15 06:40:00,Cast of Mamma Mia! The Movie,Voulez-Vous - From 'Mamma Mia!' Original Motion Picture Soundtrack,21905,0.0060847222222222,0.3650833333333333,6,1,Thursday,True,2026-01,Voulez-Vous - From 'Mamma Mia!' Original Motion Picture Soundtrack Cast of Mamma Mia! The Movie,0.0152,0.701,0.889,0.0131,0.148,-4.776,0.0362,126.986,0.789,2.0
303,303,2026-01-15 06:45:00,Sasha Baron Cohen,The Sewers,18063,0.0050175,0.30105,6,1,Thursday,True,2026-01,The Sewers Sasha Baron Cohen,0.564,0.312,0.265,0.000789,0.19,-11.854,0.0373,169.232,0.174,1.0
304,304,2026-01-15 06:55:00,Guns N' Roses,Estranged,5406,0.0015016666666666,0.0901,6,1,Thursday,True,2026-01,Estranged Guns N' Roses,0.0105,0.358,0.762,0.282,0.368,-8.323,0.0324,89.246,0.168,0.0
305,305,2026-01-15 07:23:00,Manu Guix,Vaig Aprendre,5190,0.0014416666666666,0.0865,7,1,Thursday,True,2026-01,Vaig Aprendre Manu Guix,,,,,,,,,,
306,306,2026-01-15 07:25:00,Manu Guix,Comiat,128787,0.0357741666666666,2.14645,7,1,Thursday,False,2026-01,Comiat Manu Guix,,,,,,,,,,
307,307,2026-01-15 07:31:00,Manu Guix,Serem Petits Prínceps,19951,0.0055419444444444,0.3325166666666667,7,1,Thursday,True,2026-01,Serem Petits Prínceps Manu Guix,,,,,,,,,,
308,308,2026-01-15 07:34:00,Lorien Testard,Alicia,170000,0.0472222222222222,2.833333333333333,7,1,Thursday,False,2026-01,Alicia Lorien Testard,0.958,0.16,0.149,2.17e-06,0.156,-12.107,0.0419,169.141,0.141,3.0
309,309,2026-01-15 07:38:00,Lorien Testard,Gustave,228000,0.0633333333333333,3.8,7,1,Thursday,False,2026-01,Gustave Lorien Testard,0.955,0.353,0.299,0.862,0.12,-12.835,0.0318,80.135,0.284,1.0
310,310,2026-01-15 07:42:00,Lorien Testard,Lumière,222000,0.0616666666666666,3.7,7,1,Thursday,False,2026-01,Lumière Lorien Testard,0.95,0.426,0.185,5.02e-06,0.213,-11.717,0.0339,83.424,0.459,1.0
311,311,2026-01-15 07:46:00,Lorien Testard,Lumière - Lumière à l’Aube,232000,0.0644444444444444,3.8666666666666663,7,1,Thursday,False,2026-01,Lumière - Lumière à l’Aube Lorien Testard,0.881,0.599,0.136,0.855,0.101,-19.403,0.0435,149.849,0.396,1.0
312,312,2026-01-15 07:49:00,Lorien Testard,Lumière - Promenade dans Lumière,205000,0.0569444444444444,3.4166666666666665,7,1,Thursday,False,2026-01,Lumière - Promenade dans Lumière Lorien Testard,0.852,0.393,0.0284,0.000954,0.296,-21.307,0.0477,150.39,0.395,3.0
313,313,2026-01-15 07:52:00,Lorien Testard,Lumière - Le Grand Café de Lumière,146000,0.0405555555555555,2.433333333333333,7,1,Thursday,False,2026-01,Lumière - Le Grand Café de Lumière Lorien Testard,0.447,0.551,0.179,0.754,0.105,-13.585,0.0278,106.445,0.293,1.0
314,314,2026-01-15 07:53:00,Lorien Testard,Lumière - Continuer à t'aimer (Lune),110000,0.0305555555555555,1.8333333333333333,7,1,Thursday,False,2026-01,Lumière - Continuer à t'aimer (Lune) Lorien Testard,0.744,0.797,0.171,0.46,0.113,-14.832,0.0859,99.95,0.243,1.0
315,315,2026-01-15 07:56:00,Lorien Testard,Lumière - Rêveries dans Lumière,9334,0.0025927777777777,0.1555666666666666,7,1,Thursday,True,2026-01,Lumière - Rêveries dans Lumière Lorien Testard,0.994,0.65,0.0206,0.956,0.195,-27.56,0.0437,90.112,0.281,3.0
316,316,2026-01-15 08:30:00,Lorien Testard,Une vie à t'aimer,512713,0.1424202777777777,8.545216666666667,8,1,Thursday,False,2026-01,Une vie à t'aimer Lorien Testard,0.0634,0.16,0.862,3.65e-06,0.366,-4.397,0.288,179.986,0.0652,0.0
317,317,2026-01-15 08:32:00,Lorien Testard,The Reacher - Naissance des cendres,146000,0.0405555555555555,2.433333333333333,8,1,Thursday,False,2026-01,The Reacher - Naissance des cendres Lorien Testard,0.812,0.276,0.292,0.255,0.114,-15.268,0.0343,134.818,0.25,3.0
318,318,2026-01-15 08:33:00,Lorien Testard,Gustave (Music Box),53206,0.0147794444444444,0.8867666666666667,8,1,Thursday,False,2026-01,Gustave (Music Box) Lorien Testard,0.953,0.504,0.298,0.874,0.13,-16.273,0.0452,160.109,0.189,1.0
319,319,2026-01-15 08:36:00,Lorien Testard,Lumière (Music Box),172000,0.0477777777777777,2.8666666666666667,8,1,Thursday,False,2026-01,Lumière (Music Box) Lorien Testard,0.857,0.672,0.178,0.617,0.296,-21.298,0.114,74.993,0.0942,1.0
320,320,2026-01-15 09:03:00,Lorien Testard,Une vie à peindre,517045,0.1436236111111111,8.617416666666667,9,1,Thursday,False,2026-01,Une vie à peindre Lorien Testard,0.013,0.361,0.766,0.000889,0.0863,-6.318,0.0502,90.034,0.118,0.0
321,321,2026-01-15 09:06:00,Lorien Testard,Une vie à peindre,143007,0.0397241666666666,2.38345,9,1,Thursday,False,2026-01,Une vie à peindre Lorien Testard,0.013,0.361,0.766,0.000889,0.0863,-6.318,0.0502,90.034,0.118,0.0
322,322,2026-01-15 09:17:00,Lorien Testard,Une vie à t'aimer,660000,0.1833333333333333,11.0,9,1,Thursday,False,2026-01,Une vie à t'aimer Lorien Testard,0.0634,0.16,0.862,3.65e-06,0.366,-4.397,0.288,179.986,0.0652,0.0
323,323,2026-01-15 09:20:00,Lorien Testard,World Map - Of Virtuosity and Heart,191000,0.0530555555555555,3.183333333333333,9,1,Thursday,False,2026-01,World Map - Of Virtuosity and Heart Lorien Testard,3.58e-05,0.289,0.841,0.952,0.0961,-7.509,0.0546,149.198,0.177,0.0
324,324,2026-01-15 09:22:00,Lorien Testard,Spring Meadows - Cello Motifs,133708,0.0371411111111111,2.228466666666667,9,1,Thursday,False,2026-01,Spring Meadows - Cello Motifs Lorien Testard,0.86,0.242,0.0668,0.928,0.104,-21.951,0.0493,123.655,0.214,3.0
325,325,2026-01-15 09:34:00,Sebastien Skaf,"Une vie à t'aimer (from ""Clair Obscur: Expedition 33"")",684098,0.1900272222222222,11.401633333333333,9,1,Thursday,False,2026-01,"Une vie à t'aimer (from ""Clair Obscur: Expedition 33"") Sebastien Skaf",,,,,,,,,,
326,326,2026-01-15 09:43:00,Laurie Théberge,Une Vie à T'aimer - Piano Version,537625,0.1493402777777777,8.960416666666667,9,1,Thursday,False,2026-01,Une Vie à T'aimer - Piano Version Laurie Théberge,,,,,,,,,,
327,327,2026-01-15 09:47:00,Grim Cat Piano,Une vie à t'aimer (from Clair Obscur: Expedition 33) - Piano Version,275282,0.0764672222222222,4.588033333333334,9,1,Thursday,False,2026-01,Une vie à t'aimer (from Clair Obscur: Expedition 33) - Piano Version Grim Cat Piano,,,,,,,,,,
328,328,2026-01-15 09:52:00,Sebastien Skaf,"Gustave (from ""Clair Obscur: Expedition 33"")",252909,0.0702525,4.21515,9,1,Thursday,False,2026-01,"Gustave (from ""Clair Obscur: Expedition 33"") Sebastien Skaf",,,,,,,,,,
329,329,2026-01-15 09:55:00,Grim Cat Piano,Gustave (from Clair Obscur: Expedition 33) - Piano Version,234657,0.0651825,3.91095,9,1,Thursday,False,2026-01,Gustave (from Clair Obscur: Expedition 33) - Piano Version Grim Cat Piano,,,,,,,,,,
330,330,2026-01-15 10:00:00,Jamie Evans Music,Daredevil Born Again - Opening Theme - Epic Version,278295,0.0773041666666666,4.63825,10,1,Thursday,False,2026-01,Daredevil Born Again - Opening Theme - Epic Version Jamie Evans Music,0.083,0.192,0.38,0.5,0.0858,-12.476,0.0354,84.44,0.0391,0.0
331,331,2026-01-15 10:04:00,Lorien Testard,Lumière - Nocturne pour Lumière (Violoncelle),206000,0.0572222222222222,3.433333333333333,10,1,Thursday,False,2026-01,Lumière - Nocturne pour Lumière (Violoncelle) Lorien Testard,0.984,0.205,0.208,0.902,0.134,-15.812,0.0539,171.733,0.315,3.0
332,332,2026-01-15 10:06:00,Lorien Testard,Lettre à Maelle,140000,0.0388888888888888,2.333333333333333,10,1,Thursday,False,2026-01,Lettre à Maelle Lorien Testard,0.988,0.25,0.0903,0.921,0.112,-21.878,0.0289,84.691,0.18,3.0
333,333,2026-01-15 10:08:00,Lorien Testard,Monoco's Station - Maelle’s First Snow,129000,0.0358333333333333,2.15,10,1,Thursday,False,2026-01,Monoco's Station - Maelle’s First Snow Lorien Testard,0.988,0.0906,0.159,0.829,0.0745,-18.509,0.0402,86.234,0.0405,3.0
334,334,2026-01-15 11:24:00,Lorien Testard,The Reacher - Vers le Sommet,106393,0.0295536111111111,1.7732166666666669,11,1,Thursday,False,2026-01,The Reacher - Vers le Sommet Lorien Testard,0.743,0.521,0.479,0.907,0.111,-15.92,0.0266,139.999,0.521,1.0
335,335,2026-01-16 07:40:00,Queen,White Queen (As It Began) - Remastered 2011,16331,0.0045363888888888,0.2721833333333333,7,1,Friday,True,2026-01,White Queen (As It Began) - Remastered 2011 Queen,0.829,0.241,0.296,3.7e-05,0.133,-12.441,0.0359,153.27,0.173,3.0
336,336,2026-01-16 07:50:00,Jim Sturgess,Revolution,9126,0.002535,0.1521,7,1,Friday,True,2026-01,Revolution Jim Sturgess,0.00077,0.406,0.903,0.0172,0.124,-6.745,0.124,62.865,0.402,0.0
337,337,2026-01-16 08:00:00,The Dave Brubeck Quartet,Take Five,26770,0.0074361111111111,0.4461666666666666,8,1,Friday,True,2026-01,Take Five The Dave Brubeck Quartet,0.539,0.454,0.26,0.00078,0.0675,-13.193,0.0401,174.322,0.598,1.0
338,338,2026-01-16 08:20:00,Simon & Garfunkel,The Sound of Silence - Acoustic Version,17553,0.0048758333333333,0.29255,8,1,Friday,True,2026-01,The Sound of Silence - Acoustic Version Simon & Garfunkel,0.837,0.525,0.216,0.0,0.107,-13.551,0.0301,106.761,0.328,1.0
339,339,2026-01-18 16:56:00,Simon & Garfunkel,The Sound of Silence - Acoustic Version,195230,0.0542305555555555,3.253833333333333,16,1,Sunday,False,2026-01,The Sound of Silence - Acoustic Version Simon & Garfunkel,0.837,0.525,0.216,0.0,0.107,-13.551,0.0301,106.761,0.328,1.0
340,340,2026-01-18 17:02:00,John Williams,"Across the Stars (Love Theme from ""Star Wars: Attack of the Clones"")",331840,0.0921777777777777,5.530666666666667,17,1,Sunday,False,2026-01,"Across the Stars (Love Theme from ""Star Wars: Attack of the Clones"") John Williams",,,,,,,,,,
341,341,2026-01-18 17:07:00,Murray Gold,Doomsday,309707,0.0860297222222222,5.161783333333333,17,1,Sunday,False,2026-01,Doomsday Murray Gold,,,,,,,,,,
342,342,2026-01-18 17:11:00,Lorien Testard,Gustave,228000,0.0633333333333333,3.8,17,1,Sunday,False,2026-01,Gustave Lorien Testard,0.955,0.353,0.299,0.862,0.12,-12.835,0.0318,80.135,0.284,1.0
343,343,2026-01-18 17:13:00,Lorien Testard,Alicia,170000,0.0472222222222222,2.833333333333333,17,1,Sunday,False,2026-01,Alicia Lorien Testard,0.958,0.16,0.149,2.17e-06,0.156,-12.107,0.0419,169.141,0.141,3.0
344,344,2026-01-18 17:18:00,Patrik Pietschmann,Schindler's List Main Theme - Piano Version,242976,0.0674933333333333,4.0496,17,1,Sunday,False,2026-01,Schindler's List Main Theme - Piano Version Patrik Pietschmann,0.99,0.441,0.0578,0.876,0.0703,-21.398,0.048,98.48,0.0706,3.0
345,345,2026-01-18 17:23:00,Joe Hisaishi,Merry-Go-Round of Life - from 'Howl's Moving Castle',311107,0.0864186111111111,5.185116666666667,17,1,Sunday,False,2026-01,Merry-Go-Round of Life - from 'Howl's Moving Castle' Joe Hisaishi,0.876,0.239,0.287,0.644,0.122,-12.565,0.0388,71.608,0.185,3.0
346,346,2026-01-18 17:27:00,Hans Zimmer,Time,275556,0.0765433333333333,4.5926,17,1,Sunday,False,2026-01,Time Hans Zimmer,0.178,0.286,0.0968,0.696,0.0861,-16.806,0.0323,62.881,0.0395,3.0
347,347,2026-01-18 17:55:00,Natalie Holt,Purpose Is Glorious,8564,0.0023788888888888,0.1427333333333333,17,1,Sunday,True,2026-01,Purpose Is Glorious Natalie Holt,0.429,0.159,0.203,0.908,0.244,-14.684,0.0316,88.905,0.057,3.0
348,348,2026-01-19 07:10:00,Green Day,Holiday,32407,0.0090019444444444,0.5401166666666667,7,1,Monday,False,2026-01,Holiday Green Day,0.000138,0.538,0.884,0.0,0.466,-3.251,0.031,146.511,0.736,2.0
349,349,2026-01-19 07:20:00,Kaho Shimada,On My Own,16376,0.0045488888888888,0.2729333333333333,7,1,Monday,True,2026-01,On My Own Kaho Shimada,0.878,0.218,0.0852,0.000207,0.103,-15.43,0.0422,57.225,0.118,3.0
350,350,2026-01-19 07:30:00,Scott Bradlee's Postmodern Jukebox,I'll Be There for You (Theme From “Friends”),11537,0.0032047222222222,0.1922833333333333,7,1,Monday,True,2026-01,I'll Be There for You (Theme From “Friends”) Scott Bradlee's Postmodern Jukebox,0.419,0.306,0.623,0.0,0.14,-7.67,0.049,166.929,0.614,0.0
351,351,2026-01-19 07:45:00,Els Amics De Les Arts,El Seu Gran Hit,6182,0.0017172222222222,0.1030333333333333,7,1,Monday,True,2026-01,El Seu Gran Hit Els Amics De Les Arts,0.0171,0.608,0.81,0.0,0.327,-4.736,0.0561,120.011,0.795,2.0
352,352,2026-01-19 15:14:00,Nicholas Britell,Andante Con Moto - Strings in E-flat Minor,28034,0.0077872222222222,0.4672333333333333,15,1,Monday,True,2026-01,Andante Con Moto - Strings in E-flat Minor Nicholas Britell,0.268,0.353,0.241,0.878,0.11,-16.249,0.0503,99.184,0.0295,3.0
353,353,2026-01-19 15:15:00,The Neighbourhood,Honest - From The Amazing Spider-Man 2 Soundtrack,35453,0.0098480555555555,0.5908833333333333,15,1,Monday,False,2026-01,Honest - From The Amazing Spider-Man 2 Soundtrack The Neighbourhood,,,,,,,,,,
354,354,2026-01-19 15:16:00,LIZ,That's My Man,2708,0.0007522222222222,0.0451333333333333,15,1,Monday,True,2026-01,That's My Man LIZ,,,,,,,,,,
355,355,2026-01-19 15:16:00,Pharrell Williams,Here,73387,0.0203852777777777,1.2231166666666666,15,1,Monday,False,2026-01,Here Pharrell Williams,,,,,,,,,,
356,356,2026-01-19 15:18:00,Alicia Keys,It's On Again (feat. Kendrick Lamar) - From The Amazing Spider-Man 2 Soundtrack,3666,0.0010183333333333,0.0611,15,1,Monday,True,2026-01,It's On Again (feat. Kendrick Lamar) - From The Amazing Spider-Man 2 Soundtrack Alicia Keys,0.06,0.647,0.687,0.0,0.495,-5.274,0.121,110.14,0.494,2.0
357,357,2026-01-19 15:18:00,Phosphorescent,Song for Zula,87498,0.024305,1.4583,15,1,Monday,False,2026-01,Song for Zula Phosphorescent,0.734,0.486,0.623,0.536,0.0509,-8.264,0.0358,86.007,0.525,2.0
358,358,2026-01-19 15:22:00,Alicia Keys,It's On Again - Radio Edit,7312,0.0020311111111111,0.1218666666666666,15,1,Monday,True,2026-01,It's On Again - Radio Edit Alicia Keys,0.0394,0.624,0.661,0.0,0.344,-5.34,0.0753,110.052,0.512,2.0
359,359,2026-01-19 15:22:00,Coldplay,Til Kingdom Come,250668,0.06963,4.1778,15,1,Monday,False,2026-01,Til Kingdom Come Coldplay,0.61,0.607,0.395,0.00768,0.33,-9.593,0.0287,115.068,0.274,1.0
360,360,2026-01-19 15:25:00,Alessi Brothers,Seabird,186320,0.0517555555555555,3.1053333333333333,15,1,Monday,False,2026-01,Seabird Alessi Brothers,0.136,0.733,0.384,7.97e-05,0.0979,-13.177,0.0306,126.023,0.609,2.0
361,361,2026-01-19 15:38:00,Phillip Phillips,"Gone, Gone, Gone",395233,0.1097869444444444,6.5872166666666665,15,1,Monday,False,2026-01,"Gone, Gone, Gone Phillip Phillips",0.129,0.664,0.642,0.0,0.114,-5.961,0.038,118.006,0.501,2.0
362,362,2026-01-19 15:42:00,Miles Davis,"Gone, Gone, Gone",29379,0.0081608333333333,0.48965,15,1,Monday,True,2026-01,"Gone, Gone, Gone Miles Davis",0.219,0.499,0.419,4.39e-05,0.241,-17.4,0.0605,105.658,0.674,2.0
363,363,2026-01-19 15:42:00,David Schultz,"Gone, Gone, Gone - Piano Version",203458,0.0565161111111111,3.3909666666666665,15,1,Monday,False,2026-01,"Gone, Gone, Gone - Piano Version David Schultz",0.988,0.471,0.0787,0.899,0.108,-19.216,0.0526,103.24,0.0865,3.0
364,364,2026-01-19 15:42:00,Ryan Gosling,"City Of Stars - From ""La La Land"" Soundtrack",2807,0.0007797222222222,0.0467833333333333,15,1,Monday,True,2026-01,"City Of Stars - From ""La La Land"" Soundtrack Ryan Gosling",0.899,0.492,0.116,1.93e-06,0.0889,-15.15,0.0379,111.787,0.434,1.0
365,365,2026-01-19 15:42:00,Jarabe De Palo,La flaca,890,0.0002472222222222,0.0148333333333333,15,1,Monday,True,2026-01,La flaca Jarabe De Palo,0.0838,0.751,0.731,0.0,0.0556,-4.419,0.0308,97.007,0.973,2.0
366,366,2026-01-19 15:45:00,Low Roar,Easy Way Out,0,0.0,0.0,15,1,Monday,True,2026-01,Easy Way Out Low Roar,0.558,0.505,0.42,0.0499,0.218,-9.364,0.0266,109.921,0.113,1.0
367,367,2026-01-19 15:45:00,Els Amics De Les Arts,Kokoschka,1123,0.0003119444444444,0.0187166666666666,15,1,Monday,True,2026-01,Kokoschka Els Amics De Les Arts,0.0691,0.629,0.914,8.54e-06,0.0769,-3.724,0.0736,150.071,0.62,2.0
368,368,2026-01-19 15:45:00,Johnny Cash,Ain't No Grave,0,0.0,0.0,15,1,Monday,True,2026-01,Ain't No Grave Johnny Cash,0.894,0.52,0.35,0.000778,0.0895,-10.713,0.052,79.647,0.39,1.0
369,369,2026-01-19 15:45:00,Els Amics De Les Arts,A Aquestes Alçades De La Pel·lícula,636,0.0001766666666666,0.0106,15,1,Monday,True,2026-01,A Aquestes Alçades De La Pel·lícula Els Amics De Les Arts,0.671,0.675,0.582,1.55e-05,0.128,-8.157,0.0504,125.958,0.857,2.0
370,370,2026-01-19 15:45:00,Antònia Font,Neutrins,2100,0.0005833333333333,0.035,15,1,Monday,True,2026-01,Neutrins Antònia Font,0.635,0.607,0.604,0.887,0.0965,-12.506,0.032,160.038,0.758,2.0
371,371,2026-01-19 15:45:00,Meryl Streep,Mamma Mia - From 'Mamma Mia!' Original Motion Picture Soundtrack,164477,0.0456880555555555,2.741283333333333,15,1,Monday,False,2026-01,Mamma Mia - From 'Mamma Mia!' Original Motion Picture Soundtrack Meryl Streep,0.15,0.746,0.848,2.18e-06,0.37,-4.638,0.0331,138.047,0.756,2.0
372,372,2026-01-19 15:47:00,Pink Floyd,Interstellar Overdrive,60279,0.0167441666666666,1.00465,15,1,Monday,False,2026-01,Interstellar Overdrive Pink Floyd,0.767,0.23,0.704,0.869,0.112,-10.975,0.0566,94.227,0.308,0.0
373,373,2026-01-19 15:48:00,Michael Giacchino,Night On The Yorktown,57241,0.0159002777777777,0.9540166666666666,15,1,Monday,False,2026-01,Night On The Yorktown Michael Giacchino,0.896,0.0753,0.05,0.644,0.0829,-20.269,0.0393,80.17,0.0371,3.0
374,374,2026-01-19 15:51:00,Royal Philharmonic Orchestra,"Another Way To Die - From ""Quantum of Solace""",207973,0.0577702777777777,3.4662166666666665,15,1,Monday,False,2026-01,"Another Way To Die - From ""Quantum of Solace"" Royal Philharmonic Orchestra",,,,,,,,,,
375,375,2026-01-19 15:57:00,a-ha,The Living Daylights - MTV Unplugged,349453,0.0970702777777777,5.824216666666667,15,1,Monday,False,2026-01,The Living Daylights - MTV Unplugged a-ha,0.265,0.581,0.762,9.8e-06,0.2,-8.54,0.0409,110.932,0.436,2.0
376,376,2026-01-19 17:09:00,a-ha,The Living Daylights - Live,124173,0.0344925,2.06955,17,1,Monday,False,2026-01,The Living Daylights - Live a-ha,,,,,,,,,,
377,377,2026-01-20 06:00:00,Brian Crain,Flight of the Eagle (Piano and Cello),21424,0.0059511111111111,0.3570666666666666,6,1,Tuesday,True,2026-01,Flight of the Eagle (Piano and Cello) Brian Crain,0.984,0.345,0.225,0.825,0.112,-14.256,0.0312,111.579,0.139,3.0
378,378,2026-01-20 06:15:00,Els Amics De Les Arts,L'Affaire Sofia,5807,0.0016130555555555,0.0967833333333333,6,1,Tuesday,True,2026-01,L'Affaire Sofia Els Amics De Les Arts,0.599,0.479,0.61,0.0,0.0835,-8.173,0.0429,164.862,0.692,2.0
379,379,2026-01-20 06:20:00,George Harrison,My Sweet Lord - 2014 Remaster,4889,0.0013580555555555,0.0814833333333333,6,1,Tuesday,True,2026-01,My Sweet Lord - 2014 Remaster George Harrison,0.0812,0.54,0.688,0.0,0.0857,-9.021,0.0331,120.981,0.564,2.0
380,380,2026-01-20 06:30:00,Scott Bradlee's Postmodern Jukebox,Umbrella - Piano Version,4555,0.0012652777777777,0.0759166666666666,6,1,Tuesday,True,2026-01,Umbrella - Piano Version Scott Bradlee's Postmodern Jukebox,0.945,0.518,0.575,0.907,0.151,-7.517,0.0595,117.39,0.954,2.0
381,381,2026-01-20 06:40:00,Joel Minguet,Cantos Nuevos,12887,0.0035797222222222,0.2147833333333333,6,1,Tuesday,True,2026-01,Cantos Nuevos Joel Minguet,0.841,0.395,0.25,0.00287,0.124,-15.516,0.0467,184.89,0.131,3.0
382,382,2026-01-20 06:58:00,One Piano,Who Am I,6957,0.0019325,0.11595,6,1,Tuesday,True,2026-01,Who Am I One Piano,0.816,0.346,0.17,0.86,0.196,-18.344,0.0592,115.959,0.157,3.0
383,383,2026-01-20 08:20:00,Lorien Testard,Une vie à t'aimer,660000,0.1833333333333333,11.0,8,1,Tuesday,False,2026-01,Une vie à t'aimer Lorien Testard,0.0634,0.16,0.862,3.65e-06,0.366,-4.397,0.288,179.986,0.0652,0.0
384,384,2026-01-20 11:10:00,Sebastien Skaf,"Une vie à t'aimer (from ""Clair Obscur: Expedition 33"")",684098,0.1900272222222222,11.401633333333333,11,1,Tuesday,False,2026-01,"Une vie à t'aimer (from ""Clair Obscur: Expedition 33"") Sebastien Skaf",,,,,,,,,,
385,385,2026-01-20 11:19:00,Laurie Théberge,Une Vie à T'aimer - Piano Version,537625,0.1493402777777777,8.960416666666667,11,1,Tuesday,False,2026-01,Une Vie à T'aimer - Piano Version Laurie Théberge,,,,,,,,,,
386,386,2026-01-20 11:22:00,Alicia Dessendre,Une vie à t'aimer,142996,0.0397211111111111,2.383266666666666,11,1,Tuesday,False,2026-01,Une vie à t'aimer Alicia Dessendre,,,,,,,,,,
387,387,2026-01-20 11:24:00,Jules Allard,"Une vie à t’aimer (From ""Clair Obscur: Expedition 33"")",128571,0.0357141666666666,2.14285,11,1,Tuesday,False,2026-01,"Une vie à t’aimer (From ""Clair Obscur: Expedition 33"") Jules Allard",,,,,,,,,,
388,388,2026-01-20 11:26:00,Lorien Testard,Atelier de Clea - Fleur de Paris,153000,0.0425,2.55,11,1,Tuesday,False,2026-01,Atelier de Clea - Fleur de Paris Lorien Testard,0.714,0.715,0.149,1.48e-05,0.115,-17.575,0.0799,124.795,0.57,1.0
389,389,2026-01-20 11:29:00,Lorien Testard,Stone Wave Cliffs - Warding Blades,146000,0.0405555555555555,2.433333333333333,11,1,Tuesday,False,2026-01,Stone Wave Cliffs - Warding Blades Lorien Testard,0.316,0.553,0.66,0.92,0.142,-14.281,0.0307,140.045,0.232,0.0
390,390,2026-01-20 11:33:00,Lorien Testard,L'Amour d'un Père,254000,0.0705555555555555,4.233333333333333,11,1,Tuesday,False,2026-01,L'Amour d'un Père Lorien Testard,0.906,0.296,0.291,0.000543,0.0902,-13.007,0.0396,120.674,0.186,3.0
391,391,2026-01-20 11:36:00,Lorien Testard,Old Lumière - Fragments Tell Stories,162000,0.045,2.7,11,1,Tuesday,False,2026-01,Old Lumière - Fragments Tell Stories Lorien Testard,0.973,0.177,0.0361,0.875,0.08,-31.021,0.0414,68.273,0.0412,3.0
392,392,2026-01-20 11:40:00,Lorien Testard,Forgotten Battlefield - Red Birds are Tied to the Ground,242000,0.0672222222222222,4.033333333333333,11,1,Tuesday,False,2026-01,Forgotten Battlefield - Red Birds are Tied to the Ground Lorien Testard,0.948,0.455,0.258,0.933,0.129,-18.058,0.0276,77.014,0.18,3.0
393,393,2026-01-20 11:43:00,Lorien Testard,Sirène - Rouge d'Iris,199000,0.0552777777777777,3.316666666666667,11,1,Tuesday,False,2026-01,Sirène - Rouge d'Iris Lorien Testard,0.0179,0.314,0.586,0.0003,0.405,-8.83,0.0396,139.651,0.154,0.0
394,394,2026-01-20 11:46:00,Lorien Testard,Maelle,170000,0.0472222222222222,2.833333333333333,11,1,Tuesday,False,2026-01,Maelle Lorien Testard,0.961,0.24,0.157,0.000862,0.14,-12.249,0.0398,105.981,0.145,3.0
395,395,2026-01-20 11:47:00,Lorien Testard,Gustave (Music Box),55000,0.0152777777777777,0.9166666666666666,11,1,Tuesday,False,2026-01,Gustave (Music Box) Lorien Testard,0.953,0.504,0.298,0.874,0.13,-16.273,0.0452,160.109,0.189,1.0
396,396,2026-01-20 14:49:00,Lorien Testard,Monoco's Station - When the Snow Cries,544450,0.1512361111111111,9.074166666666668,14,1,Tuesday,False,2026-01,Monoco's Station - When the Snow Cries Lorien Testard,0.721,0.0865,0.21,0.55,0.0941,-16.23,0.0376,76.855,0.0364,3.0
397,397,2026-01-20 14:51:00,One Piano,Who Am I,120103,0.0333619444444444,2.001716666666667,14,1,Tuesday,False,2026-01,Who Am I One Piano,0.816,0.346,0.17,0.86,0.196,-18.344,0.0592,115.959,0.157,3.0
398,398,2026-01-20 14:55:00,a-ha,The Living Daylights,254347,0.0706519444444444,4.239116666666667,14,1,Tuesday,False,2026-01,The Living Daylights a-ha,0.114,0.695,0.78,0.000971,0.0785,-7.906,0.0267,120.255,0.833,2.0
399,399,2026-01-20 14:57:00,Royal Philharmonic Orchestra,"Living Daylights - From ""The Living Daylights""",124373,0.0345480555555555,2.0728833333333334,14,1,Tuesday,False,2026-01,"Living Daylights - From ""The Living Daylights"" Royal Philharmonic Orchestra",,,,,,,,,,
400,400,2026-01-20 15:01:00,John Barry,"Air Bond / Necros Attacks - From ""The Living Daylights""",207333,0.0575925,3.45555,15,1,Tuesday,False,2026-01,"Air Bond / Necros Attacks - From ""The Living Daylights"" John Barry",0.111,0.374,0.481,0.964,0.0966,-10.155,0.0295,129.946,0.159,0.0
401,401,2026-01-20 15:04:00,Pretenders,Where Has Every Body Gone - 1992 Remaster,217467,0.0604075,3.62445,15,1,Tuesday,False,2026-01,Where Has Every Body Gone - 1992 Remaster Pretenders,0.29,0.656,0.663,0.282,0.167,-10.278,0.0335,119.962,0.433,2.0
402,402,2026-01-20 15:04:00,Yusuf / Cat Stevens,Father And Son,9259,0.0025719444444444,0.1543166666666666,15,1,Tuesday,True,2026-01,Father And Son Yusuf / Cat Stevens,0.541,0.495,0.326,8.85e-05,0.0996,-12.29,0.0365,136.243,0.371,1.0
403,403,2026-01-20 15:05:00,Els Amics De Les Arts,Museu D'Història Natural,7162,0.0019894444444444,0.1193666666666666,15,1,Tuesday,True,2026-01,Museu D'Història Natural Els Amics De Les Arts,0.679,0.572,0.463,2.74e-06,0.377,-9.448,0.0489,173.887,0.361,1.0
404,404,2026-01-20 15:05:00,The Blue Notes,No Time To Die - Piano Rendition,16466,0.0045738888888888,0.2744333333333333,15,1,Tuesday,True,2026-01,No Time To Die - Piano Rendition The Blue Notes,0.979,0.534,0.25,0.937,0.106,-13.141,0.0675,143.921,0.0631,1.0
405,405,2026-01-20 15:08:00,Royal Philharmonic Orchestra,"The World Is Not Enough - From ""The World Is Not Enough""",178640,0.0496222222222222,2.977333333333333,15,1,Tuesday,False,2026-01,"The World Is Not Enough - From ""The World Is Not Enough"" Royal Philharmonic Orchestra",,,,,,,,,,
406,406,2026-01-20 15:12:00,Els Amics De Les Arts,Estimeu-me,268507,0.0745852777777777,4.475116666666667,15,1,Tuesday,False,2026-01,Estimeu-me Els Amics De Les Arts,0.501,0.644,0.574,6.16e-05,0.212,-10.121,0.029,91.999,0.546,2.0
407,407,2026-01-20 15:17:00,Scott Bradlee's Postmodern Jukebox,Mr. Blue Sky,288340,0.0800944444444444,4.805666666666666,15,1,Tuesday,False,2026-01,Mr. Blue Sky Scott Bradlee's Postmodern Jukebox,0.867,0.399,0.287,0.0,0.111,-8.772,0.03,102.024,0.164,1.0
408,408,2026-01-20 15:21:00,Els Amics De Les Arts,Als Abismes,234946,0.0652627777777777,3.915766666666667,15,1,Tuesday,False,2026-01,Als Abismes Els Amics De Les Arts,0.0637,0.595,0.758,0.0145,0.0538,-7.237,0.0698,180.002,0.556,2.0
409,409,2026-01-20 15:26:00,Mister Bond,Goldfinger,247787,0.0688297222222222,4.129783333333333,15,1,Tuesday,False,2026-01,Goldfinger Mister Bond,0.34,0.481,0.421,0.0,0.409,-8.964,0.0387,85.7,0.316,0.0
410,410,2026-01-20 16:12:00,Andrew Lloyd Webber,Heaven on Their Minds - Remastered 2005,217120,0.0603111111111111,3.6186666666666665,16,1,Tuesday,False,2026-01,Heaven on Their Minds - Remastered 2005 Andrew Lloyd Webber,,,,,,,,,,
411,411,2026-01-21 06:00:00,Antònia Font,Zoom,19794,0.0054983333333333,0.3299,6,1,Wednesday,True,2026-01,Zoom Antònia Font,0.377,0.547,0.413,0.0734,0.168,-12.022,0.0327,166.973,0.801,2.0
412,412,2026-01-21 06:15:00,Ted Neeley,"The Last Supper - From ""Jesus Christ Superstar"" Soundtrack",9960,0.0027666666666666,0.166,6,1,Wednesday,True,2026-01,"The Last Supper - From ""Jesus Christ Superstar"" Soundtrack Ted Neeley",0.8,0.441,0.399,0.000135,0.0923,-10.178,0.0605,119.183,0.319,1.0
413,413,2026-01-21 06:20:00,Nicholas Britell,Boar On The Floor,25712,0.0071422222222222,0.4285333333333333,6,1,Wednesday,True,2026-01,Boar On The Floor Nicholas Britell,0.838,0.165,0.0316,0.93,0.126,-36.954,0.0399,65.651,0.0341,3.0
414,414,2026-01-21 06:25:00,Anna Roig,Com pot ser?,9792,0.00272,0.1632,6,1,Wednesday,True,2026-01,Com pot ser? Anna Roig,0.193,0.65,0.31,0.0333,0.0987,-13.884,0.0487,128.024,0.422,2.0
415,415,2026-01-21 06:30:00,Low Roar,Don't Be so Serious,33789,0.0093858333333333,0.56315,6,1,Wednesday,False,2026-01,Don't Be so Serious Low Roar,0.209,0.558,0.566,0.422,0.112,-12.563,0.0423,130.024,0.117,0.0
416,416,2026-01-21 06:40:00,Brian Crain,Ballet of the Little Cafe,16266,0.0045183333333333,0.2711,6,1,Wednesday,True,2026-01,Ballet of the Little Cafe Brian Crain,0.977,0.296,0.131,0.914,0.111,-18.338,0.0376,150.194,0.335,3.0
417,417,2026-01-21 07:07:00,Els Amics De Les Arts,Un Dia Com un Altre,22393,0.0062202777777777,0.3732166666666666,7,1,Wednesday,True,2026-01,Un Dia Com un Altre Els Amics De Les Arts,0.108,0.351,0.32,0.000456,0.0796,-10.546,0.0354,183.521,0.237,0.0
418,418,2026-01-21 08:11:00,Michael Giacchino,The Fantastic Four: First Steps Main Theme Extended Version,250293,0.0695258333333333,4.17155,8,1,Wednesday,False,2026-01,The Fantastic Four: First Steps Main Theme Extended Version Michael Giacchino,,,,,,,,,,
419,419,2026-01-21 08:14:00,Michael Giacchino,"The Fantastic Four: First Steps Main Theme - From ""The Fantastic Four: First Steps""",202560,0.0562666666666666,3.376,8,1,Wednesday,False,2026-01,"The Fantastic Four: First Steps Main Theme - From ""The Fantastic Four: First Steps"" Michael Giacchino",,,,,,,,,,
420,420,2026-01-21 08:16:00,Jules Allard,"Une vie à t’aimer (From ""Clair Obscur: Expedition 33"")",128571,0.0357141666666666,2.14285,8,1,Wednesday,False,2026-01,"Une vie à t’aimer (From ""Clair Obscur: Expedition 33"") Jules Allard",,,,,,,,,,
421,421,2026-01-21 08:19:00,Alicia Dessendre,Une vie à t'aimer,142996,0.0397211111111111,2.383266666666666,8,1,Wednesday,False,2026-01,Une vie à t'aimer Alicia Dessendre,,,,,,,,,,
422,422,2026-01-21 08:28:00,Laurie Théberge,Une Vie à T'aimer - Piano Version,537625,0.1493402777777777,8.960416666666667,8,1,Wednesday,False,2026-01,Une Vie à T'aimer - Piano Version Laurie Théberge,,,,,,,,,,
423,423,2026-01-21 08:32:00,Meryl Streep,Slipping Through My Fingers - From 'Mamma Mia!' Original Motion Picture Soundtrack,230893,0.0641369444444444,3.8482166666666666,8,1,Wednesday,False,2026-01,Slipping Through My Fingers - From 'Mamma Mia!' Original Motion Picture Soundtrack Meryl Streep,0.507,0.463,0.489,0.0,0.165,-7.968,0.0288,140.034,0.249,0.0
424,424,2026-01-21 08:35:00,Nirvana,You Know You're Right,217000,0.0602777777777777,3.6166666666666663,8,1,Wednesday,False,2026-01,You Know You're Right Nirvana,0.0407,0.289,0.716,0.00123,0.135,-6.53,0.106,168.049,0.344,0.0
425,425,2026-01-21 08:39:00,Els Amics De Les Arts,Tren Transsiberià,216693,0.0601925,3.61155,8,1,Wednesday,False,2026-01,Tren Transsiberià Els Amics De Les Arts,0.349,0.602,0.72,0.0,0.109,-8.497,0.0586,134.992,0.633,2.0
426,426,2026-01-21 08:43:00,The Beatles,While My Guitar Gently Weeps - Acoustic Version - Take 1,207560,0.0576555555555555,3.4593333333333334,8,1,Wednesday,False,2026-01,While My Guitar Gently Weeps - Acoustic Version - Take 1 The Beatles,0.863,0.592,0.0871,4.84e-06,0.0636,-17.016,0.0382,122.708,0.211,1.0
427,427,2026-01-21 08:46:00,Andrew Lloyd Webber,This Jesus Must Die - Remastered 2005,215733,0.0599258333333333,3.59555,8,1,Wednesday,False,2026-01,This Jesus Must Die - Remastered 2005 Andrew Lloyd Webber,,,,,,,,,,
428,428,2026-01-21 09:03:00,Nirvana,Smells Like Teen Spirit,301920,0.0838666666666666,5.032,9,1,Wednesday,False,2026-01,Smells Like Teen Spirit Nirvana,2.55e-05,0.502,0.912,0.000173,0.106,-4.556,0.0564,116.761,0.72,2.0
429,429,2026-01-21 09:05:00,Murray Gold,Infinite Potential,107570,0.0298805555555555,1.7928333333333333,9,1,Wednesday,False,2026-01,Infinite Potential Murray Gold,,,,,,,,,,
430,430,2026-01-21 09:05:00,Els Amics De Les Arts,Louisiana o els camps de cotó (amb la col·laboració de l'Orfeó Català),813,0.0002258333333333,0.01355,9,1,Wednesday,True,2026-01,Louisiana o els camps de cotó (amb la col·laboració de l'Orfeó Català) Els Amics De Les Arts,0.956,0.456,0.247,0.0,0.131,-13.723,0.0437,163.92,0.279,1.0
431,431,2026-01-21 09:07:00,John Owen-Jones,The Confrontation - Live,131147,0.0364297222222222,2.185783333333333,9,1,Wednesday,False,2026-01,The Confrontation - Live John Owen-Jones,0.764,0.403,0.49,0.0,0.388,-10.261,0.122,98.559,0.475,1.0
432,432,2026-01-21 09:08:00,‘Jesus Christ Superstar’ 1996 London Cast,"What's the Buzz? / Strange Thing, Mystifying (Medley) - Remastered 2005",22550,0.0062638888888888,0.3758333333333333,9,1,Wednesday,True,2026-01,"What's the Buzz? / Strange Thing, Mystifying (Medley) - Remastered 2005 ‘Jesus Christ Superstar’ 1996 London Cast",,,,,,,,,,
433,433,2026-01-21 09:08:00,Guns N' Roses,Estranged,2163,0.0006008333333333,0.03605,9,1,Wednesday,True,2026-01,Estranged Guns N' Roses,0.0105,0.358,0.762,0.282,0.368,-8.323,0.0324,89.246,0.168,0.0
434,434,2026-01-21 09:10:00,Nicholas Britell,Succession - Andante Risoluto,148428,0.04123,2.4738,9,1,Wednesday,False,2026-01,Succession - Andante Risoluto Nicholas Britell,0.954,0.533,0.256,0.918,0.119,-13.023,0.0302,108.004,0.12,1.0
435,435,2026-01-21 09:18:00,Led Zeppelin,Stairway to Heaven - Remaster,482830,0.1341194444444444,8.047166666666667,9,1,Wednesday,False,2026-01,Stairway to Heaven - Remaster Led Zeppelin,0.58,0.338,0.34,0.0032,0.116,-12.049,0.0339,82.433,0.197,1.0
436,436,2026-01-21 09:22:00,Queen,Under Pressure - Remastered 2011,248440,0.0690111111111111,4.140666666666666,9,1,Wednesday,False,2026-01,Under Pressure - Remastered 2011 Queen,0.429,0.671,0.712,0.0,0.103,-7.815,0.0476,113.805,0.462,2.0
437,437,2026-01-21 09:26:00,One Piano,Santa Fe,198053,0.0550147222222222,3.300883333333333,9,1,Wednesday,False,2026-01,Santa Fe One Piano,0.745,0.428,0.3,0.877,0.104,-16.702,0.0443,169.568,0.473,1.0
438,438,2026-01-21 09:32:00,Metallica,Nothing Else Matters - Remastered 2021,388733,0.1079813888888888,6.478883333333333,9,1,Wednesday,False,2026-01,Nothing Else Matters - Remastered 2021 Metallica,0.0543,0.548,0.395,5.41e-06,0.0791,-9.794,0.0268,142.372,0.182,0.0
439,439,2026-01-21 09:36:00,Els Amics De Les Arts,El seu gran hit,229267,0.0636852777777777,3.8211166666666663,9,1,Wednesday,False,2026-01,El seu gran hit Els Amics De Les Arts,0.0171,0.608,0.81,0.0,0.327,-4.736,0.0561,120.011,0.795,2.0
440,440,2026-01-21 09:42:00,Ted Neeley,"Gethsemane (I Only Wanted To Say) - From ""Jesus Christ Superstar"" Soundtrack",341333,0.0948147222222222,5.688883333333333,9,1,Wednesday,False,2026-01,"Gethsemane (I Only Wanted To Say) - From ""Jesus Christ Superstar"" Soundtrack Ted Neeley",0.385,0.412,0.472,0.000685,0.125,-10.156,0.0477,137.26,0.311,0.0
441,441,2026-01-21 09:45:00,Patrik Pietschmann,"He's a Pirate (From ""Pirates of the Caribbean"") - Piano Version",14040,0.0039,0.234,9,1,Wednesday,True,2026-01,"He's a Pirate (From ""Pirates of the Caribbean"") - Piano Version Patrik Pietschmann",0.972,0.441,0.255,0.871,0.0898,-17.508,0.0408,179.963,0.483,1.0
442,442,2026-01-21 09:45:00,Jennifer Ann,Mad World (Instrumental),1433,0.0003980555555555,0.0238833333333333,9,1,Wednesday,True,2026-01,Mad World (Instrumental) Jennifer Ann,0.795,0.322,0.194,0.836,0.12,-15.411,0.0339,97.448,0.134,3.0
443,443,2026-01-21 09:45:00,Joel Minguet,Si Mis Manos Pudieran Deshojar,192307,0.0534186111111111,3.2051166666666666,9,1,Wednesday,False,2026-01,Si Mis Manos Pudieran Deshojar Joel Minguet,0.834,0.752,0.375,0.00183,0.0872,-13.805,0.0388,98.03,0.191,1.0
444,444,2026-01-21 09:48:00,Anna Roig,Escolta,177800,0.0493888888888888,2.9633333333333334,9,1,Wednesday,False,2026-01,Escolta Anna Roig,0.667,0.427,0.366,0.0841,0.0995,-13.625,0.0607,97.931,0.208,1.0
445,445,2026-01-21 09:52:00,Antònia Font,Islas Baleares,215227,0.0597852777777777,3.5871166666666667,9,1,Wednesday,False,2026-01,Islas Baleares Antònia Font,0.422,0.612,0.371,0.000273,0.226,-15.419,0.113,144.112,0.295,1.0
446,446,2026-01-21 09:54:00,Gabriella Quevedo,Californication,156710,0.0435305555555555,2.611833333333333,9,1,Wednesday,False,2026-01,Californication Gabriella Quevedo,0.771,0.474,0.329,0.943,0.123,-12.285,0.0362,93.403,0.122,1.0
447,447,2026-01-21 09:57:00,Nathan Evans,Wellerman - Sea Shanty,155333,0.0431480555555555,2.588883333333333,9,1,Wednesday,False,2026-01,Wellerman - Sea Shanty Nathan Evans,0.614,0.675,0.359,0.0,0.137,-5.157,0.108,191.903,0.792,2.0
448,448,2026-01-21 09:58:00,Murray Gold,The Shepherd's Boy,501,0.0001391666666666,0.00835,9,1,Wednesday,True,2026-01,The Shepherd's Boy Murray Gold,,,,,,,,,,
449,449,2026-01-21 10:05:00,Mister Bond,Die Another Day,274933,0.0763702777777777,4.582216666666667,10,1,Wednesday,False,2026-01,Die Another Day Mister Bond,0.787,0.651,0.543,0.0125,0.121,-7.583,0.0276,101.006,0.186,1.0
450,450,2026-01-21 10:08:00,Nicholas Britell,L to the OG (feat. Kendall Roy),4680,0.0013,0.078,10,1,Wednesday,True,2026-01,L to the OG (feat. Kendall Roy) Nicholas Britell,0.0109,0.608,0.737,0.0,0.189,-5.758,0.153,96.113,0.248,0.0
451,451,2026-01-21 10:08:00,Laufey,From The Start,169573,0.0471036111111111,2.826216666666667,10,1,Wednesday,False,2026-01,From The Start Laufey,0.0211,0.375,0.806,0.0,0.084,-4.139,0.0509,88.838,0.611,0.0
452,452,2026-01-21 10:11:00,Royal Philharmonic Orchestra,"Licence To Kill - From ""Licence To Kill""",175480,0.0487444444444444,2.9246666666666665,10,1,Wednesday,False,2026-01,"Licence To Kill - From ""Licence To Kill"" Royal Philharmonic Orchestra",,,,,,,,,,
453,453,2026-01-21 10:16:00,Els Amics De Les Arts,A Vegades - En Directe Al Festival De Cap Roig / 2015,304000,0.0844444444444444,5.066666666666666,10,1,Wednesday,False,2026-01,A Vegades - En Directe Al Festival De Cap Roig / 2015 Els Amics De Les Arts,0.00445,0.36,0.774,0.0,0.817,-7.461,0.0513,147.337,0.374,0.0
454,454,2026-01-21 10:16:00,Nicholas Britell,Succession - End Title Theme - Piano and Cello Variation,19880,0.0055222222222222,0.3313333333333333,10,1,Wednesday,True,2026-01,Succession - End Title Theme - Piano and Cello Variation Nicholas Britell,0.96,0.454,0.125,0.794,0.119,-15.297,0.036,130.544,0.161,3.0
455,455,2026-01-21 10:20:00,Els Amics De Les Arts,Les paraules que triem no dir,210759,0.0585441666666666,3.51265,10,1,Wednesday,False,2026-01,Les paraules que triem no dir Els Amics De Les Arts,0.271,0.733,0.581,0.0,0.0623,-7.744,0.0857,118.063,0.465,2.0
456,456,2026-01-21 10:21:00,Howard Shore,"The Departed Tango (feat. Larry Saltzman, Jamey Haddad, Marc Ribot, Shawn Pelton & Tim Le Febvre)",66100,0.0183611111111111,1.1016666666666666,10,1,Wednesday,False,2026-01,"The Departed Tango (feat. Larry Saltzman, Jamey Haddad, Marc Ribot, Shawn Pelton & Tim Le Febvre) Howard Shore",0.321,0.817,0.528,0.961,0.223,-11.963,0.0331,120.001,0.894,2.0
457,457,2026-01-21 10:24:00,Laufey,Like the Movies,162759,0.0452108333333333,2.71265,10,1,Wednesday,False,2026-01,Like the Movies Laufey,,,,,,,,,,
458,458,2026-01-21 10:26:00,Paula Milara,detached,149125,0.0414236111111111,2.4854166666666666,10,1,Wednesday,False,2026-01,detached Paula Milara,,,,,,,,,,
459,459,2026-01-21 10:30:00,Mister Bond,The James Bond Theme (Dr. No),203907,0.0566408333333333,3.39845,10,1,Wednesday,False,2026-01,The James Bond Theme (Dr. No) Mister Bond,0.183,0.836,0.327,0.874,0.0746,-7.866,0.04,111.972,0.551,2.0
460,460,2026-01-21 10:35:00,Mister Bond,A View To A Kill,310120,0.0861444444444444,5.168666666666667,10,1,Wednesday,False,2026-01,A View To A Kill Mister Bond,0.397,0.659,0.661,0.0011,0.252,-8.268,0.029,149.957,0.607,2.0
461,461,2026-01-21 10:39:00,Mister Bond,Goldeneye,248267,0.0689630555555555,4.137783333333333,10,1,Wednesday,False,2026-01,Goldeneye Mister Bond,0.0849,0.65,0.752,5.66e-06,0.095,-4.023,0.0429,91.042,0.687,2.0
462,462,2026-01-21 11:34:00,Mister Bond,Licence To Kill,324053,0.0900147222222222,5.400883333333334,11,1,Wednesday,False,2026-01,Licence To Kill Mister Bond,0.505,0.532,0.431,3.69e-06,0.11,-7.981,0.0558,159.783,0.195,1.0
463,463,2026-01-21 11:37:00,Mister Bond,Tomorrow Never Dies,219680,0.0610222222222222,3.661333333333333,11,1,Wednesday,False,2026-01,Tomorrow Never Dies Mister Bond,0.518,0.8,0.635,7.48e-05,0.0984,-5.486,0.0284,115.995,0.676,2.0
464,464,2026-01-21 11:43:00,Mister Bond,For Your Eyes Only,322133,0.0894813888888888,5.368883333333334,11,1,Wednesday,False,2026-01,For Your Eyes Only Mister Bond,0.703,0.602,0.474,0.00355,0.101,-8.303,0.0291,95.962,0.141,1.0
465,465,2026-01-21 11:47:00,Mister Bond,Goldfinger,247787,0.0688297222222222,4.129783333333333,11,1,Wednesday,False,2026-01,Goldfinger Mister Bond,0.34,0.481,0.421,0.0,0.409,-8.964,0.0387,85.7,0.316,0.0
466,466,2026-01-21 11:51:00,Mister Bond,Die Another Day,274933,0.0763702777777777,4.582216666666667,11,1,Wednesday,False,2026-01,Die Another Day Mister Bond,0.787,0.651,0.543,0.0125,0.121,-7.583,0.0276,101.006,0.186,1.0
467,467,2026-01-21 11:57:00,Mister Bond,The Living Daylights,318053,0.0883480555555555,5.300883333333333,11,1,Wednesday,False,2026-01,The Living Daylights Mister Bond,0.692,0.611,0.388,5.38e-05,0.113,-7.626,0.0253,89.914,0.244,1.0
468,468,2026-01-21 12:01:00,Mister Bond,Nobody Does It Better,236667,0.0657408333333333,3.94445,12,1,Wednesday,False,2026-01,Nobody Does It Better Mister Bond,0.327,0.65,0.523,0.0,0.0939,-6.121,0.041,135.946,0.526,2.0
469,469,2026-01-21 12:05:00,Mister Bond,The World Is Not Enough,245533,0.0682036111111111,4.092216666666666,12,1,Wednesday,False,2026-01,The World Is Not Enough Mister Bond,0.933,0.283,0.361,0.000381,0.108,-6.957,0.0299,140.51,0.224,1.0
470,470,2026-01-21 12:05:00,Laufey,James,20600,0.0057222222222222,0.3433333333333333,12,1,Wednesday,True,2026-01,James Laufey,,,,,,,,,,
471,471,2026-01-21 12:09:00,Scott Bradlee's Postmodern Jukebox,Lovefool - Piano Version,216515,0.0601430555555555,3.608583333333333,12,1,Wednesday,False,2026-01,Lovefool - Piano Version Scott Bradlee's Postmodern Jukebox,0.945,0.539,0.398,0.867,0.118,-7.9,0.0469,131.06,0.586,1.0
472,472,2026-01-21 12:12:00,Low Roar,Bones (feat. Jófriður),170107,0.0472519444444444,2.8351166666666665,12,1,Wednesday,False,2026-01,Bones (feat. Jófriður) Low Roar,,,,,,,,,,
473,473,2026-01-21 12:15:00,Johnny Cash,Hurt,216533,0.0601480555555555,3.608883333333333,12,1,Wednesday,False,2026-01,Hurt Johnny Cash,0.649,0.534,0.392,0.000227,0.0948,-7.636,0.0267,90.379,0.163,1.0
474,474,2026-01-21 12:15:00,Macedònia,No Em Vull Fer Gran,93,2.583333333333333e-05,0.00155,12,1,Wednesday,True,2026-01,No Em Vull Fer Gran Macedònia,0.297,0.78,0.735,0.00385,0.299,-1.247,0.0266,106.983,0.689,2.0
475,475,2026-01-21 12:15:00,Nicholas Britell,Serenade in E-Flat Major,2513,0.0006980555555555,0.0418833333333333,12,1,Wednesday,True,2026-01,Serenade in E-Flat Major Nicholas Britell,0.874,0.143,0.177,0.78,0.116,-16.984,0.0398,90.938,0.0377,3.0
476,476,2026-01-21 12:15:00,Rodrigo y Gabriela,Stairway to Heaven,12470,0.0034638888888888,0.2078333333333333,12,1,Wednesday,True,2026-01,Stairway to Heaven Rodrigo y Gabriela,0.902,0.508,0.504,0.834,0.151,-10.589,0.0469,112.491,0.572,1.0
477,477,2026-01-21 12:19:00,Macedònia,No Em Vull Fer Gran,211040,0.0586222222222222,3.517333333333333,12,1,Wednesday,False,2026-01,No Em Vull Fer Gran Macedònia,0.297,0.78,0.735,0.00385,0.299,-1.247,0.0266,106.983,0.689,2.0
478,478,2026-01-21 12:20:00,Nicholas Britell,Serenade in E-Flat Major,50792,0.0141088888888888,0.8465333333333334,12,1,Wednesday,False,2026-01,Serenade in E-Flat Major Nicholas Britell,0.874,0.143,0.177,0.78,0.116,-16.984,0.0398,90.938,0.0377,3.0
479,479,2026-01-21 12:24:00,L'Orchestra Cinematique,No Time To Die - Epic Version,247380,0.0687166666666666,4.123,12,1,Wednesday,False,2026-01,No Time To Die - Epic Version L'Orchestra Cinematique,,,,,,,,,,
480,480,2026-01-21 12:27:00,Don McLean,Crying,17550,0.004875,0.2925,12,1,Wednesday,True,2026-01,Crying Don McLean,0.466,0.302,0.344,1.53e-06,0.184,-11.894,0.0277,140.763,0.242,1.0
481,481,2026-01-21 12:27:00,Els Amics De Les Arts,Bed & Breakfast,155800,0.0432777777777777,2.5966666666666667,12,1,Wednesday,False,2026-01,Bed & Breakfast Els Amics De Les Arts,0.761,0.757,0.601,2.63e-06,0.0818,-9.45,0.0653,123.997,0.916,2.0
482,482,2026-01-21 12:34:00,Mark Maxwell,And I Love Her,396618,0.1101716666666666,6.6103,12,1,Wednesday,False,2026-01,And I Love Her Mark Maxwell,0.956,0.641,0.305,0.919,0.0932,-14.061,0.0327,123.995,0.17,1.0
483,483,2026-01-21 12:37:00,Queen,Another One Bites The Dust - Remastered 2011,214653,0.0596258333333333,3.57755,12,1,Wednesday,False,2026-01,Another One Bites The Dust - Remastered 2011 Queen,0.112,0.933,0.528,0.312,0.163,-6.472,0.161,109.967,0.754,2.0
484,484,2026-01-21 12:45:00,Nirvana,Love Buzz,156040,0.0433444444444444,2.6006666666666667,12,1,Wednesday,False,2026-01,Love Buzz Nirvana,3.1e-05,0.479,0.865,0.228,0.182,-8.281,0.0339,137.902,0.77,2.0
485,485,2026-01-21 12:48:00,Piano Tribute Players,One Song Glory - Instrumental,207613,0.0576702777777777,3.4602166666666667,12,1,Wednesday,False,2026-01,One Song Glory - Instrumental Piano Tribute Players,0.964,0.637,0.167,0.888,0.111,-18.029,0.0543,143.992,0.139,1.0
486,486,2026-01-21 12:52:00,Scott Bradlee's Postmodern Jukebox,Bad Guy,223729,0.0621469444444444,3.7288166666666656,12,1,Wednesday,False,2026-01,Bad Guy Scott Bradlee's Postmodern Jukebox,0.063,0.527,0.273,0.000242,0.0808,-16.039,0.126,126.693,0.321,0.0
487,487,2026-01-21 12:58:00,Queen,Bohemian Rhapsody - Remastered 2011,354320,0.0984222222222222,5.905333333333333,12,1,Wednesday,False,2026-01,Bohemian Rhapsody - Remastered 2011 Queen,0.271,0.411,0.404,0.0,0.3,-9.928,0.0511,71.068,0.226,0.0
488,488,2026-01-21 13:01:00,Harry Nilsson,Without You,201774,0.0560483333333333,3.3629,13,1,Wednesday,False,2026-01,Without You Harry Nilsson,0.613,0.381,0.186,2.75e-06,0.0694,-15.477,0.029,65.058,0.142,3.0
489,489,2026-01-21 13:05:00,Els Amics De Les Arts,Déjà vu,218013,0.0605591666666666,3.63355,13,1,Wednesday,False,2026-01,Déjà vu Els Amics De Les Arts,,,,,,,,,,
490,490,2026-01-21 13:06:00,Nicholas Britell,"“Sorry, Pinky”",84720,0.0235333333333333,1.412,13,1,Wednesday,False,2026-01,"“Sorry, Pinky” Nicholas Britell",0.904,0.0715,0.00207,0.914,0.108,-34.438,0.0467,79.589,0.0321,3.0
491,491,2026-01-21 13:07:00,Violet Orlandi,Hurt,51150,0.0142083333333333,0.8525,13,1,Wednesday,False,2026-01,Hurt Violet Orlandi,,,,,,,,,,
492,492,2026-01-21 13:10:00,Joel Minguet,Encrucijada,183960,0.0511,3.066,13,1,Wednesday,False,2026-01,Encrucijada Joel Minguet,0.772,0.531,0.551,0.00123,0.128,-13.645,0.0298,176.028,0.55,1.0
493,493,2026-01-21 13:11:00,Nicholas Britell,Ricercare - Strings and Voices - Bonus Track,44720,0.0124222222222222,0.7453333333333333,13,1,Wednesday,False,2026-01,Ricercare - Strings and Voices - Bonus Track Nicholas Britell,0.775,0.17,0.149,0.749,0.0711,-17.175,0.0435,84.612,0.0378,3.0
494,494,2026-01-21 13:13:00,Antònia Font,Per Què Vaig Venir,146600,0.0407222222222222,2.4433333333333334,13,1,Wednesday,False,2026-01,Per Què Vaig Venir Antònia Font,0.827,0.46,0.457,0.664,0.258,-10.381,0.0265,163.918,0.46,1.0
495,495,2026-01-21 13:19:00,Gabriella Quevedo,Sultans of Swing,323429,0.0898413888888888,5.390483333333333,13,1,Wednesday,False,2026-01,Sultans of Swing Gabriella Quevedo,0.355,0.458,0.481,0.88,0.177,-10.09,0.0363,127.269,0.403,0.0
496,496,2026-01-21 13:22:00,Frank Sinatra,That's Life,187040,0.0519555555555555,3.1173333333333333,13,1,Wednesday,False,2026-01,That's Life Frank Sinatra,0.55,0.56,0.434,0.0,0.346,-14.151,0.0729,112.803,0.664,2.0
497,497,2026-01-21 17:56:00,Gabriella Quevedo,I See Fire,243870,0.0677416666666666,4.0645,17,1,Wednesday,False,2026-01,I See Fire Gabriella Quevedo,0.898,0.539,0.233,0.912,0.107,-14.714,0.0486,75.424,0.228,1.0
498,498,2026-01-21 17:58:00,Frank Sinatra,That's Life,851,0.0002363888888888,0.0141833333333333,17,1,Wednesday,True,2026-01,That's Life Frank Sinatra,0.55,0.56,0.434,0.0,0.346,-14.151,0.0729,112.803,0.664,2.0
499,499,2026-01-21 18:07:00,Gabriella Quevedo,Sultans of Swing,463,0.0001286111111111,0.0077166666666666,18,1,Wednesday,True,2026-01,Sultans of Swing Gabriella Quevedo,0.355,0.458,0.481,0.88,0.177,-10.09,0.0363,127.269,0.403,0.0
500,500,2026-01-21 18:28:00,Gabriella Quevedo,Sultans of Swing,13131,0.0036475,0.21885,18,1,Wednesday,True,2026-01,Sultans of Swing Gabriella Quevedo,0.355,0.458,0.481,0.88,0.177,-10.09,0.0363,127.269,0.403,0.0
501,501,2026-01-22 05:55:00,Els Amics De Les Arts,Apologia de la Ingenuïtat,15821,0.0043947222222222,0.2636833333333333,5,1,Thursday,True,2026-01,Apologia de la Ingenuïtat Els Amics De Les Arts,0.0325,0.483,0.937,0.0,0.139,-3.642,0.155,112.624,0.367,0.0
502,502,2026-01-22 06:00:00,Patrik Pietschmann,Beautiful Lie - Piano Version,8650,0.0024027777777777,0.1441666666666666,6,1,Thursday,True,2026-01,Beautiful Lie - Piano Version Patrik Pietschmann,,,,,,,,,,
503,503,2026-01-22 06:05:00,Antònia Font,Oh la la,11083,0.0030786111111111,0.1847166666666666,6,1,Thursday,True,2026-01,Oh la la Antònia Font,0.32,0.651,0.448,5.57e-06,0.11,-11.951,0.0281,134.989,0.788,2.0
504,504,2026-01-22 06:15:00,Sigrid,Everybody Knows,6965,0.0019347222222222,0.1160833333333333,6,1,Thursday,True,2026-01,Everybody Knows Sigrid,0.641,0.656,0.225,6.32e-05,0.101,-11.777,0.0313,106.023,0.156,1.0
505,505,2026-01-22 06:20:00,Scott Bradlee's Postmodern Jukebox,Mr. Blue Sky,9314,0.0025872222222222,0.1552333333333333,6,1,Thursday,True,2026-01,Mr. Blue Sky Scott Bradlee's Postmodern Jukebox,0.867,0.399,0.287,0.0,0.111,-8.772,0.03,102.024,0.164,1.0
506,506,2026-01-22 06:25:00,Nirvana,Negative Creep,4728,0.0013133333333333,0.0788,6,1,Thursday,True,2026-01,Negative Creep Nirvana,7.97e-06,0.37,0.947,0.000175,0.0762,-7.213,0.0901,81.744,0.418,0.0
507,507,2026-01-22 06:30:00,Els Amics De Les Arts,Els Ocells,22628,0.0062855555555555,0.3771333333333333,6,1,Thursday,True,2026-01,Els Ocells Els Amics De Les Arts,0.8,0.633,0.302,0.00577,0.0887,-12.569,0.0391,120.859,0.311,1.0
508,508,2026-01-22 06:35:00,Pink Floyd,Money,16209,0.0045025,0.27015,6,1,Thursday,True,2026-01,Money Pink Floyd,0.024,0.468,0.536,0.00199,0.269,-10.422,0.144,126.256,0.785,2.0
509,509,2026-01-22 06:40:00,Sharon Isbin,Boston Common,15020,0.0041722222222222,0.2503333333333333,6,1,Thursday,True,2026-01,Boston Common Sharon Isbin,0.983,0.487,0.0418,0.912,0.1,-20.39,0.0431,120.15,0.0773,3.0
510,510,2026-01-22 06:58:00,One Piano,Will I,19363,0.0053786111111111,0.3227166666666666,6,1,Thursday,True,2026-01,Will I One Piano,0.995,0.427,0.0572,0.93,0.0846,-23.374,0.0583,93.823,0.231,3.0
511,511,2026-01-22 12:12:00,One Piano,Will I,183793,0.0510536111111111,3.0632166666666665,12,1,Thursday,False,2026-01,Will I One Piano,0.995,0.427,0.0572,0.93,0.0846,-23.374,0.0583,93.823,0.231,3.0
512,512,2026-01-22 12:14:00,Dropkick Murphys,I'm Shipping Up To Boston,153600,0.0426666666666666,2.56,12,1,Thursday,False,2026-01,I'm Shipping Up To Boston Dropkick Murphys,0.000706,0.452,0.928,0.000637,0.226,-3.133,0.079,129.188,0.6,0.0
513,513,2026-01-22 12:17:00,Royal Philharmonic Orchestra,"You Only Live Twice - From ""You Only Live Twice""",176320,0.0489777777777777,2.9386666666666668,12,1,Thursday,False,2026-01,"You Only Live Twice - From ""You Only Live Twice"" Royal Philharmonic Orchestra",,,,,,,,,,
514,514,2026-01-22 12:20:00,Nirvana,Sliver,136493,0.0379147222222222,2.2748833333333334,12,1,Thursday,False,2026-01,Sliver Nirvana,1.16e-05,0.428,0.684,0.000156,0.0744,-10.044,0.0475,141.336,0.419,0.0
515,515,2026-01-22 12:23:00,Jim Sturgess,"Something - From ""Across The Universe"" Soundtrack",179787,0.0499408333333333,2.99645,12,1,Thursday,False,2026-01,"Something - From ""Across The Universe"" Soundtrack Jim Sturgess",0.226,0.499,0.251,3.06e-05,0.131,-10.449,0.0341,136.173,0.188,0.0
516,516,2026-01-23 05:55:00,Patrik Pietschmann,The Lord of the Rings Main Theme - Piano Version,23037,0.0063991666666666,0.38395,5,1,Friday,True,2026-01,The Lord of the Rings Main Theme - Piano Version Patrik Pietschmann,0.986,0.595,0.11,0.905,0.0926,-20.867,0.0396,79.992,0.105,3.0
517,517,2026-01-23 06:00:00,Nicholas Britell,Andantino for Brass and Orchestra in B Minor,14587,0.0040519444444444,0.2431166666666666,6,1,Friday,True,2026-01,Andantino for Brass and Orchestra in B Minor Nicholas Britell,0.988,0.321,0.0416,0.862,0.103,-17.139,0.0308,84.732,0.0562,3.0
518,518,2026-01-23 06:05:00,Creedence Clearwater Revival,Have You Ever Seen The Rain,11459,0.0031830555555555,0.1909833333333333,6,1,Friday,True,2026-01,Have You Ever Seen The Rain Creedence Clearwater Revival,0.0936,0.743,0.47,3.15e-05,0.186,-13.154,0.029,116.122,0.89,2.0
519,519,2026-01-23 06:15:00,Nicholas Britell,Sinfonietta in A Minor - Strings Variation - “The Photo”,12830,0.0035638888888888,0.2138333333333333,6,1,Friday,True,2026-01,Sinfonietta in A Minor - Strings Variation - “The Photo” Nicholas Britell,0.6,0.157,0.281,0.896,0.116,-17.56,0.0378,134.105,0.0934,3.0
520,520,2026-01-23 06:20:00,Antònia Font,Viure Sense Tu,8200,0.0022777777777777,0.1366666666666666,6,1,Friday,True,2026-01,Viure Sense Tu Antònia Font,0.0771,0.565,0.534,0.0273,0.1,-12.05,0.0486,137.825,0.722,2.0
521,521,2026-01-23 06:30:00,Queen,Death On Two Legs (Dedicated To...) - Remastered 2011,22580,0.0062722222222222,0.3763333333333333,6,1,Friday,True,2026-01,Death On Two Legs (Dedicated To...) - Remastered 2011 Queen,0.362,0.403,0.691,4.03e-05,0.133,-6.219,0.0544,124.695,0.5,0.0
522,522,2026-01-23 06:40:00,Larry Saltzman,Miss Thing,5649,0.0015691666666666,0.09415,6,1,Friday,True,2026-01,Miss Thing Larry Saltzman,0.748,0.588,0.219,0.912,0.113,-12.265,0.0334,120.091,0.453,1.0
523,523,2026-01-23 06:55:00,Jennifer Ann,Mad World (Instrumental),29144,0.0080955555555555,0.4857333333333333,6,1,Friday,True,2026-01,Mad World (Instrumental) Jennifer Ann,0.795,0.322,0.194,0.836,0.12,-15.411,0.0339,97.448,0.134,3.0
524,524,2026-01-25 19:45:00,Scott Bradlee's Postmodern Jukebox,Crazy Train,5830,0.0016194444444444,0.0971666666666666,19,1,Sunday,True,2026-01,Crazy Train Scott Bradlee's Postmodern Jukebox,0.593,0.555,0.731,2.41e-05,0.0805,-4.644,0.0474,134.907,0.609,2.0
525,525,2026-01-26 04:08:00,Scott Bradlee's Postmodern Jukebox,Crazy Train,27600,0.0076666666666666,0.46,4,1,Monday,True,2026-01,Crazy Train Scott Bradlee's Postmodern Jukebox,0.593,0.555,0.731,2.41e-05,0.0805,-4.644,0.0474,134.907,0.609,2.0
526,526,2026-01-26 06:00:00,Jim Sturgess,"I've Just Seen A Face - From ""Across The Universe"" Soundtrack",17567,0.0048797222222222,0.2927833333333333,6,1,Monday,True,2026-01,"I've Just Seen A Face - From ""Across The Universe"" Soundtrack Jim Sturgess",0.0259,0.498,0.841,0.000753,0.173,-6.863,0.0617,135.759,0.333,0.0
527,527,2026-01-26 06:15:00,Els Amics De Les Arts,Suïssa,18148,0.0050411111111111,0.3024666666666666,6,1,Monday,True,2026-01,Suïssa Els Amics De Les Arts,0.00566,0.47,0.888,0.0725,0.239,-5.715,0.0727,155.13,0.33,0.0
528,528,2026-01-26 06:20:00,Piano Tribute Players,Will I? - Instrumental,8925,0.0024791666666666,0.14875,6,1,Monday,True,2026-01,Will I? - Instrumental Piano Tribute Players,0.962,0.486,0.0369,0.887,0.0844,-24.019,0.0593,82.158,0.239,3.0
529,529,2026-01-26 06:30:00,Nicholas Britell,"Rondo in F Minor for Solo Piano - ""Kendall's Summit""",13323,0.0037008333333333,0.22205,6,1,Monday,True,2026-01,"Rondo in F Minor for Solo Piano - ""Kendall's Summit"" Nicholas Britell",0.979,0.34,0.116,0.928,0.107,-19.694,0.0315,72.036,0.151,3.0
530,530,2026-01-26 06:40:00,Murray Gold,Clara's Diner,11267,0.0031297222222222,0.1877833333333333,6,1,Monday,True,2026-01,Clara's Diner Murray Gold,,,,,,,,,,
531,531,2026-01-26 08:11:00,Michael Giacchino,"Exit Through the Lobby - from ""Spider-Man: No Way Home"" Soundtrack",10787,0.0029963888888888,0.1797833333333333,8,1,Monday,True,2026-01,"Exit Through the Lobby - from ""Spider-Man: No Way Home"" Soundtrack Michael Giacchino",0.971,0.142,0.0177,0.934,0.0981,-23.93,0.0372,80.32,0.0329,3.0
532,532,2026-01-26 08:36:00,Metallica,Breadfan,227076,0.0630766666666666,3.7846,8,1,Monday,False,2026-01,Breadfan Metallica,0.000336,0.354,0.93,0.111,0.62,-7.46,0.0729,103.549,0.152,0.0
533,533,2026-01-26 08:39:00,Eddie Redmayne,Empty Chairs At Empty Tables,191213,0.0531147222222222,3.1868833333333333,8,1,Monday,False,2026-01,Empty Chairs At Empty Tables Eddie Redmayne,0.944,0.299,0.0656,1.89e-05,0.0943,-18.002,0.0553,170.381,0.115,3.0
534,534,2026-01-26 08:48:00,Guns N' Roses,November Rain,536067,0.1489075,8.93445,8,1,Monday,False,2026-01,November Rain Guns N' Roses,0.016,0.294,0.64,0.22,0.112,-9.316,0.0291,79.79,0.226,0.0
535,535,2026-01-26 08:52:00,L'Orchestra Cinematique,Superman Theme x Man of Steel Theme - Epic Version,225602,0.0626672222222222,3.760033333333333,8,1,Monday,False,2026-01,Superman Theme x Man of Steel Theme - Epic Version L'Orchestra Cinematique,,,,,,,,,,
536,536,2026-01-26 08:55:00,John Williams,Han Solo and the Princess,207427,0.0576186111111111,3.457116666666667,8,1,Monday,False,2026-01,Han Solo and the Princess John Williams,,,,,,,,,,
537,537,2026-01-26 08:58:00,Rich Douglas,Night at the Opera - from Quantum of Solace,177836,0.0493988888888888,2.9639333333333333,8,1,Monday,False,2026-01,Night at the Opera - from Quantum of Solace Rich Douglas,0.83,0.36,0.239,0.905,0.11,-19.025,0.0349,84.102,0.0779,3.0
538,538,2026-01-26 09:12:00,Pink Floyd,Shine On You Crazy Diamond (Pts. 1-5),812800,0.2257777777777777,13.546666666666669,9,1,Monday,False,2026-01,Shine On You Crazy Diamond (Pts. 1-5) Pink Floyd,0.772,0.264,0.294,0.686,0.107,-11.941,0.028,137.937,0.0402,3.0
539,539,2026-01-26 09:27:00,‘Jesus Christ Superstar’ 1996 London Cast,Trial Before Pilate (Including the 39 Lashes) - Remastered 2005,362600,0.1007222222222222,6.043333333333333,9,1,Monday,False,2026-01,Trial Before Pilate (Including the 39 Lashes) - Remastered 2005 ‘Jesus Christ Superstar’ 1996 London Cast,,,,,,,,,,
540,540,2026-01-26 09:31:00,John Williams,Anakin's Dark Deeds,244227,0.0678408333333333,4.07045,9,1,Monday,False,2026-01,Anakin's Dark Deeds John Williams,,,,,,,,,,
541,541,2026-01-26 09:36:00,Nirvana,Smells Like Teen Spirit,301920,0.0838666666666666,5.032,9,1,Monday,False,2026-01,Smells Like Teen Spirit Nirvana,2.55e-05,0.502,0.912,0.000173,0.106,-4.556,0.0564,116.761,0.72,2.0
542,542,2026-01-26 09:39:00,The Beatles,You've Got To Hide Your Love Away - Remastered 2009,129120,0.0358666666666666,2.152,9,1,Monday,False,2026-01,You've Got To Hide Your Love Away - Remastered 2009 The Beatles,0.211,0.399,0.394,0.0,0.102,-9.05,0.0282,184.274,0.382,0.0
543,543,2026-01-26 09:41:00,Emily Watts,La Vie En Rose,157683,0.0438008333333333,2.62805,9,1,Monday,False,2026-01,La Vie En Rose Emily Watts,0.957,0.419,0.0842,0.0,0.285,-17.542,0.0341,88.278,0.246,3.0
544,544,2026-01-26 09:47:00,Metallica,Turn The Page,366467,0.1017963888888889,6.107783333333333,9,1,Monday,False,2026-01,Turn The Page Metallica,1.94e-05,0.426,0.813,0.022,0.0937,-3.963,0.0318,149.013,0.228,0.0
545,545,2026-01-26 09:48:00,Nicholas Britell,"Lamentoso - Clarinets, Piano, Pizzicato Strings",51427,0.0142852777777777,0.8571166666666666,9,1,Monday,False,2026-01,"Lamentoso - Clarinets, Piano, Pizzicato Strings Nicholas Britell",0.983,0.229,0.0183,0.802,0.148,-23.566,0.042,66.089,0.0381,3.0
546,546,2026-01-26 09:52:00,Murray Gold,The Long Song,218667,0.0607408333333333,3.64445,9,1,Monday,False,2026-01,The Long Song Murray Gold,,,,,,,,,,
547,547,2026-01-26 09:55:00,David Bowie,Changes - 2015 Remaster,217747,0.0604852777777777,3.6291166666666665,9,1,Monday,False,2026-01,Changes - 2015 Remaster David Bowie,0.505,0.559,0.308,0.0,0.109,-11.75,0.0376,113.633,0.414,1.0
548,548,2026-01-26 10:02:00,Peter Gabriel,My Body Is A Cage,372667,0.1035186111111111,6.211116666666666,10,1,Monday,False,2026-01,My Body Is A Cage Peter Gabriel,0.849,0.341,0.114,0.0938,0.104,-12.885,0.0341,78.912,0.0806,3.0
549,549,2026-01-26 10:05:00,Scott Bradlee's Postmodern Jukebox,Umbrella,179655,0.0499041666666666,2.99425,10,1,Monday,False,2026-01,Umbrella Scott Bradlee's Postmodern Jukebox,0.691,0.623,0.842,0.0,0.236,-7.383,0.29,106.735,0.779,2.0
550,550,2026-01-26 10:09:00,Els Amics De Les Arts,Suïssa,282987,0.0786075,4.71645,10,1,Monday,False,2026-01,Suïssa Els Amics De Les Arts,0.00566,0.47,0.888,0.0725,0.239,-5.715,0.0727,155.13,0.33,0.0
551,551,2026-01-26 10:14:00,Els Amics De Les Arts,Louisiana O Els Camps De Cotó,284027,0.0788963888888888,4.733783333333333,10,1,Monday,False,2026-01,Louisiana O Els Camps De Cotó Els Amics De Les Arts,0.775,0.674,0.359,7.98e-06,0.147,-12.403,0.0588,89.967,0.485,1.0
552,552,2026-01-26 10:18:00,Violet Orlandi,When September Ends,213818,0.0593938888888888,3.563633333333333,10,1,Monday,False,2026-01,When September Ends Violet Orlandi,,,,,,,,,,
553,553,2026-01-26 10:26:00,Metallica,Orion - Live,506867,0.1407963888888889,8.447783333333334,10,1,Monday,False,2026-01,Orion - Live Metallica,0.00124,0.29,0.76,0.924,0.0544,-8.37,0.0427,166.573,0.477,0.0
554,554,2026-01-26 10:31:00,Rodrigo y Gabriela,Stairway to Heaven,284202,0.078945,4.7367,10,1,Monday,False,2026-01,Stairway to Heaven Rodrigo y Gabriela,0.902,0.508,0.504,0.834,0.151,-10.589,0.0469,112.491,0.572,1.0
555,555,2026-01-26 10:36:00,Scott Bradlee's Postmodern Jukebox,Crazy Train,284400,0.079,4.74,10,1,Monday,False,2026-01,Crazy Train Scott Bradlee's Postmodern Jukebox,0.593,0.555,0.731,2.41e-05,0.0805,-4.644,0.0474,134.907,0.609,2.0
556,556,2026-01-26 10:39:00,Mishima,Menteix la primavera,225863,0.0627397222222222,3.764383333333333,10,1,Monday,False,2026-01,Menteix la primavera Mishima,0.328,0.768,0.502,0.203,0.101,-8.984,0.0339,112.525,0.667,2.0
557,557,2026-01-26 10:42:00,Adam Pascal,One Song Glory,166840,0.0463444444444444,2.780666666666667,10,1,Monday,False,2026-01,One Song Glory Adam Pascal,0.201,0.648,0.475,0.0,0.127,-7.301,0.118,143.599,0.267,0.0
558,558,2026-01-26 10:45:00,John Lennon,Imagine - Remastered 2010,187867,0.0521852777777777,3.1311166666666668,10,1,Monday,False,2026-01,Imagine - Remastered 2010 John Lennon,0.907,0.547,0.257,0.183,0.0935,-12.358,0.0252,75.752,0.169,1.0
559,559,2026-01-26 10:50:00,Talking Heads,Psycho Killer,260507,0.0723630555555555,4.341783333333334,10,1,Monday,False,2026-01,Psycho Killer Talking Heads,0.0586,0.721,0.401,0.00259,0.122,-12.139,0.0661,123.384,0.944,2.0
560,560,2026-01-26 10:51:00,Wayne Wilcox,Life Support,56760,0.0157666666666666,0.946,10,1,Monday,False,2026-01,Life Support Wayne Wilcox,0.799,0.459,0.398,0.0,0.383,-8.141,0.0289,144.644,0.794,2.0
561,561,2026-01-26 10:56:00,David Arnold,The Problems of Your Future,332680,0.0924111111111111,5.544666666666667,10,1,Monday,False,2026-01,The Problems of Your Future David Arnold,,,,,,,,,,
562,562,2026-01-26 10:59:00,Nicholas Britell,It's Done,169345,0.0470402777777777,2.822416666666667,10,1,Monday,False,2026-01,It's Done Nicholas Britell,0.862,0.19,0.142,0.852,0.104,-18.507,0.0359,66.967,0.0444,3.0
563,563,2026-01-26 11:05:00,Ted Neeley,"The Temple - From ""Jesus Christ Superstar"" Soundtrack",336067,0.0933519444444444,5.601116666666667,11,1,Monday,False,2026-01,"The Temple - From ""Jesus Christ Superstar"" Soundtrack Ted Neeley",0.417,0.329,0.6,0.0178,0.0793,-11.273,0.0736,102.448,0.353,0.0
564,564,2026-01-26 11:08:00,Joe Anderson,With A Little Help From My Friends,191053,0.0530702777777777,3.1842166666666665,11,1,Monday,False,2026-01,With A Little Help From My Friends Joe Anderson,0.306,0.473,0.547,0.000296,0.356,-5.802,0.0335,118.049,0.429,0.0
565,565,2026-01-26 11:10:00,Wilson Jermaine Heredia,I'll Cover You,149773,0.0416036111111111,2.4962166666666668,11,1,Monday,False,2026-01,I'll Cover You Wilson Jermaine Heredia,0.243,0.619,0.876,0.0,0.0752,-3.347,0.0438,111.847,0.778,2.0
566,566,2026-01-26 11:14:00,Els Amics De Les Arts,El Senyal Que Esperaves,204280,0.0567444444444444,3.4046666666666665,11,1,Monday,False,2026-01,El Senyal Que Esperaves Els Amics De Les Arts,,,,,,,,,,
567,567,2026-01-26 11:19:00,Redbone,Come and Get Your Love,300200,0.0833888888888888,5.003333333333333,11,1,Monday,False,2026-01,Come and Get Your Love Redbone,0.172,0.731,0.804,0.00028,0.0685,-7.621,0.0473,107.383,0.957,2.0
568,568,2026-01-26 11:23:00,Els Amics De Les Arts,A La Mercè D'Un So - En Directe Al Festival De Cap Roig / 2015,242453,0.0673480555555555,4.040883333333333,11,1,Monday,False,2026-01,A La Mercè D'Un So - En Directe Al Festival De Cap Roig / 2015 Els Amics De Les Arts,0.00861,0.366,0.759,4.95e-05,0.697,-7.922,0.0461,154.475,0.405,0.0
569,569,2026-01-26 11:28:00,Joel Minguet,Balada del Agua del Mar,290720,0.0807555555555555,4.8453333333333335,11,1,Monday,False,2026-01,Balada del Agua del Mar Joel Minguet,0.823,0.305,0.265,0.0392,0.15,-14.787,0.0456,179.396,0.148,3.0
570,570,2026-01-26 11:31:00,Els Amics De Les Arts,M'He Aficionat Al Ball,191680,0.0532444444444444,3.1946666666666665,11,1,Monday,False,2026-01,M'He Aficionat Al Ball Els Amics De Les Arts,0.736,0.648,0.334,0.0,0.13,-10.476,0.0423,128.092,0.666,2.0
571,571,2026-01-26 11:34:00,Antònia Font,Oh la la,208600,0.0579444444444444,3.4766666666666666,11,1,Monday,False,2026-01,Oh la la Antònia Font,0.32,0.651,0.448,5.57e-06,0.11,-11.951,0.0281,134.989,0.788,2.0
572,572,2026-01-26 11:40:00,Mister Bond,For Your Eyes Only,322133,0.0894813888888888,5.368883333333334,11,1,Monday,False,2026-01,For Your Eyes Only Mister Bond,0.703,0.602,0.474,0.00355,0.101,-8.303,0.0291,95.962,0.141,1.0
573,573,2026-01-26 11:44:00,Rosario Dawson,Out Tonight,234093,0.0650258333333333,3.90155,11,1,Monday,False,2026-01,Out Tonight Rosario Dawson,0.000111,0.534,0.911,0.000406,0.078,-2.826,0.0441,139.02,0.681,2.0
574,574,2026-01-26 14:57:00,One Piano,James Bond Theme,5577,0.0015491666666666,0.09295,14,1,Monday,True,2026-01,James Bond Theme One Piano,,,,,,,,,,
575,575,2026-01-26 14:57:00,Nstens1117,Black Suited Spidey,1161,0.0003225,0.01935,14,1,Monday,True,2026-01,Black Suited Spidey Nstens1117,0.000796,0.251,0.553,0.721,0.324,-5.148,0.0385,66.242,0.0771,0.0
576,576,2026-01-26 14:57:00,Nstens1117,Black Suited Spidey,397,0.0001102777777777,0.0066166666666666,14,1,Monday,True,2026-01,Black Suited Spidey Nstens1117,0.000796,0.251,0.553,0.721,0.324,-5.148,0.0385,66.242,0.0771,0.0
577,577,2026-01-26 14:57:00,Martin Luther McCoy,While My Guitar Gently Weeps,2640,0.0007333333333333,0.044,14,1,Monday,True,2026-01,While My Guitar Gently Weeps Martin Luther McCoy,0.384,0.405,0.354,5.1e-06,0.0888,-10.605,0.0308,110.078,0.19,0.0
578,578,2026-01-26 14:57:00,Hugh Jackman,Look Down,50510,0.0140305555555555,0.8418333333333333,14,1,Monday,False,2026-01,Look Down Hugh Jackman,0.898,0.379,0.377,1.16e-06,0.128,-11.951,0.184,152.624,0.375,1.0
579,579,2026-01-26 15:00:00,One Piano,James Bond Theme,119696,0.0332488888888888,1.9949333333333328,15,1,Monday,False,2026-01,James Bond Theme One Piano,,,,,,,,,,
580,580,2026-01-26 15:01:00,Nstens1117,Black Suited Spidey,80614,0.0223927777777777,1.3435666666666666,15,1,Monday,False,2026-01,Black Suited Spidey Nstens1117,0.000796,0.251,0.553,0.721,0.324,-5.148,0.0385,66.242,0.0771,0.0
581,581,2026-01-26 15:05:00,Martin Luther McCoy,While My Guitar Gently Weeps,242027,0.0672297222222222,4.033783333333333,15,1,Monday,False,2026-01,While My Guitar Gently Weeps Martin Luther McCoy,0.384,0.405,0.354,5.1e-06,0.0888,-10.605,0.0308,110.078,0.19,0.0
582,582,2026-01-26 15:06:00,Ted Neeley,"The Crucifixion - From ""Jesus Christ Superstar"" Soundtrack",6670,0.0018527777777777,0.1111666666666666,15,1,Monday,True,2026-01,"The Crucifixion - From ""Jesus Christ Superstar"" Soundtrack Ted Neeley",0.8,0.22,0.414,0.903,0.0977,-15.949,0.103,137.905,0.0813,3.0
583,583,2026-01-26 15:06:00,Nicholas Britell,Dark Minuet,65573,0.0182147222222222,1.0928833333333334,15,1,Monday,False,2026-01,Dark Minuet Nicholas Britell,0.975,0.49,0.261,0.87,0.0785,-15.64,0.0422,140.639,0.0771,1.0
584,584,2026-01-26 15:08:00,Larry Saltzman,Colin,129093,0.0358591666666666,2.15155,15,1,Monday,False,2026-01,Colin Larry Saltzman,0.546,0.777,0.275,0.925,0.11,-10.773,0.098,119.945,0.557,2.0
585,585,2026-01-26 15:12:00,The 'Les Misérables 2010' Company,One Day More - Live,220987,0.0613852777777777,3.683116666666667,15,1,Monday,False,2026-01,One Day More - Live The 'Les Misérables 2010' Company,0.821,0.265,0.456,0.0,0.741,-8.938,0.0479,81.506,0.122,1.0
586,586,2026-01-26 15:24:00,Hans Zimmer,Pirates Of The Caribbean Medley - Live,717373,0.1992702777777777,11.956216666666666,15,1,Monday,False,2026-01,Pirates Of The Caribbean Medley - Live Hans Zimmer,0.0221,0.196,0.423,0.0961,0.954,-11.821,0.0354,96.566,0.146,0.0
587,587,2026-01-26 15:27:00,The Greg Kihn Band,The Breakup Song,169707,0.0471408333333333,2.82845,15,1,Monday,False,2026-01,The Breakup Song The Greg Kihn Band,0.032,0.695,0.887,4.9e-05,0.234,-4.417,0.0291,141.541,0.965,2.0
588,588,2026-01-26 15:32:00,Low Roar,"Once in a Long, Long While",317480,0.0881888888888888,5.291333333333333,15,1,Monday,False,2026-01,"Once in a Long, Long While Low Roar",0.209,0.558,0.566,0.422,0.112,-12.563,0.0423,130.024,0.117,0.0
589,589,2026-01-26 15:36:00,Laura Lace,Winter (A.Vivaldi Rock Live),224500,0.0623611111111111,3.7416666666666663,15,1,Monday,False,2026-01,Winter (A.Vivaldi Rock Live) Laura Lace,5.14e-05,0.151,0.843,0.841,0.179,-6.642,0.0781,137.942,0.154,0.0
590,590,2026-01-26 15:39:00,Daniel Pemberton,Across the Spider-Verse (Intro),165173,0.0458813888888888,2.752883333333333,15,1,Monday,False,2026-01,Across the Spider-Verse (Intro) Daniel Pemberton,0.0623,0.265,0.347,0.844,0.067,-13.199,0.0377,134.884,0.22,0.0
591,591,2026-01-26 15:44:00,Low Roar,The Machine,337027,0.0936186111111111,5.617116666666667,15,1,Monday,False,2026-01,The Machine Low Roar,0.822,0.432,0.33,0.293,0.152,-16.483,0.0434,135.034,0.17,1.0
592,592,2026-01-26 15:45:00,The Beatles,Let It Be - Remastered 2009,5297,0.0014713888888888,0.0882833333333333,15,1,Monday,True,2026-01,Let It Be - Remastered 2009 The Beatles,0.631,0.443,0.403,0.0,0.111,-8.339,0.0322,143.462,0.41,1.0
593,593,2026-01-26 15:50:00,John Williams,"Across the Stars (Love Theme from ""Star Wars: Attack of the Clones"")",331840,0.0921777777777777,5.530666666666667,15,1,Monday,False,2026-01,"Across the Stars (Love Theme from ""Star Wars: Attack of the Clones"") John Williams",,,,,,,,,,
594,594,2026-01-26 15:53:00,El Canto Del Loco,No Puedo Vivir Sin Ti,6771,0.0018808333333333,0.11285,15,1,Monday,True,2026-01,No Puedo Vivir Sin Ti El Canto Del Loco,0.0246,0.666,0.834,0.0,0.208,-3.314,0.0318,129.982,0.61,2.0
595,595,2026-01-26 15:53:00,One Piano,Diamonds Are Forever,156236,0.0433988888888888,2.603933333333333,15,1,Monday,False,2026-01,Diamonds Are Forever One Piano,0.989,0.341,0.361,0.913,0.114,-9.501,0.0363,75.521,0.142,1.0
596,596,2026-01-26 15:53:00,John Lennon,Imagine - Remastered 2010,9288,0.00258,0.1548,15,1,Monday,True,2026-01,Imagine - Remastered 2010 John Lennon,0.907,0.547,0.257,0.183,0.0935,-12.358,0.0252,75.752,0.169,1.0
597,597,2026-01-26 15:53:00,Cast of the Motion Picture RENT,La Vie Boheme,5293,0.0014702777777777,0.0882166666666666,15,1,Monday,True,2026-01,La Vie Boheme Cast of the Motion Picture RENT,0.353,0.499,0.766,0.0,0.0791,-5.484,0.127,135.159,0.401,0.0
598,598,2026-01-26 15:57:00,Antònia Font,Clint Eastwood,245853,0.0682925,4.09755,15,1,Monday,False,2026-01,Clint Eastwood Antònia Font,0.421,0.498,0.377,0.0042,0.153,-13.846,0.0473,81.895,0.39,1.0
599,599,2026-01-26 17:00:00,Amanda Seyfried,Gimme! Gimme! Gimme! (A Man After Midnight) - From 'Mamma Mia!' Original Motion Picture Soundtrack,96207,0.0267241666666666,1.60345,17,1,Monday,False,2026-01,Gimme! Gimme! Gimme! (A Man After Midnight) - From 'Mamma Mia!' Original Motion Picture Soundtrack Amanda Seyfried,0.021,0.628,0.836,0.000513,0.416,-4.776,0.0301,120.045,0.571,2.0
600,600,2026-01-26 17:13:00,Amanda Seyfried,Gimme! Gimme! Gimme! (A Man After Midnight) - From 'Mamma Mia!' Original Motion Picture Soundtrack,135523,0.0376452777777777,2.2587166666666665,17,1,Monday,False,2026-01,Gimme! Gimme! Gimme! (A Man After Midnight) - From 'Mamma Mia!' Original Motion Picture Soundtrack Amanda Seyfried,0.021,0.628,0.836,0.000513,0.416,-4.776,0.0301,120.045,0.571,2.0
601,601,2026-01-26 17:16:00,Antònia Font,Darrera una Revista,232547,0.0645963888888888,3.875783333333333,17,1,Monday,False,2026-01,Darrera una Revista Antònia Font,0.0235,0.554,0.736,3.62e-05,0.143,-6.047,0.0328,126.005,0.771,2.0
602,602,2026-01-26 17:21:00,a-ha,The Living Daylights - 2016 Remaster,254493,0.0706925,4.24155,17,1,Monday,False,2026-01,The Living Daylights - 2016 Remaster a-ha,0.114,0.695,0.78,0.000971,0.0785,-7.906,0.0267,120.255,0.833,2.0
603,603,2026-01-26 17:24:00,One Piano,Tango Maureen,224089,0.0622469444444444,3.7348166666666662,17,1,Monday,False,2026-01,Tango Maureen One Piano,0.816,0.551,0.185,0.91,0.083,-17.136,0.0516,132.983,0.421,1.0
604,604,2026-01-26 17:28:00,Nirvana,You Know You're Right,217000,0.0602777777777777,3.6166666666666663,17,1,Monday,False,2026-01,You Know You're Right Nirvana,0.0407,0.289,0.716,0.00123,0.135,-6.53,0.106,168.049,0.344,0.0
605,605,2026-01-26 17:30:00,Nicholas Britell,Succession - Andante Risoluto,148428,0.04123,2.4738,17,1,Monday,False,2026-01,Succession - Andante Risoluto Nicholas Britell,0.954,0.533,0.256,0.918,0.119,-13.023,0.0302,108.004,0.12,1.0
606,606,2026-01-26 17:31:00,Hugh Jackman,Suddenly,0,0.0,0.0,17,1,Monday,True,2026-01,Suddenly Hugh Jackman,0.918,0.366,0.123,5.53e-06,0.103,-21.941,0.148,74.849,0.143,3.0
607,607,2026-01-26 17:31:00,Apocalyptica,Path,0,0.0,0.0,17,1,Monday,True,2026-01,Path Apocalyptica,0.00058,0.447,0.686,0.0136,0.0871,-5.544,0.0357,105.017,0.345,0.0
608,608,2026-01-26 17:31:00,Vitamin String Quartet,bad guy,24441,0.0067891666666666,0.40735,17,1,Monday,True,2026-01,bad guy Vitamin String Quartet,0.914,0.7,0.328,0.0362,0.0941,-9.981,0.146,135.058,0.648,1.0
609,609,2026-01-26 17:31:00,Patrik Pietschmann,No Time to Die - Piano Version,1647,0.0004575,0.02745,17,1,Monday,True,2026-01,No Time to Die - Piano Version Patrik Pietschmann,0.99,0.554,0.138,0.932,0.0981,-20.59,0.0438,144.085,0.0766,3.0
610,610,2026-01-26 17:34:00,Howard Shore,Cops or Criminals (feat. G.E. Smith & Larry Saltzman),121293,0.0336925,2.02155,17,1,Monday,False,2026-01,Cops or Criminals (feat. G.E. Smith & Larry Saltzman) Howard Shore,0.633,0.825,0.543,0.886,0.102,-11.902,0.0352,120.087,0.598,2.0
611,611,2026-01-26 17:36:00,Violet Orlandi,Yesterday,175909,0.0488636111111111,2.9318166666666667,17,1,Monday,False,2026-01,Yesterday Violet Orlandi,,,,,,,,,,
612,612,2026-01-26 17:37:00,Kansas,Dust in the Wind,4642,0.0012894444444444,0.0773666666666666,17,1,Monday,True,2026-01,Dust in the Wind Kansas,0.367,0.475,0.322,0.00056,0.11,-10.687,0.0283,93.503,0.387,1.0
613,613,2026-01-26 17:37:00,Silent Poets,Almost Nothing (feat. Okay Kaya),15415,0.0042819444444444,0.2569166666666667,17,1,Monday,True,2026-01,Almost Nothing (feat. Okay Kaya) Silent Poets,0.249,0.453,0.434,0.478,0.0894,-11.32,0.0291,108.016,0.0768,0.0
614,614,2026-01-26 17:41:00,Gabriella Quevedo,Another Brick in the Wall,266424,0.0740066666666666,4.4404,17,1,Monday,False,2026-01,Another Brick in the Wall Gabriella Quevedo,0.602,0.69,0.266,0.88,0.111,-15.028,0.0568,104.192,0.398,1.0
615,615,2026-01-26 17:42:00,Els Amics De Les Arts,L'Home Que Dobla En Bruce Willis - En Directe Al Festival De Cap Roig / 2015,568,0.0001577777777777,0.0094666666666666,17,1,Monday,True,2026-01,L'Home Que Dobla En Bruce Willis - En Directe Al Festival De Cap Roig / 2015 Els Amics De Les Arts,0.406,0.27,0.427,0.0,0.348,-8.807,0.0395,188.886,0.295,0.0
616,616,2026-01-26 17:42:00,Els Amics De Les Arts,L'Home Que Treballa Fent De Gos,14851,0.0041252777777777,0.2475166666666666,17,1,Monday,True,2026-01,L'Home Que Treballa Fent De Gos Els Amics De Les Arts,,,,,,,,,,
617,617,2026-01-26 17:42:00,Pink Floyd,Wish You Were Here,6529,0.0018136111111111,0.1088166666666666,17,1,Monday,True,2026-01,Wish You Were Here Pink Floyd,0.735,0.481,0.262,0.0114,0.832,-15.73,0.0414,122.861,0.375,1.0
618,618,2026-01-26 17:47:00,Renée Elise Goldsberry,Satisfied,329228,0.0914522222222222,5.487133333333333,17,1,Monday,False,2026-01,Satisfied Renée Elise Goldsberry,0.287,0.707,0.593,0.0,0.15,-8.581,0.0949,123.772,0.478,2.0
619,619,2026-01-26 17:47:00,Creedence Clearwater Revival,Fortunate Son,13893,0.0038591666666666,0.23155,17,1,Monday,True,2026-01,Fortunate Son Creedence Clearwater Revival,0.175,0.628,0.565,0.0693,0.349,-9.98,0.0385,132.302,0.582,2.0
620,620,2026-01-26 17:52:00,Murray Gold,The Shepherd's Boy,287720,0.0799222222222222,4.795333333333334,17,1,Monday,False,2026-01,The Shepherd's Boy Murray Gold,,,,,,,,,,
621,621,2026-01-26 17:56:00,Blaumut,Only You (i el Teu Xampú),232907,0.0646963888888888,3.881783333333333,17,1,Monday,False,2026-01,Only You (i el Teu Xampú) Blaumut,,,,,,,,,,
622,622,2026-01-26 18:00:00,Idina Menzel,Take Me or Leave Me,21333,0.0059258333333333,0.35555,18,1,Monday,True,2026-01,Take Me or Leave Me Idina Menzel,0.318,0.457,0.763,0.0,0.0322,-3.459,0.255,175.043,0.87,2.0
623,623,2026-01-26 18:30:00,Blaumut,Only You (i el Teu Xampú),1001,0.0002780555555555,0.0166833333333333,18,1,Monday,True,2026-01,Only You (i el Teu Xampú) Blaumut,,,,,,,,,,
624,624,2026-01-26 18:51:00,a-ha,The Living Daylights - 2016 Remaster,243265,0.0675736111111111,4.054416666666667,18,1,Monday,False,2026-01,The Living Daylights - 2016 Remaster a-ha,0.114,0.695,0.78,0.000971,0.0785,-7.906,0.0267,120.255,0.833,2.0
625,625,2026-01-26 20:24:00,John Barry,On Her Majesty's Secret Service - From “On Her Majesty’s Secret Service” Soundtrack / Remastered 2003,25866,0.007185,0.4311,20,1,Monday,True,2026-01,On Her Majesty's Secret Service - From “On Her Majesty’s Secret Service” Soundtrack / Remastered 2003 John Barry,0.0596,0.401,0.444,0.0,0.0874,-11.391,0.0306,124.746,0.349,0.0
626,626,2026-01-27 06:00:00,Nirvana,Rape Me,25752,0.0071533333333333,0.4292,6,1,Tuesday,True,2026-01,Rape Me Nirvana,0.0141,0.42,0.746,0.0,0.0661,-10.628,0.0467,111.886,0.229,0.0
627,627,2026-01-27 06:10:00,Els Amics De Les Arts,Liverpool,15363,0.0042675,0.25605,6,1,Tuesday,True,2026-01,Liverpool Els Amics De Les Arts,0.777,0.455,0.269,3.63e-06,0.338,-14.04,0.0531,132.284,0.196,1.0
628,628,2026-01-27 06:15:00,Els Amics De Les Arts,L'Home Que Va Matar Liberty Valance,12315,0.0034208333333333,0.20525,6,1,Tuesday,True,2026-01,L'Home Que Va Matar Liberty Valance Els Amics De Les Arts,0.647,0.66,0.296,0.000596,0.108,-14.954,0.0327,102.983,0.236,1.0
629,629,2026-01-27 06:20:00,Antònia Font,Venc amb tu,6219,0.0017275,0.10365,6,1,Tuesday,True,2026-01,Venc amb tu Antònia Font,0.0108,0.612,0.587,1.97e-06,0.263,-12.121,0.0383,152.05,0.855,2.0
630,630,2026-01-27 06:25:00,One Piano,Overture (Work Song),15510,0.0043083333333333,0.2585,6,1,Tuesday,True,2026-01,Overture (Work Song) One Piano,0.735,0.456,0.368,0.874,0.146,-16.465,0.0529,169.753,0.0667,1.0
631,631,2026-01-27 09:01:00,Royal Philharmonic Orchestra,"No Time To Die (Orchestral Version) - From ""No Time To Die""",809,0.0002247222222222,0.0134833333333333,9,1,Tuesday,True,2026-01,"No Time To Die (Orchestral Version) - From ""No Time To Die"" Royal Philharmonic Orchestra",,,,,,,,,,
632,632,2026-01-27 15:00:00,Green Day,Holiday,0,0.0,0.0,15,1,Tuesday,True,2026-01,Holiday Green Day,0.000138,0.538,0.884,0.0,0.466,-3.251,0.031,146.511,0.736,2.0
633,633,2026-01-27 15:00:00,Blaumut,Only You (i el Teu Xampú),19276,0.0053544444444444,0.3212666666666666,15,1,Tuesday,True,2026-01,Only You (i el Teu Xampú) Blaumut,,,,,,,,,,
634,634,2026-01-27 15:00:00,Idina Menzel,Take Me or Leave Me,758,0.0002105555555555,0.0126333333333333,15,1,Tuesday,True,2026-01,Take Me or Leave Me Idina Menzel,0.318,0.457,0.763,0.0,0.0322,-3.459,0.255,175.043,0.87,2.0
635,635,2026-01-27 15:02:00,Rich Douglas,Necros Attacks - from The Living Daylights,126500,0.0351388888888888,2.1083333333333334,15,1,Tuesday,False,2026-01,Necros Attacks - from The Living Daylights Rich Douglas,0.0325,0.563,0.508,0.0349,0.319,-14.596,0.0335,120.026,0.266,0.0
636,636,2026-01-27 15:05:00,Michael Giacchino,Space The Final Frontier / Main On Ends,163107,0.0453075,2.71845,15,1,Tuesday,False,2026-01,Space The Final Frontier / Main On Ends Michael Giacchino,0.426,0.268,0.505,0.746,0.0809,-9.629,0.0356,81.922,0.113,0.0
637,637,2026-01-27 15:13:00,‘Jesus Christ Superstar’ 1996 London Cast,The Last Supper - Remastered 2005,459093,0.1275258333333333,7.65155,15,1,Tuesday,False,2026-01,The Last Supper - Remastered 2005 ‘Jesus Christ Superstar’ 1996 London Cast,,,,,,,,,,
638,638,2026-01-27 15:14:00,‘Jesus Christ Superstar’ 1996 London Cast,I Don't Know How to Love Him - Remastered 2005,41736,0.0115933333333333,0.6956,15,1,Tuesday,False,2026-01,I Don't Know How to Love Him - Remastered 2005 ‘Jesus Christ Superstar’ 1996 London Cast,,,,,,,,,,
639,639,2026-01-27 15:17:00,Els Amics De Les Arts,Sort que sou aquí,172000,0.0477777777777777,2.8666666666666667,15,1,Tuesday,False,2026-01,Sort que sou aquí Els Amics De Les Arts,,,,,,,,,,
640,640,2026-01-27 15:21:00,Brian Crain,Butterfly Waltz,25360,0.0070444444444444,0.4226666666666667,15,1,Tuesday,True,2026-01,Butterfly Waltz Brian Crain,0.988,0.361,0.185,0.899,0.21,-14.602,0.0362,129.439,0.401,1.0
641,641,2026-01-27 15:21:00,Nirvana,Love Buzz,0,0.0,0.0,15,1,Tuesday,True,2026-01,Love Buzz Nirvana,3.1e-05,0.479,0.865,0.228,0.182,-8.281,0.0339,137.902,0.77,2.0
642,642,2026-01-27 15:25:00,a-ha,Take On Me - 2017 Acoustic,184326,0.0512016666666666,3.0721,15,1,Tuesday,False,2026-01,Take On Me - 2017 Acoustic a-ha,0.92,0.437,0.188,1.26e-05,0.0988,-10.868,0.0307,103.883,0.223,1.0
643,643,2026-01-27 15:30:00,Joe Anderson,"Hey Jude - From ""Across The Universe"" Soundtrack",250053,0.0694591666666666,4.16755,15,1,Tuesday,False,2026-01,"Hey Jude - From ""Across The Universe"" Soundtrack Joe Anderson",0.0711,0.347,0.35,0.000736,0.0948,-9.254,0.0286,141.839,0.203,0.0
644,644,2026-01-27 16:19:00,John Williams,"Germany, 1944",20581,0.0057169444444444,0.3430166666666667,16,1,Tuesday,True,2026-01,"Germany, 1944 John Williams",0.631,0.279,0.143,0.734,0.112,-17.934,0.0389,123.996,0.0399,3.0
645,645,2026-01-27 16:19:00,Billy Boyd,The Last Goodbye,9999,0.0027775,0.16665,16,1,Tuesday,True,2026-01,The Last Goodbye Billy Boyd,0.892,0.304,0.175,1.95e-05,0.084,-14.034,0.0311,93.716,0.162,3.0
646,646,2026-01-27 16:22:00,Simon & Garfunkel,The Sound of Silence - Acoustic Version,189432,0.05262,3.1572,16,1,Tuesday,False,2026-01,The Sound of Silence - Acoustic Version Simon & Garfunkel,0.837,0.525,0.216,0.0,0.107,-13.551,0.0301,106.761,0.328,1.0
647,647,2026-01-27 16:28:00,Low Roar,The Machine,337660,0.0937944444444444,5.627666666666666,16,1,Tuesday,False,2026-01,The Machine Low Roar,0.822,0.432,0.33,0.293,0.152,-16.483,0.0434,135.034,0.17,1.0
648,648,2026-01-27 16:29:00,James Newton Howard,A Close Friend,111126,0.0308683333333333,1.8521,16,1,Tuesday,False,2026-01,A Close Friend James Newton Howard,0.976,0.082,0.0158,0.988,0.0855,-33.355,0.0466,170.441,0.0377,3.0
649,649,2026-01-27 16:32:00,Lorien Testard,Maelle,170000,0.0472222222222222,2.833333333333333,16,1,Tuesday,False,2026-01,Maelle Lorien Testard,0.961,0.24,0.157,0.000862,0.14,-12.249,0.0398,105.981,0.145,3.0
650,650,2026-01-27 16:35:00,The National,The Rains Of Castomere,144253,0.0400702777777777,2.4042166666666667,16,1,Tuesday,False,2026-01,The Rains Of Castomere The National,0.637,0.416,0.096,0.135,0.123,-23.069,0.0331,94.685,0.204,3.0
651,651,2026-01-27 16:39:00,Harry Nilsson,One,138633,0.0385091666666666,2.31055,16,1,Tuesday,False,2026-01,One Harry Nilsson,0.946,0.455,0.063,0.000131,0.1,-21.191,0.0386,125.333,0.208,3.0
652,652,2026-01-27 16:43:00,Coldplay,Til Kingdom Come,250668,0.06963,4.1778,16,1,Tuesday,False,2026-01,Til Kingdom Come Coldplay,0.61,0.607,0.395,0.00768,0.33,-9.593,0.0287,115.068,0.274,1.0
653,653,2026-01-27 16:46:00,Tim Buckley,Song to the Siren - Take 7,208400,0.0578888888888888,3.473333333333333,16,1,Tuesday,False,2026-01,Song to the Siren - Take 7 Tim Buckley,0.834,0.484,0.0869,0.000125,0.131,-18.198,0.0346,134.713,0.0772,3.0
654,654,2026-01-27 16:50:00,Jennifer Ann,Mad World (Instrumental),245000,0.0680555555555555,4.083333333333333,16,1,Tuesday,False,2026-01,Mad World (Instrumental) Jennifer Ann,0.795,0.322,0.194,0.836,0.12,-15.411,0.0339,97.448,0.134,3.0
655,655,2026-01-27 16:52:00,Alexandre Desplat,Extremely Loud and Incredibly Close,117673,0.0326869444444444,1.9612166666666664,16,1,Tuesday,False,2026-01,Extremely Loud and Incredibly Close Alexandre Desplat,0.991,0.474,0.0118,0.891,0.0622,-31.108,0.0318,79.1,0.0656,3.0
656,656,2026-01-27 16:56:00,System Of A Down,Lonely Day,167907,0.0466408333333333,2.79845,16,1,Tuesday,False,2026-01,Lonely Day System Of A Down,0.362,0.47,0.796,1.1e-06,0.133,-3.277,0.0336,113.108,0.215,0.0
657,657,2026-01-27 17:00:00,Nirvana,Something In The Way,232147,0.0644852777777777,3.8691166666666663,17,1,Tuesday,False,2026-01,Something In The Way Nirvana,0.745,0.427,0.201,0.263,0.109,-13.044,0.0317,105.218,0.0668,1.0
658,658,2026-01-27 17:01:00,Lorien Testard,Un 33 Décembre à Paris,108465,0.0301291666666666,1.80775,17,1,Tuesday,False,2026-01,Un 33 Décembre à Paris Lorien Testard,0.982,0.488,0.185,0.625,0.138,-16.415,0.0377,119.978,0.171,1.0
659,659,2026-01-27 17:06:00,Wesley Sprayue,Across the Stars - Piano,210071,0.0583530555555555,3.501183333333333,17,1,Tuesday,False,2026-01,Across the Stars - Piano Wesley Sprayue,0.993,0.474,0.0211,0.949,0.0754,-24.212,0.0527,79.368,0.183,3.0
660,660,2026-01-27 17:11:00,Ludovico Einaudi,Experience,315427,0.0876186111111111,5.257116666666667,17,1,Tuesday,False,2026-01,Experience Ludovico Einaudi,0.934,0.447,0.449,0.961,0.0697,-10.634,0.0376,92.468,0.036,1.0
661,661,2026-01-27 17:16:00,Camel,Ice,271514,0.0754205555555555,4.525233333333333,17,1,Tuesday,False,2026-01,Ice Camel,,,,,,,,,,
662,662,2026-01-27 17:19:00,The Beatles,While My Guitar Gently Weeps - Acoustic Version - Take 1 - Remastered,207360,0.0576,3.456,17,1,Tuesday,False,2026-01,While My Guitar Gently Weeps - Acoustic Version - Take 1 - Remastered The Beatles,,,,,,,,,,
663,663,2026-01-27 17:23:00,Enya,May It Be,211067,0.0586297222222222,3.517783333333333,17,1,Tuesday,False,2026-01,May It Be Enya,0.98,0.129,0.179,0.013,0.134,-17.081,0.0459,59.407,0.0735,3.0
664,664,2026-01-27 17:27:00,John Williams,Theme From Schindler's List,255693,0.0710258333333333,4.26155,17,1,Tuesday,False,2026-01,Theme From Schindler's List John Williams,0.859,0.142,0.113,0.838,0.107,-25.362,0.0415,98.575,0.0697,3.0
665,665,2026-01-27 18:11:00,Hans Zimmer,Final Ascent,314580,0.0873833333333333,5.243,18,1,Tuesday,False,2026-01,Final Ascent Hans Zimmer,0.159,0.203,0.0935,0.806,0.0883,-15.575,0.0344,41.858,0.0346,3.0
666,666,2026-01-28 05:55:00,Nirvana,Been A Son - BBC Mark Goodier Session,17584,0.0048844444444444,0.2930666666666666,5,1,Wednesday,True,2026-01,Been A Son - BBC Mark Goodier Session Nirvana,2.7e-06,0.387,0.914,0.0,0.258,-10.101,0.0862,154.455,0.556,0.0
667,667,2026-01-28 06:00:00,One Piano,A View to a Kill,14917,0.0041436111111111,0.2486166666666666,6,1,Wednesday,True,2026-01,A View to a Kill One Piano,0.98,0.726,0.523,0.892,0.116,-6.918,0.0373,124.084,0.259,1.0
668,668,2026-01-28 06:05:00,Hugh Jackman,Look Down,11483,0.0031897222222222,0.1913833333333333,6,1,Wednesday,True,2026-01,Look Down Hugh Jackman,0.898,0.379,0.377,1.16e-06,0.128,-11.951,0.184,152.624,0.375,1.0
669,669,2026-01-28 06:15:00,Murray Gold,Clara's Diner,20289,0.0056358333333333,0.33815,6,1,Wednesday,True,2026-01,Clara's Diner Murray Gold,,,,,,,,,,
670,670,2026-01-28 06:20:00,Michael Giacchino,Can't Fight City Halloween,43648,0.0121244444444444,0.7274666666666667,6,1,Wednesday,False,2026-01,Can't Fight City Halloween Michael Giacchino,0.616,0.315,0.141,0.951,0.107,-21.368,0.0294,82.042,0.116,3.0
671,671,2026-01-28 06:30:00,Patrik Pietschmann,The Lord of the Rings Main Theme - Piano Version,8922,0.0024783333333333,0.1487,6,1,Wednesday,True,2026-01,The Lord of the Rings Main Theme - Piano Version Patrik Pietschmann,0.986,0.595,0.11,0.905,0.0926,-20.867,0.0396,79.992,0.105,3.0
672,672,2026-01-28 06:40:00,Jackson C. Frank,My Name Is Carnival - 2001 Remaster,20246,0.0056238888888888,0.3374333333333333,6,1,Wednesday,True,2026-01,My Name Is Carnival - 2001 Remaster Jackson C. Frank,0.76,0.448,0.37,0.0,0.113,-11.653,0.0273,103.807,0.414,1.0
673,673,2026-01-28 07:06:00,Els Amics De Les Arts,L'Home Que Treballa Fent De Gos - En Directe Al Festival De Cap Roig / 2015,15436,0.0042877777777777,0.2572666666666666,7,1,Wednesday,True,2026-01,L'Home Que Treballa Fent De Gos - En Directe Al Festival De Cap Roig / 2015 Els Amics De Les Arts,0.0531,0.458,0.737,0.0,0.75,-7.785,0.0295,96.92,0.517,0.0
674,674,2026-01-28 09:39:00,Hans Zimmer,Final Ascent,16818,0.0046716666666666,0.2803,9,1,Wednesday,True,2026-01,Final Ascent Hans Zimmer,0.159,0.203,0.0935,0.806,0.0883,-15.575,0.0344,41.858,0.0346,3.0
675,675,2026-01-28 09:42:00,Low Roar,Bones,169805,0.0471680555555555,2.830083333333333,9,1,Wednesday,False,2026-01,Bones Low Roar,0.25,0.508,0.411,0.00981,0.162,-9.857,0.0386,69.995,0.353,0.0
676,676,2026-01-28 09:44:00,Kurt Cobain,And I Love Her,85690,0.0238027777777777,1.4281666666666666,9,1,Wednesday,False,2026-01,And I Love Her Kurt Cobain,0.983,0.61,0.287,0.827,0.129,-15.299,0.0328,96.697,0.459,1.0
677,677,2026-01-28 09:44:00,John Lennon,Imagine - Remastered 2010,1333,0.0003702777777777,0.0222166666666666,9,1,Wednesday,True,2026-01,Imagine - Remastered 2010 John Lennon,0.907,0.547,0.257,0.183,0.0935,-12.358,0.0252,75.752,0.169,1.0
678,678,2026-01-28 09:54:00,Ramin Djawadi,Light of the Seven,589095,0.1636375,9.81825,9,1,Wednesday,False,2026-01,Light of the Seven Ramin Djawadi,0.903,0.273,0.102,0.721,0.268,-16.843,0.0494,120.378,0.0583,3.0
679,679,2026-01-28 09:58:00,Martin Luther McCoy,While My Guitar Gently Weeps,242027,0.0672297222222222,4.033783333333333,9,1,Wednesday,False,2026-01,While My Guitar Gently Weeps Martin Luther McCoy,0.384,0.405,0.354,5.1e-06,0.0888,-10.605,0.0308,110.078,0.19,0.0
680,680,2026-01-28 10:02:00,Radiohead,Creep - Acoustic,258640,0.0718444444444444,4.310666666666667,10,1,Wednesday,False,2026-01,Creep - Acoustic Radiohead,0.557,0.399,0.239,0.000203,0.121,-17.123,0.0407,166.419,0.147,3.0
681,681,2026-01-28 10:11:00,Patrick Doyle,Justice,569635,0.1582319444444444,9.493916666666667,10,1,Wednesday,False,2026-01,Justice Patrick Doyle,0.602,0.144,0.178,0.896,0.116,-15.693,0.0416,139.581,0.0406,3.0
682,682,2026-01-28 10:15:00,Gustavo Santaolalla,The Last of Us,183533,0.0509813888888888,3.058883333333333,10,1,Wednesday,False,2026-01,The Last of Us Gustavo Santaolalla,0.867,0.587,0.467,0.928,0.098,-12.392,0.0306,154.636,0.353,1.0
683,683,2026-01-28 10:18:00,Lorien Testard,Gustave,228000,0.0633333333333333,3.8,10,1,Wednesday,False,2026-01,Gustave Lorien Testard,0.955,0.353,0.299,0.862,0.12,-12.835,0.0318,80.135,0.284,1.0
684,684,2026-01-28 10:21:00,Kath Bloom,Come Here,170880,0.0474666666666666,2.848,10,1,Wednesday,False,2026-01,Come Here Kath Bloom,0.0768,0.644,0.583,0.0,0.0868,-7.312,0.0282,102.192,0.308,0.0
685,685,2026-01-28 10:27:00,Ludovico Einaudi,Nuvole Bianche,357707,0.0993630555555555,5.961783333333333,10,1,Wednesday,False,2026-01,Nuvole Bianche Ludovico Einaudi,0.961,0.191,0.0582,0.89,0.0941,-25.398,0.0578,132.614,0.0454,3.0
686,686,2026-01-28 10:29:00,The Beatles,Yesterday - Remastered 2009,125667,0.0349075,2.09445,10,1,Wednesday,False,2026-01,Yesterday - Remastered 2009 The Beatles,0.879,0.332,0.179,0.0,0.0886,-11.83,0.0326,96.524,0.315,1.0
687,687,2026-01-28 10:35:00,Metallica,Mama Said - Remastered,319600,0.0887777777777777,5.326666666666667,10,1,Wednesday,False,2026-01,Mama Said - Remastered Metallica,,,,,,,,,,
688,688,2026-01-28 10:37:00,The Cinematic Orchestra,Arrival of the Birds,157240,0.0436777777777777,2.6206666666666667,10,1,Wednesday,False,2026-01,Arrival of the Birds The Cinematic Orchestra,0.937,0.175,0.143,0.933,0.0915,-17.439,0.0412,173.33,0.0662,3.0
689,689,2026-01-28 10:41:00,Meryl Streep,Slipping Through My Fingers - From 'Mamma Mia!' Original Motion Picture Soundtrack,230893,0.0641369444444444,3.8482166666666666,10,1,Wednesday,False,2026-01,Slipping Through My Fingers - From 'Mamma Mia!' Original Motion Picture Soundtrack Meryl Streep,0.507,0.463,0.489,0.0,0.165,-7.968,0.0288,140.034,0.249,0.0
690,690,2026-01-28 10:44:00,Jamie Duffy,Solas,192594,0.0534983333333333,3.2099,10,1,Wednesday,False,2026-01,Solas Jamie Duffy,0.964,0.256,0.335,0.889,0.0932,-16.708,0.0362,85.807,0.35,3.0
691,691,2026-01-28 10:49:00,Hozier,"Blood Upon the Snow (From ""God of War Ragnarök"" Soundtrack)",271697,0.0754713888888889,4.528283333333333,10,1,Wednesday,False,2026-01,"Blood Upon the Snow (From ""God of War Ragnarök"" Soundtrack) Hozier",0.442,0.323,0.301,0.00131,0.164,-13.564,0.0344,126.221,0.276,1.0
692,692,2026-01-28 10:55:00,Annie Lennox,Into the West,347600,0.0965555555555555,5.793333333333333,10,1,Wednesday,False,2026-01,Into the West Annie Lennox,0.914,0.312,0.031,8.81e-06,0.0949,-22.035,0.037,92.074,0.0399,3.0
693,693,2026-01-28 10:56:00,Hans Zimmer,Honor Him,79840,0.0221777777777777,1.3306666666666669,10,1,Wednesday,False,2026-01,Honor Him Hans Zimmer,0.857,0.194,0.105,0.884,0.117,-23.824,0.0418,68.08,0.0392,3.0
694,694,2026-01-28 11:00:00,Joe Hisaishi,The Sixth Station,218240,0.0606222222222222,3.637333333333333,11,1,Wednesday,False,2026-01,The Sixth Station Joe Hisaishi,0.879,0.304,0.0463,0.803,0.0923,-25.773,0.0353,77.936,0.0392,3.0
695,695,2026-01-28 11:03:00,Harry Nilsson,Without You,201774,0.0560483333333333,3.3629,11,1,Wednesday,False,2026-01,Without You Harry Nilsson,0.613,0.381,0.186,2.75e-06,0.0694,-15.477,0.029,65.058,0.142,3.0
696,696,2026-01-28 11:29:00,Lorien Testard,Alicia,170000,0.0472222222222222,2.833333333333333,11,1,Wednesday,False,2026-01,Alicia Lorien Testard,0.958,0.16,0.149,2.17e-06,0.156,-12.107,0.0419,169.141,0.141,3.0
697,697,2026-01-28 11:31:00,Jim Croce,Time in a Bottle,148587,0.0412741666666666,2.47645,11,1,Wednesday,False,2026-01,Time in a Bottle Jim Croce,0.888,0.533,0.155,0.0,0.108,-16.837,0.0376,134.019,0.592,1.0
698,698,2026-01-28 11:35:00,Johnny Cash,Hurt,216533,0.0601480555555555,3.608883333333333,11,1,Wednesday,False,2026-01,Hurt Johnny Cash,0.649,0.534,0.392,0.000227,0.0948,-7.636,0.0267,90.379,0.163,1.0
699,699,2026-01-28 11:37:00,Malukah,The Rains of Castamere - Remastered 2022,136533,0.0379258333333333,2.27555,11,1,Wednesday,False,2026-01,The Rains of Castamere - Remastered 2022 Malukah,0.958,0.496,0.102,1.7e-06,0.11,-11.681,0.0338,99.309,0.236,1.0
700,700,2026-01-28 11:37:00,MUSASHI PROJECT,哀と悲,8250,0.0022916666666666,0.1375,11,1,Wednesday,True,2026-01,哀と悲 MUSASHI PROJECT,0.743,0.28,0.183,0.525,0.173,-14.359,0.0361,119.685,0.0395,3.0
701,701,2026-01-29 05:55:00,Cream,White Room,36471,0.0101308333333333,0.60785,5,1,Thursday,False,2026-01,White Room Cream,0.191,0.553,0.576,0.00664,0.0365,-13.458,0.0304,109.827,0.457,2.0
702,702,2026-01-29 06:00:00,The Beatles,And I Love Her - Remastered 2009,7901,0.0021947222222222,0.1316833333333333,6,1,Thursday,True,2026-01,And I Love Her - Remastered 2009 The Beatles,0.64,0.767,0.331,0.0,0.0681,-10.777,0.0337,113.312,0.636,2.0
703,703,2026-01-29 06:15:00,Manel,Boomerang,11094,0.0030816666666666,0.1849,6,1,Thursday,True,2026-01,Boomerang Manel,0.742,0.696,0.531,0.378,0.167,-13.038,0.0281,129.923,0.7,2.0
704,704,2026-01-29 06:20:00,Els Amics De Les Arts,Ja No Ens Passa,13551,0.0037641666666666,0.22585,6,1,Thursday,True,2026-01,Ja No Ens Passa Els Amics De Les Arts,0.398,0.648,0.594,0.0,0.353,-8.09,0.0374,118.022,0.572,2.0
705,705,2026-01-29 06:25:00,Nirvana,Pennyroyal Tea,19780,0.0054944444444444,0.3296666666666666,6,1,Thursday,True,2026-01,Pennyroyal Tea Nirvana,0.000351,0.428,0.449,0.000498,0.253,-12.114,0.0342,113.308,0.196,0.0
706,706,2026-01-29 06:30:00,Els Amics De Les Arts,No ho entens,18216,0.00506,0.3036,6,1,Thursday,True,2026-01,No ho entens Els Amics De Les Arts,0.188,0.6,0.576,0.0432,0.0891,-8.245,0.0355,156.077,0.253,0.0
707,707,2026-01-29 06:35:00,Rosario Dawson,Without You,11850,0.0032916666666666,0.1975,6,1,Thursday,True,2026-01,Without You Rosario Dawson,0.15,0.537,0.585,0.000473,0.106,-6.158,0.0317,124.051,0.12,0.0
708,708,2026-01-29 06:40:00,Madonna,Like a Prayer,21802,0.0060561111111111,0.3633666666666666,6,1,Thursday,True,2026-01,Like a Prayer Madonna,0.848,0.244,0.273,0.499,0.124,-13.875,0.0351,116.076,0.104,3.0
709,709,2026-01-29 07:01:00,Scott Bradlee's Postmodern Jukebox,Bad Guy,8811,0.0024475,0.14685,7,1,Thursday,True,2026-01,Bad Guy Scott Bradlee's Postmodern Jukebox,0.063,0.527,0.273,0.000242,0.0808,-16.039,0.126,126.693,0.321,0.0
710,710,2026-01-29 10:26:00,Lorien Testard,Clair-Obscur,215993,0.0599980555555555,3.599883333333333,10,1,Thursday,False,2026-01,Clair-Obscur Lorien Testard,0.855,0.517,0.17,0.0,0.115,-14.965,0.0356,150.033,0.282,1.0
711,711,2026-01-29 10:29:00,a-ha,Take On Me - 2017 Acoustic,184326,0.0512016666666666,3.0721,10,1,Thursday,False,2026-01,Take On Me - 2017 Acoustic a-ha,0.92,0.437,0.188,1.26e-05,0.0988,-10.868,0.0307,103.883,0.223,1.0
712,712,2026-01-29 10:30:00,Hans Zimmer,Final Ascent,1123,0.0003119444444444,0.0187166666666666,10,1,Thursday,True,2026-01,Final Ascent Hans Zimmer,0.159,0.203,0.0935,0.806,0.0883,-15.575,0.0344,41.858,0.0346,3.0
713,713,2026-01-29 10:30:00,Max Richter,On the Nature of Daylight,61353,0.0170425,1.02255,10,1,Thursday,False,2026-01,On the Nature of Daylight Max Richter,0.154,0.0652,0.342,0.857,0.11,-12.742,0.0483,65.602,0.0335,0.0
714,714,2026-01-29 10:31:00,Billy Boyd,The Last Goodbye,16243,0.0045119444444444,0.2707166666666666,10,1,Thursday,True,2026-01,The Last Goodbye Billy Boyd,0.892,0.304,0.175,1.95e-05,0.084,-14.034,0.0311,93.716,0.162,3.0
715,715,2026-01-29 10:35:00,Radiohead,Creep - Acoustic,258640,0.0718444444444444,4.310666666666667,10,1,Thursday,False,2026-01,Creep - Acoustic Radiohead,0.557,0.399,0.239,0.000203,0.121,-17.123,0.0407,166.419,0.147,3.0
716,716,2026-01-29 10:38:00,Lorien Testard,Alicia,170000,0.0472222222222222,2.833333333333333,10,1,Thursday,False,2026-01,Alicia Lorien Testard,0.958,0.16,0.149,2.17e-06,0.156,-12.107,0.0419,169.141,0.141,3.0
717,717,2026-01-29 10:43:00,The Irrepressibles,In This Shirt,335147,0.0930963888888889,5.5857833333333335,10,1,Thursday,False,2026-01,In This Shirt The Irrepressibles,0.691,0.293,0.394,0.382,0.157,-9.581,0.0299,80.168,0.0384,1.0
718,718,2026-01-29 10:50:00,Peter Gabriel,My Body Is A Cage,372667,0.1035186111111111,6.211116666666666,10,1,Thursday,False,2026-01,My Body Is A Cage Peter Gabriel,0.849,0.341,0.114,0.0938,0.104,-12.885,0.0341,78.912,0.0806,3.0
719,719,2026-01-29 10:54:00,Hozier,"Blood Upon the Snow (From ""God of War Ragnarök"" Soundtrack)",271697,0.0754713888888889,4.528283333333333,10,1,Thursday,False,2026-01,"Blood Upon the Snow (From ""God of War Ragnarök"" Soundtrack) Hozier",0.442,0.323,0.301,0.00131,0.164,-13.564,0.0344,126.221,0.276,1.0
720,720,2026-01-29 10:57:00,Low Roar,Bones,169805,0.0471680555555555,2.830083333333333,10,1,Thursday,False,2026-01,Bones Low Roar,0.25,0.508,0.411,0.00981,0.162,-9.857,0.0386,69.995,0.353,0.0
721,721,2026-01-29 11:01:00,Harry Nilsson,Without You,201774,0.0560483333333333,3.3629,11,1,Thursday,False,2026-01,Without You Harry Nilsson,0.613,0.381,0.186,2.75e-06,0.0694,-15.477,0.029,65.058,0.142,3.0
722,722,2026-01-29 11:04:00,Lorien Testard,Lumière - Lumière à l’Aube,232000,0.0644444444444444,3.8666666666666663,11,1,Thursday,False,2026-01,Lumière - Lumière à l’Aube Lorien Testard,0.881,0.599,0.136,0.855,0.101,-19.403,0.0435,149.849,0.396,1.0
723,723,2026-01-30 05:55:00,David Arnold,Pick Up,27406,0.0076127777777777,0.4567666666666666,5,1,Friday,True,2026-01,Pick Up David Arnold,,,,,,,,,,
724,724,2026-01-30 06:00:00,Antònia Font,Un Minut Estroboscòpica,12403,0.0034452777777777,0.2067166666666666,6,1,Friday,True,2026-01,Un Minut Estroboscòpica Antònia Font,0.144,0.504,0.531,1.29e-05,0.298,-11.83,0.03,138.12,0.746,2.0
725,725,2026-01-30 06:05:00,Samantha Barks,On My Own,15162,0.0042116666666666,0.2527,6,1,Friday,True,2026-01,On My Own Samantha Barks,0.888,0.303,0.116,0.0,0.144,-15.723,0.0552,85.473,0.196,3.0
726,726,2026-01-30 06:10:00,Redbone,Come and Get Your Love - Single Version,7202,0.0020005555555555,0.1200333333333333,6,1,Friday,True,2026-01,Come and Get Your Love - Single Version Redbone,0.172,0.73,0.804,0.000278,0.0685,-7.621,0.0473,107.383,0.958,2.0
727,727,2026-01-30 06:15:00,Royal Philharmonic Orchestra,"Living Daylights - From ""The Living Daylights""",6285,0.0017458333333333,0.10475,6,1,Friday,True,2026-01,"Living Daylights - From ""The Living Daylights"" Royal Philharmonic Orchestra",,,,,,,,,,
728,728,2026-01-30 06:20:00,Johnny Cash,The Man Comes Around,10753,0.0029869444444444,0.1792166666666666,6,1,Friday,True,2026-01,The Man Comes Around Johnny Cash,0.52,0.635,0.584,0.0951,0.962,-7.912,0.144,97.067,0.753,2.0
729,729,2026-01-30 06:25:00,Jim Sturgess,"I've Just Seen A Face - From ""Across The Universe"" Soundtrack",9374,0.0026038888888888,0.1562333333333333,6,1,Friday,True,2026-01,"I've Just Seen A Face - From ""Across The Universe"" Soundtrack Jim Sturgess",0.0259,0.498,0.841,0.000753,0.173,-6.863,0.0617,135.759,0.333,0.0
730,730,2026-01-30 06:30:00,Metallica,Breadfan,10142,0.0028172222222222,0.1690333333333333,6,1,Friday,True,2026-01,Breadfan Metallica,0.000336,0.354,0.93,0.111,0.62,-7.46,0.0729,103.549,0.152,0.0
731,731,2026-01-30 06:35:00,Nicholas Britell,Adagio in C Minor,895,0.0002486111111111,0.0149166666666666,6,1,Friday,True,2026-01,Adagio in C Minor Nicholas Britell,0.87,0.159,0.0809,0.961,0.105,-17.866,0.0421,131.447,0.0363,3.0
732,732,2026-01-30 06:50:00,Led Zeppelin,Stairway to Heaven - Remaster,1797,0.0004991666666666,0.02995,6,1,Friday,True,2026-01,Stairway to Heaven - Remaster Led Zeppelin,0.58,0.338,0.34,0.0032,0.116,-12.049,0.0339,82.433,0.197,1.0
733,733,2026-01-30 06:54:00,Ramin Djawadi,Light of the Seven,316984,0.0880511111111111,5.283066666666667,6,1,Friday,False,2026-01,Light of the Seven Ramin Djawadi,0.903,0.273,0.102,0.721,0.268,-16.843,0.0494,120.378,0.0583,3.0
734,734,2026-01-30 10:41:00,Ramin Djawadi,Light of the Seven,272111,0.0755863888888888,4.535183333333333,10,1,Friday,False,2026-01,Light of the Seven Ramin Djawadi,0.903,0.273,0.102,0.721,0.268,-16.843,0.0494,120.378,0.0583,3.0
735,735,2026-01-30 10:44:00,James Newton Howard,"The Hanging Tree - From ""The Hunger Games: Mockingjay"" Soundtraclk",218507,0.0606963888888888,3.641783333333333,10,1,Friday,False,2026-01,"The Hanging Tree - From ""The Hunger Games: Mockingjay"" Soundtraclk James Newton Howard",0.344,0.213,0.0743,3.45e-05,0.212,-18.071,0.0408,53.863,0.145,3.0
736,736,2026-01-30 10:47:00,Jim Croce,Time in a Bottle,148587,0.0412741666666666,2.47645,10,1,Friday,False,2026-01,Time in a Bottle Jim Croce,0.888,0.533,0.155,0.0,0.108,-16.837,0.0376,134.019,0.592,1.0
737,737,2026-01-30 10:52:00,Murray Gold,Doomsday,309707,0.0860297222222222,5.161783333333333,10,1,Friday,False,2026-01,Doomsday Murray Gold,,,,,,,,,,
738,738,2026-01-30 10:57:00,Low Roar,"Once in a Long, Long While",316525,0.0879236111111111,5.275416666666667,10,1,Friday,False,2026-01,"Once in a Long, Long While Low Roar",0.209,0.558,0.566,0.422,0.112,-12.563,0.0423,130.024,0.117,0.0
739,739,2026-01-30 11:00:00,Elliott Smith,Between The Bars,141280,0.0392444444444444,2.3546666666666667,11,1,Friday,False,2026-01,Between The Bars Elliott Smith,0.909,0.501,0.141,0.6,0.0974,-19.297,0.0588,135.621,0.42,1.0
740,740,2026-01-30 11:03:00,Lorien Testard,Lumière,222000,0.0616666666666666,3.7,11,1,Friday,False,2026-01,Lumière Lorien Testard,0.95,0.426,0.185,5.02e-06,0.213,-11.717,0.0339,83.424,0.459,1.0
741,741,2026-01-30 16:51:00,a-ha,The Living Daylights - 2016 Remaster,254493,0.0706925,4.24155,16,1,Friday,False,2026-01,The Living Daylights - 2016 Remaster a-ha,0.114,0.695,0.78,0.000971,0.0785,-7.906,0.0267,120.255,0.833,2.0
742,742,2026-01-30 16:54:00,John Barry,"Air Bond / Necros Attacks - From ""The Living Daylights""",207333,0.0575925,3.45555,16,1,Friday,False,2026-01,"Air Bond / Necros Attacks - From ""The Living Daylights"" John Barry",0.111,0.374,0.481,0.964,0.0966,-10.155,0.0295,129.946,0.159,0.0
743,743,2026-01-30 16:57:00,John Barry,"Koskov Escapes / Hercules Take Off - From ""The Living Daylights""",180560,0.0501555555555555,3.009333333333333,16,1,Friday,False,2026-01,"Koskov Escapes / Hercules Take Off - From ""The Living Daylights"" John Barry",0.192,0.585,0.569,0.969,0.218,-10.435,0.0454,137.081,0.339,0.0
744,744,2026-01-30 17:01:00,Pretenders,Where Has Every Body Gone - 1992 Remaster,217467,0.0604075,3.62445,17,1,Friday,False,2026-01,Where Has Every Body Gone - 1992 Remaster Pretenders,0.29,0.656,0.663,0.282,0.167,-10.278,0.0335,119.962,0.433,2.0
745,745,2026-01-30 19:30:00,John Barry,"End Title - From ""The Living Daylights""",13547,0.0037630555555555,0.2257833333333333,19,1,Friday,True,2026-01,"End Title - From ""The Living Daylights"" John Barry",0.691,0.0936,0.245,0.573,0.114,-16.362,0.0366,173.828,0.23,3.0
746,746,2026-01-31 21:34:00,John Barry,"End Title - From ""The Living Daylights""",3149,0.0008747222222222,0.0524833333333333,21,1,Saturday,True,2026-01,"End Title - From ""The Living Daylights"" John Barry",0.691,0.0936,0.245,0.573,0.114,-16.362,0.0366,173.828,0.23,3.0
747,747,2026-01-31 21:37:00,Manu Guix,El Bevedor,121669,0.0337969444444444,2.027816666666667,21,1,Saturday,False,2026-01,El Bevedor Manu Guix,,,,,,,,,,
748,748,2026-01-31 21:39:00,Manu Guix,Resultat,114231,0.0317308333333333,1.90385,21,1,Saturday,False,2026-01,Resultat Manu Guix,,,,,,,,,,
749,749,2026-01-31 21:40:00,Manu Guix,El Fanaler,97420,0.0270611111111111,1.6236666666666666,21,1,Saturday,False,2026-01,El Fanaler Manu Guix,,,,,,,,,,
750,750,2026-01-31 21:42:00,Manu Guix,El Geògraf,104040,0.0289,1.734,21,1,Saturday,False,2026-01,El Geògraf Manu Guix,,,,,,,,,,
751,751,2026-01-31 21:46:00,a-ha,The Living Daylights,254347,0.0706519444444444,4.239116666666667,21,1,Saturday,False,2026-01,The Living Daylights a-ha,0.114,0.695,0.78,0.000971,0.0785,-7.906,0.0267,120.255,0.833,2.0
752,752,2026-01-31 22:14:00,Amanda Seyfried,Gimme! Gimme! Gimme! (A Man After Midnight) - From 'Mamma Mia!' Original Motion Picture Soundtrack,194314,0.0539761111111111,3.238566666666667,22,1,Saturday,False,2026-01,Gimme! Gimme! Gimme! (A Man After Midnight) - From 'Mamma Mia!' Original Motion Picture Soundtrack Amanda Seyfried,0.021,0.628,0.836,0.000513,0.416,-4.776,0.0301,120.045,0.571,2.0
753,753,2026-02-01 07:46:00,Ja T'ho Dire,Si Vens (Remasteritzat 2013),10837,0.0030102777777777,0.1806166666666666,7,2,Sunday,True,2026-02,Si Vens (Remasteritzat 2013) Ja T'ho Dire,0.684,0.686,0.745,0.0,0.0837,-5.648,0.0399,138.197,0.573,2.0
754,754,2026-02-02 05:55:00,The Doors,People Are Strange,29350,0.0081527777777777,0.4891666666666667,5,2,Monday,True,2026-02,People Are Strange The Doors,0.685,0.699,0.467,0.0,0.315,-8.578,0.0375,119.287,0.764,2.0
755,755,2026-02-02 06:00:00,Royal Philharmonic Orchestra,"Moonraker - From ""Moonraker""",14785,0.0041069444444444,0.2464166666666666,6,2,Monday,True,2026-02,"Moonraker - From ""Moonraker"" Royal Philharmonic Orchestra",,,,,,,,,,
756,756,2026-02-02 06:15:00,Piano Tribute Players,A Little Fall of Rain - Instrumental,11782,0.0032727777777777,0.1963666666666666,6,2,Monday,True,2026-02,A Little Fall of Rain - Instrumental Piano Tribute Players,0.993,0.661,0.264,0.912,0.114,-16.579,0.04,114.013,0.316,1.0
757,757,2026-02-02 06:20:00,Low Roar,Waiting (10 Years),13444,0.0037344444444444,0.2240666666666666,6,2,Monday,True,2026-02,Waiting (10 Years) Low Roar,0.641,0.587,0.489,0.254,0.115,-12.757,0.0922,155.039,0.228,1.0
758,758,2026-02-02 06:30:00,Jared Emerson-Johnson,The Spy and the Liar,10839,0.0030108333333333,0.18065,6,2,Monday,True,2026-02,The Spy and the Liar Jared Emerson-Johnson,0.455,0.154,0.43,0.0,0.174,-12.583,0.0358,80.167,0.283,0.0
759,759,2026-02-02 06:40:00,Antònia Font,Calgary 88,9957,0.0027658333333333,0.16595,6,2,Monday,True,2026-02,Calgary 88 Antònia Font,0.548,0.608,0.592,0.00664,0.0868,-12.77,0.0473,157.917,0.646,2.0
760,760,2026-02-02 06:55:00,Jamie Duffy,Solas,124950,0.0347083333333333,2.0825,6,2,Monday,False,2026-02,Solas Jamie Duffy,0.964,0.256,0.335,0.889,0.0932,-16.708,0.0362,85.807,0.35,3.0
761,761,2026-02-02 07:18:00,Royal Philharmonic Orchestra,"Nobody Does It Better - From ""The Spy Who Loved Me""",7762,0.0021561111111111,0.1293666666666666,7,2,Monday,True,2026-02,"Nobody Does It Better - From ""The Spy Who Loved Me"" Royal Philharmonic Orchestra",,,,,,,,,,
762,762,2026-02-02 07:27:00,Max Richter,On the Nature of Daylight - Orchestral Version,217026,0.060285,3.6171,7,2,Monday,False,2026-02,On the Nature of Daylight - Orchestral Version Max Richter,0.708,0.0608,0.157,0.855,0.123,-15.431,0.0488,60.374,0.0325,3.0
763,763,2026-02-02 07:35:00,Max Richter,On the Nature of Daylight - Orchestral Version,393252,0.1092366666666666,6.5542,7,2,Monday,False,2026-02,On the Nature of Daylight - Orchestral Version Max Richter,0.708,0.0608,0.157,0.855,0.123,-15.431,0.0488,60.374,0.0325,3.0
764,764,2026-02-02 07:37:00,Arcane,Wasteland (from the series Arcane League of Legends),161133,0.0447591666666666,2.68555,7,2,Monday,False,2026-02,Wasteland (from the series Arcane League of Legends) Arcane,0.83,0.428,0.323,4.93e-05,0.113,-10.216,0.0312,139.169,0.189,1.0
765,765,2026-02-02 07:41:00,Wesley Sprayue,Across the Stars - Piano,210071,0.0583530555555555,3.501183333333333,7,2,Monday,False,2026-02,Across the Stars - Piano Wesley Sprayue,0.993,0.474,0.0211,0.949,0.0754,-24.212,0.0527,79.368,0.183,3.0
766,766,2026-02-02 07:53:00,Eric Clapton,Autumn Leaves,243777,0.0677158333333333,4.06295,7,2,Monday,False,2026-02,Autumn Leaves Eric Clapton,0.795,0.326,0.188,0.676,0.112,-17.393,0.0363,82.688,0.184,3.0
767,767,2026-02-02 08:49:00,Meryl Streep,"The Winner Takes It All - From ""Mamma Mia!""",297933,0.0827591666666666,4.96555,8,2,Monday,False,2026-02,"The Winner Takes It All - From ""Mamma Mia!"" Meryl Streep",0.67,0.278,0.373,0.0,0.105,-8.077,0.0327,82.69,0.264,1.0
768,768,2026-02-02 08:54:00,Queen,Too Much Love Will Kill You - Remastered 2011,259213,0.0720036111111111,4.320216666666667,8,2,Monday,False,2026-02,Too Much Love Will Kill You - Remastered 2011 Queen,0.58,0.385,0.395,6.31e-05,0.159,-7.602,0.0313,72.933,0.21,1.0
769,769,2026-02-02 08:58:00,a-ha,Take On Me - MTV Unplugged,253907,0.0705297222222222,4.2317833333333335,8,2,Monday,False,2026-02,Take On Me - MTV Unplugged a-ha,0.966,0.472,0.204,4.12e-05,0.69,-13.419,0.0408,129.504,0.296,1.0
770,770,2026-02-02 09:07:00,a-ha,The Living Daylights - MTV Unplugged,349453,0.0970702777777777,5.824216666666667,9,2,Monday,False,2026-02,The Living Daylights - MTV Unplugged a-ha,0.265,0.581,0.762,9.8e-06,0.2,-8.54,0.0409,110.932,0.436,2.0
771,771,2026-02-02 09:19:00,a-ha,The Living Daylights,286000,0.0794444444444444,4.766666666666667,9,2,Monday,False,2026-02,The Living Daylights a-ha,0.114,0.695,0.78,0.000971,0.0785,-7.906,0.0267,120.255,0.833,2.0
772,772,2026-02-02 09:27:00,a-ha,The Living Daylights - Live,448400,0.1245555555555555,7.473333333333334,9,2,Monday,False,2026-02,The Living Daylights - Live a-ha,,,,,,,,,,
773,773,2026-02-02 09:28:00,The City of Prague Philharmonic Orchestra,The Living Daylights (Mujahadin/Afghanistan Plan),61630,0.0171194444444444,1.0271666666666666,9,2,Monday,False,2026-02,The Living Daylights (Mujahadin/Afghanistan Plan) The City of Prague Philharmonic Orchestra,0.8,0.186,0.156,0.895,0.108,-18.498,0.0377,126.094,0.0402,3.0
774,774,2026-02-02 09:31:00,One Piano,The Living Daylights,195839,0.0543997222222222,3.263983333333333,9,2,Monday,False,2026-02,The Living Daylights One Piano,,,,,,,,,,
775,775,2026-02-02 09:34:00,Patrik Jablonski,The Living Daylights - From: The Living Daylights,203477,0.0565213888888888,3.391283333333333,9,2,Monday,False,2026-02,The Living Daylights - From: The Living Daylights Patrik Jablonski,,,,,,,,,,
776,776,2026-02-02 09:40:00,Thematic Pianos,"The Living Daylights (From ""The Living Daylights"") - Orchestral Mix",246500,0.0684722222222222,4.108333333333333,9,2,Monday,False,2026-02,"The Living Daylights (From ""The Living Daylights"") - Orchestral Mix Thematic Pianos",,,,,,,,,,
777,777,2026-02-02 09:42:00,007 Piano,"The Living Daylights (From ""James Bond"") - Piano Version",122287,0.0339686111111111,2.038116666666667,9,2,Monday,False,2026-02,"The Living Daylights (From ""James Bond"") - Piano Version 007 Piano",0.994,0.581,0.0639,0.954,0.102,-25.639,0.0566,164.002,0.26,3.0
778,778,2026-02-02 09:43:00,The City of Prague Philharmonic Orchestra,The Living Daylights (Air Bond/Necros Attack),60890,0.0169138888888888,1.0148333333333333,9,2,Monday,False,2026-02,The Living Daylights (Air Bond/Necros Attack) The City of Prague Philharmonic Orchestra,0.139,0.401,0.489,0.973,0.109,-10.117,0.0299,129.914,0.141,0.0
779,779,2026-02-02 09:46:00,The City of Prague Philharmonic Orchestra,The Living Daylights (End Title),183484,0.0509677777777777,3.0580666666666665,9,2,Monday,False,2026-02,The Living Daylights (End Title) The City of Prague Philharmonic Orchestra,0.666,0.182,0.232,0.734,0.111,-16.37,0.0332,82.472,0.215,3.0
780,780,2026-02-02 09:50:00,Rufus Wainwright,Across The Universe - Remix,249387,0.0692741666666666,4.15645,9,2,Monday,False,2026-02,Across The Universe - Remix Rufus Wainwright,0.518,0.344,0.414,0.0,0.0982,-6.567,0.0269,148.591,0.201,0.0
781,781,2026-02-02 09:55:00,Coldplay,The Scientist,309600,0.086,5.16,9,2,Monday,False,2026-02,The Scientist Coldplay,0.731,0.557,0.442,1.46e-05,0.11,-7.224,0.0243,146.277,0.213,1.0
782,782,2026-02-02 09:57:00,Emile Mosseri,Jacob's Prayer,94763,0.0263230555555555,1.5793833333333334,9,2,Monday,False,2026-02,Jacob's Prayer Emile Mosseri,0.968,0.293,0.137,0.935,0.0779,-20.623,0.0327,81.478,0.111,3.0
783,783,2026-02-02 10:01:00,Max Richter,She Remembers,229404,0.0637233333333333,3.8234,10,2,Monday,False,2026-02,She Remembers Max Richter,0.979,0.0602,0.0276,0.962,0.101,-21.52,0.0528,67.561,0.0356,3.0
784,784,2026-02-02 10:05:00,Keane,Somewhere Only We Know,237147,0.0658741666666666,3.95245,10,2,Monday,False,2026-02,Somewhere Only We Know Keane,0.0678,0.441,0.606,1.43e-05,0.0973,-5.825,0.0259,171.978,0.358,0.0
785,785,2026-02-02 10:21:00,Metallica,Mama Said - Remastered,237030,0.0658416666666666,3.9505,10,2,Monday,False,2026-02,Mama Said - Remastered Metallica,,,,,,,,,,
786,786,2026-02-02 10:26:00,Shion Miyawaki,月光,293533,0.0815369444444444,4.892216666666667,10,2,Monday,False,2026-02,月光 Shion Miyawaki,0.962,0.516,0.258,7.58e-06,0.0959,-7.627,0.0273,75.051,0.237,1.0
787,787,2026-02-02 10:26:00,Arcane,这样很好 (Isha's Song) (from the series Arcane League of Legends),35130,0.0097583333333333,0.5855,10,2,Monday,False,2026-02,这样很好 (Isha's Song) (from the series Arcane League of Legends) Arcane,0.236,0.456,0.524,1.42e-06,0.107,-7.634,0.0298,75.132,0.207,0.0
788,788,2026-02-02 11:43:00,Hoobastank,The Reason,232800,0.0646666666666666,3.88,11,2,Monday,False,2026-02,The Reason Hoobastank,0.199,0.561,0.595,6.47e-05,0.132,-4.53,0.0274,104.006,0.144,0.0
789,789,2026-02-02 11:45:00,Manu Guix,Comiat,128787,0.0357741666666666,2.14645,11,2,Monday,False,2026-02,Comiat Manu Guix,,,,,,,,,,
790,790,2026-02-02 11:49:00,ABBA,Slipping Through My Fingers,233680,0.0649111111111111,3.8946666666666663,11,2,Monday,False,2026-02,Slipping Through My Fingers ABBA,0.507,0.463,0.489,0.0,0.165,-7.968,0.0288,140.034,0.249,0.0
791,791,2026-02-02 11:52:00,System Of A Down,Lonely Day,160443,0.0445675,2.67405,11,2,Monday,False,2026-02,Lonely Day System Of A Down,0.362,0.47,0.796,1.1e-06,0.133,-3.277,0.0336,113.108,0.215,0.0
792,792,2026-02-02 11:52:00,Queen,Who Wants To Live Forever - Remastered 2011,1043,0.0002897222222222,0.0173833333333333,11,2,Monday,True,2026-02,Who Wants To Live Forever - Remastered 2011 Queen,0.544,0.182,0.388,0.00134,0.114,-8.672,0.0324,139.276,0.0392,0.0
793,793,2026-02-02 11:52:00,Harry Nilsson,Without You,1413,0.0003925,0.02355,11,2,Monday,True,2026-02,Without You Harry Nilsson,0.613,0.381,0.186,2.75e-06,0.0694,-15.477,0.029,65.058,0.142,3.0
794,794,2026-02-02 11:54:00,Arcane,The Line (from the series Arcane League of Legends),1863,0.0005175,0.03105,11,2,Monday,True,2026-02,The Line (from the series Arcane League of Legends) Arcane,0.263,0.556,0.47,0.000266,0.0835,-9.777,0.0379,142.596,0.322,0.0
795,795,2026-02-02 11:54:00,Ludovico Einaudi,Fly,133893,0.0371925,2.23155,11,2,Monday,False,2026-02,Fly Ludovico Einaudi,0.994,0.174,0.178,0.861,0.0737,-18.717,0.0362,167.972,0.0347,3.0
796,796,2026-02-02 12:22:00,Hozier,Take Me To Church,241688,0.0671355555555555,4.028133333333333,12,2,Monday,False,2026-02,Take Me To Church Hozier,0.637,0.575,0.664,0.0,0.116,-5.303,0.0481,129.071,0.437,2.0
797,797,2026-02-02 12:25:00,Murray Gold,Vale Decem,199293,0.0553591666666666,3.32155,12,2,Monday,False,2026-02,Vale Decem Murray Gold,,,,,,,,,,
798,798,2026-02-02 12:29:00,Radiohead,No Surprises,229120,0.0636444444444444,3.818666666666666,12,2,Monday,False,2026-02,No Surprises Radiohead,0.0577,0.255,0.393,0.00361,0.113,-10.654,0.0278,76.426,0.118,0.0
799,799,2026-02-02 12:32:00,Harry Nilsson,One,174993,0.0486091666666666,2.91655,12,2,Monday,False,2026-02,One Harry Nilsson,0.946,0.455,0.063,0.000131,0.1,-21.191,0.0386,125.333,0.208,3.0
800,800,2026-02-02 12:34:00,Snow Patrol,Chasing Cars,120740,0.0335388888888888,2.0123333333333333,12,2,Monday,False,2026-02,Chasing Cars Snow Patrol,0.199,0.561,0.595,6.47e-05,0.132,-4.53,0.0274,104.006,0.144,0.0
801,801,2026-02-02 12:40:00,Hozier,Take Me To Church,1400,0.0003888888888888,0.0233333333333333,12,2,Monday,True,2026-02,Take Me To Church Hozier,0.637,0.575,0.664,0.0,0.116,-5.303,0.0481,129.071,0.437,2.0
802,802,2026-02-02 12:57:00,Murray Gold,Vale Decem,27900,0.00775,0.465,12,2,Monday,True,2026-02,Vale Decem Murray Gold,,,,,,,,,,
803,803,2026-02-03 06:00:00,Murray Gold,Infinite Potential,22815,0.0063375,0.38025,6,2,Tuesday,True,2026-02,Infinite Potential Murray Gold,,,,,,,,,,
804,804,2026-02-03 06:10:00,Els Amics De Les Arts,Louisiana O Els Camps De Cotó - En Directe Al Festival De Cap Roig / 2015,11744,0.0032622222222222,0.1957333333333333,6,2,Tuesday,True,2026-02,Louisiana O Els Camps De Cotó - En Directe Al Festival De Cap Roig / 2015 Els Amics De Les Arts,0.672,0.297,0.511,4.73e-06,0.981,-12.372,0.0706,79.867,0.407,1.0
805,805,2026-02-03 06:15:00,David Arnold,Bones,13199,0.0036663888888888,0.2199833333333333,6,2,Tuesday,True,2026-02,Bones David Arnold,,,,,,,,,,
806,806,2026-02-03 06:20:00,John Williams,"Across the Stars (Love Theme from ""Star Wars: Attack of the Clones"")",26135,0.0072597222222222,0.4355833333333333,6,2,Tuesday,True,2026-02,"Across the Stars (Love Theme from ""Star Wars: Attack of the Clones"") John Williams",,,,,,,,,,
807,807,2026-02-03 06:25:00,Tin Idols,John Nineteen: Forty-One,10672,0.0029644444444444,0.1778666666666666,6,2,Tuesday,True,2026-02,John Nineteen: Forty-One Tin Idols,,,,,,,,,,
808,808,2026-02-03 06:30:00,Nicholas Britell,Strings + 808 + Beat,7785,0.0021625,0.12975,6,2,Tuesday,True,2026-02,Strings + 808 + Beat Nicholas Britell,0.00727,0.747,0.433,0.778,0.109,-8.882,0.117,139.93,0.167,0.0
809,809,2026-02-03 06:35:00,Rosario Dawson,Out Tonight,20944,0.0058177777777777,0.3490666666666667,6,2,Tuesday,True,2026-02,Out Tonight Rosario Dawson,0.000111,0.534,0.911,0.000406,0.078,-2.826,0.0441,139.02,0.681,2.0
810,810,2026-02-03 06:40:00,Michael Giacchino,The Batman,29437,0.0081769444444444,0.4906166666666666,6,2,Tuesday,True,2026-02,The Batman Michael Giacchino,0.5,0.209,0.152,0.903,0.103,-16.519,0.0324,80.136,0.0482,3.0
811,811,2026-02-03 06:45:00,Jesse L. Martin,Today 4 U,6692,0.0018588888888888,0.1115333333333333,6,2,Tuesday,True,2026-02,Today 4 U Jesse L. Martin,0.043,0.724,0.94,4.27e-05,0.142,-3.155,0.0507,132.006,0.684,2.0
812,812,2026-02-03 07:28:00,Adam Pascal,I Should Tell You,168980,0.0469388888888888,2.816333333333333,7,2,Tuesday,False,2026-02,I Should Tell You Adam Pascal,0.458,0.315,0.362,0.0,0.0922,-7.889,0.0271,98.657,0.171,0.0
813,813,2026-02-03 07:43:00,Adam Pascal,I Should Tell You,3100,0.0008611111111111,0.0516666666666666,7,2,Tuesday,True,2026-02,I Should Tell You Adam Pascal,0.458,0.315,0.362,0.0,0.0922,-7.889,0.0271,98.657,0.171,0.0
814,814,2026-02-03 07:54:00,Damien Rice,The Blower's Daughter,286653,0.0796258333333333,4.77755,7,2,Tuesday,False,2026-02,The Blower's Daughter Damien Rice,0.134,0.342,0.2,0.000153,0.341,-13.569,0.0324,133.113,0.0743,0.0
815,815,2026-02-03 10:59:00,Els Amics De Les Arts,Ja no ens passa,202000,0.0561111111111111,3.3666666666666667,10,2,Tuesday,False,2026-02,Ja no ens passa Els Amics De Les Arts,0.398,0.648,0.594,0.0,0.353,-8.09,0.0374,118.022,0.572,2.0
816,816,2026-02-03 12:11:00,Adam Pascal,I Should Tell You,23,6.3888888888888885e-06,0.0003833333333333,12,2,Tuesday,True,2026-02,I Should Tell You Adam Pascal,0.458,0.315,0.362,0.0,0.0922,-7.889,0.0271,98.657,0.171,0.0
817,817,2026-02-03 12:11:00,Els Amics De Les Arts,Ja no ens passa,1547,0.0004297222222222,0.0257833333333333,12,2,Tuesday,True,2026-02,Ja no ens passa Els Amics De Les Arts,0.398,0.648,0.594,0.0,0.353,-8.09,0.0374,118.022,0.572,2.0
818,818,2026-02-03 12:11:00,Els Amics De Les Arts,Ja no ens passa,0,0.0,0.0,12,2,Tuesday,True,2026-02,Ja no ens passa Els Amics De Les Arts,0.398,0.648,0.594,0.0,0.353,-8.09,0.0374,118.022,0.572,2.0
819,819,2026-02-03 12:11:00,Damien Rice,The Blower's Daughter,0,0.0,0.0,12,2,Tuesday,True,2026-02,The Blower's Daughter Damien Rice,0.134,0.342,0.2,0.000153,0.341,-13.569,0.0324,133.113,0.0743,0.0
820,820,2026-02-03 12:11:00,Damien Rice,The Blower's Daughter,23,6.3888888888888885e-06,0.0003833333333333,12,2,Tuesday,True,2026-02,The Blower's Daughter Damien Rice,0.134,0.342,0.2,0.000153,0.341,-13.569,0.0324,133.113,0.0743,0.0
821,821,2026-02-03 12:11:00,Anne Hathaway,"I Dreamed A Dream - From ""Les Misérables""",484,0.0001344444444444,0.0080666666666666,12,2,Tuesday,True,2026-02,"I Dreamed A Dream - From ""Les Misérables"" Anne Hathaway",0.94,0.274,0.0742,2.37e-05,0.0869,-17.234,0.0456,93.48,0.15,3.0
822,822,2026-02-03 12:11:00,L'Orchestra Cinematique,James Bond Theme - Epic Version,191757,0.0532658333333333,3.19595,12,2,Tuesday,False,2026-02,James Bond Theme - Epic Version L'Orchestra Cinematique,,,,,,,,,,
823,823,2026-02-03 12:11:00,L'Orchestra Cinematique,James Bond Theme - Epic Version,0,0.0,0.0,12,2,Tuesday,True,2026-02,James Bond Theme - Epic Version L'Orchestra Cinematique,,,,,,,,,,
824,824,2026-02-03 12:12:00,Jonathan Groff,I Know Him,97980,0.0272166666666666,1.633,12,2,Tuesday,False,2026-02,I Know Him Jonathan Groff,0.649,0.67,0.436,0.0,0.722,-8.636,0.364,121.581,0.378,1.0
825,825,2026-02-03 12:16:00,Les Misérables Cast,One Day More,221933,0.0616480555555555,3.698883333333333,12,2,Tuesday,False,2026-02,One Day More Les Misérables Cast,0.845,0.376,0.269,0.0,0.0795,-11.951,0.0315,86.022,0.289,1.0
826,826,2026-02-03 12:19:00,a-ha,Take On Me - 2017 Acoustic,184326,0.0512016666666666,3.0721,12,2,Tuesday,False,2026-02,Take On Me - 2017 Acoustic a-ha,0.92,0.437,0.188,1.26e-05,0.0988,-10.868,0.0307,103.883,0.223,1.0
827,827,2026-02-03 12:21:00,Nicholas Britell,"Larghetto - Piano, Celesta, Strings - ""Kendall's Return""",113949,0.0316525,1.89915,12,2,Tuesday,False,2026-02,"Larghetto - Piano, Celesta, Strings - ""Kendall's Return"" Nicholas Britell",0.825,0.349,0.0569,0.945,0.0985,-24.768,0.0341,119.927,0.0338,3.0
828,828,2026-02-03 12:23:00,One Piano,Castle on a Cloud,123214,0.0342261111111111,2.0535666666666668,12,2,Tuesday,False,2026-02,Castle on a Cloud One Piano,0.934,0.666,0.254,0.93,0.0945,-16.489,0.0511,111.819,0.265,1.0
829,829,2026-02-03 12:27:00,Joe Anderson,I Want You (She's So Heavy),222187,0.0617186111111111,3.703116666666667,12,2,Tuesday,False,2026-02,I Want You (She's So Heavy) Joe Anderson,0.0803,0.226,0.518,0.297,0.109,-7.486,0.0331,88.867,0.398,0.0
830,830,2026-02-03 12:30:00,Hugh Jackman,Valjean's Soliloquy,198707,0.0551963888888888,3.311783333333333,12,2,Tuesday,False,2026-02,Valjean's Soliloquy Hugh Jackman,0.805,0.355,0.269,0.0,0.265,-14.556,0.118,67.663,0.279,1.0
831,831,2026-02-03 12:32:00,Larry Saltzman,Miss Thing,105373,0.0292702777777777,1.7562166666666668,12,2,Tuesday,False,2026-02,Miss Thing Larry Saltzman,0.748,0.588,0.219,0.912,0.113,-12.265,0.0334,120.091,0.453,1.0
832,832,2026-02-03 12:35:00,Manu Guix,Vaig Aprendre Original Cast - Bonus Track,178653,0.0496258333333333,2.97755,12,2,Tuesday,False,2026-02,Vaig Aprendre Original Cast - Bonus Track Manu Guix,,,,,,,,,,
833,833,2026-02-03 12:37:00,Barry Dennen,"Pilate's Dream - From ""Jesus Christ Superstar"" Soundtrack",108707,0.0301963888888888,1.8117833333333333,12,2,Tuesday,False,2026-02,"Pilate's Dream - From ""Jesus Christ Superstar"" Soundtrack Barry Dennen",0.788,0.408,0.17,0.0469,0.111,-15.397,0.0422,90.109,0.327,1.0
834,834,2026-02-03 12:42:00,Adele,Skyfall,286082,0.0794672222222222,4.768033333333333,12,2,Tuesday,False,2026-02,Skyfall Adele,0.0816,0.263,0.604,0.775,0.0897,-11.435,0.0547,140.078,0.0799,0.0
835,835,2026-02-03 12:45:00,Els Amics De Les Arts,La Nit Sembla Que Serà Nostra,210320,0.0584222222222222,3.505333333333333,12,2,Tuesday,False,2026-02,La Nit Sembla Que Serà Nostra Els Amics De Les Arts,0.223,0.678,0.838,0.0,0.0883,-7.435,0.0513,154.943,0.811,2.0
836,836,2026-02-03 12:49:00,One Piano,What You Own,242351,0.0673197222222222,4.039183333333333,12,2,Tuesday,False,2026-02,What You Own One Piano,0.819,0.573,0.309,0.851,0.118,-16.916,0.0468,133.953,0.208,1.0
837,837,2026-02-03 12:52:00,Aaron Tveit,The Final Battle,186867,0.0519075,3.11445,12,2,Tuesday,False,2026-02,The Final Battle Aaron Tveit,0.286,0.226,0.629,0.513,0.209,-8.461,0.0717,108.888,0.0742,0.0
838,838,2026-02-03 12:55:00,Nirvana,About A Girl,166640,0.0462888888888888,2.777333333333333,12,2,Tuesday,False,2026-02,About A Girl Nirvana,5.13e-06,0.413,0.875,0.00058,0.209,-7.48,0.031,131.951,0.575,0.0
839,839,2026-02-03 13:00:00,Dominic Cooper,Lay All Your Love On Me - From 'Mamma Mia!' Original Motion Picture Soundtrack,269440,0.0748444444444444,4.490666666666667,13,2,Tuesday,False,2026-02,Lay All Your Love On Me - From 'Mamma Mia!' Original Motion Picture Soundtrack Dominic Cooper,0.0102,0.705,0.738,0.000189,0.308,-5.402,0.0289,133.027,0.504,2.0
840,840,2026-02-03 13:03:00,Daniela Andrade,Billie Jean,1903,0.0005286111111111,0.0317166666666666,13,2,Tuesday,True,2026-02,Billie Jean Daniela Andrade,0.874,0.618,0.127,3.95e-06,0.1,-11.33,0.0552,116.792,0.35,1.0
841,841,2026-02-03 13:03:00,Nicholas Britell,Ricercare - Strings and Voices - Bonus Track,23510,0.0065305555555555,0.3918333333333333,13,2,Tuesday,True,2026-02,Ricercare - Strings and Voices - Bonus Track Nicholas Britell,0.775,0.17,0.149,0.749,0.0711,-17.175,0.0435,84.612,0.0378,3.0
842,842,2026-02-03 13:03:00,Royal Philharmonic Orchestra,"Die Another Day - From ""Die Another Day""",181240,0.0503444444444444,3.0206666666666666,13,2,Tuesday,False,2026-02,"Die Another Day - From ""Die Another Day"" Royal Philharmonic Orchestra",,,,,,,,,,
843,843,2026-02-03 13:09:00,a-ha,The Living Daylights - MTV Unplugged,349453,0.0970702777777777,5.824216666666667,13,2,Tuesday,False,2026-02,The Living Daylights - MTV Unplugged a-ha,0.265,0.581,0.762,9.8e-06,0.2,-8.54,0.0409,110.932,0.436,2.0
844,844,2026-02-03 13:12:00,Joel Minguet,Deseo,159933,0.0444258333333333,2.66555,13,2,Tuesday,False,2026-02,Deseo Joel Minguet,0.947,0.516,0.314,0.0012,0.132,-13.312,0.0323,106.13,0.205,1.0
845,845,2026-02-03 13:15:00,Simon & Garfunkel,The Sound of Silence - Acoustic Version,189432,0.05262,3.1572,13,2,Tuesday,False,2026-02,The Sound of Silence - Acoustic Version Simon & Garfunkel,0.837,0.525,0.216,0.0,0.107,-13.551,0.0301,106.761,0.328,1.0
846,846,2026-02-03 15:03:00,Els Amics De Les Arts,Ja no ens passa,424,0.0001177777777777,0.0070666666666666,15,2,Tuesday,True,2026-02,Ja no ens passa Els Amics De Les Arts,0.398,0.648,0.594,0.0,0.353,-8.09,0.0374,118.022,0.572,2.0
847,847,2026-02-03 15:03:00,Anna Roig,Si la tristesa no té fi,173114,0.0480872222222222,2.8852333333333333,15,2,Tuesday,False,2026-02,Si la tristesa no té fi Anna Roig,0.908,0.437,0.277,9.18e-05,0.0859,-14.646,0.05,101.311,0.243,1.0
848,848,2026-02-03 15:03:00,Damien Rice,The Blower's Daughter,233,6.472222222222223e-05,0.0038833333333333,15,2,Tuesday,True,2026-02,The Blower's Daughter Damien Rice,0.134,0.342,0.2,0.000153,0.341,-13.569,0.0324,133.113,0.0743,0.0
849,849,2026-02-03 15:03:00,L'Orchestra Cinematique,James Bond Theme - Epic Version,3465,0.0009625,0.05775,15,2,Tuesday,True,2026-02,James Bond Theme - Epic Version L'Orchestra Cinematique,,,,,,,,,,
850,850,2026-02-03 15:06:00,Manu Guix,Vaig Aprendre Original Cast - Bonus Track,178653,0.0496258333333333,2.97755,15,2,Tuesday,False,2026-02,Vaig Aprendre Original Cast - Bonus Track Manu Guix,,,,,,,,,,
851,851,2026-02-03 15:07:00,Barry Dennen,"Pilate's Dream - From ""Jesus Christ Superstar"" Soundtrack",108707,0.0301963888888888,1.8117833333333333,15,2,Tuesday,False,2026-02,"Pilate's Dream - From ""Jesus Christ Superstar"" Soundtrack Barry Dennen",0.788,0.408,0.17,0.0469,0.111,-15.397,0.0422,90.109,0.327,1.0
852,852,2026-02-03 15:12:00,Adele,Skyfall,286082,0.0794672222222222,4.768033333333333,15,2,Tuesday,False,2026-02,Skyfall Adele,0.0816,0.263,0.604,0.775,0.0897,-11.435,0.0547,140.078,0.0799,0.0
853,853,2026-02-03 15:16:00,Els Amics De Les Arts,La Nit Sembla Que Serà Nostra,210320,0.0584222222222222,3.505333333333333,15,2,Tuesday,False,2026-02,La Nit Sembla Que Serà Nostra Els Amics De Les Arts,0.223,0.678,0.838,0.0,0.0883,-7.435,0.0513,154.943,0.811,2.0
854,854,2026-02-03 15:31:00,One Piano,What You Own,82178,0.0228272222222222,1.3696333333333333,15,2,Tuesday,False,2026-02,What You Own One Piano,0.819,0.573,0.309,0.851,0.118,-16.916,0.0468,133.953,0.208,1.0
855,855,2026-02-03 15:32:00,Daniela Andrade,Billie Jean,1481,0.0004113888888888,0.0246833333333333,15,2,Tuesday,True,2026-02,Billie Jean Daniela Andrade,0.874,0.618,0.127,3.95e-06,0.1,-11.33,0.0552,116.792,0.35,1.0
856,856,2026-02-03 15:32:00,Nirvana,About A Girl,416,0.0001155555555555,0.0069333333333333,15,2,Tuesday,True,2026-02,About A Girl Nirvana,5.13e-06,0.413,0.875,0.00058,0.209,-7.48,0.031,131.951,0.575,0.0
857,857,2026-02-03 15:32:00,Nirvana,About A Girl,217,6.0277777777777776e-05,0.0036166666666666,15,2,Tuesday,True,2026-02,About A Girl Nirvana,5.13e-06,0.413,0.875,0.00058,0.209,-7.48,0.031,131.951,0.575,0.0
858,858,2026-02-03 15:32:00,Nicholas Britell,Ricercare - Strings and Voices - Bonus Track,1658,0.0004605555555555,0.0276333333333333,15,2,Tuesday,True,2026-02,Ricercare - Strings and Voices - Bonus Track Nicholas Britell,0.775,0.17,0.149,0.749,0.0711,-17.175,0.0435,84.612,0.0378,3.0
859,859,2026-02-03 15:32:00,Dominic Cooper,Lay All Your Love On Me - From 'Mamma Mia!' Original Motion Picture Soundtrack,1650,0.0004583333333333,0.0275,15,2,Tuesday,True,2026-02,Lay All Your Love On Me - From 'Mamma Mia!' Original Motion Picture Soundtrack Dominic Cooper,0.0102,0.705,0.738,0.000189,0.308,-5.402,0.0289,133.027,0.504,2.0
860,860,2026-02-03 15:32:00,Royal Philharmonic Orchestra,"Die Another Day - From ""Die Another Day""",0,0.0,0.0,15,2,Tuesday,True,2026-02,"Die Another Day - From ""Die Another Day"" Royal Philharmonic Orchestra",,,,,,,,,,
861,861,2026-02-03 15:32:00,Aaron Tveit,The Final Battle,305,8.472222222222222e-05,0.0050833333333333,15,2,Tuesday,True,2026-02,The Final Battle Aaron Tveit,0.286,0.226,0.629,0.513,0.209,-8.461,0.0717,108.888,0.0742,0.0
862,862,2026-02-03 15:32:00,Aaron Tveit,The Final Battle,2122,0.0005894444444444,0.0353666666666666,15,2,Tuesday,True,2026-02,The Final Battle Aaron Tveit,0.286,0.226,0.629,0.513,0.209,-8.461,0.0717,108.888,0.0742,0.0
863,863,2026-02-03 16:26:00,a-ha,The Living Daylights - MTV Unplugged,623694,0.1732483333333333,10.3949,16,2,Tuesday,False,2026-02,The Living Daylights - MTV Unplugged a-ha,0.265,0.581,0.762,9.8e-06,0.2,-8.54,0.0409,110.932,0.436,2.0
864,864,2026-02-03 16:29:00,Joel Minguet,Deseo,159933,0.0444258333333333,2.66555,16,2,Tuesday,False,2026-02,Deseo Joel Minguet,0.947,0.516,0.314,0.0012,0.132,-13.312,0.0323,106.13,0.205,1.0
865,865,2026-02-03 16:47:00,Simon & Garfunkel,The Sound of Silence - Acoustic Version,70393,0.0195536111111111,1.1732166666666666,16,2,Tuesday,False,2026-02,The Sound of Silence - Acoustic Version Simon & Garfunkel,0.837,0.525,0.216,0.0,0.107,-13.551,0.0301,106.761,0.328,1.0
866,866,2026-02-04 06:00:00,Gabriella Quevedo,Here Comes the Sun,25978,0.0072161111111111,0.4329666666666666,6,2,Wednesday,True,2026-02,Here Comes the Sun Gabriella Quevedo,0.772,0.488,0.49,0.928,0.0866,-10.801,0.0375,133.117,0.854,2.0
867,867,2026-02-04 06:10:00,Patrik Pietschmann,The Dark Knight Main Theme - Piano Version,21860,0.0060722222222222,0.3643333333333333,6,2,Wednesday,True,2026-02,The Dark Knight Main Theme - Piano Version Patrik Pietschmann,0.943,0.581,0.11,0.862,0.108,-19.787,0.038,110.049,0.0374,3.0
868,868,2026-02-04 06:15:00,Nicholas Britell,Bell Atmospheres,14103,0.0039175,0.23505,6,2,Wednesday,True,2026-02,Bell Atmospheres Nicholas Britell,0.675,0.218,0.0195,0.899,0.104,-30.762,0.0408,74.451,0.0375,3.0
869,869,2026-02-04 06:20:00,Adam Pascal,Light My Candle,12453,0.0034591666666666,0.20755,6,2,Wednesday,True,2026-02,Light My Candle Adam Pascal,0.557,0.808,0.508,0.0,0.0578,-6.429,0.0409,130.999,0.82,2.0
870,870,2026-02-04 06:30:00,R.E.M.,Losing My Religion,13395,0.0037208333333333,0.22325,6,2,Wednesday,True,2026-02,Losing My Religion R.E.M.,0.0772,0.672,0.841,0.0,0.135,-5.992,0.0285,125.437,0.82,2.0
871,871,2026-02-04 06:42:00,One Piano,The World is Not Enough,18755,0.0052097222222222,0.3125833333333333,6,2,Wednesday,True,2026-02,The World is Not Enough One Piano,,,,,,,,,,
872,872,2026-02-04 09:43:00,Anna Roig,Si la tristesa no té fi,21724,0.0060344444444444,0.3620666666666666,9,2,Wednesday,True,2026-02,Si la tristesa no té fi Anna Roig,0.908,0.437,0.277,9.18e-05,0.0859,-14.646,0.05,101.311,0.243,1.0
873,873,2026-02-04 09:46:00,One Piano,On My Own,202175,0.0561597222222222,3.3695833333333334,9,2,Wednesday,False,2026-02,On My Own One Piano,0.882,0.452,0.196,0.918,0.11,-16.18,0.0535,115.98,0.177,3.0
874,874,2026-02-04 09:49:00,Evan Rachel Wood,Because,149773,0.0416036111111111,2.4962166666666668,9,2,Wednesday,False,2026-02,Because Evan Rachel Wood,0.932,0.142,0.254,0.0,0.103,-10.129,0.0321,166.959,0.0885,3.0
875,875,2026-02-04 09:53:00,Himesh Patel,"Let It Be - From The Album ""One Man Only""",238573,0.0662702777777777,3.9762166666666663,9,2,Wednesday,False,2026-02,"Let It Be - From The Album ""One Man Only"" Himesh Patel",0.534,0.62,0.539,4.83e-06,0.11,-10.082,0.0286,140.042,0.458,2.0
876,876,2026-02-04 09:57:00,Nicholas Britell,Honesty (feat. Kendall Roy),234828,0.06523,3.9138,9,2,Wednesday,False,2026-02,Honesty (feat. Kendall Roy) Nicholas Britell,0.777,0.478,0.175,0.0,0.102,-14.347,0.0553,79.326,0.173,1.0
877,877,2026-02-04 10:01:00,Els Amics De Les Arts,4-3-3,273253,0.0759036111111111,4.554216666666667,10,2,Wednesday,False,2026-02,4-3-3 Els Amics De Les Arts,,,,,,,,,,
878,878,2026-02-04 10:04:00,Anna Roig,Dins d'una cançó,151933,0.0422036111111111,2.532216666666667,10,2,Wednesday,False,2026-02,Dins d'una cançó Anna Roig,0.746,0.617,0.266,0.00359,0.193,-14.657,0.0312,70.948,0.455,1.0
879,879,2026-02-04 10:07:00,R.E.M.,Losing My Religion,873,0.0002425,0.01455,10,2,Wednesday,True,2026-02,Losing My Religion R.E.M.,0.0772,0.672,0.841,0.0,0.135,-5.992,0.0285,125.437,0.82,2.0
880,880,2026-02-04 10:07:00,Nicholas Britell,"Pianos + 808 + Beat - ""Welcome Home”",6200,0.0017222222222222,0.1033333333333333,10,2,Wednesday,True,2026-02,"Pianos + 808 + Beat - ""Welcome Home” Nicholas Britell",0.0249,0.783,0.479,0.879,0.112,-9.255,0.0644,142.027,0.622,2.0
881,881,2026-02-04 10:07:00,Els Amics De Les Arts,"Umi O Koete, Yama O Koete",1353,0.0003758333333333,0.02255,10,2,Wednesday,True,2026-02,"Umi O Koete, Yama O Koete Els Amics De Les Arts",0.759,0.567,0.368,1.58e-06,0.254,-13.307,0.0234,95.035,0.331,1.0
882,882,2026-02-04 10:07:00,Els Amics De Les Arts,Adéu,1723,0.0004786111111111,0.0287166666666666,10,2,Wednesday,True,2026-02,Adéu Els Amics De Les Arts,0.672,0.643,0.274,0.115,0.121,-18.223,0.038,94.873,0.303,1.0
883,883,2026-02-04 10:07:00,Antònia Font,Viure Sense Tu,1553,0.0004313888888888,0.0258833333333333,10,2,Wednesday,True,2026-02,Viure Sense Tu Antònia Font,0.0771,0.565,0.534,0.0273,0.1,-12.05,0.0486,137.825,0.722,2.0
884,884,2026-02-04 10:07:00,Simon & Garfunkel,The Sound of Silence - Acoustic Version,1383,0.0003841666666666,0.02305,10,2,Wednesday,True,2026-02,The Sound of Silence - Acoustic Version Simon & Garfunkel,0.837,0.525,0.216,0.0,0.107,-13.551,0.0301,106.761,0.328,1.0
885,885,2026-02-04 10:07:00,Els Amics De Les Arts,El matrimoni Arnolfini,1833,0.0005091666666666,0.03055,10,2,Wednesday,True,2026-02,El matrimoni Arnolfini Els Amics De Les Arts,0.117,0.601,0.859,3.09e-06,0.0777,-6.694,0.0784,107.809,0.766,2.0
886,886,2026-02-04 10:07:00,Piano Tribute Players,On My Own - Instrumental,1533,0.0004258333333333,0.02555,10,2,Wednesday,True,2026-02,On My Own - Instrumental Piano Tribute Players,0.981,0.385,0.38,0.907,0.12,-13.542,0.0402,123.244,0.267,1.0
887,887,2026-02-04 10:07:00,The Beatles,Day Tripper - Remastered 2015,953,0.0002647222222222,0.0158833333333333,10,2,Wednesday,True,2026-02,Day Tripper - Remastered 2015 The Beatles,0.12,0.665,0.782,4.19e-06,0.125,-8.438,0.0307,137.453,0.731,2.0
888,888,2026-02-04 10:07:00,Jim Sturgess,"Across The Universe - From ""Across The Universe"" Soundtrack",523,0.0001452777777777,0.0087166666666666,10,2,Wednesday,True,2026-02,"Across The Universe - From ""Across The Universe"" Soundtrack Jim Sturgess",0.0402,0.459,0.498,1.9e-06,0.355,-8.361,0.0806,116.485,0.435,0.0
889,889,2026-02-04 10:07:00,Madonna,Like a Prayer - Battle Royale Mix from “Deadpool & Wolverine”,168587,0.0468297222222222,2.8097833333333333,10,2,Wednesday,False,2026-02,Like a Prayer - Battle Royale Mix from “Deadpool & Wolverine” Madonna,0.146,0.317,0.606,6.9e-05,0.0772,-10.073,0.0411,116.01,0.118,0.0
890,890,2026-02-04 10:10:00,Murray Gold,Break Free,183973,0.0511036111111111,3.0662166666666666,10,2,Wednesday,False,2026-02,Break Free Murray Gold,,,,,,,,,,
891,891,2026-02-04 10:15:00,Patrik Pietschmann,James Bond Theme - Piano Version,316896,0.0880266666666666,5.2816,10,2,Wednesday,False,2026-02,James Bond Theme - Piano Version Patrik Pietschmann,0.989,0.525,0.268,0.897,0.115,-16.898,0.0393,124.883,0.0369,1.0
892,892,2026-02-04 10:22:00,Pink Floyd,Money,380080,0.1055777777777777,6.334666666666666,10,2,Wednesday,False,2026-02,Money Pink Floyd,0.024,0.468,0.536,0.00199,0.269,-10.422,0.144,126.256,0.785,2.0
893,893,2026-02-04 10:26:00,Meryl Streep,Slipping Through My Fingers - From 'Mamma Mia!' Original Motion Picture Soundtrack,230893,0.0641369444444444,3.8482166666666666,10,2,Wednesday,False,2026-02,Slipping Through My Fingers - From 'Mamma Mia!' Original Motion Picture Soundtrack Meryl Streep,0.507,0.463,0.489,0.0,0.165,-7.968,0.0288,140.034,0.249,0.0
894,894,2026-02-04 10:29:00,Amanda Seyfried,Gimme! Gimme! Gimme! (A Man After Midnight) - From 'Mamma Mia!' Original Motion Picture Soundtrack,231720,0.0643666666666666,3.862,10,2,Wednesday,False,2026-02,Gimme! Gimme! Gimme! (A Man After Midnight) - From 'Mamma Mia!' Original Motion Picture Soundtrack Amanda Seyfried,0.021,0.628,0.836,0.000513,0.416,-4.776,0.0301,120.045,0.571,2.0
895,895,2026-02-04 10:31:00,Nicholas Britell,Satyricon - Instrumental,89066,0.0247405555555555,1.4844333333333333,10,2,Wednesday,False,2026-02,Satyricon - Instrumental Nicholas Britell,0.000402,0.623,0.617,0.86,0.302,-11.24,0.0618,87.999,0.0353,0.0
896,896,2026-02-04 10:35:00,Billie Eilish,No Time To Die,242265,0.0672958333333333,4.03775,10,2,Wednesday,False,2026-02,No Time To Die Billie Eilish,0.824,0.227,0.125,0.00575,0.0794,-19.111,0.0416,77.651,0.0396,3.0
897,897,2026-02-04 10:39:00,One Piano,Take Me or Leave Me,226293,0.0628591666666666,3.77155,10,2,Wednesday,False,2026-02,Take Me or Leave Me One Piano,0.586,0.453,0.35,0.911,0.054,-15.497,0.0618,173.947,0.61,1.0
898,898,2026-02-04 10:44:00,Els Amics De Les Arts,L'Affaire Sofia - En Directe Al Festival De Cap Roig / 2015,281147,0.0780963888888889,4.685783333333333,10,2,Wednesday,False,2026-02,L'Affaire Sofia - En Directe Al Festival De Cap Roig / 2015 Els Amics De Les Arts,0.174,0.256,0.704,0.0,0.676,-7.536,0.0452,170.126,0.757,0.0
899,899,2026-02-04 10:47:00,Metallica,Wherever I May Roam - Remastered 2021,219960,0.0611,3.666,10,2,Wednesday,False,2026-02,Wherever I May Roam - Remastered 2021 Metallica,0.000617,0.537,0.831,0.000571,0.117,-7.467,0.0364,131.384,0.351,0.0
900,900,2026-02-05 05:55:00,Joe Anderson,"Hey Jude - From ""Across The Universe"" Soundtrack",46804,0.0130011111111111,0.7800666666666667,5,2,Thursday,False,2026-02,"Hey Jude - From ""Across The Universe"" Soundtrack Joe Anderson",0.0711,0.347,0.35,0.000736,0.0948,-9.254,0.0286,141.839,0.203,0.0
901,901,2026-02-05 06:00:00,Ryan Gosling,I'm Just Ken - In My Feelings Acoustic,15766,0.0043794444444444,0.2627666666666666,6,2,Thursday,True,2026-02,I'm Just Ken - In My Feelings Acoustic Ryan Gosling,0.379,0.334,0.58,0.00199,0.111,-6.804,0.0336,144.062,0.207,0.0
902,902,2026-02-05 06:10:00,Josema Yuste,Un Genio Genial,8309,0.0023080555555555,0.1384833333333333,6,2,Thursday,True,2026-02,Un Genio Genial Josema Yuste,0.553,0.678,0.629,0.0,0.391,-10.626,0.117,97.983,0.734,2.0
903,903,2026-02-05 06:15:00,Brian Crain,Song for Sienna,4073,0.0011313888888888,0.0678833333333333,6,2,Thursday,True,2026-02,Song for Sienna Brian Crain,0.933,0.357,0.21,0.95,0.132,-14.532,0.0287,96.418,0.117,3.0
904,904,2026-02-05 06:20:00,Nicholas Britell,"Intermezzo in C Minor - ""Money Wins""",16010,0.0044472222222222,0.2668333333333333,6,2,Thursday,True,2026-02,"Intermezzo in C Minor - ""Money Wins"" Nicholas Britell",0.438,0.129,0.179,0.68,0.114,-16.566,0.0401,90.617,0.0398,3.0
905,905,2026-02-05 06:30:00,The Beatles,And I Love Her - Remastered 2009,6119,0.0016997222222222,0.1019833333333333,6,2,Thursday,True,2026-02,And I Love Her - Remastered 2009 The Beatles,0.64,0.767,0.331,0.0,0.0681,-10.777,0.0337,113.312,0.636,2.0
906,906,2026-02-05 06:40:00,Lorien Testard,Alicia,10136,0.0028155555555555,0.1689333333333333,6,2,Thursday,True,2026-02,Alicia Lorien Testard,0.958,0.16,0.149,2.17e-06,0.156,-12.107,0.0419,169.141,0.141,3.0
907,907,2026-02-05 06:53:00,Scott Bradlee's Postmodern Jukebox,Umbrella - Live,16779,0.0046608333333333,0.27965,6,2,Thursday,True,2026-02,Umbrella - Live Scott Bradlee's Postmodern Jukebox,0.403,0.473,0.779,0.0,0.685,-9.494,0.302,118.549,0.783,2.0
908,908,2026-02-05 16:48:00,Scott Bradlee's Postmodern Jukebox,Don't Stop Me Now,1309,0.0003636111111111,0.0218166666666666,16,2,Thursday,True,2026-02,Don't Stop Me Now Scott Bradlee's Postmodern Jukebox,0.527,0.496,0.77,2.54e-05,0.263,-4.22,0.0976,150.892,0.692,2.0
909,909,2026-02-05 16:48:00,Howard Shore,Chinatown (feat. G.E. Smith),17486,0.0048572222222222,0.2914333333333333,16,2,Thursday,True,2026-02,Chinatown (feat. G.E. Smith) Howard Shore,0.408,0.504,0.361,0.748,0.184,-17.87,0.0849,120.458,0.312,1.0
910,910,2026-02-05 16:51:00,Jackson C. Frank,My Name Is Carnival - 2001 Remaster,224867,0.0624630555555555,3.7477833333333335,16,2,Thursday,False,2026-02,My Name Is Carnival - 2001 Remaster Jackson C. Frank,0.76,0.448,0.37,0.0,0.113,-11.653,0.0273,103.807,0.414,1.0
911,911,2026-02-05 16:55:00,Menaix a Truà,Pols en el Vent,204707,0.0568630555555555,3.411783333333333,16,2,Thursday,False,2026-02,Pols en el Vent Menaix a Truà,0.376,0.686,0.444,0.0584,0.11,-6.667,0.0305,90.018,0.691,2.0
912,912,2026-02-05 16:59:00,La Unión,Lobo-hombre en París,233267,0.0647963888888888,3.887783333333333,16,2,Thursday,False,2026-02,Lobo-hombre en París La Unión,0.0162,0.602,0.952,4.92e-05,0.112,-5.195,0.0628,146.287,0.75,2.0
913,913,2026-02-05 17:05:00,The Verve,Bitter Sweet Symphony - Remastered 2016,357267,0.0992408333333333,5.95445,17,2,Thursday,False,2026-02,Bitter Sweet Symphony - Remastered 2016 The Verve,0.0299,0.358,0.916,0.0,0.595,-5.958,0.0497,171.133,0.498,0.0
914,914,2026-02-05 17:10:00,Green Day,21 Guns,321093,0.0891925,5.35155,17,2,Thursday,False,2026-02,21 Guns Green Day,0.0518,0.268,0.742,0.0,0.626,-4.939,0.0355,159.779,0.416,0.0
915,915,2026-02-05 17:16:00,Els Amics De Les Arts,Louisiana o els camps de cotó (amb la col·laboració de l'Orfeó Català),325395,0.0903875,5.42325,17,2,Thursday,False,2026-02,Louisiana o els camps de cotó (amb la col·laboració de l'Orfeó Català) Els Amics De Les Arts,0.956,0.456,0.247,0.0,0.131,-13.723,0.0437,163.92,0.279,1.0
916,916,2026-02-05 17:20:00,Otis Taylor,Ten Million Slaves,249160,0.0692111111111111,4.152666666666667,17,2,Thursday,False,2026-02,Ten Million Slaves Otis Taylor,0.527,0.477,0.431,0.00667,0.211,-8.192,0.0277,132.393,0.572,2.0
917,917,2026-02-05 17:25:00,Low Roar,Patience,344453,0.0956813888888888,5.740883333333334,17,2,Thursday,False,2026-02,Patience Low Roar,0.882,0.182,0.141,0.728,0.0934,-13.949,0.0374,99.836,0.0388,3.0
918,918,2026-02-05 17:30:00,Scott Bradlee's Postmodern Jukebox,Mr. Blue Sky,288340,0.0800944444444444,4.805666666666666,17,2,Thursday,False,2026-02,Mr. Blue Sky Scott Bradlee's Postmodern Jukebox,0.867,0.399,0.287,0.0,0.111,-8.772,0.03,102.024,0.164,1.0
919,919,2026-02-05 17:35:00,Menaix a Truà,No em Deixis Mai,291787,0.0810519444444444,4.8631166666666665,17,2,Thursday,False,2026-02,No em Deixis Mai Menaix a Truà,0.371,0.711,0.503,0.413,0.107,-9.277,0.0279,122.01,0.678,2.0
920,920,2026-02-05 17:40:00,Els Amics De Les Arts,Et Vaig Dir,268066,0.0744627777777777,4.467766666666667,17,2,Thursday,False,2026-02,Et Vaig Dir Els Amics De Les Arts,0.355,0.497,0.582,0.000112,0.099,-6.452,0.04,80.089,0.239,0.0
921,921,2026-02-05 17:42:00,Michael Giacchino,Space The Final Frontier / Main On Ends,163107,0.0453075,2.71845,17,2,Thursday,False,2026-02,Space The Final Frontier / Main On Ends Michael Giacchino,0.426,0.268,0.505,0.746,0.0809,-9.629,0.0356,81.922,0.113,0.0
922,922,2026-02-05 17:44:00,Pierce Brosnan,When All Is Said And Done - From 'Mamma Mia!' Original Motion Picture Soundtrack,13971,0.0038808333333333,0.23285,17,2,Thursday,True,2026-02,When All Is Said And Done - From 'Mamma Mia!' Original Motion Picture Soundtrack Pierce Brosnan,0.547,0.603,0.444,0.000886,0.192,-9.713,0.0266,115.989,0.339,1.0
923,923,2026-02-05 17:44:00,El Canto Del Loco,No Puedo Vivir Sin Ti,3998,0.0011105555555555,0.0666333333333333,17,2,Thursday,True,2026-02,No Puedo Vivir Sin Ti El Canto Del Loco,0.0246,0.666,0.834,0.0,0.208,-3.314,0.0318,129.982,0.61,2.0
924,924,2026-02-05 17:44:00,Els Amics De Les Arts,Reykjavik - En Directe Al Festival De Cap Roig / 2015,6176,0.0017155555555555,0.1029333333333333,17,2,Thursday,True,2026-02,Reykjavik - En Directe Al Festival De Cap Roig / 2015 Els Amics De Les Arts,0.201,0.43,0.371,0.00376,0.834,-12.828,0.0294,133.295,0.186,0.0
925,925,2026-02-05 17:44:00,Green Day,Wake Me up When September Ends,99650,0.0276805555555555,1.6608333333333334,17,2,Thursday,False,2026-02,Wake Me up When September Ends Green Day,0.023,0.546,0.814,0.0,0.0972,-5.146,0.0314,104.98,0.146,0.0
926,926,2026-02-05 17:45:00,One Piano,From Russia with Love,7877,0.0021880555555555,0.1312833333333333,17,2,Thursday,True,2026-02,From Russia with Love One Piano,0.983,0.4,0.312,0.931,0.168,-10.715,0.0549,179.673,0.268,1.0
927,927,2026-02-05 17:47:00,Nicholas Britell,Impromptu No. 2 for Piano and Orchestra,131427,0.0365075,2.19045,17,2,Thursday,False,2026-02,Impromptu No. 2 for Piano and Orchestra Nicholas Britell,0.98,0.413,0.075,0.898,0.101,-20.436,0.0394,135.141,0.0372,3.0
928,928,2026-02-05 17:51:00,Scott Bradlee's Postmodern Jukebox,I'll Be There for You (Theme From “Friends”),228679,0.0635219444444444,3.8113166666666665,17,2,Thursday,False,2026-02,I'll Be There for You (Theme From “Friends”) Scott Bradlee's Postmodern Jukebox,0.419,0.306,0.623,0.0,0.14,-7.67,0.049,166.929,0.614,0.0
929,929,2026-02-05 18:53:00,Leslie Odom Jr.,Non-Stop,321685,0.0893569444444444,5.361416666666667,18,2,Thursday,False,2026-02,Non-Stop Leslie Odom Jr.,0.211,0.77,0.482,0.0,0.223,-9.529,0.351,91.994,0.441,2.0
930,930,2026-02-06 05:55:00,Nicholas Britell,Andante Con Moto - Strings in E-flat Minor,29575,0.0082152777777777,0.4929166666666666,5,2,Friday,True,2026-02,Andante Con Moto - Strings in E-flat Minor Nicholas Britell,0.268,0.353,0.241,0.878,0.11,-16.249,0.0503,99.184,0.0295,3.0
931,931,2026-02-06 06:00:00,One Piano,Friend Like Me,11324,0.0031455555555555,0.1887333333333333,6,2,Friday,True,2026-02,Friend Like Me One Piano,0.993,0.425,0.0915,0.923,0.107,-24.976,0.0445,104.008,0.218,3.0
932,932,2026-02-06 06:05:00,One Piano,Without You,9005,0.0025013888888888,0.1500833333333333,6,2,Friday,True,2026-02,Without You One Piano,,,,,,,,,,
933,933,2026-02-06 06:15:00,Hugh Jackman,Look Down,7386,0.0020516666666666,0.1231,6,2,Friday,True,2026-02,Look Down Hugh Jackman,0.898,0.379,0.377,1.16e-06,0.128,-11.951,0.184,152.624,0.375,1.0
934,934,2026-02-06 06:20:00,Redbone,Come and Get Your Love,8940,0.0024833333333333,0.149,6,2,Friday,True,2026-02,Come and Get Your Love Redbone,0.172,0.731,0.804,0.00028,0.0685,-7.621,0.0473,107.383,0.957,2.0
935,935,2026-02-06 06:25:00,Radiohead,Creep,7313,0.0020313888888888,0.1218833333333333,6,2,Friday,True,2026-02,Creep Radiohead,0.557,0.399,0.239,0.000203,0.121,-17.123,0.0407,166.419,0.147,3.0
936,936,2026-02-06 06:30:00,Pat Metheny,And I Love Her,9118,0.0025327777777777,0.1519666666666666,6,2,Friday,True,2026-02,And I Love Her Pat Metheny,,,,,,,,,,
937,937,2026-02-06 06:35:00,Nstens1117,The Electro Suite,9363,0.0026008333333333,0.15605,6,2,Friday,True,2026-02,The Electro Suite Nstens1117,0.0792,0.43,0.645,0.863,0.518,-9.161,0.0322,80.053,0.176,0.0
938,938,2026-02-06 06:40:00,Henry Jackman,Frankenstein's Monster,10822,0.0030061111111111,0.1803666666666666,6,2,Friday,True,2026-02,Frankenstein's Monster Henry Jackman,0.596,0.147,0.331,0.866,0.114,-11.869,0.0344,68.159,0.0395,3.0
939,939,2026-02-06 07:28:00,Scott Bradlee's Postmodern Jukebox,Umbrella,15178,0.0042161111111111,0.2529666666666667,7,2,Friday,True,2026-02,Umbrella Scott Bradlee's Postmodern Jukebox,0.691,0.623,0.842,0.0,0.236,-7.383,0.29,106.735,0.779,2.0
940,940,2026-02-06 15:02:00,Scott Bradlee's Postmodern Jukebox,Thriller,11250,0.003125,0.1875,15,2,Friday,True,2026-02,Thriller Scott Bradlee's Postmodern Jukebox,0.68,0.569,0.791,0.0,0.623,-4.81,0.0948,117.344,0.753,2.0
941,941,2026-02-06 15:02:00,Piano Tribute Players,Light My Candle,7603,0.0021119444444444,0.1267166666666666,15,2,Friday,True,2026-02,Light My Candle Piano Tribute Players,0.985,0.618,0.282,0.908,0.105,-17.688,0.0468,131.025,0.441,1.0
942,942,2026-02-06 15:02:00,Scott Bradlee's Postmodern Jukebox,Umbrella,9761,0.0027113888888888,0.1626833333333333,15,2,Friday,True,2026-02,Umbrella Scott Bradlee's Postmodern Jukebox,0.691,0.623,0.842,0.0,0.236,-7.383,0.29,106.735,0.779,2.0
943,943,2026-02-06 15:03:00,Billie Eilish,hotline (edit),60720,0.0168666666666666,1.012,15,2,Friday,False,2026-02,hotline (edit) Billie Eilish,0.816,0.516,0.254,0.855,0.189,-16.027,0.0589,56.829,0.304,1.0
944,944,2026-02-06 15:06:00,Royal Philharmonic Orchestra,"Goldeneye - From ""Goldeneye""",173120,0.0480888888888888,2.885333333333333,15,2,Friday,False,2026-02,"Goldeneye - From ""Goldeneye"" Royal Philharmonic Orchestra",,,,,,,,,,
945,945,2026-02-06 15:07:00,Halocene,Bohemian Rhapsody,19665,0.0054625,0.32775,15,2,Friday,True,2026-02,Bohemian Rhapsody Halocene,0.252,0.323,0.521,1.17e-06,0.11,-7.286,0.0336,145.515,0.325,0.0
946,946,2026-02-06 15:11:00,Jonas Kvarnström,"Skyfall - From "" Skyfall - James Bond""",297828,0.08273,4.9638,15,2,Friday,False,2026-02,"Skyfall - From "" Skyfall - James Bond"" Jonas Kvarnström",0.976,0.528,0.258,0.86,0.136,-12.297,0.0279,75.016,0.19,1.0
947,947,2026-02-06 15:15:00,Laura Marling,A Hard Rain's A-Gonna Fall,235123,0.0653119444444444,3.918716666666666,15,2,Friday,False,2026-02,A Hard Rain's A-Gonna Fall Laura Marling,0.295,0.593,0.424,0.00012,0.109,-11.988,0.0464,132.977,0.188,0.0
948,948,2026-02-06 15:19:00,Ja T'ho Dire,Si Vens (Remasteritzat 2013),205730,0.0571472222222222,3.4288333333333334,15,2,Friday,False,2026-02,Si Vens (Remasteritzat 2013) Ja T'ho Dire,0.684,0.686,0.745,0.0,0.0837,-5.648,0.0399,138.197,0.573,2.0
949,949,2026-02-06 15:23:00,Stan Rogers,Free In The Harbour,237600,0.066,3.96,15,2,Friday,False,2026-02,Free In The Harbour Stan Rogers,0.717,0.374,0.252,6.76e-06,0.183,-15.056,0.0298,153.585,0.398,1.0
950,950,2026-02-06 15:25:00,Els Amics De Les Arts,Déja-Vu,156227,0.0433963888888888,2.6037833333333333,15,2,Friday,False,2026-02,Déja-Vu Els Amics De Les Arts,0.74,0.583,0.503,0.0,0.309,-11.532,0.133,174.978,0.273,1.0
951,951,2026-02-06 15:29:00,One Piano,Seasons of Love,186333,0.0517591666666666,3.10555,15,2,Friday,False,2026-02,Seasons of Love One Piano,0.968,0.655,0.274,0.923,0.106,-15.438,0.0438,98.158,0.3,1.0
952,952,2026-02-06 15:33:00,L'Orchestra Cinematique,James Bond Theme - Epic Version,293030,0.0813972222222222,4.8838333333333335,15,2,Friday,False,2026-02,James Bond Theme - Epic Version L'Orchestra Cinematique,,,,,,,,,,
953,953,2026-02-06 15:37:00,The 'Les Misérables 2010' Company,One Day More - Live,220987,0.0613852777777777,3.683116666666667,15,2,Friday,False,2026-02,One Day More - Live The 'Les Misérables 2010' Company,0.821,0.265,0.456,0.0,0.741,-8.938,0.0479,81.506,0.122,1.0
954,954,2026-02-06 15:40:00,Low Roar,Anything You Need,192373,0.0534369444444444,3.2062166666666667,15,2,Friday,False,2026-02,Anything You Need Low Roar,0.806,0.221,0.34,0.989,0.104,-10.935,0.0314,85.665,0.0397,3.0
955,955,2026-02-06 15:43:00,The Greg Kihn Band,The Breakup Song,169707,0.0471408333333333,2.82845,15,2,Friday,False,2026-02,The Breakup Song The Greg Kihn Band,0.032,0.695,0.887,4.9e-05,0.234,-4.417,0.0291,141.541,0.965,2.0
956,956,2026-02-06 15:43:00,Evan Rachel Wood,Hold Me Tight,3919,0.0010886111111111,0.0653166666666666,15,2,Friday,True,2026-02,Hold Me Tight Evan Rachel Wood,0.00676,0.587,0.646,1.23e-06,0.148,-5.734,0.0332,135.991,0.597,2.0
957,957,2026-02-06 15:43:00,Celtas Cortos,20 de abril,5377,0.0014936111111111,0.0896166666666666,15,2,Friday,True,2026-02,20 de abril Celtas Cortos,0.0274,0.611,0.866,2.89e-05,0.278,-5.135,0.0285,114.016,0.826,2.0
958,958,2026-02-06 15:44:00,Nirvana,You Know You're Right,20318,0.0056438888888888,0.3386333333333333,15,2,Friday,True,2026-02,You Know You're Right Nirvana,0.0407,0.289,0.716,0.00123,0.135,-6.53,0.106,168.049,0.344,0.0
959,959,2026-02-06 15:48:00,Patrik Pietschmann,"One Day (From ""Pirates of the Caribbean 3"") - Piano Version",235488,0.0654133333333333,3.9248,15,2,Friday,False,2026-02,"One Day (From ""Pirates of the Caribbean 3"") - Piano Version Patrik Pietschmann",0.976,0.369,0.128,0.876,0.0872,-18.472,0.0395,125.836,0.0536,3.0
960,960,2026-02-06 15:52:00,Royal Philharmonic Orchestra,"Skyfall - From ""Skyfall""",239227,0.0664519444444444,3.987116666666666,15,2,Friday,False,2026-02,"Skyfall - From ""Skyfall"" Royal Philharmonic Orchestra",,,,,,,,,,
961,961,2026-02-06 15:54:00,Cast of the Motion Picture RENT,Love Heals - Bonus Track,5467,0.0015186111111111,0.0911166666666666,15,2,Friday,True,2026-02,Love Heals - Bonus Track Cast of the Motion Picture RENT,0.191,0.387,0.611,0.0,0.257,-4.619,0.0322,101.626,0.329,0.0
962,962,2026-02-06 15:54:00,Sharon Isbin,Madolyn,134267,0.0372963888888888,2.237783333333333,15,2,Friday,False,2026-02,Madolyn Sharon Isbin,0.99,0.658,0.0635,0.95,0.105,-19.838,0.0847,183.961,0.352,1.0
963,963,2026-02-06 15:54:00,Jennifer Ann,Mad World,9734,0.0027038888888888,0.1622333333333333,15,2,Friday,True,2026-02,Mad World Jennifer Ann,0.882,0.29,0.233,4.45e-05,0.124,-11.668,0.0356,98.218,0.243,1.0
964,964,2026-02-06 15:57:00,Hugh Jackman,Look Down,196680,0.0546333333333333,3.278,15,2,Friday,False,2026-02,Look Down Hugh Jackman,0.898,0.379,0.377,1.16e-06,0.128,-11.951,0.184,152.624,0.375,1.0
965,965,2026-02-06 17:01:00,Wayne Wilcox,Life Support,28200,0.0078333333333333,0.47,17,2,Friday,True,2026-02,Life Support Wayne Wilcox,0.799,0.459,0.398,0.0,0.383,-8.141,0.0289,144.644,0.794,2.0
966,966,2026-02-08 08:45:00,Nicholas Britell,Marcato e con Forza,22026,0.0061183333333333,0.3671,8,2,Sunday,True,2026-02,Marcato e con Forza Nicholas Britell,0.579,0.45,0.275,0.9,0.0862,-9.969,0.0276,140.181,0.502,1.0
967,967,2026-02-09 06:00:00,Malukah,Misty Mountains - Remastered 2022,24082,0.0066894444444444,0.4013666666666666,6,2,Monday,True,2026-02,Misty Mountains - Remastered 2022 Malukah,0.933,0.464,0.148,0.00136,0.114,-11.775,0.0345,111.587,0.19,1.0
968,968,2026-02-09 06:10:00,Brian Crain,Butterfly Waltz,9227,0.0025630555555555,0.1537833333333333,6,2,Monday,True,2026-02,Butterfly Waltz Brian Crain,0.988,0.361,0.185,0.899,0.21,-14.602,0.0362,129.439,0.401,1.0
969,969,2026-02-09 06:15:00,Els Amics De Les Arts,Preferiria No Fer-Ho - En Directe Al Festival De Cap Roig / 2015,13241,0.0036780555555555,0.2206833333333333,6,2,Monday,True,2026-02,Preferiria No Fer-Ho - En Directe Al Festival De Cap Roig / 2015 Els Amics De Les Arts,0.0448,0.465,0.793,1.26e-06,0.785,-8.107,0.137,121.874,0.413,0.0
970,970,2026-02-09 06:20:00,Himesh Patel,I Want To Hold Your Hand - Tracks On The Tracks Sessions,10377,0.0028825,0.17295,6,2,Monday,True,2026-02,I Want To Hold Your Hand - Tracks On The Tracks Sessions Himesh Patel,0.299,0.595,0.563,0.0,0.474,-9.837,0.0317,132.113,0.721,2.0
971,971,2026-02-09 06:30:00,Dana Fuchs,Dear Prudence,13366,0.0037127777777777,0.2227666666666666,6,2,Monday,True,2026-02,Dear Prudence Dana Fuchs,0.135,0.53,0.377,0.207,0.11,-10.517,0.0252,142.125,0.12,0.0
972,972,2026-02-09 06:40:00,Jeff Buckley,Hallelujah,8381,0.0023280555555555,0.1396833333333333,6,2,Monday,True,2026-02,Hallelujah Jeff Buckley,0.931,0.324,0.136,0.00117,0.176,-10.33,0.0318,97.256,0.0831,3.0
973,973,2026-02-09 06:54:00,John Owen-Jones,The Confrontation - Live,47364,0.0131566666666666,0.7894,6,2,Monday,False,2026-02,The Confrontation - Live John Owen-Jones,0.764,0.403,0.49,0.0,0.388,-10.261,0.122,98.559,0.475,1.0
974,974,2026-02-09 07:04:00,Els Amics De Les Arts,Les Meves Ex I Tu,16605,0.0046125,0.27675,7,2,Monday,True,2026-02,Les Meves Ex I Tu Els Amics De Les Arts,0.292,0.624,0.751,0.0,0.12,-9.151,0.0434,140.044,0.669,2.0
975,975,2026-02-09 08:14:00,Amanda Seyfried,Thank You For The Music - From 'Mamma Mia!' Original Motion Picture Soundtrack,1933,0.0005369444444444,0.0322166666666666,8,2,Monday,True,2026-02,Thank You For The Music - From 'Mamma Mia!' Original Motion Picture Soundtrack Amanda Seyfried,0.932,0.527,0.134,0.0,0.103,-11.264,0.0348,98.879,0.479,1.0
976,976,2026-02-09 08:14:00,Michael Giacchino,Can't Fight City Halloween,1373,0.0003813888888888,0.0228833333333333,8,2,Monday,True,2026-02,Can't Fight City Halloween Michael Giacchino,0.616,0.315,0.141,0.951,0.107,-21.368,0.0294,82.042,0.116,3.0
977,977,2026-02-09 08:14:00,Orquesta Mondragon,Caperucita feroz,1564,0.0004344444444444,0.0260666666666666,8,2,Monday,True,2026-02,Caperucita feroz Orquesta Mondragon,0.0199,0.58,0.949,0.582,0.147,-7.593,0.144,94.302,0.395,0.0
978,978,2026-02-09 08:14:00,John Owen-Jones,The Confrontation - Live,14332,0.0039811111111111,0.2388666666666666,8,2,Monday,True,2026-02,The Confrontation - Live John Owen-Jones,0.764,0.403,0.49,0.0,0.388,-10.261,0.122,98.559,0.475,1.0
979,979,2026-02-09 08:14:00,Els Amics De Les Arts,Els Ocells,1223,0.0003397222222222,0.0203833333333333,8,2,Monday,True,2026-02,Els Ocells Els Amics De Les Arts,0.8,0.633,0.302,0.00577,0.0887,-12.569,0.0391,120.859,0.311,1.0
980,980,2026-02-09 08:14:00,Nstens1117,Spider-Man the Animated Series Theme,1573,0.0004369444444444,0.0262166666666666,8,2,Monday,True,2026-02,Spider-Man the Animated Series Theme Nstens1117,6.34e-06,0.221,0.626,0.963,0.242,-6.732,0.0555,122.717,0.538,0.0
981,981,2026-02-09 08:15:00,John Williams,Anakin's Betrayal,1403,0.0003897222222222,0.0233833333333333,8,2,Monday,True,2026-02,Anakin's Betrayal John Williams,,,,,,,,,,
982,982,2026-02-09 08:15:00,Adam Pascal,You'll See,1693,0.0004702777777777,0.0282166666666666,8,2,Monday,True,2026-02,You'll See Adam Pascal,0.0918,0.508,0.846,0.0,0.397,-5.693,0.0457,110.983,0.529,2.0
983,983,2026-02-09 08:15:00,Menaix a Truà,Tal Vegada,1293,0.0003591666666666,0.02155,8,2,Monday,True,2026-02,Tal Vegada Menaix a Truà,0.414,0.527,0.529,2.82e-05,0.281,-6.937,0.0371,182.228,0.511,2.0
984,984,2026-02-09 08:15:00,Jesse L. Martin,Today 4 U,1163,0.0003230555555555,0.0193833333333333,8,2,Monday,True,2026-02,Today 4 U Jesse L. Martin,0.043,0.724,0.94,4.27e-05,0.142,-3.155,0.0507,132.006,0.684,2.0
985,985,2026-02-09 08:15:00,Simon & Garfunkel,Scarborough Fair / Canticle,1223,0.0003397222222222,0.0203833333333333,8,2,Monday,True,2026-02,Scarborough Fair / Canticle Simon & Garfunkel,0.65,0.336,0.248,0.0,0.113,-15.626,0.0324,128.548,0.298,3.0
986,986,2026-02-09 08:15:00,Eddie Redmayne,A Heart Full Of Love,1183,0.0003286111111111,0.0197166666666666,8,2,Monday,True,2026-02,A Heart Full Of Love Eddie Redmayne,0.974,0.246,0.0987,5.78e-05,0.108,-19.41,0.0412,169.452,0.181,3.0
987,987,2026-02-09 08:18:00,Joel Minguet,Balada del Agua del Mar,5890,0.0016361111111111,0.0981666666666666,8,2,Monday,True,2026-02,Balada del Agua del Mar Joel Minguet,0.823,0.305,0.265,0.0392,0.15,-14.787,0.0456,179.396,0.148,3.0
988,988,2026-02-09 08:18:00,Els Amics De Les Arts,Preferiria no fer-ho,1613,0.0004480555555555,0.0268833333333333,8,2,Monday,True,2026-02,Preferiria no fer-ho Els Amics De Les Arts,,,,,,,,,,
989,989,2026-02-09 08:18:00,Els Amics De Les Arts,Tren Transsiberià,216693,0.0601925,3.61155,8,2,Monday,False,2026-02,Tren Transsiberià Els Amics De Les Arts,0.349,0.602,0.72,0.0,0.109,-8.497,0.0586,134.992,0.633,2.0
990,990,2026-02-09 08:18:00,Nicholas Britell,"Andante Moderato - End Credits - ""Amen""",3873,0.0010758333333333,0.06455,8,2,Monday,True,2026-02,"Andante Moderato - End Credits - ""Amen"" Nicholas Britell",0.759,0.121,0.161,0.945,0.131,-14.012,0.0477,84.788,0.0362,3.0
991,991,2026-02-09 08:21:00,Anna Roig,Après la tendresse,143200,0.0397777777777777,2.3866666666666667,8,2,Monday,False,2026-02,Après la tendresse Anna Roig,0.879,0.428,0.216,0.0145,0.118,-15.555,0.0351,141.454,0.23,1.0
992,992,2026-02-09 08:23:00,Dana Fuchs,"Helter Skelter - From ""Across The Universe"" Soundtrack",102870,0.028575,1.7145,8,2,Monday,False,2026-02,"Helter Skelter - From ""Across The Universe"" Soundtrack Dana Fuchs",0.000195,0.266,0.911,0.0113,0.35,-3.824,0.0656,165.966,0.337,0.0
993,993,2026-02-09 08:25:00,Els Amics De Les Arts,Sort que sou aquí,172000,0.0477777777777777,2.8666666666666667,8,2,Monday,False,2026-02,Sort que sou aquí Els Amics De Les Arts,,,,,,,,,,
994,994,2026-02-09 08:29:00,Scott Bradlee's Postmodern Jukebox,Mad World,198000,0.055,3.3,8,2,Monday,False,2026-02,Mad World Scott Bradlee's Postmodern Jukebox,0.759,0.481,0.267,0.0,0.156,-8.588,0.0322,106.143,0.397,1.0
995,995,2026-02-09 08:29:00,Tears For Fears,Mad World,40620,0.0112833333333333,0.677,8,2,Monday,False,2026-02,Mad World Tears For Fears,0.976,0.344,0.0585,0.000362,0.103,-17.212,0.0373,174.149,0.323,3.0
996,996,2026-02-09 08:33:00,Gary Jules,Mad World,189507,0.0526408333333333,3.15845,8,2,Monday,False,2026-02,Mad World Gary Jules,0.976,0.344,0.0585,0.000362,0.103,-17.212,0.0373,174.149,0.323,3.0
997,997,2026-02-09 08:37:00,Scott Bradlee's Postmodern Jukebox,Seven Nation Army,246062,0.0683505555555555,4.1010333333333335,8,2,Monday,False,2026-02,Seven Nation Army Scott Bradlee's Postmodern Jukebox,0.708,0.485,0.513,0.0,0.508,-5.91,0.0614,90.374,0.385,1.0
998,998,2026-02-09 08:40:00,Scott Bradlee's Postmodern Jukebox,Smooth Criminal,219005,0.0608347222222222,3.650083333333333,8,2,Monday,False,2026-02,Smooth Criminal Scott Bradlee's Postmodern Jukebox,0.44,0.578,0.49,4.38e-05,0.228,-9.729,0.0933,138.427,0.5,2.0
999,999,2026-02-09 08:41:00,Leonard Cohen,Everybody Knows,13090,0.0036361111111111,0.2181666666666666,8,2,Monday,True,2026-02,Everybody Knows Leonard Cohen,0.643,0.785,0.457,2.57e-06,0.172,-13.827,0.0273,104.205,0.692,2.0
1000,1000,2026-02-09 08:45:00,Scott Bradlee's Postmodern Jukebox,Creep,283259,0.0786830555555555,4.720983333333334,8,2,Monday,False,2026-02,Creep Scott Bradlee's Postmodern Jukebox,0.697,0.292,0.359,1.85e-05,0.108,-9.043,0.0328,177.334,0.228,1.0
1001,1001,2026-02-09 08:47:00,Scott Bradlee,City of Stars,125000,0.0347222222222222,2.083333333333333,8,2,Monday,False,2026-02,City of Stars Scott Bradlee,0.952,0.457,0.259,0.874,0.0875,-12.295,0.0411,125.029,0.39,1.0
1002,1002,2026-02-09 11:01:00,Relaxing Piano Covers,Golden - Piano Version,23320,0.0064777777777777,0.3886666666666666,11,2,Monday,True,2026-02,Golden - Piano Version Relaxing Piano Covers,,,,,,,,,,
1003,1003,2026-02-09 11:01:00,Scott Bradlee's Postmodern Jukebox,Careless Whisper,135193,0.0375536111111111,2.253216666666667,11,2,Monday,False,2026-02,Careless Whisper Scott Bradlee's Postmodern Jukebox,0.418,0.621,0.565,6.01e-06,0.186,-7.288,0.0561,108.262,0.931,2.0
1004,1004,2026-02-09 12:04:00,Henry Smith,You're The One That I Want - Piano Version,101861,0.0282947222222222,1.6976833333333334,12,2,Monday,False,2026-02,You're The One That I Want - Piano Version Henry Smith,0.991,0.493,0.0504,0.826,0.099,-18.244,0.0689,110.532,0.131,3.0
1005,1005,2026-02-09 14:59:00,Henry Smith,Your Song - Piano Version,9997,0.0027769444444444,0.1666166666666666,14,2,Monday,True,2026-02,Your Song - Piano Version Henry Smith,0.993,0.445,0.0467,0.929,0.106,-21.057,0.0502,123.427,0.0857,3.0
1006,1006,2026-02-09 15:00:00,Scott Bradlee's Postmodern Jukebox,Mad World,44026,0.0122294444444444,0.7337666666666667,15,2,Monday,False,2026-02,Mad World Scott Bradlee's Postmodern Jukebox,0.759,0.481,0.267,0.0,0.156,-8.588,0.0322,106.143,0.397,1.0
1007,1007,2026-02-09 15:04:00,a-ha,The Living Daylights - 2016 Remaster,254493,0.0706925,4.24155,15,2,Monday,False,2026-02,The Living Daylights - 2016 Remaster a-ha,0.114,0.695,0.78,0.000971,0.0785,-7.906,0.0267,120.255,0.833,2.0
1008,1008,2026-02-09 15:07:00,Scott Bradlee's Postmodern Jukebox,Smooth Criminal,219005,0.0608347222222222,3.650083333333333,15,2,Monday,False,2026-02,Smooth Criminal Scott Bradlee's Postmodern Jukebox,0.44,0.578,0.49,4.38e-05,0.228,-9.729,0.0933,138.427,0.5,2.0
1009,1009,2026-02-09 15:13:00,Scott Bradlee's Postmodern Jukebox,Smells Like Teen Spirit,319000,0.0886111111111111,5.316666666666666,15,2,Monday,False,2026-02,Smells Like Teen Spirit Scott Bradlee's Postmodern Jukebox,0.572,0.258,0.324,2.74e-06,0.145,-6.099,0.0351,183.513,0.221,0.0
1010,1010,2026-02-09 15:15:00,Scott Bradlee's Postmodern Jukebox,Umbrella - Piano Version,149755,0.0415986111111111,2.4959166666666666,15,2,Monday,False,2026-02,Umbrella - Piano Version Scott Bradlee's Postmodern Jukebox,0.945,0.518,0.575,0.907,0.151,-7.517,0.0595,117.39,0.954,2.0
1011,1011,2026-02-09 15:19:00,Scott Bradlee's Postmodern Jukebox,I'll Be There for You (Theme From “Friends”),228679,0.0635219444444444,3.8113166666666665,15,2,Monday,False,2026-02,I'll Be There for You (Theme From “Friends”) Scott Bradlee's Postmodern Jukebox,0.419,0.306,0.623,0.0,0.14,-7.67,0.049,166.929,0.614,0.0
1012,1012,2026-02-09 15:20:00,Scott Bradlee's Postmodern Jukebox,Seven Nation Army,40729,0.0113136111111111,0.6788166666666666,15,2,Monday,False,2026-02,Seven Nation Army Scott Bradlee's Postmodern Jukebox,0.708,0.485,0.513,0.0,0.508,-5.91,0.0614,90.374,0.385,1.0
1013,1013,2026-02-09 15:24:00,Scott Bradlee's Postmodern Jukebox,Lovefool - Piano Version,216515,0.0601430555555555,3.608583333333333,15,2,Monday,False,2026-02,Lovefool - Piano Version Scott Bradlee's Postmodern Jukebox,0.945,0.539,0.398,0.867,0.118,-7.9,0.0469,131.06,0.586,1.0
1014,1014,2026-02-09 15:27:00,Scott Bradlee's Postmodern Jukebox,The Final Countdown,229750,0.0638194444444444,3.8291666666666666,15,2,Monday,False,2026-02,The Final Countdown Scott Bradlee's Postmodern Jukebox,0.775,0.559,0.678,0.0259,0.421,-10.468,0.0602,122.482,0.615,2.0
1015,1015,2026-02-09 15:32:00,Scott Bradlee's Postmodern Jukebox,Crazy Train,284400,0.079,4.74,15,2,Monday,False,2026-02,Crazy Train Scott Bradlee's Postmodern Jukebox,0.593,0.555,0.731,2.41e-05,0.0805,-4.644,0.0474,134.907,0.609,2.0
1016,1016,2026-02-09 15:37:00,Scott Bradlee's Postmodern Jukebox,Dream On,298250,0.0828472222222222,4.970833333333333,15,2,Monday,False,2026-02,Dream On Scott Bradlee's Postmodern Jukebox,0.561,0.433,0.463,9.69e-06,0.203,-5.992,0.0282,95.509,0.336,0.0
1017,1017,2026-02-09 15:41:00,Scott Bradlee's Postmodern Jukebox,I Will Survive,241188,0.0669966666666666,4.0198,15,2,Monday,False,2026-02,I Will Survive Scott Bradlee's Postmodern Jukebox,0.736,0.452,0.753,7.72e-06,0.354,-5.235,0.176,139.258,0.514,2.0
1018,1018,2026-02-09 15:45:00,Scott Bradlee's Postmodern Jukebox,Lovefool,239500,0.0665277777777777,3.9916666666666663,15,2,Monday,False,2026-02,Lovefool Scott Bradlee's Postmodern Jukebox,0.802,0.424,0.355,0.0,0.27,-6.883,0.0358,124.657,0.37,1.0
1019,1019,2026-02-09 15:48:00,Scott Bradlee's Postmodern Jukebox,Every Breath You Take,200360,0.0556555555555555,3.3393333333333333,15,2,Monday,False,2026-02,Every Breath You Take Scott Bradlee's Postmodern Jukebox,0.816,0.351,0.351,1.59e-06,0.457,-7.628,0.0496,157.699,0.238,1.0
1020,1020,2026-02-09 15:53:00,Scott Bradlee's Postmodern Jukebox,Heroes,249013,0.0691702777777777,4.150216666666667,15,2,Monday,False,2026-02,Heroes Scott Bradlee's Postmodern Jukebox,0.852,0.439,0.373,0.000108,0.115,-9.683,0.0396,128.509,0.221,1.0
1021,1021,2026-02-09 15:56:00,Scott Bradlee's Postmodern Jukebox,Umbrella - Live,180253,0.0500702777777777,3.0042166666666668,15,2,Monday,False,2026-02,Umbrella - Live Scott Bradlee's Postmodern Jukebox,0.403,0.473,0.779,0.0,0.685,-9.494,0.302,118.549,0.783,2.0
1022,1022,2026-02-09 16:53:00,Scott Bradlee's Postmodern Jukebox,Mr. Blue Sky,176671,0.0490752777777777,2.9445166666666664,16,2,Monday,False,2026-02,Mr. Blue Sky Scott Bradlee's Postmodern Jukebox,0.867,0.399,0.287,0.0,0.111,-8.772,0.03,102.024,0.164,1.0
1023,1023,2026-02-10 05:55:00,Lorien Testard,Alicia,30250,0.0084027777777777,0.5041666666666667,5,2,Tuesday,False,2026-02,Alicia Lorien Testard,0.958,0.16,0.149,2.17e-06,0.156,-12.107,0.0419,169.141,0.141,3.0
1024,1024,2026-02-10 06:00:00,One Piano,Another Way to Die,14307,0.0039741666666666,0.23845,6,2,Tuesday,True,2026-02,Another Way to Die One Piano,,,,,,,,,,
1025,1025,2026-02-10 06:15:00,Piano Tribute Players,Empty Chairs at Empty Tables,13461,0.0037391666666666,0.22435,6,2,Tuesday,True,2026-02,Empty Chairs at Empty Tables Piano Tribute Players,0.991,0.513,0.274,0.924,0.105,-18.302,0.0384,80.85,0.233,1.0
1026,1026,2026-02-10 08:11:00,Henry Smith,You're The One That I Want - Piano Version,19473,0.0054091666666666,0.32455,8,2,Tuesday,True,2026-02,You're The One That I Want - Piano Version Henry Smith,0.991,0.493,0.0504,0.826,0.099,-18.244,0.0689,110.532,0.131,3.0
1027,1027,2026-02-10 08:14:00,Samantha Fade,Hey Jude,199079,0.0552997222222222,3.3179833333333333,8,2,Tuesday,False,2026-02,Hey Jude Samantha Fade,0.981,0.681,0.172,0.932,0.0915,-15.473,0.0362,130.026,0.174,1.0
1028,1028,2026-02-10 08:17:00,Eden Brown,Blackbird,198400,0.0551111111111111,3.306666666666666,8,2,Tuesday,False,2026-02,Blackbird Eden Brown,0.973,0.47,0.121,0.911,0.111,-17.892,0.0374,75.005,0.117,3.0
1029,1029,2026-02-10 08:21:00,Samantha Fade,Let It Be,192000,0.0533333333333333,3.2,8,2,Tuesday,False,2026-02,Let It Be Samantha Fade,0.909,0.653,0.284,0.872,0.114,-13.027,0.0438,120.011,0.277,1.0
1030,1030,2026-02-10 08:24:00,Felisja Allen,Yesterday,178378,0.0495494444444444,2.9729666666666668,8,2,Tuesday,False,2026-02,Yesterday Felisja Allen,0.971,0.65,0.143,0.903,0.123,-15.637,0.0336,74.0,0.156,1.0
1031,1031,2026-02-10 08:27:00,Eden Brown,Come Together,230546,0.0640405555555555,3.842433333333333,8,2,Tuesday,False,2026-02,Come Together Eden Brown,0.97,0.61,0.246,0.917,0.105,-12.294,0.0328,140.0,0.0751,1.0
1032,1032,2026-02-10 08:31:00,Samantha Fade,Something,215172,0.05977,3.5862,8,2,Tuesday,False,2026-02,Something Samantha Fade,0.961,0.648,0.316,0.941,0.0938,-14.597,0.0433,116.0,0.0979,1.0
1033,1033,2026-02-10 08:34:00,Eden Brown,Good Night,150763,0.0418786111111111,2.5127166666666665,8,2,Tuesday,False,2026-02,Good Night Eden Brown,0.966,0.616,0.142,0.878,0.103,-16.239,0.0348,117.984,0.285,1.0
1034,1034,2026-02-10 08:37:00,Matchstick Piano Man,Strawberry Fields Forever (Instrumental Piano),204882,0.0569116666666666,3.4147,8,2,Tuesday,False,2026-02,Strawberry Fields Forever (Instrumental Piano) Matchstick Piano Man,,,,,,,,,,
1035,1035,2026-02-10 08:40:00,Music Lab Collective,In My Life (arr. piano),194215,0.0539486111111111,3.2369166666666667,8,2,Tuesday,False,2026-02,In My Life (arr. piano) Music Lab Collective,,,,,,,,,,
1036,1036,2026-02-10 08:43:00,Matchstick Piano Man,From Me to You (Instrumental Piano),153175,0.0425486111111111,2.5529166666666665,8,2,Tuesday,False,2026-02,From Me to You (Instrumental Piano) Matchstick Piano Man,0.996,0.405,0.0306,0.958,0.0945,-26.812,0.0512,67.507,0.284,3.0
1037,1037,2026-02-10 08:45:00,Piano Tribute Players,A Hard Day's Night,149893,0.0416369444444444,2.4982166666666665,8,2,Tuesday,False,2026-02,A Hard Day's Night Piano Tribute Players,0.98,0.546,0.414,0.892,0.144,-14.303,0.0442,133.018,0.405,1.0
1038,1038,2026-02-10 08:49:00,Susan Sunnemo,Here comes the sun,213489,0.0593025,3.55815,8,2,Tuesday,False,2026-02,Here comes the sun Susan Sunnemo,0.993,0.42,0.136,0.941,0.106,-23.57,0.0655,180.164,0.307,3.0
1039,1039,2026-02-10 08:52:00,Matchstick Piano Man,Nowhere Man (Instrumental Piano),196102,0.0544727777777777,3.268366666666666,8,2,Tuesday,False,2026-02,Nowhere Man (Instrumental Piano) Matchstick Piano Man,0.996,0.439,0.0125,0.964,0.117,-27.938,0.0646,99.909,0.213,3.0
1040,1040,2026-02-10 08:55:00,David Healer,Lucy In The Sky With Diamonds - Piano Lullaby Version,140712,0.0390866666666666,2.3452,8,2,Tuesday,False,2026-02,Lucy In The Sky With Diamonds - Piano Lullaby Version David Healer,0.988,0.689,0.227,0.917,0.115,-17.283,0.0842,119.943,0.277,1.0
1041,1041,2026-02-10 08:58:00,Wayne Gratz,You've Got To Hide Your Love Away,212091,0.0589141666666666,3.53485,8,2,Tuesday,False,2026-02,You've Got To Hide Your Love Away Wayne Gratz,0.97,0.29,0.104,0.919,0.109,-18.24,0.0519,150.154,0.186,3.0
1042,1042,2026-02-10 14:27:00,Matchstick Piano Man,Girl (Instrumental Piano),201955,0.0560986111111111,3.3659166666666667,14,2,Tuesday,False,2026-02,Girl (Instrumental Piano) Matchstick Piano Man,0.995,0.49,0.0299,0.966,0.126,-25.407,0.0573,73.913,0.139,3.0
1043,1043,2026-02-10 15:03:00,Piano Tribute Players,I Want to Hold Your Hand,85840,0.0238444444444444,1.4306666666666668,15,2,Tuesday,False,2026-02,I Want to Hold Your Hand Piano Tribute Players,0.976,0.47,0.42,0.869,0.166,-15.473,0.0405,134.99,0.327,1.0
1044,1044,2026-02-10 15:04:00,Matchstick Piano Man,Girl (Instrumental Piano),61772,0.0171588888888888,1.0295333333333334,15,2,Tuesday,False,2026-02,Girl (Instrumental Piano) Matchstick Piano Man,0.995,0.49,0.0299,0.966,0.126,-25.407,0.0573,73.913,0.139,3.0
1045,1045,2026-02-10 15:07:00,Piano Tribute Players,I Want to Hold Your Hand,158653,0.0440702777777777,2.644216666666667,15,2,Tuesday,False,2026-02,I Want to Hold Your Hand Piano Tribute Players,0.976,0.47,0.42,0.869,0.166,-15.473,0.0405,134.99,0.327,1.0
1046,1046,2026-02-10 15:09:00,Piano Tribute Players,We Can Work It Out,29905,0.0083069444444444,0.4984166666666667,15,2,Tuesday,True,2026-02,We Can Work It Out Piano Tribute Players,0.972,0.552,0.322,0.925,0.167,-15.089,0.0407,104.003,0.418,1.0
1047,1047,2026-02-10 15:09:00,Len Rhodes,The Fool On The Hill,89038,0.0247327777777777,1.4839666666666669,15,2,Tuesday,False,2026-02,The Fool On The Hill Len Rhodes,0.995,0.383,0.039,0.943,0.103,-27.12,0.0783,50.939,0.188,3.0
1048,1048,2026-02-10 15:13:00,Matchstick Piano Man,Ticket to Ride (Instrumental Piano),218293,0.0606369444444444,3.638216666666666,15,2,Tuesday,False,2026-02,Ticket to Ride (Instrumental Piano) Matchstick Piano Man,0.994,0.527,0.0296,0.968,0.123,-23.159,0.0512,68.979,0.158,3.0
1049,1049,2026-02-10 15:16:00,Piano Tribute Players,"Hello, Goodbye",196640,0.0546222222222222,3.277333333333333,15,2,Tuesday,False,2026-02,"Hello, Goodbye Piano Tribute Players",0.989,0.553,0.321,0.93,0.119,-16.48,0.0443,92.014,0.193,1.0
1050,1050,2026-02-10 15:17:00,Wayne Gratz,Do You Want To Know A Secret,48653,0.0135147222222222,0.8108833333333333,15,2,Tuesday,False,2026-02,Do You Want To Know A Secret Wayne Gratz,0.994,0.417,0.0813,0.934,0.106,-21.818,0.0526,107.46,0.174,3.0
1051,1051,2026-02-10 15:18:00,TJR,Got to Get You Into My Life,74456,0.0206822222222222,1.2409333333333334,15,2,Tuesday,False,2026-02,Got to Get You Into My Life TJR,0.941,0.506,0.275,0.942,0.111,-15.917,0.0518,128.957,0.529,1.0
1052,1052,2026-02-10 15:19:00,Piano Tribute Players,Paperback Writer,40041,0.0111225,0.66735,15,2,Tuesday,False,2026-02,Paperback Writer Piano Tribute Players,0.97,0.507,0.357,0.825,0.124,-14.66,0.0444,157.978,0.448,1.0
1053,1053,2026-02-10 15:22:00,Matchstick Piano Man,Eleanor Rigby (Instrumental Piano),186346,0.0517627777777777,3.105766666666667,15,2,Tuesday,False,2026-02,Eleanor Rigby (Instrumental Piano) Matchstick Piano Man,0.994,0.337,0.04,0.947,0.086,-25.523,0.0618,204.231,0.059,3.0
1054,1054,2026-02-10 15:24:00,Piano Tribute Players,Get Back,156200,0.0433888888888888,2.603333333333333,15,2,Tuesday,False,2026-02,Get Back Piano Tribute Players,0.988,0.615,0.316,0.89,0.105,-15.779,0.0435,123.086,0.312,1.0
1055,1055,2026-02-10 15:25:00,Beegie Adair,Can't Buy Me Love,8484,0.0023566666666666,0.1414,15,2,Tuesday,True,2026-02,Can't Buy Me Love Beegie Adair,0.991,0.695,0.232,0.881,0.103,-15.407,0.0479,133.822,0.513,1.0
1056,1056,2026-02-10 15:29:00,Matchstick Piano Man,Michelle (Instrumental Piano),203419,0.0565052777777777,3.390316666666666,15,2,Tuesday,False,2026-02,Michelle (Instrumental Piano) Matchstick Piano Man,0.995,0.467,0.00753,0.967,0.0914,-28.458,0.057,74.044,0.229,3.0
1057,1057,2026-02-10 15:36:00,David Healer,Penny Lane - Piano Lullaby Version,55431,0.0153975,0.92385,15,2,Tuesday,False,2026-02,Penny Lane - Piano Lullaby Version David Healer,0.983,0.623,0.234,0.94,0.156,-17.322,0.0504,101.96,0.397,1.0
1058,1058,2026-02-10 15:39:00,Piano Tribute Players,Twist and Shout,159200,0.0442222222222222,2.6533333333333333,15,2,Tuesday,False,2026-02,Twist and Shout Piano Tribute Players,0.961,0.677,0.374,0.894,0.102,-13.967,0.0818,126.026,0.552,1.0
1059,1059,2026-02-10 16:25:00,Matchstick Piano Man,And I Love Her (Instrumental Piano),197077,0.0547436111111111,3.2846166666666665,16,2,Tuesday,False,2026-02,And I Love Her (Instrumental Piano) Matchstick Piano Man,0.994,0.337,0.0161,0.901,0.0978,-29.811,0.0463,64.959,0.247,3.0
1060,1060,2026-02-10 16:29:00,Erik Satie,Gymnopédie No. 1,205867,0.0571852777777777,3.4311166666666666,16,2,Tuesday,False,2026-02,Gymnopédie No. 1 Erik Satie,0.994,0.468,0.0127,0.937,0.094,-36.856,0.123,72.776,0.356,3.0
1061,1061,2026-02-10 16:39:00,Piano King,Love Me Do,22113,0.0061425,0.36855,16,2,Tuesday,True,2026-02,Love Me Do Piano King,0.987,0.471,0.224,0.785,0.122,-16.316,0.0565,96.571,0.328,1.0
1062,1062,2026-02-10 16:58:00,Piano King,Love Me Do,97780,0.0271611111111111,1.6296666666666666,16,2,Tuesday,False,2026-02,Love Me Do Piano King,0.987,0.471,0.224,0.785,0.122,-16.316,0.0565,96.571,0.328,1.0
1063,1063,2026-02-10 16:59:00,Piano Tribute Players,Oh Darling,42787,0.0118852777777777,0.7131166666666666,16,2,Tuesday,False,2026-02,Oh Darling Piano Tribute Players,0.995,0.581,0.279,0.948,0.109,-15.143,0.0657,172.106,0.593,1.0
1064,1064,2026-02-10 17:00:00,Matchstick Piano Man,She Loves You (Instrumental Piano),47760,0.0132666666666666,0.796,17,2,Tuesday,False,2026-02,She Loves You (Instrumental Piano) Matchstick Piano Man,0.995,0.44,0.0218,0.971,0.0957,-26.155,0.0597,179.455,0.141,3.0
1065,1065,2026-02-10 17:03:00,David Healer,Because - Piano Lullaby Version,183255,0.0509041666666666,3.05425,17,2,Tuesday,False,2026-02,Because - Piano Lullaby Version David Healer,0.995,0.603,0.0194,0.891,0.0941,-29.089,0.0494,147.965,0.249,3.0
1066,1066,2026-02-10 17:07:00,Erik Satie,Gymnopédie No. 1,205867,0.0571852777777777,3.4311166666666666,17,2,Tuesday,False,2026-02,Gymnopédie No. 1 Erik Satie,0.994,0.468,0.0127,0.937,0.094,-36.856,0.123,72.776,0.356,3.0
1067,1067,2026-02-10 17:13:00,Erik Satie,Gymnopédie No. 1,299107,0.0830852777777777,4.985116666666666,17,2,Tuesday,False,2026-02,Gymnopédie No. 1 Erik Satie,0.994,0.468,0.0127,0.937,0.094,-36.856,0.123,72.776,0.356,3.0
1068,1068,2026-02-10 17:17:00,Finghin Collins,Gymnopédie No. 1,220733,0.0613147222222222,3.678883333333333,17,2,Tuesday,False,2026-02,Gymnopédie No. 1 Finghin Collins,0.995,0.456,0.0108,0.961,0.101,-28.383,0.0755,69.457,0.315,3.0
1069,1069,2026-02-10 18:28:00,Lullaby Piano Series,She's Leaving Home,58090,0.0161361111111111,0.9681666666666666,18,2,Tuesday,False,2026-02,She's Leaving Home Lullaby Piano Series,0.981,0.358,0.0943,0.849,0.143,-20.965,0.0331,70.532,0.287,3.0
1070,1070,2026-02-11 05:55:00,The Beatles,Penny Lane - Remastered 2009,17611,0.0048919444444444,0.2935166666666666,5,2,Wednesday,True,2026-02,Penny Lane - Remastered 2009 The Beatles,0.212,0.651,0.488,0.026,0.136,-8.22,0.0316,113.032,0.491,2.0
1071,1071,2026-02-11 06:18:00,John Owen-Jones,The Confrontation - Live,28782,0.007995,0.4797,6,2,Wednesday,True,2026-02,The Confrontation - Live John Owen-Jones,0.764,0.403,0.49,0.0,0.388,-10.261,0.122,98.559,0.475,1.0
1072,1072,2026-02-12 05:45:00,John Owen-Jones,The Confrontation - Live,46393,0.0128869444444444,0.7732166666666667,5,2,Thursday,False,2026-02,The Confrontation - Live John Owen-Jones,0.764,0.403,0.49,0.0,0.388,-10.261,0.122,98.559,0.475,1.0
1073,1073,2026-02-12 06:00:00,David Arnold,"Vesper (From ""Casino Royale"" Soundtrack)",37312,0.0103644444444444,0.6218666666666667,6,2,Thursday,False,2026-02,"Vesper (From ""Casino Royale"" Soundtrack) David Arnold",0.886,0.235,0.0546,0.913,0.0711,-23.644,0.0391,63.678,0.071,3.0
1074,1074,2026-02-12 06:15:00,Royal Philharmonic Orchestra,"James Bond Theme - From ""Dr. No""",12186,0.003385,0.2031,6,2,Thursday,True,2026-02,"James Bond Theme - From ""Dr. No"" Royal Philharmonic Orchestra",,,,,,,,,,
1075,1075,2026-02-12 06:20:00,Mister Bond,Licence To Kill,19087,0.0053019444444444,0.3181166666666666,6,2,Thursday,True,2026-02,Licence To Kill Mister Bond,0.505,0.532,0.431,3.69e-06,0.11,-7.981,0.0558,159.783,0.195,1.0
1076,1076,2026-02-12 06:30:00,Steve Balsamo,Simon Zealotes / Poor Jerusalem (Medley) - Remastered 2005,12735,0.0035375,0.21225,6,2,Thursday,True,2026-02,Simon Zealotes / Poor Jerusalem (Medley) - Remastered 2005 Steve Balsamo,,,,,,,,,,
1077,1077,2026-02-12 09:45:00,David Healer,Penny Lane - Piano Lullaby Version,123728,0.0343688888888888,2.062133333333333,9,2,Thursday,False,2026-02,Penny Lane - Piano Lullaby Version David Healer,0.983,0.623,0.234,0.94,0.156,-17.322,0.0504,101.96,0.397,1.0
1078,1078,2026-02-12 09:47:00,Piano Tribute Players,Twist and Shout,159200,0.0442222222222222,2.6533333333333333,9,2,Thursday,False,2026-02,Twist and Shout Piano Tribute Players,0.961,0.677,0.374,0.894,0.102,-13.967,0.0818,126.026,0.552,1.0
1079,1079,2026-02-12 09:51:00,Matchstick Piano Man,And I Love Her (Instrumental Piano),197077,0.0547436111111111,3.2846166666666665,9,2,Thursday,False,2026-02,And I Love Her (Instrumental Piano) Matchstick Piano Man,0.994,0.337,0.0161,0.901,0.0978,-29.811,0.0463,64.959,0.247,3.0
1080,1080,2026-02-12 09:53:00,Piano King,Love Me Do,119888,0.0333022222222222,1.998133333333333,9,2,Thursday,False,2026-02,Love Me Do Piano King,0.987,0.471,0.224,0.785,0.122,-16.316,0.0565,96.571,0.328,1.0
1081,1081,2026-02-12 12:14:00,Samantha Barks,On My Own,18478,0.0051327777777777,0.3079666666666666,12,2,Thursday,True,2026-02,On My Own Samantha Barks,0.888,0.303,0.116,0.0,0.144,-15.723,0.0552,85.473,0.196,3.0
1082,1082,2026-02-13 05:55:00,Unknown Artist,Unknown Track,7534,0.0020927777777777,0.1255666666666666,5,2,Friday,True,2026-02,Unknown Track Unknown Artist,,,,,,,,,,
1083,1083,2026-02-13 05:55:00,Michael Giacchino,Can't Fight City Halloween,49380,0.0137166666666666,0.823,5,2,Friday,False,2026-02,Can't Fight City Halloween Michael Giacchino,0.616,0.315,0.141,0.951,0.107,-21.368,0.0294,82.042,0.116,3.0
1084,1084,2026-02-13 06:00:00,Els Amics De Les Arts,El Vent Tallant,3459,0.0009608333333333,0.05765,6,2,Friday,True,2026-02,El Vent Tallant Els Amics De Les Arts,0.0535,0.21,0.606,0.231,0.107,-7.487,0.0387,100.831,0.286,0.0
1085,1085,2026-02-13 06:15:00,Jonas Kvarnström,"Skyfall - From "" Skyfall - James Bond""",3516,0.0009766666666666,0.0586,6,2,Friday,True,2026-02,"Skyfall - From "" Skyfall - James Bond"" Jonas Kvarnström",0.976,0.528,0.258,0.86,0.136,-12.297,0.0279,75.016,0.19,1.0
1086,1086,2026-02-13 06:20:00,Els Amics De Les Arts,Louisiana o els camps de cotó,13220,0.0036722222222222,0.2203333333333333,6,2,Friday,True,2026-02,Louisiana o els camps de cotó Els Amics De Les Arts,0.775,0.674,0.359,7.98e-06,0.147,-12.403,0.0588,89.967,0.485,1.0
1087,1087,2026-02-13 06:30:00,Anna Roig,Dins d'una cançó,2234,0.0006205555555555,0.0372333333333333,6,2,Friday,True,2026-02,Dins d'una cançó Anna Roig,0.746,0.617,0.266,0.00359,0.193,-14.657,0.0312,70.948,0.455,1.0
1088,1088,2026-02-13 06:40:00,One Piano,Stars,8882,0.0024672222222222,0.1480333333333333,6,2,Friday,True,2026-02,Stars One Piano,0.986,0.424,0.0426,0.897,0.11,-23.03,0.0403,114.217,0.154,3.0
1089,1089,2026-02-13 06:49:00,Piano Tribute Players,Oh Darling,182250,0.050625,3.0375,6,2,Friday,False,2026-02,Oh Darling Piano Tribute Players,0.995,0.581,0.279,0.948,0.109,-15.143,0.0657,172.106,0.593,1.0
1090,1090,2026-02-13 06:57:00,Manel,Aniversari,5275,0.0014652777777777,0.0879166666666666,6,2,Friday,True,2026-02,Aniversari Manel,0.856,0.409,0.473,6.38e-05,0.118,-9.471,0.0346,134.646,0.498,1.0
1091,1091,2026-02-13 07:39:00,Piano Tribute Players,Oh Darling,24763,0.0068786111111111,0.4127166666666667,7,2,Friday,True,2026-02,Oh Darling Piano Tribute Players,0.995,0.581,0.279,0.948,0.109,-15.143,0.0657,172.106,0.593,1.0
1092,1092,2026-02-13 07:43:00,Matchstick Piano Man,She Loves You (Instrumental Piano),225858,0.0627383333333333,3.7643,7,2,Friday,False,2026-02,She Loves You (Instrumental Piano) Matchstick Piano Man,0.995,0.44,0.0218,0.971,0.0957,-26.155,0.0597,179.455,0.141,3.0
1093,1093,2026-02-13 07:46:00,David Healer,Because - Piano Lullaby Version,183255,0.0509041666666666,3.05425,7,2,Friday,False,2026-02,Because - Piano Lullaby Version David Healer,0.995,0.603,0.0194,0.891,0.0941,-29.089,0.0494,147.965,0.249,3.0
1094,1094,2026-02-13 07:50:00,Lullaby Piano Series,She's Leaving Home,213629,0.0593413888888888,3.560483333333333,7,2,Friday,False,2026-02,She's Leaving Home Lullaby Piano Series,0.981,0.358,0.0943,0.849,0.143,-20.965,0.0331,70.532,0.287,3.0
1095,1095,2026-02-13 07:53:00,Matchstick Piano Man,Help (Instrumental Piano),191224,0.0531177777777777,3.1870666666666665,7,2,Friday,False,2026-02,Help (Instrumental Piano) Matchstick Piano Man,0.994,0.301,0.0157,0.948,0.109,-23.898,0.0511,179.268,0.258,3.0
1096,1096,2026-02-13 07:55:00,Jean Philippe Colange,When I'm 64,147693,0.0410258333333333,2.46155,7,2,Friday,False,2026-02,When I'm 64 Jean Philippe Colange,0.928,0.618,0.365,0.845,0.259,-9.602,0.0448,129.424,0.593,1.0
1097,1097,2026-02-13 07:59:00,Matchstick Piano Man,Across the Universe (Instrumental Piano),234150,0.0650416666666666,3.9025,7,2,Friday,False,2026-02,Across the Universe (Instrumental Piano) Matchstick Piano Man,0.996,0.403,0.0643,0.966,0.0919,-25.681,0.0543,70.826,0.0946,3.0
1098,1098,2026-02-13 08:02:00,David Healer,Rain - Piano Lullaby Version,162219,0.0450608333333333,2.70365,8,2,Friday,False,2026-02,Rain - Piano Lullaby Version David Healer,0.756,0.408,0.376,0.979,0.415,-15.989,0.0396,102.353,0.481,1.0
1099,1099,2026-02-13 08:05:00,Piano Tribute Players,Sgt. Pepper's Lonely Hearts Club Band,148827,0.0413408333333333,2.48045,8,2,Friday,False,2026-02,Sgt. Pepper's Lonely Hearts Club Band Piano Tribute Players,0.987,0.588,0.373,0.937,0.0997,-15.945,0.0557,93.983,0.389,1.0
1100,1100,2026-02-13 08:08:00,Matchstick Piano Man,Norwegian Wood (Instrumental Piano),206833,0.0574536111111111,3.447216666666667,8,2,Friday,False,2026-02,Norwegian Wood (Instrumental Piano) Matchstick Piano Man,0.995,0.381,0.0122,0.95,0.118,-28.764,0.105,200.64,0.394,3.0
1101,1101,2026-02-13 08:11:00,John Lennon,Cry Baby Cry,152000,0.0422222222222222,2.533333333333333,8,2,Friday,False,2026-02,Cry Baby Cry John Lennon,0.994,0.485,0.0691,0.935,0.108,-28.107,0.0532,79.849,0.123,3.0
1102,1102,2026-02-13 08:13:00,Christopher Phillips,I Will,156973,0.0436036111111111,2.616216666666667,8,2,Friday,False,2026-02,I Will Christopher Phillips,0.762,0.532,0.227,0.947,0.165,-17.659,0.0327,120.011,0.253,1.0
1103,1103,2026-02-13 08:16:00,Matchstick Piano Man,For No One (Instrumental Piano),186346,0.0517627777777777,3.105766666666667,8,2,Friday,False,2026-02,For No One (Instrumental Piano) Matchstick Piano Man,0.996,0.446,0.0265,0.97,0.0832,-24.95,0.058,78.598,0.209,3.0
1104,1104,2026-02-13 08:19:00,Maestro Di Piano,I’ll Follow the Sun,160818,0.0446716666666666,2.6803,8,2,Friday,False,2026-02,I’ll Follow the Sun Maestro Di Piano,0.978,0.312,0.321,0.828,0.127,-15.362,0.0533,207.444,0.362,1.0
1105,1105,2026-02-13 08:21:00,Piano Tribute Players,Yellow Submarine,133133,0.0369813888888888,2.2188833333333333,8,2,Friday,False,2026-02,Yellow Submarine Piano Tribute Players,0.978,0.542,0.223,0.898,0.0911,-17.823,0.0735,110.979,0.236,1.0
1106,1106,2026-02-13 08:24:00,Matchstick Piano Man,If I Fell (Instrumental Piano),175126,0.0486461111111111,2.9187666666666665,8,2,Friday,False,2026-02,If I Fell (Instrumental Piano) Matchstick Piano Man,0.996,0.513,0.0266,0.966,0.107,-25.04,0.0571,95.677,0.31,3.0
1107,1107,2026-02-13 08:26:00,David Healer,"Ob-La-Di, Ob-La-Da - Piano Lullaby Version",121224,0.0336733333333333,2.0204,8,2,Friday,False,2026-02,"Ob-La-Di, Ob-La-Da - Piano Lullaby Version David Healer",0.924,0.681,0.336,0.883,0.0786,-18.645,0.0505,111.99,0.718,1.0
1108,1108,2026-02-13 08:29:00,Christopher Phillips,All My Loving,173920,0.0483111111111111,2.8986666666666667,8,2,Friday,False,2026-02,All My Loving Christopher Phillips,0.986,0.45,0.162,0.96,0.101,-21.191,0.0356,137.625,0.31,3.0
1109,1109,2026-02-13 08:29:00,Christopher Phillips,All My Loving,0,0.0,0.0,8,2,Friday,True,2026-02,All My Loving Christopher Phillips,0.986,0.45,0.162,0.96,0.101,-21.191,0.0356,137.625,0.31,3.0
1110,1110,2026-02-13 08:36:00,Christopher Phillips,All My Loving,0,0.0,0.0,8,2,Friday,True,2026-02,All My Loving Christopher Phillips,0.986,0.45,0.162,0.96,0.101,-21.191,0.0356,137.625,0.31,3.0
1111,1111,2026-02-13 08:36:00,Matchstick Piano Man,Octopus's Garden (Instrumental Piano),31014,0.008615,0.5169,8,2,Friday,False,2026-02,Octopus's Garden (Instrumental Piano) Matchstick Piano Man,0.995,0.318,0.0142,0.959,0.0821,-28.191,0.0567,76.594,0.133,3.0
1112,1112,2026-02-13 09:00:00,Matchstick Piano Man,Octopus's Garden (Instrumental Piano),5616,0.00156,0.0936,9,2,Friday,True,2026-02,Octopus's Garden (Instrumental Piano) Matchstick Piano Man,0.995,0.318,0.0142,0.959,0.0821,-28.191,0.0567,76.594,0.133,3.0
1113,1113,2026-02-13 12:32:00,Matchstick Piano Man,Octopus's Garden (Instrumental Piano),207845,0.0577347222222222,3.4640833333333334,12,2,Friday,False,2026-02,Octopus's Garden (Instrumental Piano) Matchstick Piano Man,0.995,0.318,0.0142,0.959,0.0821,-28.191,0.0567,76.594,0.133,3.0
1114,1114,2026-02-13 12:36:00,Piano Tribute Players,While My Guitar Gently Weeps,249880,0.0694111111111111,4.164666666666666,12,2,Friday,False,2026-02,While My Guitar Gently Weeps Piano Tribute Players,0.984,0.623,0.264,0.932,0.0969,-15.129,0.0522,112.989,0.306,1.0
1115,1115,2026-02-13 12:39:00,Maestro Di Piano,With a Little Help From My Friends,172820,0.0480055555555555,2.880333333333333,12,2,Friday,False,2026-02,With a Little Help From My Friends Maestro Di Piano,0.984,0.409,0.224,0.941,0.181,-14.678,0.0395,110.165,0.154,3.0
1116,1116,2026-02-13 12:42:00,Matchstick Piano Man,All You Need Is Love (Instrumental Piano),205370,0.0570472222222222,3.422833333333333,12,2,Friday,False,2026-02,All You Need Is Love (Instrumental Piano) Matchstick Piano Man,0.996,0.483,0.00638,0.965,0.097,-28.316,0.0804,131.897,0.345,3.0
1117,1117,2026-02-13 12:45:00,Music Lab Collective,Real Love,142947,0.0397075,2.38245,12,2,Friday,False,2026-02,Real Love Music Lab Collective,,,,,,,,,,
1118,1118,2026-02-13 12:51:00,Wayne Gratz,P.S. I Love You,95630,0.0265638888888888,1.5938333333333334,12,2,Friday,False,2026-02,P.S. I Love You Wayne Gratz,0.994,0.417,0.0813,0.934,0.106,-21.818,0.0526,107.46,0.174,3.0
1119,1119,2026-02-14 19:16:00,Wayne Gratz,P.S. I Love You,108363,0.0301008333333333,1.80605,19,2,Saturday,False,2026-02,P.S. I Love You Wayne Gratz,0.994,0.417,0.0813,0.934,0.106,-21.818,0.0526,107.46,0.174,3.0
1120,1120,2026-02-14 19:19:00,Matchstick Piano Man,The Long and Winding Road (Instrumental Piano),197565,0.0548791666666666,3.29275,19,2,Saturday,False,2026-02,The Long and Winding Road (Instrumental Piano) Matchstick Piano Man,0.996,0.63,0.0537,0.969,0.121,-22.52,0.0836,72.45,0.236,3.0
1121,1121,2026-02-14 19:19:00,Piano Tribute Players,Ballad of John and Yoko,11680,0.0032444444444444,0.1946666666666666,19,2,Saturday,True,2026-02,Ballad of John and Yoko Piano Tribute Players,0.957,0.515,0.42,0.83,0.125,-16.509,0.0425,134.97,0.36,1.0
1122,1122,2026-02-14 19:22:00,L'Últim Indi,La Sorra Del Desert,160800,0.0446666666666666,2.68,19,2,Saturday,False,2026-02,La Sorra Del Desert L'Últim Indi,,,,,,,,,,
1123,1123,2026-02-14 19:28:00,Queen,Bohemian Rhapsody - Remastered 2011,354320,0.0984222222222222,5.905333333333333,19,2,Saturday,False,2026-02,Bohemian Rhapsody - Remastered 2011 Queen,0.271,0.411,0.404,0.0,0.3,-9.928,0.0511,71.068,0.226,0.0
1124,1124,2026-02-14 19:30:00,Hugh Jackman,Suddenly,152467,0.0423519444444444,2.5411166666666665,19,2,Saturday,False,2026-02,Suddenly Hugh Jackman,0.918,0.366,0.123,5.53e-06,0.103,-21.941,0.148,74.849,0.143,3.0
1125,1125,2026-02-14 19:36:00,Ted Neeley,"The Temple - From ""Jesus Christ Superstar"" Soundtrack",336067,0.0933519444444444,5.601116666666667,19,2,Saturday,False,2026-02,"The Temple - From ""Jesus Christ Superstar"" Soundtrack Ted Neeley",0.417,0.329,0.6,0.0178,0.0793,-11.273,0.0736,102.448,0.353,0.0
1126,1126,2026-02-14 19:43:00,The Beatles,Hey Jude - Remastered 2009,431333,0.1198147222222222,7.188883333333333,19,2,Saturday,False,2026-02,Hey Jude - Remastered 2009 The Beatles,0.0275,0.399,0.555,1.33e-05,0.0928,-10.156,0.0259,145.164,0.663,2.0
1127,1127,2026-02-14 19:47:00,Amanda Seyfried,Thank You For The Music - From 'Mamma Mia!' Original Motion Picture Soundtrack,224107,0.0622519444444444,3.735116666666667,19,2,Saturday,False,2026-02,Thank You For The Music - From 'Mamma Mia!' Original Motion Picture Soundtrack Amanda Seyfried,0.932,0.527,0.134,0.0,0.103,-11.264,0.0348,98.879,0.479,1.0
1128,1128,2026-02-14 19:52:00,Els Amics De Les Arts,Apunto Shakespeare,299838,0.0832883333333333,4.9973,19,2,Saturday,False,2026-02,Apunto Shakespeare Els Amics De Les Arts,0.508,0.465,0.434,5.1e-06,0.231,-10.548,0.0337,186.881,0.507,1.0
1129,1129,2026-02-14 19:57:00,Els Amics De Les Arts,A Vegades - En Directe Al Festival De Cap Roig / 2015,304000,0.0844444444444444,5.066666666666666,19,2,Saturday,False,2026-02,A Vegades - En Directe Al Festival De Cap Roig / 2015 Els Amics De Les Arts,0.00445,0.36,0.774,0.0,0.817,-7.461,0.0513,147.337,0.374,0.0
1130,1130,2026-02-14 20:00:00,Andrew Lloyd Webber,The Arrest - Remastered 2005,199427,0.0553963888888888,3.323783333333333,20,2,Saturday,False,2026-02,The Arrest - Remastered 2005 Andrew Lloyd Webber,,,,,,,,,,
1131,1131,2026-02-14 20:05:00,David Bowie,Space Oddity - 2015 Remaster,318027,0.0883408333333333,5.30045,20,2,Saturday,False,2026-02,Space Oddity - 2015 Remaster David Bowie,0.0726,0.31,0.403,9.27e-05,0.139,-13.664,0.0326,134.48,0.466,0.0
1132,1132,2026-02-14 20:12:00,Barry Dennen,"Trial Before Pilate - From ""Jesus Christ Superstar"" Soundtrack",409307,0.1136963888888888,6.821783333333333,20,2,Saturday,False,2026-02,"Trial Before Pilate - From ""Jesus Christ Superstar"" Soundtrack Barry Dennen",0.879,0.402,0.654,0.000119,0.114,-9.714,0.633,175.441,0.279,1.0
1133,1133,2026-02-14 20:16:00,AtinPiano,Order 66,206333,0.0573147222222222,3.438883333333333,20,2,Saturday,False,2026-02,Order 66 AtinPiano,0.897,0.352,0.122,0.864,0.0953,-20.486,0.0471,79.845,0.111,3.0
1134,1134,2026-02-14 20:18:00,Nicholas Britell,“Tuscany” Suite for Piano and Orchestra,123654,0.0343483333333333,2.0609,20,2,Saturday,False,2026-02,“Tuscany” Suite for Piano and Orchestra Nicholas Britell,0.776,0.438,0.221,0.68,0.0886,-15.551,0.0349,120.831,0.0889,3.0
1135,1135,2026-02-14 20:21:00,Els Pets,Blue tack,219106,0.0608627777777777,3.6517666666666666,20,2,Saturday,False,2026-02,Blue tack Els Pets,0.749,0.694,0.519,6.7e-05,0.122,-7.863,0.0283,126.077,0.56,2.0
1136,1136,2026-02-14 20:24:00,G.E. Smith,The Baby,168133,0.0467036111111111,2.802216666666667,20,2,Saturday,False,2026-02,The Baby G.E. Smith,0.691,0.755,0.394,0.0,0.0524,-7.438,0.126,107.751,0.803,2.0
1137,1137,2026-02-14 20:28:00,Gabriella Quevedo,That's Life,197972,0.0549922222222222,3.299533333333333,20,2,Saturday,False,2026-02,That's Life Gabriella Quevedo,0.659,0.485,0.442,0.792,0.132,-8.909,0.0539,109.537,0.345,1.0
1138,1138,2026-02-14 20:31:00,One Piano,Licence to Kill,220028,0.0611188888888888,3.667133333333333,20,2,Saturday,False,2026-02,Licence to Kill One Piano,,,,,,,,,,
1139,1139,2026-02-15 08:30:00,The Beatles,While My Guitar Gently Weeps - Acoustic Version - Take 1,32497,0.0090269444444444,0.5416166666666666,8,2,Sunday,False,2026-02,While My Guitar Gently Weeps - Acoustic Version - Take 1 The Beatles,0.863,0.592,0.0871,4.84e-06,0.0636,-17.016,0.0382,122.708,0.211,1.0
1140,1140,2026-02-15 08:47:00,Nirvana,Jesus Doesn't Want Me For A Sunbeam - Live,12341,0.0034280555555555,0.2056833333333333,8,2,Sunday,True,2026-02,Jesus Doesn't Want Me For A Sunbeam - Live Nirvana,0.0638,0.51,0.641,3.65e-06,0.272,-10.312,0.0812,113.646,0.295,0.0
1141,1141,2026-02-15 17:34:00,John Williams,Han Solo and the Princess,29288,0.0081355555555555,0.4881333333333333,17,2,Sunday,True,2026-02,Han Solo and the Princess John Williams,,,,,,,,,,
1142,1142,2026-02-15 19:34:00,John Williams,Marion's Theme / The Crate,16906,0.0046961111111111,0.2817666666666666,19,2,Sunday,True,2026-02,Marion's Theme / The Crate John Williams,0.94,0.181,0.176,0.92,0.0945,-16.799,0.0414,84.091,0.0659,3.0
1143,1143,2026-02-15 21:44:00,One Piano,Who Am I,59830,0.0166194444444444,0.9971666666666666,21,2,Sunday,False,2026-02,Who Am I One Piano,0.816,0.346,0.17,0.86,0.196,-18.344,0.0592,115.959,0.157,3.0
1144,1144,2026-02-16 05:55:00,Hans Zimmer,Pirates Of The Caribbean Medley - Live,0,0.0,0.0,5,2,Monday,True,2026-02,Pirates Of The Caribbean Medley - Live Hans Zimmer,0.0221,0.196,0.423,0.0961,0.954,-11.821,0.0354,96.566,0.146,0.0
1145,1145,2026-02-16 06:39:00,Blaumut,Only You (i el Teu Xampú),29832,0.0082866666666666,0.4972,6,2,Monday,True,2026-02,Only You (i el Teu Xampú) Blaumut,,,,,,,,,,
1146,1146,2026-02-16 06:50:00,Gary Glitter,Rock & Roll Part 2,1338,0.0003716666666666,0.0223,6,2,Monday,True,2026-02,Rock & Roll Part 2 Gary Glitter,0.000292,0.71,0.314,0.785,0.0857,-10.666,0.082,129.124,0.401,2.0
1147,1147,2026-02-16 14:59:00,Gary Glitter,Rock & Roll Part 2,26922,0.0074783333333333,0.4487,14,2,Monday,True,2026-02,Rock & Roll Part 2 Gary Glitter,0.000292,0.71,0.314,0.785,0.0857,-10.666,0.082,129.124,0.401,2.0
1148,1148,2026-02-16 15:08:00,Rosalind James,On My Own - Live,6331,0.0017586111111111,0.1055166666666666,15,2,Monday,True,2026-02,On My Own - Live Rosalind James,0.894,0.384,0.245,0.0,0.736,-10.802,0.0465,110.06,0.192,1.0
1149,1149,2026-02-16 15:08:00,Gary Glitter,Rock & Roll Part 2,178312,0.0495311111111111,2.9718666666666667,15,2,Monday,False,2026-02,Rock & Roll Part 2 Gary Glitter,0.000292,0.71,0.314,0.785,0.0857,-10.666,0.082,129.124,0.401,2.0
1150,1150,2026-02-16 15:10:00,One Piano,Who Am I,127059,0.0352941666666666,2.11765,15,2,Monday,False,2026-02,Who Am I One Piano,0.816,0.346,0.17,0.86,0.196,-18.344,0.0592,115.959,0.157,3.0
1151,1151,2026-02-16 15:14:00,Metallica,Master Of Puppets - Live,3957,0.0010991666666666,0.06595,15,2,Monday,True,2026-02,Master Of Puppets - Live Metallica,6.43e-06,0.285,0.99,0.0052,0.718,-3.344,0.102,106.829,0.232,0.0
1152,1152,2026-02-16 15:14:00,Nicholas Britell,"Intermezzo in C Minor - ""Money Wins""",3743,0.0010397222222222,0.0623833333333333,15,2,Monday,True,2026-02,"Intermezzo in C Minor - ""Money Wins"" Nicholas Britell",0.438,0.129,0.179,0.68,0.114,-16.566,0.0401,90.617,0.0398,3.0
1153,1153,2026-02-16 15:14:00,One Piano,Without You,256116,0.0711433333333333,4.2686,15,2,Monday,False,2026-02,Without You One Piano,,,,,,,,,,
1154,1154,2026-02-16 15:15:00,The Beatles,Blackbird - 2018 Mix,44313,0.0123091666666666,0.73855,15,2,Monday,False,2026-02,Blackbird - 2018 Mix The Beatles,0.841,0.648,0.139,3.31e-06,0.0589,-14.744,0.0368,93.874,0.373,1.0
1155,1155,2026-02-16 15:15:00,Johnny Cash,Ain't No Grave,5369,0.0014913888888888,0.0894833333333333,15,2,Monday,True,2026-02,Ain't No Grave Johnny Cash,0.894,0.52,0.35,0.000778,0.0895,-10.713,0.052,79.647,0.39,1.0
1156,1156,2026-02-16 15:15:00,Stan Rogers,Free In The Harbour,4036,0.0011211111111111,0.0672666666666666,15,2,Monday,True,2026-02,Free In The Harbour Stan Rogers,0.717,0.374,0.252,6.76e-06,0.183,-15.056,0.0298,153.585,0.398,1.0
1157,1157,2026-02-16 15:16:00,Metallica,The Unforgiven III,8469,0.0023525,0.14115,15,2,Monday,True,2026-02,The Unforgiven III Metallica,0.00196,0.297,0.692,3.75e-06,0.115,-5.625,0.0344,121.52,0.103,0.0
1158,1158,2026-02-16 15:19:00,The Rolling Stones,"Paint It, Black",202267,0.0561852777777777,3.3711166666666665,15,2,Monday,False,2026-02,"Paint It, Black The Rolling Stones",0.0145,0.503,0.86,0.191,0.366,-7.909,0.0925,159.611,0.742,2.0
1159,1159,2026-02-16 15:20:00,Nicholas Britell,Million Dollar Home Run,90840,0.0252333333333333,1.514,15,2,Monday,False,2026-02,Million Dollar Home Run Nicholas Britell,0.676,0.665,0.339,0.929,0.104,-15.96,0.0356,130.999,0.0392,1.0
1160,1160,2026-02-16 15:23:00,Schell Games,I Expect You To Die,156480,0.0434666666666666,2.608,15,2,Monday,False,2026-02,I Expect You To Die Schell Games,0.632,0.378,0.269,8.2e-05,0.202,-11.872,0.0353,115.471,0.179,1.0
1161,1161,2026-02-16 15:27:00,Phillip Phillips,"Gone, Gone, Gone",209693,0.0582480555555555,3.494883333333333,15,2,Monday,False,2026-02,"Gone, Gone, Gone Phillip Phillips",0.129,0.664,0.642,0.0,0.114,-5.961,0.038,118.006,0.501,2.0
1162,1162,2026-02-16 15:30:00,Nirvana,Come As You Are,218920,0.0608111111111111,3.6486666666666663,15,2,Monday,False,2026-02,Come As You Are Nirvana,0.00016,0.5,0.824,0.00161,0.0916,-5.846,0.0388,120.125,0.539,0.0
1163,1163,2026-02-16 15:30:00,Secret Machines,Flying,4536,0.00126,0.0756,15,2,Monday,True,2026-02,Flying Secret Machines,0.0243,0.384,0.925,0.848,0.0837,-6.928,0.0504,94.298,0.209,0.0
1164,1164,2026-02-16 15:30:00,Els Amics De Les Arts,No Vam Saber Tornar,7930,0.0022027777777777,0.1321666666666666,15,2,Monday,True,2026-02,No Vam Saber Tornar Els Amics De Les Arts,0.00833,0.574,0.881,0.00362,0.0838,-5.463,0.0356,132.02,0.423,0.0
1165,1165,2026-02-16 15:31:00,Gabriella Quevedo,That's Life,3569,0.0009913888888888,0.0594833333333333,15,2,Monday,True,2026-02,That's Life Gabriella Quevedo,0.659,0.485,0.442,0.792,0.132,-8.909,0.0539,109.537,0.345,1.0
1166,1166,2026-02-16 15:33:00,Himesh Patel,Help! - Live At Pier Hotel,158240,0.0439555555555555,2.6373333333333333,15,2,Monday,False,2026-02,Help! - Live At Pier Hotel Himesh Patel,0.000123,0.342,0.968,7.38e-06,0.38,-6.206,0.2,113.016,0.126,0.0
1167,1167,2026-02-16 15:33:00,Pink Floyd,Have a Cigar,3105,0.0008625,0.05175,15,2,Monday,True,2026-02,Have a Cigar Pink Floyd,0.407,0.454,0.65,0.0488,0.589,-10.191,0.0437,120.155,0.72,2.0
1168,1168,2026-02-16 15:38:00,Damien Rice,The Blower's Daughter,286653,0.0796258333333333,4.77755,15,2,Monday,False,2026-02,The Blower's Daughter Damien Rice,0.134,0.342,0.2,0.000153,0.341,-13.569,0.0324,133.113,0.0743,0.0
1169,1169,2026-02-16 15:42:00,Howard Shore,The Last Rites (feat. G.E. Smith & Sharon Isbin),185627,0.0515630555555555,3.0937833333333336,15,2,Monday,False,2026-02,The Last Rites (feat. G.E. Smith & Sharon Isbin) Howard Shore,0.949,0.14,0.159,0.776,0.131,-13.51,0.0353,82.006,0.0825,3.0
1170,1170,2026-02-16 15:44:00,The Beatles,And I Love Her - Remastered 2009,149693,0.0415813888888888,2.494883333333333,15,2,Monday,False,2026-02,And I Love Her - Remastered 2009 The Beatles,0.64,0.767,0.331,0.0,0.0681,-10.777,0.0337,113.312,0.636,2.0
1171,1171,2026-02-16 15:48:00,The Beatles,Let It Be - Remastered 2009,243027,0.0675075,4.05045,15,2,Monday,False,2026-02,Let It Be - Remastered 2009 The Beatles,0.631,0.443,0.403,0.0,0.111,-8.339,0.0322,143.462,0.41,1.0
1172,1172,2026-02-16 15:51:00,Wilson Jermaine Heredia,I'll Cover You,149773,0.0416036111111111,2.4962166666666668,15,2,Monday,False,2026-02,I'll Cover You Wilson Jermaine Heredia,0.243,0.619,0.876,0.0,0.0752,-3.347,0.0438,111.847,0.778,2.0
1173,1173,2026-02-16 15:54:00,Josema Yuste,Príncipe Ali,172773,0.0479925,2.87955,15,2,Monday,False,2026-02,Príncipe Ali Josema Yuste,0.732,0.524,0.486,0.0,0.17,-11.4,0.0921,104.283,0.668,2.0
1174,1174,2026-02-16 15:58:00,Anna Roig,Soc la flor,267800,0.0743888888888889,4.463333333333333,15,2,Monday,False,2026-02,Soc la flor Anna Roig,0.767,0.434,0.324,0.0513,0.0852,-13.635,0.0454,123.474,0.315,1.0
1175,1175,2026-02-16 16:01:00,Joel Minguet,Hora de Estrellas,191314,0.0531427777777777,3.1885666666666665,16,2,Monday,False,2026-02,Hora de Estrellas Joel Minguet,0.139,0.419,0.524,0.071,0.1,-11.297,0.041,128.672,0.275,0.0
1176,1176,2026-02-16 16:02:00,Guns N' Roses,This I Love,12862,0.0035727777777777,0.2143666666666666,16,2,Monday,True,2026-02,This I Love Guns N' Roses,0.603,0.263,0.442,2.99e-06,0.106,-8.279,0.0309,92.179,0.133,0.0
1177,1177,2026-02-16 16:57:00,Murray Gold,The Shepherd's Boy,229397,0.0637213888888888,3.823283333333333,16,2,Monday,False,2026-02,The Shepherd's Boy Murray Gold,,,,,,,,,,
1178,1178,2026-02-16 17:35:00,Murray Gold,The Shepherd's Boy,59980,0.0166611111111111,0.9996666666666668,17,2,Monday,False,2026-02,The Shepherd's Boy Murray Gold,,,,,,,,,,
1179,1179,2026-02-16 17:38:00,Anna Roig,Escolta,177800,0.0493888888888888,2.9633333333333334,17,2,Monday,False,2026-02,Escolta Anna Roig,0.667,0.427,0.366,0.0841,0.0995,-13.625,0.0607,97.931,0.208,1.0
1180,1180,2026-02-16 17:39:00,Low Roar,I'm Leaving,13390,0.0037194444444444,0.2231666666666666,17,2,Monday,True,2026-02,I'm Leaving Low Roar,0.499,0.203,0.527,0.0449,0.0897,-8.398,0.0344,90.128,0.124,0.0
1181,1181,2026-02-16 17:49:00,William Solo,Drink With Me,1230,0.0003416666666666,0.0205,17,2,Monday,True,2026-02,Drink With Me William Solo,0.949,0.279,0.033,0.0,0.0904,-25.081,0.0368,93.886,0.0751,3.0
1182,1182,2026-02-16 17:49:00,One Piano,The World is Not Enough,1656,0.00046,0.0276,17,2,Monday,True,2026-02,The World is Not Enough One Piano,,,,,,,,,,
1183,1183,2026-02-16 17:49:00,Els Amics De Les Arts,No Ho Entens - des de casa,578,0.0001605555555555,0.0096333333333333,17,2,Monday,True,2026-02,No Ho Entens - des de casa Els Amics De Les Arts,0.745,0.59,0.396,2.75e-06,0.23,-11.772,0.0322,156.038,0.553,1.0
1184,1184,2026-02-16 17:49:00,One Piano,Goodbye Love,341613,0.0948925,5.69355,17,2,Monday,False,2026-02,Goodbye Love One Piano,0.989,0.732,0.12,0.959,0.104,-19.971,0.0565,133.478,0.273,1.0
1185,1185,2026-02-16 17:49:00,Els Amics De Les Arts,Museu D'Història Natural,4095,0.0011375,0.06825,17,2,Monday,True,2026-02,Museu D'Història Natural Els Amics De Les Arts,0.679,0.572,0.463,2.74e-06,0.377,-9.448,0.0489,173.887,0.361,1.0
1186,1186,2026-02-16 17:49:00,Nicholas Britell,Minuet in C Minor - Strings and Viola Solo,1701,0.0004725,0.02835,17,2,Monday,True,2026-02,Minuet in C Minor - Strings and Viola Solo Nicholas Britell,0.733,0.228,0.263,0.945,0.116,-13.008,0.0406,141.19,0.29,3.0
1187,1187,2026-02-16 17:49:00,Nicholas Britell,Succession - End Title Theme - Piano and Cello Variation,2395,0.0006652777777777,0.0399166666666666,17,2,Monday,True,2026-02,Succession - End Title Theme - Piano and Cello Variation Nicholas Britell,0.96,0.454,0.125,0.794,0.119,-15.297,0.036,130.544,0.161,3.0
1188,1188,2026-02-16 17:49:00,Jim Sturgess,"Across The Universe - From ""Across The Universe"" Soundtrack",2161,0.0006002777777777,0.0360166666666666,17,2,Monday,True,2026-02,"Across The Universe - From ""Across The Universe"" Soundtrack Jim Sturgess",0.0402,0.459,0.498,1.9e-06,0.355,-8.361,0.0806,116.485,0.435,0.0
1189,1189,2026-02-16 18:02:00,Mister Bond,Die Another Day,117772,0.0327144444444444,1.9628666666666668,18,2,Monday,False,2026-02,Die Another Day Mister Bond,0.787,0.651,0.543,0.0125,0.121,-7.583,0.0276,101.006,0.186,1.0
1190,1190,2026-02-16 19:42:00,Mister Bond,Die Another Day,279107,0.0775297222222222,4.651783333333333,19,2,Monday,False,2026-02,Die Another Day Mister Bond,0.787,0.651,0.543,0.0125,0.121,-7.583,0.0276,101.006,0.186,1.0
1191,1191,2026-02-16 19:45:00,One Piano,Die Another Day,165255,0.0459041666666666,2.75425,19,2,Monday,False,2026-02,Die Another Day One Piano,,,,,,,,,,
1192,1192,2026-02-17 05:45:00,Els Amics De Les Arts,Les paraules que triem no dir,111390,0.0309416666666666,1.8565,5,2,Tuesday,False,2026-02,Les paraules que triem no dir Els Amics De Les Arts,0.271,0.733,0.581,0.0,0.0623,-7.744,0.0857,118.063,0.465,2.0
1193,1193,2026-02-17 05:55:00,Sam Smith,"Writing's On The Wall - From ""Spectre"" Soundtrack",17676,0.00491,0.2946,5,2,Tuesday,True,2026-02,"Writing's On The Wall - From ""Spectre"" Soundtrack Sam Smith",0.769,0.261,0.302,2.57e-06,0.0863,-8.19,0.0339,81.418,0.0883,1.0
1194,1194,2026-02-17 06:00:00,Nicholas Britell,"Larghetto - Piano, Celesta, Strings - ""Kendall's Return""",39573,0.0109925,0.65955,6,2,Tuesday,False,2026-02,"Larghetto - Piano, Celesta, Strings - ""Kendall's Return"" Nicholas Britell",0.825,0.349,0.0569,0.945,0.0985,-24.768,0.0341,119.927,0.0338,3.0
1195,1195,2026-02-17 06:10:00,Meryl Streep,Slipping Through My Fingers - From 'Mamma Mia!' Original Motion Picture Soundtrack,25765,0.0071569444444444,0.4294166666666666,6,2,Tuesday,True,2026-02,Slipping Through My Fingers - From 'Mamma Mia!' Original Motion Picture Soundtrack Meryl Streep,0.507,0.463,0.489,0.0,0.165,-7.968,0.0288,140.034,0.249,0.0
1196,1196,2026-02-17 06:15:00,a-ha,The Living Daylights - 2016 Remaster,15788,0.0043855555555555,0.2631333333333333,6,2,Tuesday,True,2026-02,The Living Daylights - 2016 Remaster a-ha,0.114,0.695,0.78,0.000971,0.0785,-7.906,0.0267,120.255,0.833,2.0
1197,1197,2026-02-17 06:20:00,Nirvana,Oh Me - Live,8218,0.0022827777777777,0.1369666666666666,6,2,Tuesday,True,2026-02,Oh Me - Live Nirvana,0.726,0.538,0.51,0.0187,0.205,-13.192,0.102,72.471,0.262,1.0
1198,1198,2026-02-17 06:25:00,Anna Roig,Après la tendresse,23622,0.0065616666666666,0.3937,6,2,Tuesday,True,2026-02,Après la tendresse Anna Roig,0.879,0.428,0.216,0.0145,0.118,-15.555,0.0351,141.454,0.23,1.0
1199,1199,2026-02-17 06:30:00,The Beatles,Get Back - Remastered 2009,11347,0.0031519444444444,0.1891166666666666,6,2,Tuesday,True,2026-02,Get Back - Remastered 2009 The Beatles,0.492,0.761,0.592,0.00626,0.61,-9.836,0.0586,123.095,0.332,2.0
1200,1200,2026-02-17 08:33:00,Sam Smith,"Writing's On The Wall - From ""Spectre"" Soundtrack",261272,0.0725755555555555,4.354533333333333,8,2,Tuesday,False,2026-02,"Writing's On The Wall - From ""Spectre"" Soundtrack Sam Smith",0.769,0.261,0.302,2.57e-06,0.0863,-8.19,0.0339,81.418,0.0883,1.0
1201,1201,2026-02-17 08:36:00,The Beatles,Here Comes The Sun - Remastered 2009,185733,0.0515925,3.09555,8,2,Tuesday,False,2026-02,Here Comes The Sun - Remastered 2009 The Beatles,0.0339,0.557,0.54,0.00248,0.179,-10.484,0.0347,129.177,0.394,0.0
1202,1202,2026-02-17 08:40:00,Els Amics De Les Arts,Citant Mercè Rodoreda,237125,0.0658680555555555,3.952083333333333,8,2,Tuesday,False,2026-02,Citant Mercè Rodoreda Els Amics De Les Arts,0.133,0.734,0.793,4.03e-06,0.0626,-7.87,0.0426,102.021,0.757,2.0
1203,1203,2026-02-17 08:43:00,Meryl Streep,"Money, Money, Money - From 'Mamma Mia!' Original Motion Picture Soundtrack",186453,0.0517925,3.10755,8,2,Tuesday,False,2026-02,"Money, Money, Money - From 'Mamma Mia!' Original Motion Picture Soundtrack Meryl Streep",0.246,0.759,0.733,2.11e-06,0.0493,-4.773,0.0362,121.977,0.481,2.0
1204,1204,2026-02-17 08:47:00,Celtas Cortos,20 de abril,235333,0.0653702777777777,3.9222166666666665,8,2,Tuesday,False,2026-02,20 de abril Celtas Cortos,0.0274,0.611,0.866,2.89e-05,0.278,-5.135,0.0285,114.016,0.826,2.0
1205,1205,2026-02-17 08:51:00,Ja T'ho Dire,Si Vens (Remasteritzat 2013),205730,0.0571472222222222,3.4288333333333334,8,2,Tuesday,False,2026-02,Si Vens (Remasteritzat 2013) Ja T'ho Dire,0.684,0.686,0.745,0.0,0.0837,-5.648,0.0399,138.197,0.573,2.0
1206,1206,2026-02-17 09:44:00,Carl Anderson,"Superstar - From ""Jesus Christ Superstar"" Soundtrack",13882,0.0038561111111111,0.2313666666666666,9,2,Tuesday,True,2026-02,"Superstar - From ""Jesus Christ Superstar"" Soundtrack Carl Anderson",0.501,0.398,0.487,1.42e-05,0.175,-9.362,0.0459,119.747,0.514,0.0
1207,1207,2026-02-17 10:46:00,Patrik Pietschmann,"Time (From ""Inception"") [Remake] - Piano Version",252264,0.0700733333333333,4.2044,10,2,Tuesday,False,2026-02,"Time (From ""Inception"") [Remake] - Piano Version Patrik Pietschmann",0.982,0.523,0.136,0.939,0.0737,-20.607,0.047,139.977,0.0384,3.0
1208,1208,2026-02-17 10:50:00,Adele,Hello,295502,0.0820838888888888,4.925033333333333,10,2,Tuesday,False,2026-02,Hello Adele,0.893,0.556,0.319,0.0,0.0996,-8.251,0.0281,135.187,0.294,1.0
1209,1209,2026-02-17 10:53:00,Creedence Clearwater Revival,Have You Ever Seen The Rain,160133,0.0444813888888888,2.668883333333333,10,2,Tuesday,False,2026-02,Have You Ever Seen The Rain Creedence Clearwater Revival,0.0936,0.743,0.47,3.15e-05,0.186,-13.154,0.029,116.122,0.89,2.0
1210,1210,2026-02-17 10:55:00,Els Amics De Les Arts,Preferiria No Fer-Ho,127057,0.0352936111111111,2.1176166666666667,10,2,Tuesday,False,2026-02,Preferiria No Fer-Ho Els Amics De Les Arts,,,,,,,,,,
1211,1211,2026-02-17 15:06:00,Nirvana,Heart-Shaped Box,281160,0.0781,4.686,15,2,Tuesday,False,2026-02,Heart-Shaped Box Nirvana,0.199,0.256,0.641,0.0329,0.0853,-10.283,0.0552,203.006,0.382,0.0
1212,1212,2026-02-17 15:12:00,Patrik Pietschmann,"Across the Stars (From ""Star Wars: Attack of the Clones"") - Piano Version",230928,0.0641466666666666,3.8488,15,2,Tuesday,False,2026-02,"Across the Stars (From ""Star Wars: Attack of the Clones"") - Piano Version Patrik Pietschmann",0.984,0.627,0.0601,0.894,0.0914,-18.692,0.0488,112.198,0.0766,3.0
1213,1213,2026-02-17 15:16:00,Wesley Sprayue,Across the Stars - Piano,210071,0.0583530555555555,3.501183333333333,15,2,Tuesday,False,2026-02,Across the Stars - Piano Wesley Sprayue,0.993,0.474,0.0211,0.949,0.0754,-24.212,0.0527,79.368,0.183,3.0
1214,1214,2026-02-17 15:25:00,Alex Gobbett,Star Wars - Across The Stars - Piano Version,271184,0.0753288888888888,4.519733333333333,15,2,Tuesday,False,2026-02,Star Wars - Across The Stars - Piano Version Alex Gobbett,0.988,0.402,0.0956,0.926,0.0939,-16.998,0.0392,112.382,0.0718,3.0
1215,1215,2026-02-17 15:29:00,Steven Bear,"Across the Stars (Love theme from ""Star Wars: Attack of the Clones"")",212477,0.0590213888888888,3.5412833333333333,15,2,Tuesday,False,2026-02,"Across the Stars (Love theme from ""Star Wars: Attack of the Clones"") Steven Bear",0.986,0.475,0.0485,0.853,0.0843,-21.063,0.0386,73.085,0.0631,3.0
1216,1216,2026-02-17 15:30:00,The Beatles,I Want You (She's So Heavy) - Remastered 2009,1265,0.0003513888888888,0.0210833333333333,15,2,Tuesday,True,2026-02,I Want You (She's So Heavy) - Remastered 2009 The Beatles,0.0235,0.37,0.514,0.213,0.0966,-9.488,0.0321,115.716,0.413,0.0
1217,1217,2026-02-17 15:30:00,The Beatles,In My Life - Remastered 2009,0,0.0,0.0,15,2,Tuesday,True,2026-02,In My Life - Remastered 2009 The Beatles,0.449,0.688,0.435,0.0,0.113,-11.359,0.0323,103.239,0.435,2.0
1218,1218,2026-02-17 15:30:00,Low Roar,Because We Have To,1295,0.0003597222222222,0.0215833333333333,15,2,Tuesday,True,2026-02,Because We Have To Low Roar,0.933,0.303,0.159,0.251,0.107,-14.491,0.0305,105.004,0.111,3.0
1219,1219,2026-02-17 15:30:00,Nicholas Britell,"Kendall's Departure - ""This Is Not For Tears""",57901,0.0160836111111111,0.9650166666666666,15,2,Tuesday,False,2026-02,"Kendall's Departure - ""This Is Not For Tears"" Nicholas Britell",0.968,0.0949,0.0963,0.935,0.0695,-18.787,0.0446,72.893,0.0344,3.0
1220,1220,2026-02-17 15:32:00,Josema Yuste,Un Genio Genial,148947,0.0413741666666666,2.48245,15,2,Tuesday,False,2026-02,Un Genio Genial Josema Yuste,0.553,0.678,0.629,0.0,0.391,-10.626,0.117,97.983,0.734,2.0
1221,1221,2026-02-17 16:37:00,Richard Hawley,Ballad of a Thin Man,263072,0.0730755555555555,4.384533333333334,16,2,Tuesday,False,2026-02,Ballad of a Thin Man Richard Hawley,0.35,0.246,0.555,2.69e-06,0.194,-9.276,0.0493,73.314,0.276,0.0
1222,1222,2026-02-17 16:42:00,Richard Hawley,Ballad of a Thin Man,145356,0.0403766666666666,2.4226,16,2,Tuesday,False,2026-02,Ballad of a Thin Man Richard Hawley,0.35,0.246,0.555,2.69e-06,0.194,-9.276,0.0493,73.314,0.276,0.0
1223,1223,2026-02-17 16:45:00,Paul Engemann,Scarface (Push It To The Limit),178480,0.0495777777777777,2.974666666666667,16,2,Tuesday,False,2026-02,Scarface (Push It To The Limit) Paul Engemann,0.0299,0.571,0.609,2.89e-06,0.66,-10.691,0.0324,156.203,0.27,0.0
1224,1224,2026-02-17 16:46:00,Nicholas Britell,Satyricon - Instrumental,89066,0.0247405555555555,1.4844333333333333,16,2,Tuesday,False,2026-02,Satyricon - Instrumental Nicholas Britell,0.000402,0.623,0.617,0.86,0.302,-11.24,0.0618,87.999,0.0353,0.0
1225,1225,2026-02-17 16:49:00,Barbie Sailers,Toss a Coin to Your Witcher,160446,0.0445683333333333,2.6741,16,2,Tuesday,False,2026-02,Toss a Coin to Your Witcher Barbie Sailers,0.0538,0.562,0.656,9.93e-05,0.111,-7.636,0.0316,104.861,0.339,0.0
1226,1226,2026-02-17 16:53:00,Nirvana,Negative Creep,19920,0.0055333333333333,0.332,16,2,Tuesday,True,2026-02,Negative Creep Nirvana,7.97e-06,0.37,0.947,0.000175,0.0762,-7.213,0.0901,81.744,0.418,0.0
1227,1227,2026-02-17 16:53:00,Joel Minguet,Chopo Muerto,228773,0.0635480555555555,3.812883333333333,16,2,Tuesday,False,2026-02,Chopo Muerto Joel Minguet,0.759,0.713,0.357,3e-06,0.106,-11.99,0.0359,85.259,0.431,1.0
1228,1228,2026-02-17 16:54:00,Billie Eilish,hotline (edit),60720,0.0168666666666666,1.012,16,2,Tuesday,False,2026-02,hotline (edit) Billie Eilish,0.816,0.516,0.254,0.855,0.189,-16.027,0.0589,56.829,0.304,1.0
1229,1229,2026-02-17 20:44:00,Els Pets,Tantes Coses a Fer,172850,0.0480138888888888,2.8808333333333334,20,2,Tuesday,False,2026-02,Tantes Coses a Fer Els Pets,0.0239,0.609,0.918,1.51e-05,0.204,-3.923,0.0282,150.066,0.932,2.0
1230,1230,2026-02-18 06:00:00,Nicholas Britell,Power - Instrumental,37055,0.0102930555555555,0.6175833333333334,6,2,Wednesday,False,2026-02,Power - Instrumental Nicholas Britell,0.00715,0.582,0.499,0.901,0.108,-8.878,0.0529,140.121,0.319,0.0
1231,1231,2026-02-18 06:15:00,Heroes Del Silencio,Entre dos tierras,28437,0.0078991666666666,0.47395,6,2,Wednesday,True,2026-02,Entre dos tierras Heroes Del Silencio,0.0351,0.458,0.746,0.0,0.172,-9.444,0.0318,166.095,0.511,0.0
1232,1232,2026-02-18 06:20:00,Nstens1117,X-Men the Animated Series Theme,8877,0.0024658333333333,0.14795,6,2,Wednesday,True,2026-02,X-Men the Animated Series Theme Nstens1117,9.54e-06,0.183,0.721,0.973,0.19,-4.698,0.0673,121.113,0.746,0.0
1233,1233,2026-02-18 06:30:00,Els Amics De Les Arts,Obertura Per Catalogar - En Directe Al Festival De Cap Roig / 2015,6175,0.0017152777777777,0.1029166666666666,6,2,Wednesday,True,2026-02,Obertura Per Catalogar - En Directe Al Festival De Cap Roig / 2015 Els Amics De Les Arts,0.00184,0.37,0.562,0.308,0.473,-8.479,0.0367,130.521,0.35,0.0
1234,1234,2026-02-18 06:40:00,Scott Bradlee's Postmodern Jukebox,I'll Be There for You (Theme From “Friends”),12591,0.0034975,0.20985,6,2,Wednesday,True,2026-02,I'll Be There for You (Theme From “Friends”) Scott Bradlee's Postmodern Jukebox,0.419,0.306,0.623,0.0,0.14,-7.67,0.049,166.929,0.614,0.0
1235,1235,2026-02-18 07:02:00,Scott Bradlee's Postmodern Jukebox,Bad Guy,22328,0.0062022222222222,0.3721333333333333,7,2,Wednesday,True,2026-02,Bad Guy Scott Bradlee's Postmodern Jukebox,0.063,0.527,0.273,0.000242,0.0808,-16.039,0.126,126.693,0.321,0.0
1236,1236,2026-02-18 08:59:00,Creedence Clearwater Revival,Bad Moon Rising,141600,0.0393333333333333,2.36,8,2,Wednesday,False,2026-02,Bad Moon Rising Creedence Clearwater Revival,0.0586,0.508,0.774,4.87e-06,0.063,-5.973,0.0321,178.946,0.942,2.0
1237,1237,2026-02-18 09:03:00,One Piano,Skyfall,198965,0.0552680555555555,3.3160833333333333,9,2,Wednesday,False,2026-02,Skyfall One Piano,,,,,,,,,,
1238,1238,2026-02-18 09:05:00,One Piano,Goldfinger,153951,0.0427641666666666,2.56585,9,2,Wednesday,False,2026-02,Goldfinger One Piano,0.987,0.658,0.359,0.966,0.11,-8.747,0.0418,102.583,0.0392,1.0
1239,1239,2026-02-18 09:09:00,John Williams,Battle of the Heroes,222600,0.0618333333333333,3.71,9,2,Wednesday,False,2026-02,Battle of the Heroes John Williams,,,,,,,,,,
1240,1240,2026-02-18 09:10:00,Nstens1117,Black Suited Spidey,80614,0.0223927777777777,1.3435666666666666,9,2,Wednesday,False,2026-02,Black Suited Spidey Nstens1117,0.000796,0.251,0.553,0.721,0.324,-5.148,0.0385,66.242,0.0771,0.0
1241,1241,2026-02-18 09:14:00,Amanda Seyfried,Gimme! Gimme! Gimme! (A Man After Midnight) - From 'Mamma Mia!' Original Motion Picture Soundtrack,231720,0.0643666666666666,3.862,9,2,Wednesday,False,2026-02,Gimme! Gimme! Gimme! (A Man After Midnight) - From 'Mamma Mia!' Original Motion Picture Soundtrack Amanda Seyfried,0.021,0.628,0.836,0.000513,0.416,-4.776,0.0301,120.045,0.571,2.0
1242,1242,2026-02-18 09:18:00,Nirvana,Serve The Servants,217173,0.0603258333333333,3.61955,9,2,Wednesday,False,2026-02,Serve The Servants Nirvana,1.13e-05,0.435,0.895,0.0318,0.19,-8.7,0.0421,119.659,0.668,2.0
1243,1243,2026-02-18 09:20:00,Melissa Benoist,Moon River,134787,0.0374408333333333,2.24645,9,2,Wednesday,False,2026-02,Moon River Melissa Benoist,0.938,0.29,0.154,0.0,0.118,-11.548,0.033,65.924,0.185,3.0
1244,1244,2026-02-18 09:23:00,Madonna,Like a Prayer - Battle Royale Mix from “Deadpool & Wolverine”,168587,0.0468297222222222,2.8097833333333333,9,2,Wednesday,False,2026-02,Like a Prayer - Battle Royale Mix from “Deadpool & Wolverine” Madonna,0.146,0.317,0.606,6.9e-05,0.0772,-10.073,0.0411,116.01,0.118,0.0
1245,1245,2026-02-18 09:27:00,Nicholas Britell,Honesty (feat. Kendall Roy),234828,0.06523,3.9138,9,2,Wednesday,False,2026-02,Honesty (feat. Kendall Roy) Nicholas Britell,0.777,0.478,0.175,0.0,0.102,-14.347,0.0553,79.326,0.173,1.0
1246,1246,2026-02-18 09:29:00,The Doors,People Are Strange,130173,0.0361591666666666,2.16955,9,2,Wednesday,False,2026-02,People Are Strange The Doors,0.685,0.699,0.467,0.0,0.315,-8.578,0.0375,119.287,0.764,2.0
1247,1247,2026-02-18 09:31:00,Hugh Jackman,The Confrontation,114987,0.0319408333333333,1.91645,9,2,Wednesday,False,2026-02,The Confrontation Hugh Jackman,0.781,0.404,0.524,0.0,0.214,-11.051,0.143,85.569,0.458,1.0
1248,1248,2026-02-18 09:36:00,Jerry Bock,If I Were a Rich Man,313347,0.0870408333333333,5.22245,9,2,Wednesday,False,2026-02,If I Were a Rich Man Jerry Bock,0.776,0.569,0.149,0.0,0.0779,-14.099,0.261,73.516,0.352,1.0
1249,1249,2026-02-18 09:39:00,Els Amics De Les Arts,4-3-3,193997,0.0538880555555555,3.233283333333333,9,2,Wednesday,False,2026-02,4-3-3 Els Amics De Les Arts,,,,,,,,,,
1250,1250,2026-02-18 09:44:00,Jarabe De Palo,La flaca,261200,0.0725555555555555,4.3533333333333335,9,2,Wednesday,False,2026-02,La flaca Jarabe De Palo,0.0838,0.751,0.731,0.0,0.0556,-4.419,0.0308,97.007,0.973,2.0
1251,1251,2026-02-18 09:55:00,Lorien Testard,Une vie à t'aimer,660000,0.1833333333333333,11.0,9,2,Wednesday,False,2026-02,Une vie à t'aimer Lorien Testard,0.0634,0.16,0.862,3.65e-06,0.366,-4.397,0.288,179.986,0.0652,0.0
1252,1252,2026-02-18 09:59:00,Els Amics De Les Arts,Tots Els Homes D'Escòcia,271160,0.0753222222222222,4.519333333333333,9,2,Wednesday,False,2026-02,Tots Els Homes D'Escòcia Els Amics De Les Arts,0.917,0.512,0.279,1.98e-05,0.131,-11.31,0.037,124.342,0.43,1.0
1253,1253,2026-02-18 10:03:00,One Piano,Without You,256116,0.0711433333333333,4.2686,10,2,Wednesday,False,2026-02,Without You One Piano,,,,,,,,,,
1254,1254,2026-02-18 10:09:00,Jeff Beck,A Day In The Life - Live,315440,0.0876222222222222,5.257333333333333,10,2,Wednesday,False,2026-02,A Day In The Life - Live Jeff Beck,0.196,0.358,0.573,0.69,0.953,-9.89,0.0434,70.448,0.277,0.0
1255,1255,2026-02-18 10:13:00,Secret Machines,Blue Jay Way,282000,0.0783333333333333,4.7,10,2,Wednesday,False,2026-02,Blue Jay Way Secret Machines,0.035,0.27,0.612,0.0341,0.0946,-8.418,0.0367,93.028,0.0413,0.0
1256,1256,2026-02-18 10:18:00,Scott Bradlee's Postmodern Jukebox,Creep,283259,0.0786830555555555,4.720983333333334,10,2,Wednesday,False,2026-02,Creep Scott Bradlee's Postmodern Jukebox,0.697,0.292,0.359,1.85e-05,0.108,-9.043,0.0328,177.334,0.228,1.0
1257,1257,2026-02-18 10:21:00,The Beatles,Michelle - Remastered 2009,162373,0.0451036111111111,2.7062166666666667,10,2,Wednesday,False,2026-02,Michelle - Remastered 2009 The Beatles,0.652,0.578,0.29,0.0,0.105,-12.501,0.0341,117.403,0.666,1.0
1258,1258,2026-02-18 10:23:00,Nicholas Britell,"End Credits - ""Action That""",125373,0.0348258333333333,2.08955,10,2,Wednesday,False,2026-02,"End Credits - ""Action That"" Nicholas Britell",0.153,0.071,0.396,0.939,0.112,-13.447,0.0476,68.054,0.07,0.0
1259,1259,2026-02-19 05:45:00,Howard Shore,Cops or Criminals (feat. G.E. Smith & Larry Saltzman),18383,0.0051063888888888,0.3063833333333333,5,2,Thursday,True,2026-02,Cops or Criminals (feat. G.E. Smith & Larry Saltzman) Howard Shore,0.633,0.825,0.543,0.886,0.102,-11.902,0.0352,120.087,0.598,2.0
1260,1260,2026-02-19 06:00:00,Metallica,Bleeding Me - Live,42390,0.011775,0.7065,6,2,Thursday,False,2026-02,Bleeding Me - Live Metallica,6.44e-05,0.281,0.91,6.58e-05,0.978,-5.003,0.0583,114.344,0.314,0.0
1261,1261,2026-02-19 06:15:00,Rosario Dawson,Seasons of Love,21532,0.0059811111111111,0.3588666666666666,6,2,Thursday,True,2026-02,Seasons of Love Rosario Dawson,0.609,0.475,0.579,0.0,0.0756,-4.096,0.0334,178.151,0.466,2.0
1262,1262,2026-02-19 06:20:00,One Piano,Overture (Work Song),11882,0.0033005555555555,0.1980333333333333,6,2,Thursday,True,2026-02,Overture (Work Song) One Piano,0.735,0.456,0.368,0.874,0.146,-16.465,0.0529,169.753,0.0667,1.0
1263,1263,2026-02-19 06:30:00,Nirvana,Molly's Lips - BBC John Peel Session 1990,9183,0.0025508333333333,0.15305,6,2,Thursday,True,2026-02,Molly's Lips - BBC John Peel Session 1990 Nirvana,1.91e-05,0.311,0.895,0.195,0.0584,-9.401,0.0476,167.107,0.681,0.0
1264,1264,2026-02-19 06:40:00,The Beatles,With A Little Help From My Friends - 2017 Mix,5798,0.0016105555555555,0.0966333333333333,6,2,Thursday,True,2026-02,With A Little Help From My Friends - 2017 Mix The Beatles,0.12,0.673,0.639,0.0,0.22,-6.673,0.0274,112.311,0.748,2.0
1265,1265,2026-02-19 07:01:00,Queen,Too Much Love Will Kill You - Remastered 2011,2174,0.0006038888888888,0.0362333333333333,7,2,Thursday,True,2026-02,Too Much Love Will Kill You - Remastered 2011 Queen,0.58,0.385,0.395,6.31e-05,0.159,-7.602,0.0313,72.933,0.21,1.0
1266,1266,2026-02-19 07:01:00,Howard Shore,Cops or Criminals (feat. G.E. Smith & Larry Saltzman),7250,0.0020138888888888,0.1208333333333333,7,2,Thursday,True,2026-02,Cops or Criminals (feat. G.E. Smith & Larry Saltzman) Howard Shore,0.633,0.825,0.543,0.886,0.102,-11.902,0.0352,120.087,0.598,2.0
1267,1267,2026-02-19 07:04:00,The Beatles,While My Guitar Gently Weeps - Acoustic Version - Take 1,207560,0.0576555555555555,3.4593333333333334,7,2,Thursday,False,2026-02,While My Guitar Gently Weeps - Acoustic Version - Take 1 The Beatles,0.863,0.592,0.0871,4.84e-06,0.0636,-17.016,0.0382,122.708,0.211,1.0
1268,1268,2026-02-19 07:09:00,Snow Patrol,Chasing Cars,267960,0.0744333333333333,4.466,7,2,Thursday,False,2026-02,Chasing Cars Snow Patrol,0.199,0.561,0.595,6.47e-05,0.132,-4.53,0.0274,104.006,0.144,0.0
1269,1269,2026-02-19 07:10:00,Emile Mosseri,Jacob's Prayer,94763,0.0263230555555555,1.5793833333333334,7,2,Thursday,False,2026-02,Jacob's Prayer Emile Mosseri,0.968,0.293,0.137,0.935,0.0779,-20.623,0.0327,81.478,0.111,3.0
1270,1270,2026-02-19 07:14:00,Johnny Cash,Hurt,216533,0.0601480555555555,3.608883333333333,7,2,Thursday,False,2026-02,Hurt Johnny Cash,0.649,0.534,0.392,0.000227,0.0948,-7.636,0.0267,90.379,0.163,1.0
1271,1271,2026-02-19 07:20:00,Annie Lennox,Into the West,347600,0.0965555555555555,5.793333333333333,7,2,Thursday,False,2026-02,Into the West Annie Lennox,0.914,0.312,0.031,8.81e-06,0.0949,-22.035,0.037,92.074,0.0399,3.0
1272,1272,2026-02-19 07:24:00,a-ha,Take On Me - MTV Unplugged,253907,0.0705297222222222,4.2317833333333335,7,2,Thursday,False,2026-02,Take On Me - MTV Unplugged a-ha,0.966,0.472,0.204,4.12e-05,0.69,-13.419,0.0408,129.504,0.296,1.0
1273,1273,2026-02-19 07:27:00,Harry Nilsson,One,174993,0.0486091666666666,2.91655,7,2,Thursday,False,2026-02,One Harry Nilsson,0.946,0.455,0.063,0.000131,0.1,-21.191,0.0386,125.333,0.208,3.0
1274,1274,2026-02-19 07:29:00,James Newton Howard,A Close Friend,111126,0.0308683333333333,1.8521,7,2,Thursday,False,2026-02,A Close Friend James Newton Howard,0.976,0.082,0.0158,0.988,0.0855,-33.355,0.0466,170.441,0.0377,3.0
1275,1275,2026-02-19 07:33:00,John Williams,Theme From Schindler's List,255693,0.0710258333333333,4.26155,7,2,Thursday,False,2026-02,Theme From Schindler's List John Williams,0.859,0.142,0.113,0.838,0.107,-25.362,0.0415,98.575,0.0697,3.0
1276,1276,2026-02-19 07:36:00,Gary Jules,Mad World,189507,0.0526408333333333,3.15845,7,2,Thursday,False,2026-02,Mad World Gary Jules,0.976,0.344,0.0585,0.000362,0.103,-17.212,0.0373,174.149,0.323,3.0
1277,1277,2026-02-19 07:40:00,Lorien Testard,Lumière,222000,0.0616666666666666,3.7,7,2,Thursday,False,2026-02,Lumière Lorien Testard,0.95,0.426,0.185,5.02e-06,0.213,-11.717,0.0339,83.424,0.459,1.0
1278,1278,2026-02-19 07:47:00,Hans Zimmer,Final Ascent,445400,0.1237222222222222,7.423333333333333,7,2,Thursday,False,2026-02,Final Ascent Hans Zimmer,0.159,0.203,0.0935,0.806,0.0883,-15.575,0.0344,41.858,0.0346,3.0
1279,1279,2026-02-19 07:52:00,Hozier,"Blood Upon the Snow (From ""God of War Ragnarök"" Soundtrack)",271697,0.0754713888888889,4.528283333333333,7,2,Thursday,False,2026-02,"Blood Upon the Snow (From ""God of War Ragnarök"" Soundtrack) Hozier",0.442,0.323,0.301,0.00131,0.164,-13.564,0.0344,126.221,0.276,1.0
1280,1280,2026-02-19 07:57:00,Coldplay,The Scientist,309600,0.086,5.16,7,2,Thursday,False,2026-02,The Scientist Coldplay,0.731,0.557,0.442,1.46e-05,0.11,-7.224,0.0243,146.277,0.213,1.0
1281,1281,2026-02-19 08:01:00,Hozier,Take Me To Church,241688,0.0671355555555555,4.028133333333333,8,2,Thursday,False,2026-02,Take Me To Church Hozier,0.637,0.575,0.664,0.0,0.116,-5.303,0.0481,129.071,0.437,2.0
1282,1282,2026-02-19 08:04:00,a-ha,Take On Me - 2017 Acoustic,184326,0.0512016666666666,3.0721,8,2,Thursday,False,2026-02,Take On Me - 2017 Acoustic a-ha,0.92,0.437,0.188,1.26e-05,0.0988,-10.868,0.0307,103.883,0.223,1.0
1283,1283,2026-02-19 08:07:00,John Lennon,Imagine - Remastered 2010,187867,0.0521852777777777,3.1311166666666668,8,2,Thursday,False,2026-02,Imagine - Remastered 2010 John Lennon,0.907,0.547,0.257,0.183,0.0935,-12.358,0.0252,75.752,0.169,1.0
1284,1284,2026-02-19 08:11:00,Jamie Duffy,Solas,192594,0.0534983333333333,3.2099,8,2,Thursday,False,2026-02,Solas Jamie Duffy,0.964,0.256,0.335,0.889,0.0932,-16.708,0.0362,85.807,0.35,3.0
1285,1285,2026-02-19 08:17:00,Peter Gabriel,My Body Is A Cage,372667,0.1035186111111111,6.211116666666666,8,2,Thursday,False,2026-02,My Body Is A Cage Peter Gabriel,0.849,0.341,0.114,0.0938,0.104,-12.885,0.0341,78.912,0.0806,3.0
1286,1286,2026-02-19 08:19:00,Jim Croce,Time in a Bottle,148587,0.0412741666666666,2.47645,8,2,Thursday,False,2026-02,Time in a Bottle Jim Croce,0.888,0.533,0.155,0.0,0.108,-16.837,0.0376,134.019,0.592,1.0
1287,1287,2026-02-19 08:24:00,Radiohead,Karma Police,264067,0.0733519444444444,4.401116666666667,8,2,Thursday,False,2026-02,Karma Police Radiohead,0.0638,0.36,0.501,9.32e-05,0.172,-9.129,0.0258,74.807,0.324,0.0
1288,1288,2026-02-19 08:27:00,Lorien Testard,Gustave,228000,0.0633333333333333,3.8,8,2,Thursday,False,2026-02,Gustave Lorien Testard,0.955,0.353,0.299,0.862,0.12,-12.835,0.0318,80.135,0.284,1.0
1289,1289,2026-02-19 08:28:00,Billie Eilish,hotline (edit),60720,0.0168666666666666,1.012,8,2,Thursday,False,2026-02,hotline (edit) Billie Eilish,0.816,0.516,0.254,0.855,0.189,-16.027,0.0589,56.829,0.304,1.0
1290,1290,2026-02-19 08:33:00,Coldplay,Til Kingdom Come,250668,0.06963,4.1778,8,2,Thursday,False,2026-02,Til Kingdom Come Coldplay,0.61,0.607,0.395,0.00768,0.33,-9.593,0.0287,115.068,0.274,1.0
1291,1291,2026-02-19 08:38:00,Queen,Who Wants To Live Forever - Remastered 2011,315653,0.0876813888888888,5.260883333333333,8,2,Thursday,False,2026-02,Who Wants To Live Forever - Remastered 2011 Queen,0.544,0.182,0.388,0.00134,0.114,-8.672,0.0324,139.276,0.0392,0.0
1292,1292,2026-02-19 08:42:00,Radiohead,No Surprises,229120,0.0636444444444444,3.818666666666666,8,2,Thursday,False,2026-02,No Surprises Radiohead,0.0577,0.255,0.393,0.00361,0.113,-10.654,0.0278,76.426,0.118,0.0
1293,1293,2026-02-19 08:45:00,Low Roar,Bones,169805,0.0471680555555555,2.830083333333333,8,2,Thursday,False,2026-02,Bones Low Roar,0.25,0.508,0.411,0.00981,0.162,-9.857,0.0386,69.995,0.353,0.0
1294,1294,2026-02-19 08:49:00,Eric Clapton,Tears in Heaven - Acoustic Live,280000,0.0777777777777777,4.666666666666667,8,2,Thursday,False,2026-02,Tears in Heaven - Acoustic Live Eric Clapton,0.806,0.694,0.331,0.00235,0.707,-13.0,0.0284,79.055,0.458,1.0
1295,1295,2026-02-19 08:53:00,Lorien Testard,Lumière - Lumière à l’Aube,232000,0.0644444444444444,3.8666666666666663,8,2,Thursday,False,2026-02,Lumière - Lumière à l’Aube Lorien Testard,0.881,0.599,0.136,0.855,0.101,-19.403,0.0435,149.849,0.396,1.0
1296,1296,2026-02-19 08:57:00,Jackson C. Frank,My Name Is Carnival - 2001 Remaster,224867,0.0624630555555555,3.7477833333333335,8,2,Thursday,False,2026-02,My Name Is Carnival - 2001 Remaster Jackson C. Frank,0.76,0.448,0.37,0.0,0.113,-11.653,0.0273,103.807,0.414,1.0
1297,1297,2026-02-19 08:59:00,Harry Nilsson,One,138633,0.0385091666666666,2.31055,8,2,Thursday,False,2026-02,One Harry Nilsson,0.946,0.455,0.063,0.000131,0.1,-21.191,0.0386,125.333,0.208,3.0
1298,1298,2026-02-19 09:03:00,James Newton Howard,"The Hanging Tree - From ""The Hunger Games: Mockingjay"" Soundtraclk",218507,0.0606963888888888,3.641783333333333,9,2,Thursday,False,2026-02,"The Hanging Tree - From ""The Hunger Games: Mockingjay"" Soundtraclk James Newton Howard",0.344,0.213,0.0743,3.45e-05,0.212,-18.071,0.0408,53.863,0.145,3.0
1299,1299,2026-02-19 09:09:00,The Irrepressibles,In This Shirt,335147,0.0930963888888889,5.5857833333333335,9,2,Thursday,False,2026-02,In This Shirt The Irrepressibles,0.691,0.293,0.394,0.382,0.157,-9.581,0.0299,80.168,0.0384,1.0
1300,1300,2026-02-19 09:13:00,Radiohead,Creep - Acoustic,258640,0.0718444444444444,4.310666666666667,9,2,Thursday,False,2026-02,Creep - Acoustic Radiohead,0.557,0.399,0.239,0.000203,0.121,-17.123,0.0407,166.419,0.147,3.0
1301,1301,2026-02-19 09:19:00,Eric Clapton,Autumn Leaves,340787,0.0946630555555555,5.679783333333333,9,2,Thursday,False,2026-02,Autumn Leaves Eric Clapton,0.795,0.326,0.188,0.676,0.112,-17.393,0.0363,82.688,0.184,3.0
1302,1302,2026-02-19 09:22:00,Enya,May It Be,211067,0.0586297222222222,3.517783333333333,9,2,Thursday,False,2026-02,May It Be Enya,0.98,0.129,0.179,0.013,0.134,-17.081,0.0459,59.407,0.0735,3.0
1303,1303,2026-02-19 09:24:00,The National,The Rains Of Castomere,144253,0.0400702777777777,2.4042166666666667,9,2,Thursday,False,2026-02,The Rains Of Castomere The National,0.637,0.416,0.096,0.135,0.123,-23.069,0.0331,94.685,0.204,3.0
1304,1304,2026-02-19 09:31:00,Max Richter,On the Nature of Daylight - Orchestral Version,396067,0.1100186111111111,6.601116666666667,9,2,Thursday,False,2026-02,On the Nature of Daylight - Orchestral Version Max Richter,0.708,0.0608,0.157,0.855,0.123,-15.431,0.0488,60.374,0.0325,3.0
1305,1305,2026-02-19 09:36:00,Scott Bradlee's Postmodern Jukebox,Creep,283259,0.0786830555555555,4.720983333333334,9,2,Thursday,False,2026-02,Creep Scott Bradlee's Postmodern Jukebox,0.697,0.292,0.359,1.85e-05,0.108,-9.043,0.0328,177.334,0.228,1.0
1306,1306,2026-02-19 09:42:00,Low Roar,Patience,345307,0.0959186111111111,5.755116666666667,9,2,Thursday,False,2026-02,Patience Low Roar,0.882,0.182,0.141,0.728,0.0934,-13.949,0.0374,99.836,0.0388,3.0
1307,1307,2026-02-19 09:47:00,Ludovico Einaudi,Experience,315427,0.0876186111111111,5.257116666666667,9,2,Thursday,False,2026-02,Experience Ludovico Einaudi,0.934,0.447,0.449,0.961,0.0697,-10.634,0.0376,92.468,0.036,1.0
1308,1308,2026-02-19 09:49:00,Nicholas Britell,"Minuet in C Minor - English Horn - ""I Need You""",15226,0.0042294444444444,0.2537666666666666,9,2,Thursday,True,2026-02,"Minuet in C Minor - English Horn - ""I Need You"" Nicholas Britell",0.775,0.152,0.172,0.926,0.12,-16.571,0.0363,91.865,0.135,3.0
1309,1309,2026-02-19 10:31:00,Ludovico Einaudi,Nuvole Bianche,240270,0.0667416666666666,4.0045,10,2,Thursday,False,2026-02,Nuvole Bianche Ludovico Einaudi,0.961,0.191,0.0582,0.89,0.0941,-25.398,0.0578,132.614,0.0454,3.0
1310,1310,2026-02-19 10:33:00,The Beatles,Yesterday - Remastered 2009,125667,0.0349075,2.09445,10,2,Thursday,False,2026-02,Yesterday - Remastered 2009 The Beatles,0.879,0.332,0.179,0.0,0.0886,-11.83,0.0326,96.524,0.315,1.0
1311,1311,2026-02-19 10:34:00,Arcane,Wasteland (from the series Arcane League of Legends),24360,0.0067666666666666,0.406,10,2,Thursday,True,2026-02,Wasteland (from the series Arcane League of Legends) Arcane,0.83,0.428,0.323,4.93e-05,0.113,-10.216,0.0312,139.169,0.189,1.0
1312,1312,2026-02-19 10:37:00,Erik Satie,Gymnopédie No. 1,205867,0.0571852777777777,3.4311166666666666,10,2,Thursday,False,2026-02,Gymnopédie No. 1 Erik Satie,0.994,0.468,0.0127,0.937,0.094,-36.856,0.123,72.776,0.356,3.0
1313,1313,2026-02-19 14:33:00,Max Richter,She Remembers,229404,0.0637233333333333,3.8234,14,2,Thursday,False,2026-02,She Remembers Max Richter,0.979,0.0602,0.0276,0.962,0.101,-21.52,0.0528,67.561,0.0356,3.0
1314,1314,2026-02-20 05:45:00,Ramin Djawadi,Light of the Seven,287834,0.0799538888888889,4.797233333333334,5,2,Friday,False,2026-02,Light of the Seven Ramin Djawadi,0.903,0.273,0.102,0.721,0.268,-16.843,0.0494,120.378,0.0583,3.0
1315,1315,2026-02-20 06:00:00,Guns N' Roses,November Rain,23103,0.0064175,0.38505,6,2,Friday,True,2026-02,November Rain Guns N' Roses,0.016,0.294,0.64,0.22,0.112,-9.316,0.0291,79.79,0.226,0.0
1316,1316,2026-02-20 06:10:00,Cream,White Room,21542,0.0059838888888888,0.3590333333333333,6,2,Friday,True,2026-02,White Room Cream,0.191,0.553,0.576,0.00664,0.0365,-13.458,0.0304,109.827,0.457,2.0
1317,1317,2026-02-20 06:15:00,Kevin Kiner,Ahsoka Leaves,14068,0.0039077777777777,0.2344666666666666,6,2,Friday,True,2026-02,Ahsoka Leaves Kevin Kiner,0.608,0.0754,0.19,0.915,0.126,-16.307,0.036,175.525,0.0391,3.0
1318,1318,2026-02-20 06:20:00,Brian Crain,Ballet of the Little Cafe,18495,0.0051375,0.30825,6,2,Friday,True,2026-02,Ballet of the Little Cafe Brian Crain,0.977,0.296,0.131,0.914,0.111,-18.338,0.0376,150.194,0.335,3.0
1319,1319,2026-02-20 06:25:00,Nirvana,Marigold,15522,0.0043116666666666,0.2587,6,2,Friday,True,2026-02,Marigold Nirvana,0.126,0.367,0.326,0.000599,0.12,-13.025,0.0395,175.109,0.333,0.0
1320,1320,2026-02-20 06:37:00,Nicholas Britell,"Concerto Grosso in C Minor + End Credits - ""You Have To Be A Killer""",25774,0.0071594444444444,0.4295666666666666,6,2,Friday,True,2026-02,"Concerto Grosso in C Minor + End Credits - ""You Have To Be A Killer"" Nicholas Britell",0.614,0.352,0.281,0.932,0.111,-13.878,0.0436,121.769,0.0391,3.0
1321,1321,2026-02-20 06:52:00,Ramin Djawadi,Light of the Seven,154250,0.0428472222222222,2.5708333333333333,6,2,Friday,False,2026-02,Light of the Seven Ramin Djawadi,0.903,0.273,0.102,0.721,0.268,-16.843,0.0494,120.378,0.0583,3.0
1322,1322,2026-02-20 07:22:00,Ramin Djawadi,Light of the Seven,434845,0.1207902777777777,7.247416666666667,7,2,Friday,False,2026-02,Light of the Seven Ramin Djawadi,0.903,0.273,0.102,0.721,0.268,-16.843,0.0494,120.378,0.0583,3.0
1323,1323,2026-02-20 07:24:00,Kurt Cobain,And I Love Her,124920,0.0347,2.082,7,2,Friday,False,2026-02,And I Love Her Kurt Cobain,0.983,0.61,0.287,0.827,0.129,-15.299,0.0328,96.697,0.459,1.0
1324,1324,2026-02-20 07:28:00,Wilco,How to Fight Loneliness,232027,0.0644519444444444,3.8671166666666665,7,2,Friday,False,2026-02,How to Fight Loneliness Wilco,0.596,0.692,0.378,0.11,0.134,-12.671,0.0308,123.658,0.4,1.0
1325,1325,2026-02-20 07:32:00,Billie Eilish,No Time To Die,242265,0.0672958333333333,4.03775,7,2,Friday,False,2026-02,No Time To Die Billie Eilish,0.824,0.227,0.125,0.00575,0.0794,-19.111,0.0416,77.651,0.0396,3.0
1326,1326,2026-02-20 07:36:00,Hoobastank,The Reason,232800,0.0646666666666666,3.88,7,2,Friday,False,2026-02,The Reason Hoobastank,0.199,0.561,0.595,6.47e-05,0.132,-4.53,0.0274,104.006,0.144,0.0
1327,1327,2026-02-20 07:40:00,Billie Eilish,No Time To Die,0,0.0,0.0,7,2,Friday,True,2026-02,No Time To Die Billie Eilish,0.824,0.227,0.125,0.00575,0.0794,-19.111,0.0416,77.651,0.0396,3.0
1328,1328,2026-02-20 07:40:00,Damien Rice,The Blower's Daughter,248790,0.0691083333333333,4.1465,7,2,Friday,False,2026-02,The Blower's Daughter Damien Rice,0.134,0.342,0.2,0.000153,0.341,-13.569,0.0324,133.113,0.0743,0.0
1329,1329,2026-02-20 10:41:00,Billie Eilish,No Time To Die,9468,0.00263,0.1578,10,2,Friday,True,2026-02,No Time To Die Billie Eilish,0.824,0.227,0.125,0.00575,0.0794,-19.111,0.0416,77.651,0.0396,3.0
1330,1330,2026-02-21 08:28:00,Els Amics De Les Arts,Cada Cel,159,4.4166666666666665e-05,0.00265,8,2,Saturday,True,2026-02,Cada Cel Els Amics De Les Arts,0.231,0.672,0.59,0.00187,0.116,-8.566,0.0323,160.034,0.59,2.0
1331,1331,2026-02-22 08:05:00,Ryan Gosling,I'm Just Ken,25457,0.0070713888888888,0.4242833333333333,8,2,Sunday,True,2026-02,I'm Just Ken Ryan Gosling,0.0264,0.352,0.628,4.74e-05,0.0952,-6.259,0.0428,140.431,0.387,0.0
1332,1332,2026-02-22 08:30:00,Stan Rogers,Free In The Harbour,17878,0.0049661111111111,0.2979666666666666,8,2,Sunday,True,2026-02,Free In The Harbour Stan Rogers,0.717,0.374,0.252,6.76e-06,0.183,-15.056,0.0298,153.585,0.398,1.0
1333,1333,2026-02-22 22:39:00,Stan Rogers,Free In The Harbour,8742,0.0024283333333333,0.1457,22,2,Sunday,True,2026-02,Free In The Harbour Stan Rogers,0.717,0.374,0.252,6.76e-06,0.183,-15.056,0.0298,153.585,0.398,1.0
1334,1334,2026-02-23 06:00:00,Pink Floyd,Wish You Were Here,51896,0.0144155555555555,0.8649333333333333,6,2,Monday,False,2026-02,Wish You Were Here Pink Floyd,0.735,0.481,0.262,0.0114,0.832,-15.73,0.0414,122.861,0.375,1.0
1335,1335,2026-02-23 06:15:00,Barbie Sailers,No Time to Die,13840,0.0038444444444444,0.2306666666666666,6,2,Monday,True,2026-02,No Time to Die Barbie Sailers,0.0167,0.357,0.686,0.000351,0.187,-6.395,0.0541,143.638,0.186,0.0
1336,1336,2026-02-23 06:20:00,‘Jesus Christ Superstar’ 1996 London Cast,Peter's Denial - Remastered 2005,12607,0.0035019444444444,0.2101166666666666,6,2,Monday,True,2026-02,Peter's Denial - Remastered 2005 ‘Jesus Christ Superstar’ 1996 London Cast,,,,,,,,,,
1337,1337,2026-02-23 06:30:00,Nicholas Britell,"Theme Variation - Piano, Orchestra, 808",11337,0.0031491666666666,0.18895,6,2,Monday,True,2026-02,"Theme Variation - Piano, Orchestra, 808 Nicholas Britell",0.674,0.317,0.287,0.927,0.128,-13.928,0.0406,142.08,0.0382,3.0
1338,1338,2026-02-23 06:44:00,Evan Rachel Wood,"It Won't Be Long - From ""Across The Universe"" Soundtrack",12751,0.0035419444444444,0.2125166666666666,6,2,Monday,True,2026-02,"It Won't Be Long - From ""Across The Universe"" Soundtrack Evan Rachel Wood",0.118,0.588,0.61,0.0,0.165,-4.433,0.0273,136.094,0.539,2.0
1339,1339,2026-02-23 09:51:00,Billie Eilish,No Time To Die,20317,0.0056436111111111,0.3386166666666667,9,2,Monday,True,2026-02,No Time To Die Billie Eilish,0.824,0.227,0.125,0.00575,0.0794,-19.111,0.0416,77.651,0.0396,3.0
1340,1340,2026-02-23 14:54:00,Evan Rachel Wood,"It Won't Be Long - From ""Across The Universe"" Soundtrack",124010,0.0344472222222222,2.0668333333333333,14,2,Monday,False,2026-02,"It Won't Be Long - From ""Across The Universe"" Soundtrack Evan Rachel Wood",0.118,0.588,0.61,0.0,0.165,-4.433,0.0273,136.094,0.539,2.0
1341,1341,2026-02-23 14:54:00,Hoobastank,The Reason,1027,0.0002852777777777,0.0171166666666666,14,2,Monday,True,2026-02,The Reason Hoobastank,0.199,0.561,0.595,6.47e-05,0.132,-4.53,0.0274,104.006,0.144,0.0
1342,1342,2026-02-23 14:57:00,Childish Gambino,Lithonia,179320,0.0498111111111111,2.9886666666666666,14,2,Monday,False,2026-02,Lithonia Childish Gambino,0.0948,0.415,0.383,0.0,0.118,-7.629,0.0287,140.102,0.172,0.0
1343,1343,2026-02-23 15:00:00,Geek Music,"Lithonia (From ""Daredevil: Born Again Trailer"") - Epic Version",179714,0.0499205555555555,2.995233333333333,15,2,Monday,False,2026-02,"Lithonia (From ""Daredevil: Born Again Trailer"") - Epic Version Geek Music",,,,,,,,,,
1344,1344,2026-02-23 15:07:00,Leiki Ueda,Pirates of the Caribbean Piano Suite,392928,0.1091466666666666,6.5488,15,2,Monday,False,2026-02,Pirates of the Caribbean Piano Suite Leiki Ueda,0.978,0.278,0.256,0.872,0.104,-17.365,0.0392,67.986,0.146,3.0
1345,1345,2026-02-23 15:10:00,Lorne Balfe,Pirates of the Caribbean Suite: Part 1,198850,0.0552361111111111,3.3141666666666665,15,2,Monday,False,2026-02,Pirates of the Caribbean Suite: Part 1 Lorne Balfe,0.168,0.278,0.486,0.841,0.119,-15.074,0.0439,97.346,0.129,0.0
1346,1346,2026-02-23 15:13:00,Lorne Balfe,Pirates of the Caribbean Suite: Part 2,164432,0.0456755555555555,2.740533333333333,15,2,Monday,False,2026-02,Pirates of the Caribbean Suite: Part 2 Lorne Balfe,0.0491,0.315,0.64,0.0495,0.0838,-12.18,0.0685,97.538,0.151,0.0
1347,1347,2026-02-23 15:20:00,Hans Zimmer,"Pirates of The Caribbean Orchestra Suite: Part 1, I Don't Think Now Is The Best Time / At Wit's End - Live",425458,0.1181827777777777,7.090966666666667,15,2,Monday,False,2026-02,"Pirates of The Caribbean Orchestra Suite: Part 1, I Don't Think Now Is The Best Time / At Wit's End - Live Hans Zimmer",0.00416,0.228,0.675,0.798,0.105,-10.955,0.0639,135.154,0.0705,0.0
1348,1348,2026-02-23 15:23:00,Hans Zimmer,"Pirates of The Caribbean Orchestra Suite: Part 2, Drink Up Me Hearties Yo Ho - Live",170753,0.0474313888888888,2.845883333333333,15,2,Monday,False,2026-02,"Pirates of The Caribbean Orchestra Suite: Part 2, Drink Up Me Hearties Yo Ho - Live Hans Zimmer",0.00202,0.233,0.565,0.881,0.709,-10.614,0.0474,97.538,0.0836,0.0
1349,1349,2026-02-23 15:26:00,Steve Mazzaro,No Time To Die Suite: Part 1,186570,0.051825,3.1095,15,2,Monday,False,2026-02,No Time To Die Suite: Part 1 Steve Mazzaro,0.38,0.161,0.161,0.839,0.131,-18.541,0.0333,141.988,0.0379,3.0
1350,1350,2026-02-23 15:29:00,Steve Mazzaro,"No Time To Die Suite: Part 2, Final Ascent",169180,0.0469944444444444,2.8196666666666665,15,2,Monday,False,2026-02,"No Time To Die Suite: Part 2, Final Ascent Steve Mazzaro",0.062,0.137,0.284,0.82,0.236,-17.632,0.037,88.612,0.0341,3.0
1351,1351,2026-02-23 15:31:00,Hans Zimmer,Sherlock Holmes Suite: Part 1,122176,0.0339377777777777,2.0362666666666667,15,2,Monday,False,2026-02,Sherlock Holmes Suite: Part 1 Hans Zimmer,0.439,0.298,0.281,0.708,0.275,-20.597,0.0622,130.836,0.141,3.0
1352,1352,2026-02-23 15:37:00,Hans Zimmer,Sherlock Holmes Suite: Part 2,357724,0.0993677777777777,5.962066666666667,15,2,Monday,False,2026-02,Sherlock Holmes Suite: Part 2 Hans Zimmer,0.133,0.344,0.631,0.906,0.145,-13.77,0.0467,141.951,0.38,0.0
1353,1353,2026-02-23 15:40:00,Steve Mazzaro,No Time To Die Suite: Part 1,186570,0.051825,3.1095,15,2,Monday,False,2026-02,No Time To Die Suite: Part 1 Steve Mazzaro,0.38,0.161,0.161,0.839,0.131,-18.541,0.0333,141.988,0.0379,3.0
1354,1354,2026-02-23 15:43:00,Steve Mazzaro,"No Time To Die Suite: Part 2, Final Ascent",169180,0.0469944444444444,2.8196666666666665,15,2,Monday,False,2026-02,"No Time To Die Suite: Part 2, Final Ascent Steve Mazzaro",0.062,0.137,0.284,0.82,0.236,-17.632,0.037,88.612,0.0341,3.0
1355,1355,2026-02-23 15:47:00,Hans Zimmer,"Pirates of the Caribbean Suite: Part 1 ""Jack Sparrow"" - Live",251180,0.0697722222222222,4.186333333333334,15,2,Monday,False,2026-02,"Pirates of the Caribbean Suite: Part 1 ""Jack Sparrow"" - Live Hans Zimmer",0.022,0.282,0.566,0.807,0.225,-13.43,0.0702,91.547,0.372,0.0
1356,1356,2026-02-23 16:04:00,Hans Zimmer,Pirates of the Caribbean Suite: Part 2 - Live,266900,0.0741388888888888,4.448333333333333,16,2,Monday,False,2026-02,Pirates of the Caribbean Suite: Part 2 - Live Hans Zimmer,0.0428,0.0987,0.119,0.326,0.337,-18.709,0.0329,84.529,0.0577,3.0
1357,1357,2026-02-24 06:00:00,Leonard Cohen,Hallelujah,28058,0.0077938888888888,0.4676333333333333,6,2,Tuesday,True,2026-02,Hallelujah Leonard Cohen,0.583,0.293,0.408,0.000706,0.101,-10.039,0.0279,171.413,0.247,1.0
1358,1358,2026-02-24 06:15:00,One Piano,Writing's on the Wall,8351,0.0023197222222222,0.1391833333333333,6,2,Tuesday,True,2026-02,Writing's on the Wall One Piano,,,,,,,,,,
1359,1359,2026-02-24 06:20:00,Hans Zimmer,Pirates of the Caribbean Suite: Part 3 - Live,14866,0.0041294444444444,0.2477666666666666,6,2,Tuesday,True,2026-02,Pirates of the Caribbean Suite: Part 3 - Live Hans Zimmer,0.0205,0.249,0.589,0.93,0.73,-13.816,0.0771,97.515,0.0895,0.0
1360,1360,2026-02-24 06:30:00,Metallica,Mama Said - Remastered,13106,0.0036405555555555,0.2184333333333333,6,2,Tuesday,True,2026-02,Mama Said - Remastered Metallica,,,,,,,,,,
1361,1361,2026-02-24 06:40:00,Eagles,Hotel California - 2013 Remaster,606,0.0001683333333333,0.0101,6,2,Tuesday,True,2026-02,Hotel California - 2013 Remaster Eagles,0.00574,0.579,0.508,0.000494,0.0575,-9.484,0.027,147.125,0.609,2.0
1362,1362,2026-02-24 06:56:00,The Tender Box,"Spectacular Spider-Man Theme Song (From ""The Spectacular Spider-Man"")",7864,0.0021844444444444,0.1310666666666666,6,2,Tuesday,True,2026-02,"Spectacular Spider-Man Theme Song (From ""The Spectacular Spider-Man"") The Tender Box",,,,,,,,,,
1363,1363,2026-02-24 07:25:00,Leonard Cohen,Hallelujah,251845,0.0699569444444444,4.197416666666666,7,2,Tuesday,False,2026-02,Hallelujah Leonard Cohen,0.583,0.293,0.408,0.000706,0.101,-10.039,0.0279,171.413,0.247,1.0
1364,1364,2026-02-24 07:30:00,Hans Zimmer,Pirates of the Caribbean Suite: Part 3 - Live,285259,0.0792386111111111,4.754316666666667,7,2,Tuesday,False,2026-02,Pirates of the Caribbean Suite: Part 3 - Live Hans Zimmer,0.0205,0.249,0.589,0.93,0.73,-13.816,0.0771,97.515,0.0895,0.0
1365,1365,2026-02-24 07:36:00,Hans Zimmer,No Time To Die Suite - Live,350608,0.0973911111111111,5.843466666666667,7,2,Tuesday,False,2026-02,No Time To Die Suite - Live Hans Zimmer,0.00243,0.491,0.857,0.764,0.847,-10.158,0.0798,135.819,0.126,0.0
1366,1366,2026-02-24 07:40:00,L'Orchestra Cinematique,"Marry Me (from ""At World's End"") - Epic Version",266880,0.0741333333333333,4.448,7,2,Tuesday,False,2026-02,"Marry Me (from ""At World's End"") - Epic Version L'Orchestra Cinematique",,,,,,,,,,
1367,1367,2026-02-24 07:44:00,Hans Zimmer,One Day,241560,0.0671,4.026,7,2,Tuesday,False,2026-02,One Day Hans Zimmer,0.688,0.173,0.306,0.924,0.106,-16.531,0.0417,82.348,0.0358,3.0
1368,1368,2026-02-24 07:49:00,Hans Zimmer,"Pirates of the Caribbean Suite: Part 1 ""Jack Sparrow"" - Live",251180,0.0697722222222222,4.186333333333334,7,2,Tuesday,False,2026-02,"Pirates of the Caribbean Suite: Part 1 ""Jack Sparrow"" - Live Hans Zimmer",0.022,0.282,0.566,0.807,0.225,-13.43,0.0702,91.547,0.372,0.0
1369,1369,2026-02-24 08:30:00,Hans Zimmer,Pirates of the Caribbean Suite: Part 2 - Live,299211,0.0831141666666666,4.98685,8,2,Tuesday,False,2026-02,Pirates of the Caribbean Suite: Part 2 - Live Hans Zimmer,0.0428,0.0987,0.119,0.326,0.337,-18.709,0.0329,84.529,0.0577,3.0
1370,1370,2026-02-24 08:35:00,Hans Zimmer,Pirates of the Caribbean Suite: Part 3 - Live,285259,0.0792386111111111,4.754316666666667,8,2,Tuesday,False,2026-02,Pirates of the Caribbean Suite: Part 3 - Live Hans Zimmer,0.0205,0.249,0.589,0.93,0.73,-13.816,0.0771,97.515,0.0895,0.0
1371,1371,2026-02-24 08:38:00,Steve Mazzaro,No Time To Die Suite: Part 1,186570,0.051825,3.1095,8,2,Tuesday,False,2026-02,No Time To Die Suite: Part 1 Steve Mazzaro,0.38,0.161,0.161,0.839,0.131,-18.541,0.0333,141.988,0.0379,3.0
1372,1372,2026-02-24 08:41:00,Steve Mazzaro,"No Time To Die Suite: Part 2, Final Ascent",169180,0.0469944444444444,2.8196666666666665,8,2,Tuesday,False,2026-02,"No Time To Die Suite: Part 2, Final Ascent Steve Mazzaro",0.062,0.137,0.284,0.82,0.236,-17.632,0.037,88.612,0.0341,3.0
1373,1373,2026-02-24 08:45:00,Billie Eilish,No Time To Die,242265,0.0672958333333333,4.03775,8,2,Tuesday,False,2026-02,No Time To Die Billie Eilish,0.824,0.227,0.125,0.00575,0.0794,-19.111,0.0416,77.651,0.0396,3.0
1374,1374,2026-02-24 08:49:00,Piano ZeroL,No Time to Die (Piano),228000,0.0633333333333333,3.8,8,2,Tuesday,False,2026-02,No Time to Die (Piano) Piano ZeroL,0.993,0.545,0.0205,0.928,0.0915,-29.564,0.0648,75.82,0.185,3.0
1375,1375,2026-02-24 08:51:00,2Hooks,No Time to Die - Epic Suite Version,171935,0.0477597222222222,2.8655833333333334,8,2,Tuesday,False,2026-02,No Time to Die - Epic Suite Version 2Hooks,0.031,0.086,0.599,0.783,0.164,-10.332,0.0498,179.808,0.035,0.0
1376,1376,2026-02-24 14:53:00,Hans Zimmer,Sherlock Holmes Suite: Part 1,3860,0.0010722222222222,0.0643333333333333,14,2,Tuesday,True,2026-02,Sherlock Holmes Suite: Part 1 Hans Zimmer,0.439,0.298,0.281,0.708,0.275,-20.597,0.0622,130.836,0.141,3.0
1377,1377,2026-02-24 14:54:00,Hans Zimmer,Pirates of the Caribbean Suite: Part 2 - Live,127671,0.0354641666666666,2.12785,14,2,Tuesday,False,2026-02,Pirates of the Caribbean Suite: Part 2 - Live Hans Zimmer,0.0428,0.0987,0.119,0.326,0.337,-18.709,0.0329,84.529,0.0577,3.0
1378,1378,2026-02-24 14:59:00,Hans Zimmer,Pirates of the Caribbean Suite: Part 3 - Live,285259,0.0792386111111111,4.754316666666667,14,2,Tuesday,False,2026-02,Pirates of the Caribbean Suite: Part 3 - Live Hans Zimmer,0.0205,0.249,0.589,0.93,0.73,-13.816,0.0771,97.515,0.0895,0.0
1379,1379,2026-02-24 15:02:00,Steve Mazzaro,No Time To Die Suite: Part 1,186570,0.051825,3.1095,15,2,Tuesday,False,2026-02,No Time To Die Suite: Part 1 Steve Mazzaro,0.38,0.161,0.161,0.839,0.131,-18.541,0.0333,141.988,0.0379,3.0
1380,1380,2026-02-24 15:05:00,Steve Mazzaro,"No Time To Die Suite: Part 2, Final Ascent",169180,0.0469944444444444,2.8196666666666665,15,2,Tuesday,False,2026-02,"No Time To Die Suite: Part 2, Final Ascent Steve Mazzaro",0.062,0.137,0.284,0.82,0.236,-17.632,0.037,88.612,0.0341,3.0
1381,1381,2026-02-24 15:09:00,Billie Eilish,No Time To Die,242265,0.0672958333333333,4.03775,15,2,Tuesday,False,2026-02,No Time To Die Billie Eilish,0.824,0.227,0.125,0.00575,0.0794,-19.111,0.0416,77.651,0.0396,3.0
1382,1382,2026-02-24 15:13:00,Piano ZeroL,No Time to Die (Piano),228000,0.0633333333333333,3.8,15,2,Tuesday,False,2026-02,No Time to Die (Piano) Piano ZeroL,0.993,0.545,0.0205,0.928,0.0915,-29.564,0.0648,75.82,0.185,3.0
1383,1383,2026-02-24 15:21:00,2Hooks,No Time to Die - Epic Suite Version,41509,0.0115302777777777,0.6918166666666666,15,2,Tuesday,False,2026-02,No Time to Die - Epic Suite Version 2Hooks,0.031,0.086,0.599,0.783,0.164,-10.332,0.0498,179.808,0.035,0.0
1384,1384,2026-02-24 15:23:00,Hans Zimmer,Sherlock Holmes Suite: Part 1,122176,0.0339377777777777,2.0362666666666667,15,2,Tuesday,False,2026-02,Sherlock Holmes Suite: Part 1 Hans Zimmer,0.439,0.298,0.281,0.708,0.275,-20.597,0.0622,130.836,0.141,3.0
1385,1385,2026-02-24 15:29:00,Hans Zimmer,Sherlock Holmes Suite: Part 2,357724,0.0993677777777777,5.962066666666667,15,2,Tuesday,False,2026-02,Sherlock Holmes Suite: Part 2 Hans Zimmer,0.133,0.344,0.631,0.906,0.145,-13.77,0.0467,141.951,0.38,0.0
1386,1386,2026-02-24 16:23:00,Patrik Pietschmann,"One Day (From ""Pirates of the Caribbean 3"") - Piano Version",235488,0.0654133333333333,3.9248,16,2,Tuesday,False,2026-02,"One Day (From ""Pirates of the Caribbean 3"") - Piano Version Patrik Pietschmann",0.976,0.369,0.128,0.876,0.0872,-18.472,0.0395,125.836,0.0536,3.0
1387,1387,2026-02-24 16:26:00,Music Lab Collective,Final Ascent (arr. piano),174421,0.0484502777777777,2.907016666666667,16,2,Tuesday,False,2026-02,Final Ascent (arr. piano) Music Lab Collective,0.982,0.33,0.0418,0.907,0.0689,-24.593,0.0491,121.04,0.0557,3.0
1388,1388,2026-02-24 16:37:00,Hans Zimmer,Final Ascent,53851,0.0149586111111111,0.8975166666666666,16,2,Tuesday,False,2026-02,Final Ascent Hans Zimmer,0.159,0.203,0.0935,0.806,0.0883,-15.575,0.0344,41.858,0.0346,3.0
1389,1389,2026-02-24 16:39:00,Skid Row,18 and Life,0,0.0,0.0,16,2,Tuesday,True,2026-02,18 and Life Skid Row,0.000384,0.457,0.794,7.18e-05,0.131,-6.624,0.0298,90.439,0.354,0.0
1390,1390,2026-02-24 16:39:00,Hans Zimmer,Final Ascent,60142,0.0167061111111111,1.0023666666666666,16,2,Tuesday,False,2026-02,Final Ascent Hans Zimmer,0.159,0.203,0.0935,0.806,0.0883,-15.575,0.0344,41.858,0.0346,3.0
1391,1391,2026-02-24 16:45:00,Laurie Théberge,Final Ascent (No Time To Die) - Piano Version,365000,0.1013888888888888,6.083333333333333,16,2,Tuesday,False,2026-02,Final Ascent (No Time To Die) - Piano Version Laurie Théberge,,,,,,,,,,
1392,1392,2026-02-24 16:55:00,Solar Flare Piano,Final Ascent,438696,0.12186,7.3116,16,2,Tuesday,False,2026-02,Final Ascent Solar Flare Piano,,,,,,,,,,
1393,1393,2026-02-25 05:45:00,Piano Master Music,"Final Ascent (From ""No Time To Die"") - Piano + Orchestra",45927,0.0127575,0.76545,5,2,Wednesday,False,2026-02,"Final Ascent (From ""No Time To Die"") - Piano + Orchestra Piano Master Music",,,,,,,,,,
1394,1394,2026-02-25 06:00:00,Anna Roig,Tant de bo fossis aquí,36396,0.01011,0.6066,6,2,Wednesday,False,2026-02,Tant de bo fossis aquí Anna Roig,0.833,0.554,0.0972,0.00101,0.107,-19.099,0.288,58.853,0.155,3.0
1395,1395,2026-02-25 06:10:00,Metallica,Wherever I May Roam - Remastered 2021,9215,0.0025597222222222,0.1535833333333333,6,2,Wednesday,True,2026-02,Wherever I May Roam - Remastered 2021 Metallica,0.000617,0.537,0.831,0.000571,0.117,-7.467,0.0364,131.384,0.351,0.0
1396,1396,2026-02-25 06:15:00,Els Amics De Les Arts,Les Coses,11073,0.0030758333333333,0.18455,6,2,Wednesday,True,2026-02,Les Coses Els Amics De Les Arts,0.0948,0.638,0.717,6.1e-06,0.175,-5.424,0.0368,121.033,0.67,2.0
1397,1397,2026-02-25 06:47:00,Chris Cornell,"You Know My Name - From ""Casino Royale"" Soundtrack",8198,0.0022772222222222,0.1366333333333333,6,2,Wednesday,True,2026-02,"You Know My Name - From ""Casino Royale"" Soundtrack Chris Cornell",0.0207,0.366,0.869,0.0,0.254,-3.316,0.0387,138.051,0.384,0.0
1398,1398,2026-02-25 07:14:00,Lorien Testard,L'Amour d'une Mère,597,0.0001658333333333,0.00995,7,2,Wednesday,True,2026-02,L'Amour d'une Mère Lorien Testard,0.956,0.393,0.176,0.24,0.122,-16.833,0.0347,108.044,0.139,3.0
1399,1399,2026-02-25 07:18:00,Phillip Phillips,"Gone, Gone, Gone",209693,0.0582480555555555,3.494883333333333,7,2,Wednesday,False,2026-02,"Gone, Gone, Gone Phillip Phillips",0.129,0.664,0.642,0.0,0.114,-5.961,0.038,118.006,0.501,2.0
1400,1400,2026-02-25 07:21:00,Hans Zimmer,No Time To Die Suite: Part 1,186573,0.0518258333333333,3.10955,7,2,Wednesday,False,2026-02,No Time To Die Suite: Part 1 Hans Zimmer,0.38,0.161,0.161,0.839,0.131,-18.541,0.0333,141.988,0.0379,3.0
1401,1401,2026-02-25 07:24:00,Hans Zimmer,"No Time To Die Suite: Part 2, Final Ascent",169173,0.0469925,2.81955,7,2,Wednesday,False,2026-02,"No Time To Die Suite: Part 2, Final Ascent Hans Zimmer",0.062,0.137,0.284,0.82,0.236,-17.632,0.037,88.612,0.0341,3.0
1402,1402,2026-02-25 07:29:00,Michael Giacchino,Jyn Erso & Hope Suite,351667,0.0976852777777777,5.861116666666667,7,2,Wednesday,False,2026-02,Jyn Erso & Hope Suite Michael Giacchino,0.853,0.134,0.117,0.925,0.328,-17.025,0.0391,71.9,0.0355,3.0
1403,1403,2026-02-25 07:31:00,Mercuzio Pianist,"J'y suis jamais allé - Theme from ""Amelie""",91040,0.0252888888888888,1.5173333333333334,7,2,Wednesday,False,2026-02,"J'y suis jamais allé - Theme from ""Amelie"" Mercuzio Pianist",0.964,0.517,0.41,0.924,0.119,-17.598,0.0393,105.034,0.317,1.0
1404,1404,2026-02-25 07:33:00,Jacob's Piano,"Comptine d'un autre été: l'Après-midi (from ""Amélie"")",146000,0.0405555555555555,2.433333333333333,7,2,Wednesday,False,2026-02,"Comptine d'un autre été: l'Après-midi (from ""Amélie"") Jacob's Piano",0.988,0.479,0.0764,0.918,0.0789,-23.448,0.0325,98.178,0.118,3.0
1405,1405,2026-02-25 07:37:00,Tom Odell,Another Love,244360,0.0678777777777777,4.072666666666667,7,2,Wednesday,False,2026-02,Another Love Tom Odell,0.695,0.445,0.537,1.65e-05,0.0944,-8.532,0.04,122.769,0.131,1.0
1406,1406,2026-02-25 07:41:00,Katherine Cordova,Lumière (piano solo) [from Clair Obscur: Expedition 33),220500,0.06125,3.675,7,2,Wednesday,False,2026-02,Lumière (piano solo) [from Clair Obscur: Expedition 33) Katherine Cordova,,,,,,,,,,
1407,1407,2026-02-25 07:46:00,Shion Miyawaki,月光,293533,0.0815369444444444,4.892216666666667,7,2,Wednesday,False,2026-02,月光 Shion Miyawaki,0.962,0.516,0.258,7.58e-06,0.0959,-7.627,0.0273,75.051,0.237,1.0
1408,1408,2026-02-25 07:47:00,David Arnold,Irene's Theme,42933,0.0119258333333333,0.71555,7,2,Wednesday,False,2026-02,Irene's Theme David Arnold,,,,,,,,,,
1409,1409,2026-02-25 07:53:00,Peter Gabriel,My Body Is A Cage,372667,0.1035186111111111,6.211116666666666,7,2,Wednesday,False,2026-02,My Body Is A Cage Peter Gabriel,0.849,0.341,0.114,0.0938,0.104,-12.885,0.0341,78.912,0.0806,3.0
1410,1410,2026-02-25 07:56:00,Murray Gold,The Sad Man With A Box,198387,0.0551075,3.30645,7,2,Wednesday,False,2026-02,The Sad Man With A Box Murray Gold,,,,,,,,,,
1411,1411,2026-02-25 07:59:00,Jartisto,Bundle of Joy,174328,0.0484244444444444,2.905466666666667,7,2,Wednesday,False,2026-02,Bundle of Joy Jartisto,0.98,0.461,0.0605,0.947,0.0929,-30.646,0.0926,126.556,0.195,3.0
1412,1412,2026-02-25 08:03:00,Meryl Streep,Slipping Through My Fingers - From 'Mamma Mia!' Original Motion Picture Soundtrack,230893,0.0641369444444444,3.8482166666666666,8,2,Wednesday,False,2026-02,Slipping Through My Fingers - From 'Mamma Mia!' Original Motion Picture Soundtrack Meryl Streep,0.507,0.463,0.489,0.0,0.165,-7.968,0.0288,140.034,0.249,0.0
1413,1413,2026-02-25 08:09:00,Laurie Théberge,Final Ascent (No Time To Die) - Piano Version,365000,0.1013888888888888,6.083333333333333,8,2,Wednesday,False,2026-02,Final Ascent (No Time To Die) - Piano Version Laurie Théberge,,,,,,,,,,
1414,1414,2026-02-25 08:13:00,Skid Row,18 and Life,229960,0.0638777777777777,3.832666666666667,8,2,Wednesday,False,2026-02,18 and Life Skid Row,0.000384,0.457,0.794,7.18e-05,0.131,-6.624,0.0298,90.439,0.354,0.0
1415,1415,2026-02-25 08:16:00,Gustavo Santaolalla,The Apology Song Latino Americano,152187,0.0422741666666666,2.53645,8,2,Wednesday,False,2026-02,The Apology Song Latino Americano Gustavo Santaolalla,0.808,0.693,0.365,0.00178,0.131,-10.797,0.064,120.559,0.798,2.0
1416,1416,2026-02-25 08:18:00,The Meridian Studio Ensemble,The Woman - Series 2,154025,0.0427847222222222,2.567083333333333,8,2,Wednesday,False,2026-02,The Woman - Series 2 The Meridian Studio Ensemble,0.845,0.347,0.0466,0.926,0.104,-24.043,0.0332,121.899,0.142,3.0
1417,1417,2026-02-25 08:22:00,Lorien Testard,Gustave,228000,0.0633333333333333,3.8,8,2,Wednesday,False,2026-02,Gustave Lorien Testard,0.955,0.353,0.299,0.862,0.12,-12.835,0.0318,80.135,0.284,1.0
1418,1418,2026-02-25 08:26:00,David Arnold,SHERlocked,224187,0.0622741666666666,3.73645,8,2,Wednesday,False,2026-02,SHERlocked David Arnold,,,,,,,,,,
1419,1419,2026-02-25 08:31:00,David Arnold,The Problems of Your Future,332680,0.0924111111111111,5.544666666666667,8,2,Wednesday,False,2026-02,The Problems of Your Future David Arnold,,,,,,,,,,
1420,1420,2026-02-25 08:36:00,Megadeth,A Tout Le Monde - Remastered 2004,262133,0.0728147222222222,4.368883333333334,8,2,Wednesday,False,2026-02,A Tout Le Monde - Remastered 2004 Megadeth,0.000305,0.337,0.814,1.74e-05,0.162,-3.466,0.039,202.726,0.343,0.0
1421,1421,2026-02-25 08:39:00,Els Pets,Blue tack,219106,0.0608627777777777,3.6517666666666666,8,2,Wednesday,False,2026-02,Blue tack Els Pets,0.749,0.694,0.519,6.7e-05,0.122,-7.863,0.0283,126.077,0.56,2.0
1422,1422,2026-02-25 09:30:00,Ludovico Einaudi,Experience,315427,0.0876186111111111,5.257116666666667,9,2,Wednesday,False,2026-02,Experience Ludovico Einaudi,0.934,0.447,0.449,0.961,0.0697,-10.634,0.0376,92.468,0.036,1.0
1423,1423,2026-02-25 09:33:00,Aaron Lohr,Will I,166333,0.0462036111111111,2.7722166666666666,9,2,Wednesday,False,2026-02,Will I Aaron Lohr,0.457,0.157,0.382,0.0,0.167,-8.875,0.0313,178.017,0.38,0.0
1424,1424,2026-02-25 09:38:00,Murray Gold,Doomsday,309707,0.0860297222222222,5.161783333333333,9,2,Wednesday,False,2026-02,Doomsday Murray Gold,,,,,,,,,,
1425,1425,2026-02-25 09:41:00,Murray Gold,Same Old Day,193133,0.0536480555555555,3.2188833333333333,9,2,Wednesday,False,2026-02,Same Old Day Murray Gold,,,,,,,,,,
1426,1426,2026-02-25 09:42:00,Mercuzio Pianist,J'y suis jamais allé - From ''Amelie'',63831,0.0177308333333333,1.06385,9,2,Wednesday,False,2026-02,J'y suis jamais allé - From ''Amelie'' Mercuzio Pianist,0.964,0.517,0.41,0.924,0.119,-17.598,0.0393,105.034,0.317,1.0
1427,1427,2026-02-25 09:46:00,Hoobastank,The Reason,232800,0.0646666666666666,3.88,9,2,Wednesday,False,2026-02,The Reason Hoobastank,0.199,0.561,0.595,6.47e-05,0.132,-4.53,0.0274,104.006,0.144,0.0
1428,1428,2026-02-25 09:48:00,Murray Gold,Infinite Potential,125973,0.0349925,2.09955,9,2,Wednesday,False,2026-02,Infinite Potential Murray Gold,,,,,,,,,,
1429,1429,2026-02-25 09:52:00,David Arnold,Prepared to do Anything,258933,0.0719258333333333,4.31555,9,2,Wednesday,False,2026-02,Prepared to do Anything David Arnold,,,,,,,,,,
1430,1430,2026-02-25 09:55:00,Nàiade,J'y suis jamais allé,162680,0.0451888888888888,2.711333333333333,9,2,Wednesday,False,2026-02,J'y suis jamais allé Nàiade,0.932,0.75,0.385,0.0102,0.0547,-11.351,0.0428,83.99,0.615,1.0
1431,1431,2026-02-25 09:58:00,David Arnold,Deduction and Deception,165227,0.0458963888888888,2.753783333333333,9,2,Wednesday,False,2026-02,Deduction and Deception David Arnold,,,,,,,,,,
1432,1432,2026-02-25 10:05:00,Hans Zimmer,Final Ascent,445400,0.1237222222222222,7.423333333333333,10,2,Wednesday,False,2026-02,Final Ascent Hans Zimmer,0.159,0.203,0.0935,0.806,0.0883,-15.575,0.0344,41.858,0.0346,3.0
1433,1433,2026-02-25 10:08:00,Adam Pascal,One Song Glory,166840,0.0463444444444444,2.780666666666667,10,2,Wednesday,False,2026-02,One Song Glory Adam Pascal,0.201,0.648,0.475,0.0,0.127,-7.301,0.118,143.599,0.267,0.0
1434,1434,2026-02-25 10:11:00,Gustavo Santaolalla,The Apology Song Demo,171653,0.0476813888888888,2.860883333333333,10,2,Wednesday,False,2026-02,The Apology Song Demo Gustavo Santaolalla,0.895,0.705,0.0898,1.15e-05,0.104,-16.627,0.0739,93.96,0.235,1.0
1435,1435,2026-02-25 10:22:00,Lorien Testard,Une vie à t'aimer,660000,0.1833333333333333,11.0,10,2,Wednesday,False,2026-02,Une vie à t'aimer Lorien Testard,0.0634,0.16,0.862,3.65e-06,0.366,-4.397,0.288,179.986,0.0652,0.0
1436,1436,2026-02-25 10:25:00,Music Lab Collective,Final Ascent (arr. piano),174421,0.0484502777777777,2.907016666666667,10,2,Wednesday,False,2026-02,Final Ascent (arr. piano) Music Lab Collective,0.982,0.33,0.0418,0.907,0.0689,-24.593,0.0491,121.04,0.0557,3.0
1437,1437,2026-02-25 10:29:00,Riyandi Kusuma,Another Love (Piano Version),247697,0.0688047222222222,4.128283333333333,10,2,Wednesday,False,2026-02,Another Love (Piano Version) Riyandi Kusuma,0.979,0.412,0.229,0.904,0.153,-17.6,0.0481,120.462,0.0585,3.0
1438,1438,2026-02-25 10:31:00,Murray Gold,Vale - 2,97373,0.0270480555555555,1.6228833333333332,10,2,Wednesday,False,2026-02,Vale - 2 Murray Gold,,,,,,,,,,
1439,1439,2026-02-25 10:34:00,Lorien Testard,Gustave,228000,0.0633333333333333,3.8,10,2,Wednesday,False,2026-02,Gustave Lorien Testard,0.955,0.353,0.299,0.862,0.12,-12.835,0.0318,80.135,0.284,1.0
1440,1440,2026-02-25 10:39:00,Rosario Dawson,Without You,256747,0.0713186111111111,4.279116666666667,10,2,Wednesday,False,2026-02,Without You Rosario Dawson,0.15,0.537,0.585,0.000473,0.106,-6.158,0.0317,124.051,0.12,0.0
1441,1441,2026-02-25 10:42:00,Hans Zimmer,Day One (Interstellar Theme),199423,0.0553952777777777,3.323716666666667,10,2,Wednesday,False,2026-02,Day One (Interstellar Theme) Hans Zimmer,0.927,0.311,0.0173,0.964,0.0727,-27.788,0.0348,95.985,0.0658,3.0
1442,1442,2026-02-25 10:43:00,Murray Gold,Clara's Diner,82520,0.0229222222222222,1.3753333333333333,10,2,Wednesday,False,2026-02,Clara's Diner Murray Gold,,,,,,,,,,
1443,1443,2026-02-26 05:55:00,Nicholas Britell,Austerlitz - Allegretto,36520,0.0101444444444444,0.6086666666666667,5,2,Thursday,False,2026-02,Austerlitz - Allegretto Nicholas Britell,0.919,0.688,0.102,0.199,0.109,-29.191,0.0504,119.996,0.142,3.0
1444,1444,2026-02-26 06:00:00,Carl Anderson,"Judas' Death - From ""Jesus Christ Superstar"" Soundtrack",7221,0.0020058333333333,0.12035,6,2,Thursday,True,2026-02,"Judas' Death - From ""Jesus Christ Superstar"" Soundtrack Carl Anderson",0.828,0.418,0.43,0.0321,0.31,-13.366,0.11,115.288,0.162,1.0
1445,1445,2026-02-26 06:05:00,Ted Neeley,"The Arrest - From ""Jesus Christ Superstar"" Soundtrack",16924,0.0047011111111111,0.2820666666666667,6,2,Thursday,True,2026-02,"The Arrest - From ""Jesus Christ Superstar"" Soundtrack Ted Neeley",0.826,0.445,0.553,8.2e-05,0.0882,-11.494,0.355,88.263,0.366,1.0
1446,1446,2026-02-26 06:15:00,Nirvana,About A Girl,3223,0.0008952777777777,0.0537166666666666,6,2,Thursday,True,2026-02,About A Girl Nirvana,5.13e-06,0.413,0.875,0.00058,0.209,-7.48,0.031,131.951,0.575,0.0
1447,1447,2026-02-26 06:20:00,Nicholas Britell,"""My Dear, Dear, World of a Father""",1809,0.0005025,0.03015,6,2,Thursday,True,2026-02,"""My Dear, Dear, World of a Father"" Nicholas Britell",0.987,0.446,0.0152,0.911,0.084,-24.392,0.0498,65.51,0.0435,3.0
1448,1448,2026-02-26 06:30:00,Ted Neeley,"Hosanna - From ""Jesus Christ Superstar"" Soundtrack",4210,0.0011694444444444,0.0701666666666666,6,2,Thursday,True,2026-02,"Hosanna - From ""Jesus Christ Superstar"" Soundtrack Ted Neeley",0.428,0.31,0.484,7.35e-05,0.324,-8.883,0.0487,79.689,0.351,0.0
1449,1449,2026-02-26 06:43:00,Murray Gold,Break Free,11057,0.0030713888888888,0.1842833333333333,6,2,Thursday,True,2026-02,Break Free Murray Gold,,,,,,,,,,
1450,1450,2026-02-27 06:00:00,Scott Bradlee's Postmodern Jukebox,Umbrella - Live,8252,0.0022922222222222,0.1375333333333333,6,2,Friday,True,2026-02,Umbrella - Live Scott Bradlee's Postmodern Jukebox,0.403,0.473,0.779,0.0,0.685,-9.494,0.302,118.549,0.783,2.0
1451,1451,2026-02-27 06:15:00,David Bowie,Moonage Daydream - 2012 Remaster,6515,0.0018097222222222,0.1085833333333333,6,2,Friday,True,2026-02,Moonage Daydream - 2012 Remaster David Bowie,0.0408,0.56,0.605,0.000162,0.0585,-11.209,0.0348,144.478,0.756,2.0
1452,1452,2026-02-27 06:20:00,Teddybears,Punkrocker (feat. Iggy Pop) - As featured in Superman,6530,0.0018138888888888,0.1088333333333333,6,2,Friday,True,2026-02,Punkrocker (feat. Iggy Pop) - As featured in Superman Teddybears,0.000422,0.552,0.797,0.655,0.148,-6.367,0.0295,141.859,0.306,0.0
1453,1453,2026-02-27 06:25:00,Samantha Barks,On My Own,17046,0.004735,0.2841,6,2,Friday,True,2026-02,On My Own Samantha Barks,0.888,0.303,0.116,0.0,0.144,-15.723,0.0552,85.473,0.196,3.0
1454,1454,2026-02-27 06:30:00,Nirvana,Mr. Moustache,11877,0.0032991666666666,0.19795,6,2,Friday,True,2026-02,Mr. Moustache Nirvana,5.58e-06,0.194,0.898,0.141,0.108,-6.12,0.0608,177.191,0.482,0.0
1455,1455,2026-02-27 06:35:00,Anna Roig,"Que difícil, dir que no",14093,0.0039147222222222,0.2348833333333333,6,2,Friday,True,2026-02,"Que difícil, dir que no Anna Roig",0.842,0.623,0.313,0.0236,0.144,-14.168,0.0378,145.807,0.267,1.0
1456,1456,2026-02-27 06:40:00,Guus Dielissen,No Time To Die (Instrumental Guitar),16239,0.0045108333333333,0.27065,6,2,Friday,True,2026-02,No Time To Die (Instrumental Guitar) Guus Dielissen,0.988,0.492,0.0478,0.925,0.0838,-20.035,0.0553,141.924,0.285,3.0
1457,1457,2026-02-27 08:26:00,Nicholas Britell,"Andante Con Moto - Piano and Strings - ""Vaulter""",2439,0.0006775,0.04065,8,2,Friday,True,2026-02,"Andante Con Moto - Piano and Strings - ""Vaulter"" Nicholas Britell",0.957,0.493,0.0968,0.913,0.102,-17.953,0.0385,99.207,0.0364,3.0
1458,1458,2026-02-27 08:48:00,David Arnold,The Woman,151493,0.0420813888888888,2.5248833333333334,8,2,Friday,False,2026-02,The Woman David Arnold,,,,,,,,,,
1459,1459,2026-02-27 10:33:00,Jesse L. Martin,I'll Cover You - Reprise,71042,0.0197338888888888,1.1840333333333333,10,2,Friday,False,2026-02,I'll Cover You - Reprise Jesse L. Martin,0.831,0.313,0.413,3.81e-06,0.0781,-7.342,0.0406,79.902,0.181,1.0
1460,1460,2026-02-27 10:40:00,Tierra Santa,La Canción Del Pirata,408707,0.1135297222222222,6.8117833333333335,10,2,Friday,False,2026-02,La Canción Del Pirata Tierra Santa,0.00637,0.231,0.944,0.000151,0.902,-5.232,0.24,174.334,0.0624,0.0
1461,1461,2026-02-27 10:44:00,Hans Zimmer,Driving / Discombobulate / Zoosters Breakout - Live / From Driving Miss Daisy / Sherlock Holmes / Madagascar,234730,0.0652027777777777,3.912166666666667,10,2,Friday,False,2026-02,Driving / Discombobulate / Zoosters Breakout - Live / From Driving Miss Daisy / Sherlock Holmes / Madagascar Hans Zimmer,0.0833,0.405,0.658,0.579,0.97,-11.1,0.0437,140.174,0.26,0.0
1462,1462,2026-02-27 10:56:00,Hans Zimmer,Pirates Of The Caribbean Medley - Live,717373,0.1992702777777777,11.956216666666666,10,2,Friday,False,2026-02,Pirates Of The Caribbean Medley - Live Hans Zimmer,0.0221,0.196,0.423,0.0961,0.954,-11.821,0.0354,96.566,0.146,0.0
1463,1463,2026-02-27 11:09:00,Hans Zimmer,The Dark Knight Trilogy Medley - Live,790227,0.2195075,13.17045,11,2,Friday,False,2026-02,The Dark Knight Trilogy Medley - Live Hans Zimmer,0.0367,0.357,0.504,0.798,0.381,-14.247,0.0458,112.021,0.0871,0.0
1464,1464,2026-02-27 11:13:00,Murray Gold,Four Knocks,244333,0.0678702777777777,4.072216666666667,11,2,Friday,False,2026-02,Four Knocks Murray Gold,,,,,,,,,,
1465,1465,2026-02-27 11:16:00,Riyandi Kusuma,Somewhere Only We Know (Piano Version),212677,0.0590769444444444,3.5446166666666667,11,2,Friday,False,2026-02,Somewhere Only We Know (Piano Version) Riyandi Kusuma,0.982,0.468,0.277,0.884,0.0934,-19.092,0.0415,169.707,0.0969,3.0
1466,1466,2026-02-27 11:19:00,David Arnold,Who You Really Are,155773,0.0432702777777777,2.596216666666667,11,2,Friday,False,2026-02,Who You Really Are David Arnold,,,,,,,,,,
1467,1467,2026-02-27 11:21:00,Gustavo Santaolalla,"Si Puedes Perdonar - from ""The Book of Life"" Soundtrack",104280,0.0289666666666666,1.738,11,2,Friday,False,2026-02,"Si Puedes Perdonar - from ""The Book of Life"" Soundtrack Gustavo Santaolalla",0.946,0.4,0.114,1.5e-06,0.109,-13.997,0.0671,188.503,0.408,1.0
1468,1468,2026-02-27 11:24:00,Bon Iver,Flume,219000,0.0608333333333333,3.65,11,2,Friday,False,2026-02,Flume Bon Iver,0.929,0.448,0.143,0.0356,0.109,-17.012,0.0328,132.829,0.0873,3.0
1469,1469,2026-02-27 11:27:00,Murray Gold,Break Free,183973,0.0511036111111111,3.0662166666666666,11,2,Friday,False,2026-02,Break Free Murray Gold,,,,,,,,,,
1470,1470,2026-02-27 11:29:00,Patrick Doyle,Ma Katherine,69024,0.0191733333333333,1.1504,11,2,Friday,False,2026-02,Ma Katherine Patrick Doyle,0.9,0.145,0.225,0.979,0.101,-18.164,0.0357,102.601,0.0369,3.0
1471,1471,2026-02-27 11:31:00,David Arnold,Blood on the Pavement,127347,0.0353741666666666,2.12245,11,2,Friday,False,2026-02,Blood on the Pavement David Arnold,,,,,,,,,,
1472,1472,2026-02-27 11:35:00,Michael Giacchino,"Exit Through the Lobby - from ""Spider-Man: No Way Home"" Soundtrack",255296,0.0709155555555555,4.254933333333334,11,2,Friday,False,2026-02,"Exit Through the Lobby - from ""Spider-Man: No Way Home"" Soundtrack Michael Giacchino",0.971,0.142,0.0177,0.934,0.0981,-23.93,0.0372,80.32,0.0329,3.0
1473,1473,2026-02-27 11:38:00,Guardz of Spanish Guitars,"The Apology Song (From ""The Book of Life"") [Spanish Guitar Version]",171572,0.0476588888888888,2.8595333333333333,11,2,Friday,False,2026-02,"The Apology Song (From ""The Book of Life"") [Spanish Guitar Version] Guardz of Spanish Guitars",0.941,0.723,0.125,0.702,0.105,-16.458,0.0393,95.039,0.419,1.0
1474,1474,2026-02-27 11:43:00,Damien Rice,The Blower's Daughter,286653,0.0796258333333333,4.77755,11,2,Friday,False,2026-02,The Blower's Daughter Damien Rice,0.134,0.342,0.2,0.000153,0.341,-13.569,0.0324,133.113,0.0743,0.0
1475,1475,2026-02-27 11:47:00,Billie Eilish,No Time To Die,242265,0.0672958333333333,4.03775,11,2,Friday,False,2026-02,No Time To Die Billie Eilish,0.824,0.227,0.125,0.00575,0.0794,-19.111,0.0416,77.651,0.0396,3.0
1476,1476,2026-02-27 11:51:00,Lorien Testard,Lumière,222000,0.0616666666666666,3.7,11,2,Friday,False,2026-02,Lumière Lorien Testard,0.95,0.426,0.185,5.02e-06,0.213,-11.717,0.0339,83.424,0.459,1.0
1477,1477,2026-02-27 11:54:00,Murray Gold,Vale Decem,199293,0.0553591666666666,3.32155,11,2,Friday,False,2026-02,Vale Decem Murray Gold,,,,,,,,,,
1478,1478,2026-02-27 12:00:00,Brandon Roberts,Past/Present/Future,356880,0.0991333333333333,5.948,12,2,Friday,False,2026-02,Past/Present/Future Brandon Roberts,,,,,,,,,,
1479,1479,2026-02-27 12:05:00,Jonas Kvarnström,"Comptine D'un Autre Été, L'après-Midi - Amelie Movie Theme",290595,0.0807208333333333,4.84325,12,2,Friday,False,2026-02,"Comptine D'un Autre Été, L'après-Midi - Amelie Movie Theme Jonas Kvarnström",0.955,0.281,0.188,0.917,0.103,-17.51,0.0413,183.873,0.213,3.0
1480,1480,2026-02-27 12:07:00,Murray Gold,The Mad Man With A Box,131467,0.0365186111111111,2.191116666666667,12,2,Friday,False,2026-02,The Mad Man With A Box Murray Gold,,,,,,,,,,
1481,1481,2026-02-27 12:11:00,Riyandi Kusuma,The Reason (Piano Version),226645,0.0629569444444444,3.777416666666667,12,2,Friday,False,2026-02,The Reason (Piano Version) Riyandi Kusuma,0.967,0.446,0.249,0.892,0.0972,-18.791,0.0379,82.458,0.0453,3.0
1482,1482,2026-02-27 12:16:00,David Arnold,Pick Up,315213,0.0875591666666666,5.25355,12,2,Friday,False,2026-02,Pick Up David Arnold,,,,,,,,,,
1483,1483,2026-02-27 12:19:00,David Arnold,"Death of Vesper (From ""Casino Royale"" Soundtrack)",170440,0.0473444444444444,2.8406666666666665,12,2,Friday,False,2026-02,"Death of Vesper (From ""Casino Royale"" Soundtrack) David Arnold",0.582,0.104,0.0835,0.857,0.113,-24.411,0.0399,77.448,0.0361,3.0
1484,1484,2026-02-27 12:20:00,Alexandre Desplat,Night Time,47013,0.0130591666666666,0.78355,12,2,Friday,False,2026-02,Night Time Alexandre Desplat,0.966,0.421,0.0704,0.625,0.136,-21.406,0.0371,89.9,0.0389,3.0
1485,1485,2026-02-27 12:24:00,Murray Gold,Vale,260160,0.0722666666666666,4.336,12,2,Friday,False,2026-02,Vale Murray Gold,,,,,,,,,,
1486,1486,2026-02-28 08:15:00,Royal Philharmonic Orchestra,"Moonraker - From ""Moonraker""",15733,0.0043702777777777,0.2622166666666666,8,2,Saturday,True,2026-02,"Moonraker - From ""Moonraker"" Royal Philharmonic Orchestra",,,,,,,,,,
1487,1487,2026-03-01 15:43:00,Borna Matosic,"The Shepherd's Boy (From ""Doctor Who"") [Electric Guitar Version]",287081,0.0797447222222222,4.784683333333334,15,3,Sunday,False,2026-03,"The Shepherd's Boy (From ""Doctor Who"") [Electric Guitar Version] Borna Matosic",0.237,0.2,0.347,0.812,0.338,-11.95,0.0348,82.263,0.0396,0.0
1488,1488,2026-03-01 15:45:00,Hans Zimmer,Hoist the Colours,91080,0.0253,1.518,15,3,Sunday,False,2026-03,Hoist the Colours Hans Zimmer,0.662,0.341,0.0848,4.77e-06,0.543,-23.807,0.0389,80.011,0.293,3.0
1489,1489,2026-03-01 15:49:00,Hans Zimmer,Singapore,220867,0.0613519444444444,3.6811166666666666,15,3,Sunday,False,2026-03,Singapore Hans Zimmer,0.178,0.219,0.254,0.589,0.11,-16.294,0.0374,94.43,0.131,3.0
1490,1490,2026-03-01 15:57:00,Hans Zimmer,At Wit's End,485907,0.1349741666666666,8.09845,15,3,Sunday,False,2026-03,At Wit's End Hans Zimmer,0.598,0.0622,0.169,0.888,0.106,-18.778,0.0454,63.613,0.037,3.0
1491,1491,2026-03-01 16:01:00,Hans Zimmer,Multiple Jacks,231840,0.0644,3.864,16,3,Sunday,False,2026-03,Multiple Jacks Hans Zimmer,0.704,0.235,0.0608,0.827,0.148,-24.025,0.0384,79.547,0.0338,3.0
1492,1492,2026-03-01 16:03:00,Hans Zimmer,Up Is Down,162200,0.0450555555555555,2.703333333333333,16,3,Sunday,False,2026-03,Up Is Down Hans Zimmer,0.266,0.46,0.423,0.909,0.107,-14.704,0.0528,129.906,0.121,0.0
1493,1493,2026-03-01 16:10:00,Hans Zimmer,I See Dead People in Boats,429187,0.1192186111111111,7.153116666666667,16,3,Sunday,False,2026-03,I See Dead People in Boats Hans Zimmer,0.789,0.159,0.0577,0.921,0.106,-23.589,0.0402,107.466,0.0344,3.0
1494,1494,2026-03-01 16:13:00,Hans Zimmer,The Brethren Court,141147,0.0392075,2.35245,16,3,Sunday,False,2026-03,The Brethren Court Hans Zimmer,0.822,0.286,0.039,0.8,0.266,-26.541,0.0311,104.052,0.0364,3.0
1495,1495,2026-03-01 16:15:00,Hans Zimmer,Parlay,130360,0.0362111111111111,2.1726666666666667,16,3,Sunday,False,2026-03,Parlay Hans Zimmer,0.273,0.264,0.236,0.908,0.215,-16.169,0.0311,77.393,0.101,3.0
1496,1496,2026-03-02 05:45:00,Hans Zimmer,Calypso,118826,0.0330072222222222,1.9804333333333333,5,3,Monday,False,2026-03,Calypso Hans Zimmer,0.74,0.0943,0.144,0.899,0.177,-17.059,0.0379,86.019,0.0352,3.0
1497,1497,2026-03-02 05:55:00,Nicholas Britell,Satyricon - Instrumental,18303,0.0050841666666666,0.30505,5,3,Monday,True,2026-03,Satyricon - Instrumental Nicholas Britell,0.000402,0.623,0.617,0.86,0.302,-11.24,0.0618,87.999,0.0353,0.0
1498,1498,2026-03-02 06:00:00,Ja T'ho Dire,Si Vens (Remasteritzat 2013),17407,0.0048352777777777,0.2901166666666667,6,3,Monday,True,2026-03,Si Vens (Remasteritzat 2013) Ja T'ho Dire,0.684,0.686,0.745,0.0,0.0837,-5.648,0.0399,138.197,0.573,2.0
1499,1499,2026-03-02 06:05:00,Jack White,Another Way to Die,8595,0.0023875,0.14325,6,3,Monday,True,2026-03,Another Way to Die Jack White,0.0239,0.486,0.765,3.02e-05,0.11,-4.23,0.128,141.933,0.386,0.0
1500,1500,2026-03-02 06:15:00,Els Amics De Les Arts,Monsieur Cousteau - En Directe Al Festival De Cap Roig / 2015,17098,0.0047494444444444,0.2849666666666666,6,3,Monday,True,2026-03,Monsieur Cousteau - En Directe Al Festival De Cap Roig / 2015 Els Amics De Les Arts,0.0387,0.461,0.642,3.33e-05,0.751,-8.566,0.0346,145.393,0.518,0.0
1501,1501,2026-03-02 06:20:00,Guns N' Roses,This I Love,15390,0.004275,0.2565,6,3,Monday,True,2026-03,This I Love Guns N' Roses,0.603,0.263,0.442,2.99e-06,0.106,-8.279,0.0309,92.179,0.133,0.0
1502,1502,2026-03-02 06:25:00,One Piano,Alexander Hamilton,4415,0.0012263888888888,0.0735833333333333,6,3,Monday,True,2026-03,Alexander Hamilton One Piano,0.88,0.593,0.278,0.884,0.0948,-17.237,0.0507,132.98,0.143,1.0
1503,1503,2026-03-02 06:30:00,One Piano,You Only Live Twice,4051,0.0011252777777777,0.0675166666666666,6,3,Monday,True,2026-03,You Only Live Twice One Piano,0.985,0.558,0.331,0.938,0.12,-8.741,0.0326,87.729,0.199,1.0
1504,1504,2026-03-02 06:47:00,Lily Allen,Somewhere Only We Know,80080,0.0222444444444444,1.334666666666667,6,3,Monday,False,2026-03,Somewhere Only We Know Lily Allen,0.934,0.313,0.286,0.0451,0.0974,-10.593,0.0324,80.925,0.287,1.0
1505,1505,2026-03-02 08:48:00,Nicholas Britell,"Moderato Con Brio for Violin, Harp, and Orchestra",219,6.083333333333333e-05,0.00365,8,3,Monday,True,2026-03,"Moderato Con Brio for Violin, Harp, and Orchestra Nicholas Britell",0.714,0.681,0.338,0.924,0.0911,-11.889,0.0335,112.936,0.217,1.0
1506,1506,2026-03-02 08:57:00,Lily Allen,Somewhere Only We Know,128424,0.0356733333333333,2.1404,8,3,Monday,False,2026-03,Somewhere Only We Know Lily Allen,0.934,0.313,0.286,0.0451,0.0974,-10.593,0.0324,80.925,0.287,1.0
1507,1507,2026-03-02 08:58:00,Tom Dabrowski,15th Doctor's Dark Theme - Dot and Bubble (from Doctor Who),68250,0.0189583333333333,1.1375,8,3,Monday,False,2026-03,15th Doctor's Dark Theme - Dot and Bubble (from Doctor Who) Tom Dabrowski,0.417,0.142,0.167,0.981,0.39,-18.258,0.0361,83.08,0.13,3.0
1508,1508,2026-03-02 09:05:00,Murray Gold,"This Time There's Three of Us (The Majestic Tale) [From ""Doctor Who - The Day of The Doctor""]",423320,0.1175888888888889,7.0553333333333335,9,3,Monday,False,2026-03,"This Time There's Three of Us (The Majestic Tale) [From ""Doctor Who - The Day of The Doctor""] Murray Gold",,,,,,,,,,
1509,1509,2026-03-02 14:56:00,Nicholas Britell,"Moderato Con Brio for Violin, Harp, and Orchestra",0,0.0,0.0,14,3,Monday,True,2026-03,"Moderato Con Brio for Violin, Harp, and Orchestra Nicholas Britell",0.714,0.681,0.338,0.924,0.0911,-11.889,0.0335,112.936,0.217,1.0
1510,1510,2026-03-02 14:57:00,Sebastien Skaf,"Gustave (from ""Clair Obscur: Expedition 33"")",135998,0.0377772222222222,2.266633333333333,14,3,Monday,False,2026-03,"Gustave (from ""Clair Obscur: Expedition 33"") Sebastien Skaf",,,,,,,,,,
1511,1511,2026-03-02 14:59:00,Royal Philharmonic Orchestra,"Goldeneye - From ""Goldeneye""",173120,0.0480888888888888,2.885333333333333,14,3,Monday,False,2026-03,"Goldeneye - From ""Goldeneye"" Royal Philharmonic Orchestra",,,,,,,,,,
1512,1512,2026-03-02 15:03:00,Wesley Sprayue,Across the Stars - Piano,210071,0.0583530555555555,3.501183333333333,15,3,Monday,False,2026-03,Across the Stars - Piano Wesley Sprayue,0.993,0.474,0.0211,0.949,0.0754,-24.212,0.0527,79.368,0.183,3.0
1513,1513,2026-03-02 15:07:00,Lou Reed,Perfect Day,226510,0.0629194444444444,3.775166666666667,15,3,Monday,False,2026-03,Perfect Day Lou Reed,0.744,0.4,0.267,0.00734,0.103,-12.488,0.0323,144.799,0.0872,1.0
1514,1514,2026-03-02 15:10:00,Els Amics De Les Arts,L'Endocrina,184533,0.0512591666666666,3.07555,15,3,Monday,False,2026-03,L'Endocrina Els Amics De Les Arts,0.849,0.794,0.365,1.53e-06,0.0784,-10.886,0.047,125.068,0.616,2.0
1515,1515,2026-03-02 15:14:00,Els Amics De Les Arts,Els desperfectes,268250,0.0745138888888889,4.470833333333333,15,3,Monday,False,2026-03,Els desperfectes Els Amics De Les Arts,0.0215,0.437,0.718,2.64e-06,0.0738,-5.621,0.0364,154.771,0.156,0.0
1516,1516,2026-03-02 15:17:00,Anna Roig,Dins d'una cançó,151933,0.0422036111111111,2.532216666666667,15,3,Monday,False,2026-03,Dins d'una cançó Anna Roig,0.746,0.617,0.266,0.00359,0.193,-14.657,0.0312,70.948,0.455,1.0
1517,1517,2026-03-02 15:21:00,Els Amics De Les Arts,Museu D'Història Natural - En Directe Al Festival De Cap Roig / 2015,276653,0.0768480555555555,4.610883333333334,15,3,Monday,False,2026-03,Museu D'Història Natural - En Directe Al Festival De Cap Roig / 2015 Els Amics De Les Arts,0.105,0.462,0.551,5.73e-06,0.962,-8.849,0.0263,90.879,0.317,0.0
1518,1518,2026-03-02 15:25:00,Patrik Pietschmann,The Lord of the Rings Main Theme - Piano Version,213648,0.0593466666666666,3.5608,15,3,Monday,False,2026-03,The Lord of the Rings Main Theme - Piano Version Patrik Pietschmann,0.986,0.595,0.11,0.905,0.0926,-20.867,0.0396,79.992,0.105,3.0
1519,1519,2026-03-02 15:27:00,One Piano,James Bond Theme,119946,0.0333183333333333,1.9991,15,3,Monday,False,2026-03,James Bond Theme One Piano,,,,,,,,,,
1520,1520,2026-03-02 15:33:00,Metallica,Master Of Puppets - Live,9924,0.0027566666666666,0.1654,15,3,Monday,True,2026-03,Master Of Puppets - Live Metallica,6.43e-06,0.285,0.99,0.0052,0.718,-3.344,0.102,106.829,0.232,0.0
1521,1521,2026-03-02 15:33:00,Peter Gabriel,My Body Is A Cage,372667,0.1035186111111111,6.211116666666666,15,3,Monday,False,2026-03,My Body Is A Cage Peter Gabriel,0.849,0.341,0.114,0.0938,0.104,-12.885,0.0341,78.912,0.0806,3.0
1522,1522,2026-03-02 15:36:00,T.V. Carpio,"I Want To Hold Your Hand - From ""Across The Universe"" Soundtrack",165533,0.0459813888888888,2.7588833333333334,15,3,Monday,False,2026-03,"I Want To Hold Your Hand - From ""Across The Universe"" Soundtrack T.V. Carpio",0.506,0.55,0.247,2.53e-05,0.112,-9.75,0.0316,80.715,0.158,1.0
1523,1523,2026-03-02 15:41:00,David Bowie,Space Oddity - 2015 Remaster,318027,0.0883408333333333,5.30045,15,3,Monday,False,2026-03,Space Oddity - 2015 Remaster David Bowie,0.0726,0.31,0.403,9.27e-05,0.139,-13.664,0.0326,134.48,0.466,0.0
1524,1524,2026-03-02 15:42:00,Johnny Cash,Redemption Song,334,9.277777777777778e-05,0.0055666666666666,15,3,Monday,True,2026-03,Redemption Song Johnny Cash,0.759,0.518,0.378,0.0,0.0883,-9.995,0.0342,113.541,0.518,1.0
1525,1525,2026-03-02 15:42:00,The Beatles,Here Comes The Sun - Remastered 2009,1210,0.0003361111111111,0.0201666666666666,15,3,Monday,True,2026-03,Here Comes The Sun - Remastered 2009 The Beatles,0.0339,0.557,0.54,0.00248,0.179,-10.484,0.0347,129.177,0.394,0.0
1526,1526,2026-03-02 15:42:00,Nicholas Britell,"“Sorry, Pinky”",1073,0.0002980555555555,0.0178833333333333,15,3,Monday,True,2026-03,"“Sorry, Pinky” Nicholas Britell",0.904,0.0715,0.00207,0.914,0.108,-34.438,0.0467,79.589,0.0321,3.0
1527,1527,2026-03-02 15:42:00,Els Amics De Les Arts,Ja No Ens Passa - En Directe Al Festival De Cap Roig / 2015,42852,0.0119033333333333,0.7142,15,3,Monday,False,2026-03,Ja No Ens Passa - En Directe Al Festival De Cap Roig / 2015 Els Amics De Les Arts,0.0857,0.457,0.769,1.35e-06,0.713,-7.15,0.0389,126.992,0.635,2.0
1528,1528,2026-03-02 15:46:00,Yusuf / Cat Stevens,Wild World,200560,0.0557111111111111,3.3426666666666667,15,3,Monday,False,2026-03,Wild World Yusuf / Cat Stevens,0.345,0.48,0.542,0.000609,0.113,-8.51,0.0348,152.853,0.567,2.0
1529,1529,2026-03-02 15:49:00,Els Amics De Les Arts,Tothom es separa,188630,0.0523972222222222,3.1438333333333333,15,3,Monday,False,2026-03,Tothom es separa Els Amics De Les Arts,,,,,,,,,,
1530,1530,2026-03-02 15:53:00,Johnny Cash,The Man Comes Around,266733,0.0740925,4.44555,15,3,Monday,False,2026-03,The Man Comes Around Johnny Cash,0.52,0.635,0.584,0.0951,0.962,-7.912,0.144,97.067,0.753,2.0
1531,1531,2026-03-02 16:05:00,Jeff Beck,A Day In The Life - Live,46601,0.0129447222222222,0.7766833333333333,16,3,Monday,False,2026-03,A Day In The Life - Live Jeff Beck,0.196,0.358,0.573,0.69,0.953,-9.89,0.0434,70.448,0.277,0.0
1532,1532,2026-03-03 05:55:00,Otis Taylor,Ten Million Slaves,19594,0.0054427777777777,0.3265666666666666,5,3,Tuesday,True,2026-03,Ten Million Slaves Otis Taylor,0.527,0.477,0.431,0.00667,0.211,-8.192,0.0277,132.393,0.572,2.0
1533,1533,2026-03-03 06:00:00,a-ha,The Living Daylights,8682,0.0024116666666666,0.1447,6,3,Tuesday,True,2026-03,The Living Daylights a-ha,0.114,0.695,0.78,0.000971,0.0785,-7.906,0.0267,120.255,0.833,2.0
1534,1534,2026-03-03 06:10:00,Pink Floyd,Money,10111,0.0028086111111111,0.1685166666666666,6,3,Tuesday,True,2026-03,Money Pink Floyd,0.024,0.468,0.536,0.00199,0.269,-10.422,0.144,126.256,0.785,2.0
1535,1535,2026-03-03 06:15:00,Mishima,Menteix la primavera - En directe,12753,0.0035425,0.21255,6,3,Tuesday,True,2026-03,Menteix la primavera - En directe Mishima,0.417,0.479,0.725,1.9e-06,0.777,-7.859,0.13,121.155,0.594,2.0
1536,1536,2026-03-03 06:20:00,Low Roar,I'm Leaving,17842,0.0049561111111111,0.2973666666666666,6,3,Tuesday,True,2026-03,I'm Leaving Low Roar,0.499,0.203,0.527,0.0449,0.0897,-8.398,0.0344,90.128,0.124,0.0
1537,1537,2026-03-03 06:25:00,Nicholas Britell,"Rondo in F Minor for Solo Piano - ""Kendall's Summit""",8537,0.0023713888888888,0.1422833333333333,6,3,Tuesday,True,2026-03,"Rondo in F Minor for Solo Piano - ""Kendall's Summit"" Nicholas Britell",0.979,0.34,0.116,0.928,0.107,-19.694,0.0315,72.036,0.151,3.0
1538,1538,2026-03-03 06:30:00,Els Amics De Les Arts,Tothom es separa,10319,0.0028663888888888,0.1719833333333333,6,3,Tuesday,True,2026-03,Tothom es separa Els Amics De Les Arts,,,,,,,,,,
1539,1539,2026-03-03 06:35:00,Antònia Font,Viure Sense Tu,12789,0.0035525,0.21315,6,3,Tuesday,True,2026-03,Viure Sense Tu Antònia Font,0.0771,0.565,0.534,0.0273,0.1,-12.05,0.0486,137.825,0.722,2.0
1540,1540,2026-03-03 06:47:00,John Powell,Reminiscence Therapy,3720,0.0010333333333333,0.062,6,3,Tuesday,True,2026-03,Reminiscence Therapy John Powell,0.21,0.15,0.451,0.757,0.392,-15.855,0.0482,80.049,0.089,0.0
1541,1541,2026-03-03 07:13:00,John Powell,Reminiscence Therapy,8458,0.0023494444444444,0.1409666666666666,7,3,Tuesday,True,2026-03,Reminiscence Therapy John Powell,0.21,0.15,0.451,0.757,0.392,-15.855,0.0482,80.049,0.089,0.0
1542,1542,2026-03-03 08:38:00,Metallica,The Unforgiven - Remastered 2021,2293,0.0006369444444444,0.0382166666666666,8,3,Tuesday,True,2026-03,The Unforgiven - Remastered 2021 Metallica,0.0179,0.526,0.579,0.00861,0.216,-9.489,0.0257,139.496,0.211,0.0
1543,1543,2026-03-03 08:38:00,Rufus Wainwright,Hallelujah,1323,0.0003675,0.02205,8,3,Tuesday,True,2026-03,Hallelujah Rufus Wainwright,0.88,0.367,0.156,0.0,0.0972,-10.052,0.0314,73.138,0.44,1.0
1544,1544,2026-03-03 08:38:00,Jim Croce,Time in a Bottle,2104,0.0005844444444444,0.0350666666666666,8,3,Tuesday,True,2026-03,Time in a Bottle Jim Croce,0.888,0.533,0.155,0.0,0.108,-16.837,0.0376,134.019,0.592,1.0
1545,1545,2026-03-03 08:41:00,Nirvana,Come As You Are,218920,0.0608111111111111,3.6486666666666663,8,3,Tuesday,False,2026-03,Come As You Are Nirvana,0.00016,0.5,0.824,0.00161,0.0916,-5.846,0.0388,120.125,0.539,0.0
1546,1546,2026-03-03 08:46:00,Els Amics De Les Arts,Reykjavík,275789,0.0766080555555555,4.5964833333333335,8,3,Tuesday,False,2026-03,Reykjavík Els Amics De Les Arts,,,,,,,,,,
1547,1547,2026-03-03 08:49:00,Tom Waits,Little Drop Of Poison,189307,0.0525852777777777,3.155116666666667,8,3,Tuesday,False,2026-03,Little Drop Of Poison Tom Waits,0.837,0.625,0.355,0.0038,0.197,-12.969,0.0588,111.53,0.826,2.0
1548,1548,2026-03-03 08:53:00,David Bowie,Changes - 2015 Remaster,217747,0.0604852777777777,3.6291166666666665,8,3,Tuesday,False,2026-03,Changes - 2015 Remaster David Bowie,0.505,0.559,0.308,0.0,0.109,-11.75,0.0376,113.633,0.414,1.0
1549,1549,2026-03-03 08:57:00,‘Jesus Christ Superstar’ 1996 London Cast,Judas' Death - Remastered 2005,270133,0.0750369444444444,4.5022166666666665,8,3,Tuesday,False,2026-03,Judas' Death - Remastered 2005 ‘Jesus Christ Superstar’ 1996 London Cast,,,,,,,,,,
1550,1550,2026-03-03 12:25:00,Hans Zimmer,This Land,20183,0.0056063888888888,0.3363833333333333,12,3,Tuesday,True,2026-03,This Land Hans Zimmer,0.433,0.152,0.129,0.647,0.171,-22.61,0.0404,99.042,0.136,3.0
1551,1551,2026-03-03 12:25:00,Spotify,Es martes,2923,0.0008119444444444,0.0487166666666666,12,3,Tuesday,True,2026-03,Es martes Spotify,,,,,,,,,,
1552,1552,2026-03-03 12:25:00,Els Amics De Les Arts,Exercici Seixanta,1303,0.0003619444444444,0.0217166666666666,12,3,Tuesday,True,2026-03,Exercici Seixanta Els Amics De Les Arts,0.465,0.676,0.387,1.81e-06,0.0958,-11.949,0.3,92.166,0.349,1.0
1553,1553,2026-03-03 12:25:00,Pink Floyd,Shine On You Crazy Diamond (Pts. 6-9),16763,0.0046563888888888,0.2793833333333333,12,3,Tuesday,True,2026-03,Shine On You Crazy Diamond (Pts. 6-9) Pink Floyd,0.576,0.288,0.485,0.9,0.322,-13.162,0.0491,135.87,0.124,0.0
1554,1554,2026-03-03 12:25:00,Nicholas Britell,Austerlitz - Allegro Moderato,22054,0.0061261111111111,0.3675666666666666,12,3,Tuesday,True,2026-03,Austerlitz - Allegro Moderato Nicholas Britell,0.957,0.5,0.128,0.877,0.111,-27.45,0.0472,119.741,0.156,3.0
1555,1555,2026-03-03 12:29:00,Lorien Testard,Gustave,228000,0.0633333333333333,3.8,12,3,Tuesday,False,2026-03,Gustave Lorien Testard,0.955,0.353,0.299,0.862,0.12,-12.835,0.0318,80.135,0.284,1.0
1556,1556,2026-03-03 12:30:00,Billie Eilish,hotline (edit),60720,0.0168666666666666,1.012,12,3,Tuesday,False,2026-03,hotline (edit) Billie Eilish,0.816,0.516,0.254,0.855,0.189,-16.027,0.0589,56.829,0.304,1.0
1557,1557,2026-03-03 12:36:00,Jeff Beck,A Day In The Life - Live,315440,0.0876222222222222,5.257333333333333,12,3,Tuesday,False,2026-03,A Day In The Life - Live Jeff Beck,0.196,0.358,0.573,0.69,0.953,-9.89,0.0434,70.448,0.277,0.0
1558,1558,2026-03-03 12:40:00,One Piano,Without You,256116,0.0711433333333333,4.2686,12,3,Tuesday,False,2026-03,Without You One Piano,,,,,,,,,,
1559,1559,2026-03-03 12:51:00,Phillip Phillips,"Gone, Gone, Gone",209693,0.0582480555555555,3.494883333333333,12,3,Tuesday,False,2026-03,"Gone, Gone, Gone Phillip Phillips",0.129,0.664,0.642,0.0,0.114,-5.961,0.038,118.006,0.501,2.0
1560,1560,2026-03-03 12:54:00,Royal Philharmonic Orchestra,"Goldeneye - From ""Goldeneye""",173120,0.0480888888888888,2.885333333333333,12,3,Tuesday,False,2026-03,"Goldeneye - From ""Goldeneye"" Royal Philharmonic Orchestra",,,,,,,,,,
1561,1561,2026-03-03 12:57:00,Meryl Streep,Slipping Through My Fingers - From 'Mamma Mia!' Original Motion Picture Soundtrack,230893,0.0641369444444444,3.8482166666666666,12,3,Tuesday,False,2026-03,Slipping Through My Fingers - From 'Mamma Mia!' Original Motion Picture Soundtrack Meryl Streep,0.507,0.463,0.489,0.0,0.165,-7.968,0.0288,140.034,0.249,0.0
1562,1562,2026-03-03 13:02:00,Damien Rice,The Blower's Daughter,286653,0.0796258333333333,4.77755,13,3,Tuesday,False,2026-03,The Blower's Daughter Damien Rice,0.134,0.342,0.2,0.000153,0.341,-13.569,0.0324,133.113,0.0743,0.0
1563,1563,2026-03-03 13:07:00,Scott Bradlee's Postmodern Jukebox,Creep,283259,0.0786830555555555,4.720983333333334,13,3,Tuesday,False,2026-03,Creep Scott Bradlee's Postmodern Jukebox,0.697,0.292,0.359,1.85e-05,0.108,-9.043,0.0328,177.334,0.228,1.0
1564,1564,2026-03-03 13:11:00,The Beatles,While My Guitar Gently Weeps - Acoustic Version - Take 1,207560,0.0576555555555555,3.4593333333333334,13,3,Tuesday,False,2026-03,While My Guitar Gently Weeps - Acoustic Version - Take 1 The Beatles,0.863,0.592,0.0871,4.84e-06,0.0636,-17.016,0.0382,122.708,0.211,1.0
1565,1565,2026-03-03 13:15:00,Amanda Seyfried,Gimme! Gimme! Gimme! (A Man After Midnight) - From 'Mamma Mia!' Original Motion Picture Soundtrack,231720,0.0643666666666666,3.862,13,3,Tuesday,False,2026-03,Gimme! Gimme! Gimme! (A Man After Midnight) - From 'Mamma Mia!' Original Motion Picture Soundtrack Amanda Seyfried,0.021,0.628,0.836,0.000513,0.416,-4.776,0.0301,120.045,0.571,2.0
1566,1566,2026-03-03 13:19:00,Anna Roig,Tant de bo fossis aquí,260360,0.0723222222222222,4.339333333333333,13,3,Tuesday,False,2026-03,Tant de bo fossis aquí Anna Roig,0.833,0.554,0.0972,0.00101,0.107,-19.099,0.288,58.853,0.155,3.0
1567,1567,2026-03-03 13:21:00,Metallica,Bleeding Me - Live,2524,0.0007011111111111,0.0420666666666666,13,3,Tuesday,True,2026-03,Bleeding Me - Live Metallica,6.44e-05,0.281,0.91,6.58e-05,0.978,-5.003,0.0583,114.344,0.314,0.0
1568,1568,2026-03-03 13:51:00,Fleetwood Mac,The Chain - 2004 Remaster,251863,0.0699619444444444,4.1977166666666665,13,3,Tuesday,False,2026-03,The Chain - 2004 Remaster Fleetwood Mac,,,,,,,,,,
1569,1569,2026-03-03 14:52:00,One Piano,Prince Ali,1587,0.0004408333333333,0.02645,14,3,Tuesday,True,2026-03,Prince Ali One Piano,0.99,0.524,0.0934,0.945,0.113,-21.961,0.0462,132.465,0.214,3.0
1570,1570,2026-03-03 14:55:00,One Piano,Prince Ali,180664,0.0501844444444444,3.011066666666667,14,3,Tuesday,False,2026-03,Prince Ali One Piano,0.99,0.524,0.0934,0.945,0.113,-21.961,0.0462,132.465,0.214,3.0
1571,1571,2026-03-03 14:58:00,Josema Yuste,Príncipe Ali,172773,0.0479925,2.87955,14,3,Tuesday,False,2026-03,Príncipe Ali Josema Yuste,0.732,0.524,0.486,0.0,0.17,-11.4,0.0921,104.283,0.668,2.0
1572,1572,2026-03-03 15:01:00,Michael Giacchino,The Glory Days,212133,0.0589258333333333,3.53555,15,3,Tuesday,False,2026-03,The Glory Days Michael Giacchino,0.732,0.334,0.262,0.388,0.235,-14.193,0.0391,80.446,0.145,3.0
1573,1573,2026-03-03 15:03:00,José María Guzmán,No dejaré que te eches a perder,125787,0.0349408333333333,2.09645,15,3,Tuesday,False,2026-03,No dejaré que te eches a perder José María Guzmán,0.565,0.587,0.901,1.49e-05,0.163,-7.118,0.0442,106.151,0.88,2.0
1574,1574,2026-03-03 15:09:00,Hans Zimmer,Jack Sparrow,365427,0.1015075,6.09045,15,3,Tuesday,False,2026-03,Jack Sparrow Hans Zimmer,0.759,0.335,0.323,0.824,0.0717,-14.71,0.0564,91.599,0.291,1.0
1575,1575,2026-03-03 15:13:00,Randy Newman,Strange Things,198587,0.0551630555555555,3.3097833333333333,15,3,Tuesday,False,2026-03,Strange Things Randy Newman,,,,,,,,,,
1576,1576,2026-03-03 15:15:00,Josema Yuste,Un Genio Genial,148947,0.0413741666666666,2.48245,15,3,Tuesday,False,2026-03,Un Genio Genial Josema Yuste,0.553,0.678,0.629,0.0,0.391,-10.626,0.117,97.983,0.734,2.0
1577,1577,2026-03-03 15:19:00,Flavio,Quiero Ser Como Tú,241587,0.0671075,4.02645,15,3,Tuesday,False,2026-03,Quiero Ser Como Tú Flavio,,,,,,,,,,
1578,1578,2026-03-03 15:23:00,The Citizens of Halloween,This Is Halloween,196187,0.0544963888888888,3.2697833333333333,15,3,Tuesday,False,2026-03,This Is Halloween The Citizens of Halloween,,,,,,,,,,
1579,1579,2026-03-03 15:26:00,Los Cantaseries,"No Se Que Va a Ser de Mi (De ""Toy Story"")",197067,0.0547408333333333,3.28445,15,3,Tuesday,False,2026-03,"No Se Que Va a Ser de Mi (De ""Toy Story"") Los Cantaseries",0.351,0.678,0.629,5.4e-05,0.168,-9.195,0.0275,136.0,0.881,2.0
1580,1580,2026-03-03 16:22:00,One Piano,Friend Like Me,186667,0.0518519444444444,3.1111166666666668,16,3,Tuesday,False,2026-03,Friend Like Me One Piano,0.993,0.425,0.0915,0.923,0.107,-24.976,0.0445,104.008,0.218,3.0
1581,1581,2026-03-03 16:25:00,Randy Newman,I Will Go Sailing No More,177853,0.0494036111111111,2.9642166666666667,16,3,Tuesday,False,2026-03,I Will Go Sailing No More Randy Newman,0.928,0.19,0.0991,0.0037,0.12,-14.478,0.0311,83.447,0.0578,3.0
1582,1582,2026-03-03 16:28:00,Danny Elfman,What's This?,185440,0.0515111111111111,3.0906666666666665,16,3,Tuesday,False,2026-03,What's This? Danny Elfman,,,,,,,,,,
1583,1583,2026-03-03 16:32:00,Michael Giacchino,Married Life,250573,0.0696036111111111,4.176216666666667,16,3,Tuesday,False,2026-03,Married Life Michael Giacchino,0.97,0.278,0.0675,0.732,0.0812,-20.946,0.04,82.626,0.112,3.0
1584,1584,2026-03-03 16:34:00,One Piano,Prince Ali,152522,0.0423672222222222,2.5420333333333334,16,3,Tuesday,False,2026-03,Prince Ali One Piano,0.99,0.524,0.0934,0.945,0.113,-21.961,0.0462,132.465,0.214,3.0
1585,1585,2026-03-03 16:36:00,Manu Guix,Astres,111,3.0833333333333335e-05,0.00185,16,3,Tuesday,True,2026-03,Astres Manu Guix,,,,,,,,,,
1586,1586,2026-03-03 16:36:00,Manu Guix,Astres,0,0.0,0.0,16,3,Tuesday,True,2026-03,Astres Manu Guix,,,,,,,,,,
1587,1587,2026-03-03 16:36:00,Jordi Doncos,Preparaos,101613,0.0282258333333333,1.69355,16,3,Tuesday,False,2026-03,Preparaos Jordi Doncos,,,,,,,,,,
1588,1588,2026-03-03 16:42:00,Albert Sergi,Conspirar (with Damaris Martinez & Jorge Ahijado),272480,0.0756888888888888,4.541333333333333,16,3,Tuesday,False,2026-03,Conspirar (with Damaris Martinez & Jorge Ahijado) Albert Sergi,0.242,0.5,0.829,3.91e-06,0.0662,-6.867,0.17,123.954,0.674,2.0
1589,1589,2026-03-03 16:46:00,Jordi Doncos,Preparaos,219880,0.0610777777777777,3.6646666666666663,16,3,Tuesday,False,2026-03,Preparaos Jordi Doncos,,,,,,,,,,
1590,1590,2026-03-03 16:46:00,Albert Sergi,Conspirar (with Damaris Martinez & Jorge Ahijado),8758,0.0024327777777777,0.1459666666666666,16,3,Tuesday,True,2026-03,Conspirar (with Damaris Martinez & Jorge Ahijado) Albert Sergi,0.242,0.5,0.829,3.91e-06,0.0662,-6.867,0.17,123.954,0.674,2.0
1591,1591,2026-03-03 16:48:00,One Piano,Be Prepared,115917,0.0321991666666666,1.93195,16,3,Tuesday,False,2026-03,Be Prepared One Piano,0.965,0.304,0.161,0.896,0.108,-21.777,0.0445,62.742,0.069,3.0
1592,1592,2026-03-03 16:51:00,Gisela,Mucho más allá,195027,0.0541741666666666,3.25045,16,3,Tuesday,False,2026-03,Mucho más allá Gisela,0.826,0.319,0.396,0.000183,0.153,-7.805,0.0415,157.709,0.322,1.0
1593,1593,2026-03-03 16:53:00,Miguel Antelo,Cuando madure,111267,0.0309075,1.85445,16,3,Tuesday,False,2026-03,Cuando madure Miguel Antelo,0.763,0.647,0.421,0.0,0.164,-5.258,0.121,116.383,0.454,1.0
1594,1594,2026-03-03 17:00:00,Hans Zimmer,Jack Sparrow,365427,0.1015075,6.09045,17,3,Tuesday,False,2026-03,Jack Sparrow Hans Zimmer,0.759,0.335,0.323,0.824,0.0717,-14.71,0.0564,91.599,0.291,1.0
1595,1595,2026-03-03 17:03:00,Randy Newman,Strange Things,198587,0.0551630555555555,3.3097833333333333,17,3,Tuesday,False,2026-03,Strange Things Randy Newman,,,,,,,,,,
1596,1596,2026-03-03 17:26:00,One Piano,Be Prepared,49057,0.0136269444444444,0.8176166666666667,17,3,Tuesday,False,2026-03,Be Prepared One Piano,0.965,0.304,0.161,0.896,0.108,-21.777,0.0445,62.742,0.069,3.0
1597,1597,2026-03-04 06:00:00,Meryl Streep,"The Winner Takes It All - From ""Mamma Mia!""",27210,0.0075583333333333,0.4535,6,3,Wednesday,True,2026-03,"The Winner Takes It All - From ""Mamma Mia!"" Meryl Streep",0.67,0.278,0.373,0.0,0.105,-8.077,0.0327,82.69,0.264,1.0
1598,1598,2026-03-04 06:15:00,Michael Ball,Empty Chairs At Empty Tables - Live,22578,0.0062716666666666,0.3763,6,3,Wednesday,True,2026-03,Empty Chairs At Empty Tables - Live Michael Ball,0.917,0.252,0.187,0.000324,0.681,-21.692,0.0783,87.449,0.09,3.0
1599,1599,2026-03-04 06:20:00,Michael Ball,Empty Chairs At Empty Tables,6954,0.0019316666666666,0.1159,6,3,Wednesday,True,2026-03,Empty Chairs At Empty Tables Michael Ball,0.944,0.3,0.252,0.000653,0.115,-11.327,0.0322,95.282,0.136,3.0
1600,1600,2026-03-04 06:25:00,Guns N' Roses,Estranged,12038,0.0033438888888888,0.2006333333333333,6,3,Wednesday,True,2026-03,Estranged Guns N' Roses,0.0105,0.358,0.762,0.282,0.368,-8.323,0.0324,89.246,0.168,0.0
1601,1601,2026-03-04 06:30:00,Nstens1117,The Flash Vs. Arrow,15027,0.0041741666666666,0.25045,6,3,Wednesday,True,2026-03,The Flash Vs. Arrow Nstens1117,0.00178,0.262,0.851,0.824,0.115,-8.244,0.0473,130.921,0.14,0.0
1602,1602,2026-03-04 06:35:00,Els Amics De Les Arts,Déja-Vu,11936,0.0033155555555555,0.1989333333333333,6,3,Wednesday,True,2026-03,Déja-Vu Els Amics De Les Arts,0.74,0.583,0.503,0.0,0.309,-11.532,0.133,174.978,0.273,1.0
1603,1603,2026-03-04 06:40:00,Eddie Redmayne,A Heart Full Of Love,25378,0.0070494444444444,0.4229666666666666,6,3,Wednesday,True,2026-03,A Heart Full Of Love Eddie Redmayne,0.974,0.246,0.0987,5.78e-05,0.108,-19.41,0.0412,169.452,0.181,3.0
1604,1604,2026-03-04 07:55:00,One Piano,Prince Ali,3594,0.0009983333333333,0.0599,7,3,Wednesday,True,2026-03,Prince Ali One Piano,0.99,0.524,0.0934,0.945,0.113,-21.961,0.0462,132.465,0.214,3.0
1605,1605,2026-03-04 07:55:00,Randy Newman,I Will Go Sailing No More,1260,0.00035,0.021,7,3,Wednesday,True,2026-03,I Will Go Sailing No More Randy Newman,0.928,0.19,0.0991,0.0037,0.12,-14.478,0.0311,83.447,0.0578,3.0
1606,1606,2026-03-04 07:58:00,Los Cantaseries,"No Se Que Va a Ser de Mi (De ""Toy Story"")",197067,0.0547408333333333,3.28445,7,3,Wednesday,False,2026-03,"No Se Que Va a Ser de Mi (De ""Toy Story"") Los Cantaseries",0.351,0.678,0.629,5.4e-05,0.168,-9.195,0.0275,136.0,0.881,2.0
1607,1607,2026-03-04 08:03:00,Albert Sergi,Conspirar (with Damaris Martinez & Jorge Ahijado),272480,0.0756888888888888,4.541333333333333,8,3,Wednesday,False,2026-03,Conspirar (with Damaris Martinez & Jorge Ahijado) Albert Sergi,0.242,0.5,0.829,3.91e-06,0.0662,-6.867,0.17,123.954,0.674,2.0
1608,1608,2026-03-04 08:05:00,Josh Gad,When I Am Older,111452,0.0309588888888888,1.8575333333333333,8,3,Wednesday,False,2026-03,When I Am Older Josh Gad,0.708,0.754,0.326,0.0,0.103,-7.001,0.243,117.004,0.435,1.0
1609,1609,2026-03-04 08:09:00,Michael Giacchino,Married Life,250573,0.0696036111111111,4.176216666666667,8,3,Wednesday,False,2026-03,Married Life Michael Giacchino,0.97,0.278,0.0675,0.732,0.0812,-20.946,0.04,82.626,0.112,3.0
1610,1610,2026-03-04 08:13:00,Jordi Doncos,Preparaos,219880,0.0610777777777777,3.6646666666666663,8,3,Wednesday,False,2026-03,Preparaos Jordi Doncos,,,,,,,,,,
1611,1611,2026-03-04 08:16:00,AURORA,Into the Unknown,199960,0.0555444444444444,3.332666666666667,8,3,Wednesday,False,2026-03,Into the Unknown AURORA,0.849,0.321,0.405,0.000544,0.138,-8.533,0.0412,146.072,0.274,1.0
1612,1612,2026-03-04 08:19:00,The Citizens of Halloween,This Is Halloween,196187,0.0544963888888888,3.2697833333333333,8,3,Wednesday,False,2026-03,This Is Halloween The Citizens of Halloween,,,,,,,,,,
1613,1613,2026-03-04 08:22:00,Josema Yuste,Príncipe Ali,172773,0.0479925,2.87955,8,3,Wednesday,False,2026-03,Príncipe Ali Josema Yuste,0.732,0.524,0.486,0.0,0.17,-11.4,0.0921,104.283,0.668,2.0
1614,1614,2026-03-04 08:23:00,One Piano,On My Own,723,0.0002008333333333,0.01205,8,3,Wednesday,True,2026-03,On My Own One Piano,0.882,0.452,0.196,0.918,0.11,-16.18,0.0535,115.98,0.177,3.0
1615,1615,2026-03-04 08:24:00,José María Guzmán,No dejaré que te eches a perder,125787,0.0349408333333333,2.09645,8,3,Wednesday,False,2026-03,No dejaré que te eches a perder José María Guzmán,0.565,0.587,0.901,1.49e-05,0.163,-7.118,0.0442,106.151,0.88,2.0
1616,1616,2026-03-04 08:28:00,Randy Newman,Strange Things,198587,0.0551630555555555,3.3097833333333333,8,3,Wednesday,False,2026-03,Strange Things Randy Newman,,,,,,,,,,
1617,1617,2026-03-04 08:31:00,Patrik Pietschmann,"Into the Unknown (From ""Frozen 2"") - Piano Version",187224,0.0520066666666666,3.1204,8,3,Wednesday,False,2026-03,"Into the Unknown (From ""Frozen 2"") - Piano Version Patrik Pietschmann",,,,,,,,,,
1618,1618,2026-03-04 08:34:00,Michael Giacchino,The Glory Days,212133,0.0589258333333333,3.53555,8,3,Wednesday,False,2026-03,The Glory Days Michael Giacchino,0.732,0.334,0.262,0.388,0.235,-14.193,0.0391,80.446,0.145,3.0
1619,1619,2026-03-04 08:41:00,Hans Zimmer,Jack Sparrow,365427,0.1015075,6.09045,8,3,Wednesday,False,2026-03,Jack Sparrow Hans Zimmer,0.759,0.335,0.323,0.824,0.0717,-14.71,0.0564,91.599,0.291,1.0
1620,1620,2026-03-04 08:44:00,One Piano,Friend Like Me,186667,0.0518519444444444,3.1111166666666668,8,3,Wednesday,False,2026-03,Friend Like Me One Piano,0.993,0.425,0.0915,0.923,0.107,-24.976,0.0445,104.008,0.218,3.0
1621,1621,2026-03-04 08:46:00,Josema Yuste,Un Genio Genial,148947,0.0413741666666666,2.48245,8,3,Wednesday,False,2026-03,Un Genio Genial Josema Yuste,0.553,0.678,0.629,0.0,0.391,-10.626,0.117,97.983,0.734,2.0
1622,1622,2026-03-04 08:49:00,Robin Williams,Friend Like Me,146440,0.0406777777777777,2.4406666666666665,8,3,Wednesday,False,2026-03,Friend Like Me Robin Williams,0.621,0.648,0.478,0.0,0.703,-13.584,0.145,98.412,0.653,2.0
1623,1623,2026-03-04 08:53:00,Flavio,Quiero Ser Como Tú,241587,0.0671075,4.02645,8,3,Wednesday,False,2026-03,Quiero Ser Como Tú Flavio,,,,,,,,,,
1624,1624,2026-03-04 08:56:00,Jeremy Irons,Be Prepared,220213,0.0611702777777777,3.6702166666666662,8,3,Wednesday,False,2026-03,Be Prepared Jeremy Irons,0.303,0.709,0.536,0.0,0.102,-11.317,0.116,121.782,0.393,2.0
1625,1625,2026-03-04 08:59:00,Danny Elfman,What's This?,185440,0.0515111111111111,3.0906666666666665,8,3,Wednesday,False,2026-03,What's This? Danny Elfman,,,,,,,,,,
1626,1626,2026-03-04 09:03:00,One Piano,Be Prepared,231120,0.0642,3.852,9,3,Wednesday,False,2026-03,Be Prepared One Piano,0.965,0.304,0.161,0.896,0.108,-21.777,0.0445,62.742,0.069,3.0
1627,1627,2026-03-04 09:06:00,One Piano,Prince Ali,182250,0.050625,3.0375,9,3,Wednesday,False,2026-03,Prince Ali One Piano,0.99,0.524,0.0934,0.945,0.113,-21.961,0.0462,132.465,0.214,3.0
1628,1628,2026-03-04 09:09:00,Randy Newman,I Will Go Sailing No More,177853,0.0494036111111111,2.9642166666666667,9,3,Wednesday,False,2026-03,I Will Go Sailing No More Randy Newman,0.928,0.19,0.0991,0.0037,0.12,-14.478,0.0311,83.447,0.0578,3.0
1629,1629,2026-03-04 09:13:00,Los Cantaseries,"No Se Que Va a Ser de Mi (De ""Toy Story"")",197067,0.0547408333333333,3.28445,9,3,Wednesday,False,2026-03,"No Se Que Va a Ser de Mi (De ""Toy Story"") Los Cantaseries",0.351,0.678,0.629,5.4e-05,0.168,-9.195,0.0275,136.0,0.881,2.0
1630,1630,2026-03-04 09:17:00,Albert Sergi,Conspirar (with Damaris Martinez & Jorge Ahijado),272480,0.0756888888888888,4.541333333333333,9,3,Wednesday,False,2026-03,Conspirar (with Damaris Martinez & Jorge Ahijado) Albert Sergi,0.242,0.5,0.829,3.91e-06,0.0662,-6.867,0.17,123.954,0.674,2.0
1631,1631,2026-03-04 09:19:00,Josh Gad,When I Am Older,111452,0.0309588888888888,1.8575333333333333,9,3,Wednesday,False,2026-03,When I Am Older Josh Gad,0.708,0.754,0.326,0.0,0.103,-7.001,0.243,117.004,0.435,1.0
1632,1632,2026-03-04 09:23:00,Michael Giacchino,Married Life,250573,0.0696036111111111,4.176216666666667,9,3,Wednesday,False,2026-03,Married Life Michael Giacchino,0.97,0.278,0.0675,0.732,0.0812,-20.946,0.04,82.626,0.112,3.0
1633,1633,2026-03-04 09:27:00,Jordi Doncos,Preparaos,219880,0.0610777777777777,3.6646666666666663,9,3,Wednesday,False,2026-03,Preparaos Jordi Doncos,,,,,,,,,,
1634,1634,2026-03-04 09:30:00,AURORA,Into the Unknown,199960,0.0555444444444444,3.332666666666667,9,3,Wednesday,False,2026-03,Into the Unknown AURORA,0.849,0.321,0.405,0.000544,0.138,-8.533,0.0412,146.072,0.274,1.0
1635,1635,2026-03-04 09:34:00,The Citizens of Halloween,This Is Halloween,196187,0.0544963888888888,3.2697833333333333,9,3,Wednesday,False,2026-03,This Is Halloween The Citizens of Halloween,,,,,,,,,,
1636,1636,2026-03-04 09:34:00,Unknown Artist,Unknown Track,2508,0.0006966666666666,0.0418,9,3,Wednesday,True,2026-03,Unknown Track Unknown Artist,,,,,,,,,,
1637,1637,2026-03-04 09:34:00,Josema Yuste,Príncipe Ali,5980,0.0016611111111111,0.0996666666666666,9,3,Wednesday,True,2026-03,Príncipe Ali Josema Yuste,0.732,0.524,0.486,0.0,0.17,-11.4,0.0921,104.283,0.668,2.0
1638,1638,2026-03-04 09:38:00,Unknown Artist,Unknown Track,36676,0.0101877777777777,0.6112666666666666,9,3,Wednesday,False,2026-03,Unknown Track Unknown Artist,,,,,,,,,,
1639,1639,2026-03-04 09:38:00,Meryl Streep,Slipping Through My Fingers - From 'Mamma Mia!' Original Motion Picture Soundtrack,206773,0.0574369444444444,3.4462166666666665,9,3,Wednesday,False,2026-03,Slipping Through My Fingers - From 'Mamma Mia!' Original Motion Picture Soundtrack Meryl Streep,0.507,0.463,0.489,0.0,0.165,-7.968,0.0288,140.034,0.249,0.0
1640,1640,2026-03-04 09:48:00,Lorien Testard,Une vie à t'aimer,605512,0.1681977777777777,10.091866666666666,9,3,Wednesday,False,2026-03,Une vie à t'aimer Lorien Testard,0.0634,0.16,0.862,3.65e-06,0.366,-4.397,0.288,179.986,0.0652,0.0
1641,1641,2026-03-04 09:54:00,Peter Gabriel,My Body Is A Cage,367906,0.1021961111111111,6.131766666666667,9,3,Wednesday,False,2026-03,My Body Is A Cage Peter Gabriel,0.849,0.341,0.114,0.0938,0.104,-12.885,0.0341,78.912,0.0806,3.0
1642,1642,2026-03-04 09:57:00,Amanda Seyfried,Gimme! Gimme! Gimme! (A Man After Midnight) - From 'Mamma Mia!' Original Motion Picture Soundtrack,209143,0.0580952777777777,3.485716666666667,9,3,Wednesday,False,2026-03,Gimme! Gimme! Gimme! (A Man After Midnight) - From 'Mamma Mia!' Original Motion Picture Soundtrack Amanda Seyfried,0.021,0.628,0.836,0.000513,0.416,-4.776,0.0301,120.045,0.571,2.0
1643,1643,2026-03-04 10:01:00,Phillip Phillips,"Gone, Gone, Gone",209472,0.0581866666666666,3.4912,10,3,Wednesday,False,2026-03,"Gone, Gone, Gone Phillip Phillips",0.129,0.664,0.642,0.0,0.114,-5.961,0.038,118.006,0.501,2.0
1644,1644,2026-03-04 10:01:00,Unknown Artist,Unknown Track,8019,0.0022275,0.13365,10,3,Wednesday,True,2026-03,Unknown Track Unknown Artist,,,,,,,,,,
1645,1645,2026-03-04 10:01:00,Unknown Artist,Unknown Track,4101,0.0011391666666666,0.06835,10,3,Wednesday,True,2026-03,Unknown Track Unknown Artist,,,,,,,,,,
1646,1646,2026-03-04 10:05:00,Hozier,"Blood Upon the Snow (From ""God of War Ragnarök"" Soundtrack)",244060,0.0677944444444444,4.067666666666667,10,3,Wednesday,False,2026-03,"Blood Upon the Snow (From ""God of War Ragnarök"" Soundtrack) Hozier",0.442,0.323,0.301,0.00131,0.164,-13.564,0.0344,126.221,0.276,1.0
1647,1647,2026-03-04 10:10:00,Hans Zimmer,Pirates of the Caribbean Suite: Part 2 - Live,280521,0.0779225,4.67535,10,3,Wednesday,False,2026-03,Pirates of the Caribbean Suite: Part 2 - Live Hans Zimmer,0.0428,0.0987,0.119,0.326,0.337,-18.709,0.0329,84.529,0.0577,3.0
1648,1648,2026-03-04 10:13:00,Lorien Testard,Lumière,201380,0.0559388888888888,3.356333333333333,10,3,Wednesday,False,2026-03,Lumière Lorien Testard,0.95,0.426,0.185,5.02e-06,0.213,-11.717,0.0339,83.424,0.459,1.0
1649,1649,2026-03-04 10:14:00,Nicholas Britell,"End Credits - ""Action That""",101467,0.0281852777777777,1.6911166666666666,10,3,Wednesday,False,2026-03,"End Credits - ""Action That"" Nicholas Britell",0.153,0.071,0.396,0.939,0.112,-13.447,0.0476,68.054,0.07,0.0
1650,1650,2026-03-04 10:18:00,Billie Eilish,No Time To Die,216487,0.0601352777777777,3.608116666666666,10,3,Wednesday,False,2026-03,No Time To Die Billie Eilish,0.824,0.227,0.125,0.00575,0.0794,-19.111,0.0416,77.651,0.0396,3.0
1651,1651,2026-03-04 10:18:00,Unknown Artist,Unknown Track,7261,0.0020169444444444,0.1210166666666666,10,3,Wednesday,True,2026-03,Unknown Track Unknown Artist,,,,,,,,,,
1652,1652,2026-03-04 10:18:00,Unknown Artist,Unknown Track,3135,0.0008708333333333,0.05225,10,3,Wednesday,True,2026-03,Unknown Track Unknown Artist,,,,,,,,,,
1653,1653,2026-03-04 10:22:00,The Rolling Stones,Gimme Shelter,267090,0.0741916666666666,4.4515,10,3,Wednesday,False,2026-03,Gimme Shelter The Rolling Stones,0.447,0.634,0.63,0.039,0.17,-8.277,0.031,118.628,0.489,2.0
1654,1654,2026-03-04 10:25:00,Henry Jackman,Frankenstein's Monster,170533,0.0473702777777777,2.842216666666667,10,3,Wednesday,False,2026-03,Frankenstein's Monster Henry Jackman,0.596,0.147,0.331,0.866,0.114,-11.869,0.0344,68.159,0.0395,3.0
1655,1655,2026-03-04 10:29:00,Nirvana,Something In The Way,219103,0.0608619444444444,3.6517166666666663,10,3,Wednesday,False,2026-03,Something In The Way Nirvana,0.745,0.427,0.201,0.263,0.109,-13.044,0.0317,105.218,0.0668,1.0
1656,1656,2026-03-04 10:32:00,Jordi Doncos,Preparaos,196270,0.0545194444444444,3.271166666666667,10,3,Wednesday,False,2026-03,Preparaos Jordi Doncos,,,,,,,,,,
1657,1657,2026-03-04 10:36:00,Johnny Cash,Hurt,216533,0.0601480555555555,3.608883333333333,10,3,Wednesday,False,2026-03,Hurt Johnny Cash,0.649,0.534,0.392,0.000227,0.0948,-7.636,0.0267,90.379,0.163,1.0
1658,1658,2026-03-04 10:36:00,Unknown Artist,Unknown Track,8228,0.0022855555555555,0.1371333333333333,10,3,Wednesday,True,2026-03,Unknown Track Unknown Artist,,,,,,,,,,
1659,1659,2026-03-04 10:36:00,Unknown Artist,Unknown Track,3030,0.0008416666666666,0.0505,10,3,Wednesday,True,2026-03,Unknown Track Unknown Artist,,,,,,,,,,
1660,1660,2026-03-04 10:41:00,a-ha,The Living Daylights - MTV Unplugged,311175,0.0864375,5.18625,10,3,Wednesday,False,2026-03,The Living Daylights - MTV Unplugged a-ha,0.265,0.581,0.762,9.8e-06,0.2,-8.54,0.0409,110.932,0.436,2.0
1661,1661,2026-03-04 10:43:00,Himesh Patel,Help! - Live At Pier Hotel,125808,0.0349466666666666,2.0968,10,3,Wednesday,False,2026-03,Help! - Live At Pier Hotel Himesh Patel,0.000123,0.342,0.968,7.38e-06,0.38,-6.206,0.2,113.016,0.126,0.0
1662,1662,2026-03-04 10:49:00,Anotnia Thomas,I'm Gonna Be (500 Miles),354668,0.0985188888888888,5.911133333333333,10,3,Wednesday,False,2026-03,I'm Gonna Be (500 Miles) Anotnia Thomas,0.85,0.441,0.252,0.000138,0.114,-8.6,0.0337,139.853,0.502,1.0
1663,1663,2026-03-04 10:53:00,Sam Smith,"Writing's On The Wall - From ""Spectre"" Soundtrack",265580,0.0737722222222222,4.426333333333333,10,3,Wednesday,False,2026-03,"Writing's On The Wall - From ""Spectre"" Soundtrack Sam Smith",0.769,0.261,0.302,2.57e-06,0.0863,-8.19,0.0339,81.418,0.0883,1.0
1664,1664,2026-03-04 10:56:00,The Greg Kihn Band,The Breakup Song,169707,0.0471408333333333,2.82845,10,3,Wednesday,False,2026-03,The Breakup Song The Greg Kihn Band,0.032,0.695,0.887,4.9e-05,0.234,-4.417,0.0291,141.541,0.965,2.0
1665,1665,2026-03-04 10:56:00,Unknown Artist,Unknown Track,11154,0.0030983333333333,0.1859,10,3,Wednesday,True,2026-03,Unknown Track Unknown Artist,,,,,,,,,,
1666,1666,2026-03-04 10:56:00,Unknown Artist,Unknown Track,3135,0.0008708333333333,0.05225,10,3,Wednesday,True,2026-03,Unknown Track Unknown Artist,,,,,,,,,,
1667,1667,2026-03-04 10:58:00,Madonna,Like a Prayer - Battle Royale Mix from “Deadpool & Wolverine”,127506,0.0354183333333333,2.1251,10,3,Wednesday,False,2026-03,Like a Prayer - Battle Royale Mix from “Deadpool & Wolverine” Madonna,0.146,0.317,0.606,6.9e-05,0.0772,-10.073,0.0411,116.01,0.118,0.0
1668,1668,2026-03-04 11:01:00,Childish Gambino,Lithonia,153239,0.0425663888888888,2.553983333333333,11,3,Wednesday,False,2026-03,Lithonia Childish Gambino,0.0948,0.415,0.383,0.0,0.118,-7.629,0.0287,140.102,0.172,0.0
1669,1669,2026-03-04 11:05:00,Fleetwood Mac,The Chain - 2004 Remaster,259362,0.072045,4.3227,11,3,Wednesday,False,2026-03,The Chain - 2004 Remaster Fleetwood Mac,,,,,,,,,,
1670,1670,2026-03-04 11:10:00,The Verve,Bitter Sweet Symphony - Remastered 2016,308958,0.0858216666666666,5.1493,11,3,Wednesday,False,2026-03,Bitter Sweet Symphony - Remastered 2016 The Verve,0.0299,0.358,0.916,0.0,0.595,-5.958,0.0497,171.133,0.498,0.0
1671,1671,2026-03-04 12:55:00,Unknown Artist,Unknown Track,3500,0.0009722222222222,0.0583333333333333,12,3,Wednesday,True,2026-03,Unknown Track Unknown Artist,,,,,,,,,,
1672,1672,2026-03-04 12:55:00,David Bowie,Space Oddity - 2015 Remaster,301201,0.0836669444444444,5.020016666666667,12,3,Wednesday,False,2026-03,Space Oddity - 2015 Remaster David Bowie,0.0726,0.31,0.403,9.27e-05,0.139,-13.664,0.0326,134.48,0.466,0.0
1673,1673,2026-03-04 12:55:00,Unknown Artist,Unknown Track,21629,0.0060080555555555,0.3604833333333333,12,3,Wednesday,True,2026-03,Unknown Track Unknown Artist,,,,,,,,,,
1674,1674,2026-03-04 12:59:00,Scott Bradlee's Postmodern Jukebox,Seven Nation Army,229082,0.0636338888888888,3.818033333333333,12,3,Wednesday,False,2026-03,Seven Nation Army Scott Bradlee's Postmodern Jukebox,0.708,0.485,0.513,0.0,0.508,-5.91,0.0614,90.374,0.385,1.0
1675,1675,2026-03-04 13:01:00,Melissa Benoist,Moon River,120137,0.0333713888888888,2.002283333333333,13,3,Wednesday,False,2026-03,Moon River Melissa Benoist,0.938,0.29,0.154,0.0,0.118,-11.548,0.033,65.924,0.185,3.0
1676,1676,2026-03-04 13:06:00,Ted Neeley,"Gethsemane (I Only Wanted To Say) - From ""Jesus Christ Superstar"" Soundtrack",270354,0.0750983333333333,4.5059,13,3,Wednesday,False,2026-03,"Gethsemane (I Only Wanted To Say) - From ""Jesus Christ Superstar"" Soundtrack Ted Neeley",0.385,0.412,0.472,0.000685,0.125,-10.156,0.0477,137.26,0.311,0.0
1677,1677,2026-03-04 16:22:00,Fleetwood Mac,The Chain - 2004 Remaster,6424,0.0017844444444444,0.1070666666666666,16,3,Wednesday,True,2026-03,The Chain - 2004 Remaster Fleetwood Mac,,,,,,,,,,
1678,1678,2026-03-04 16:22:00,Childish Gambino,Lithonia,0,0.0,0.0,16,3,Wednesday,True,2026-03,Lithonia Childish Gambino,0.0948,0.415,0.383,0.0,0.118,-7.629,0.0287,140.102,0.172,0.0
1679,1679,2026-03-04 16:25:00,Childish Gambino,Lithonia,164601,0.0457225,2.74335,16,3,Wednesday,False,2026-03,Lithonia Childish Gambino,0.0948,0.415,0.383,0.0,0.118,-7.629,0.0287,140.102,0.172,0.0
1680,1680,2026-03-04 16:29:00,The Verve,Bitter Sweet Symphony - Remastered 2016,9482,0.0026338888888888,0.1580333333333333,16,3,Wednesday,True,2026-03,Bitter Sweet Symphony - Remastered 2016 The Verve,0.0299,0.358,0.916,0.0,0.595,-5.958,0.0497,171.133,0.498,0.0
1681,1681,2026-03-04 16:29:00,Fleetwood Mac,The Chain - 2004 Remaster,259362,0.072045,4.3227,16,3,Wednesday,False,2026-03,The Chain - 2004 Remaster Fleetwood Mac,,,,,,,,,,
1682,1682,2026-03-04 16:29:00,David Bowie,Space Oddity - 2015 Remaster,8417,0.0023380555555555,0.1402833333333333,16,3,Wednesday,True,2026-03,Space Oddity - 2015 Remaster David Bowie,0.0726,0.31,0.403,9.27e-05,0.139,-13.664,0.0326,134.48,0.466,0.0
1683,1683,2026-03-04 16:30:00,Unknown Artist,Unknown Track,21629,0.0060080555555555,0.3604833333333333,16,3,Wednesday,True,2026-03,Unknown Track Unknown Artist,,,,,,,,,,
1684,1684,2026-03-04 16:34:00,Melissa Benoist,Moon River,32746,0.0090961111111111,0.5457666666666666,16,3,Wednesday,False,2026-03,Moon River Melissa Benoist,0.938,0.29,0.154,0.0,0.118,-11.548,0.033,65.924,0.185,3.0
1685,1685,2026-03-04 16:34:00,Scott Bradlee's Postmodern Jukebox,Seven Nation Army,229083,0.0636341666666666,3.81805,16,3,Wednesday,False,2026-03,Seven Nation Army Scott Bradlee's Postmodern Jukebox,0.708,0.485,0.513,0.0,0.508,-5.91,0.0614,90.374,0.385,1.0
1686,1686,2026-03-04 18:25:00,Ted Neeley,"Gethsemane (I Only Wanted To Say) - From ""Jesus Christ Superstar"" Soundtrack",186480,0.0518,3.108,18,3,Wednesday,False,2026-03,"Gethsemane (I Only Wanted To Say) - From ""Jesus Christ Superstar"" Soundtrack Ted Neeley",0.385,0.412,0.472,0.000685,0.125,-10.156,0.0477,137.26,0.311,0.0
1687,1687,2026-03-05 06:20:00,Menaix a Truà,No em Deixis Mai,5322,0.0014783333333333,0.0887,6,3,Thursday,True,2026-03,No em Deixis Mai Menaix a Truà,0.371,0.711,0.503,0.413,0.107,-9.277,0.0279,122.01,0.678,2.0
1688,1688,2026-03-05 06:25:00,Violet Orlandi,Zombie,3725,0.0010347222222222,0.0620833333333333,6,3,Thursday,True,2026-03,Zombie Violet Orlandi,,,,,,,,,,
1689,1689,2026-03-05 06:30:00,Gabriella Quevedo,That's Life,6248,0.0017355555555555,0.1041333333333333,6,3,Thursday,True,2026-03,That's Life Gabriella Quevedo,0.659,0.485,0.442,0.792,0.132,-8.909,0.0539,109.537,0.345,1.0
1690,1690,2026-03-05 06:40:00,Joel Minguet,Hora de Estrellas,5215,0.0014486111111111,0.0869166666666666,6,3,Thursday,True,2026-03,Hora de Estrellas Joel Minguet,0.139,0.419,0.524,0.071,0.1,-11.297,0.041,128.672,0.275,0.0
1691,1691,2026-03-05 06:55:00,Jonas Kvarnström,"Skyfall - From "" Skyfall - James Bond""",22252,0.0061811111111111,0.3708666666666667,6,3,Thursday,True,2026-03,"Skyfall - From "" Skyfall - James Bond"" Jonas Kvarnström",0.976,0.528,0.258,0.86,0.136,-12.297,0.0279,75.016,0.19,1.0
1692,1692,2026-03-05 08:00:00,Nicholas Britell,Succession (Main Title Theme) - Orchestral Intro Version,95611,0.0265586111111111,1.5935166666666667,8,3,Thursday,False,2026-03,Succession (Main Title Theme) - Orchestral Intro Version Nicholas Britell,0.00301,0.35,0.38,0.869,0.108,-11.139,0.0351,140.25,0.0378,0.0
1693,1693,2026-03-05 08:05:00,Unknown Artist,Unknown Track,3788,0.0010522222222222,0.0631333333333333,8,3,Thursday,True,2026-03,Unknown Track Unknown Artist,,,,,,,,,,
1694,1694,2026-03-05 08:05:00,Unknown Artist,Unknown Track,9534,0.0026483333333333,0.1589,8,3,Thursday,True,2026-03,Unknown Track Unknown Artist,,,,,,,,,,
1695,1695,2026-03-05 08:05:00,Murray Gold,Doomsday,309707,0.0860297222222222,5.161783333333333,8,3,Thursday,False,2026-03,Doomsday Murray Gold,,,,,,,,,,
1696,1696,2026-03-05 08:08:00,Paul Engemann,Scarface (Push It To The Limit),170000,0.0472222222222222,2.833333333333333,8,3,Thursday,False,2026-03,Scarface (Push It To The Limit) Paul Engemann,0.0299,0.571,0.609,2.89e-06,0.66,-10.691,0.0324,156.203,0.27,0.0
1697,1697,2026-03-05 08:10:00,JAŸ-Z,No Church In The Wild,124042,0.0344561111111111,2.0673666666666666,8,3,Thursday,False,2026-03,No Church In The Wild JAŸ-Z,0.269,0.676,0.726,0.0238,0.136,-8.261,0.0928,92.804,0.569,2.0
1698,1698,2026-03-06 05:55:00,Els Amics De Les Arts,Semblava Que Fossis Tu,17626,0.0048961111111111,0.2937666666666667,5,3,Friday,True,2026-03,Semblava Que Fossis Tu Els Amics De Les Arts,0.162,0.708,0.738,2e-05,0.145,-4.783,0.0384,125.041,0.43,2.0
1699,1699,2026-03-06 06:00:00,Evan Rachel Wood,"Black Bird - From ""Across The Universe"" Soundtrack",5230,0.0014527777777777,0.0871666666666666,6,3,Friday,True,2026-03,"Black Bird - From ""Across The Universe"" Soundtrack Evan Rachel Wood",,,,,,,,,,
1700,1700,2026-03-06 06:05:00,Murray Gold,Doomsday,4841,0.0013447222222222,0.0806833333333333,6,3,Friday,True,2026-03,Doomsday Murray Gold,,,,,,,,,,
1701,1701,2026-03-06 06:10:00,Nirvana,Pennyroyal Tea,8693,0.0024147222222222,0.1448833333333333,6,3,Friday,True,2026-03,Pennyroyal Tea Nirvana,0.000351,0.428,0.449,0.000498,0.253,-12.114,0.0342,113.308,0.196,0.0
1702,1702,2026-03-06 06:15:00,Russell Crowe,Javert's Suicide,3126,0.0008683333333333,0.0521,6,3,Friday,True,2026-03,Javert's Suicide Russell Crowe,0.682,0.417,0.336,0.0,0.348,-14.455,0.0858,106.928,0.234,1.0
1703,1703,2026-03-06 06:20:00,Els Amics De Les Arts,Apunto Shakespeare,6812,0.0018922222222222,0.1135333333333333,6,3,Friday,True,2026-03,Apunto Shakespeare Els Amics De Les Arts,0.508,0.465,0.434,5.1e-06,0.231,-10.548,0.0337,186.881,0.507,1.0
1704,1704,2026-03-06 06:25:00,Les Misérables - International Cast,Turning,3607,0.0010019444444444,0.0601166666666666,6,3,Friday,True,2026-03,Turning Les Misérables - International Cast,0.96,0.323,0.0335,0.0,0.116,-20.194,0.0501,85.874,0.266,3.0
1705,1705,2026-03-06 06:30:00,The Beatles,Something - Remastered 2009,13061,0.0036280555555555,0.2176833333333333,6,3,Friday,True,2026-03,Something - Remastered 2009 The Beatles,0.195,0.406,0.338,2.57e-06,0.138,-10.872,0.0303,132.875,0.379,0.0
1706,1706,2026-03-06 06:35:00,Nstens1117,Sherlock Theme,10207,0.0028352777777777,0.1701166666666666,6,3,Friday,True,2026-03,Sherlock Theme Nstens1117,0.0131,0.232,0.479,0.757,0.145,-6.853,0.0306,97.903,0.4,0.0
1707,1707,2026-03-06 06:40:00,Guns N' Roses,Sweet Child O' Mine,7019,0.0019497222222222,0.1169833333333333,6,3,Friday,True,2026-03,Sweet Child O' Mine Guns N' Roses,0.09,0.445,0.952,0.0843,0.112,-5.321,0.0522,125.304,0.624,2.0
1708,1708,2026-03-06 06:45:00,Nicholas Britell,"Roman's Beat - ""Hearts""",4143,0.0011508333333333,0.06905,6,3,Friday,True,2026-03,"Roman's Beat - ""Hearts"" Nicholas Britell",0.0536,0.8,0.714,0.869,0.0809,-8.447,0.028,88.14,0.504,2.0
1709,1709,2026-03-06 06:50:00,System Of A Down,Toxicity,15096,0.0041933333333333,0.2516,6,3,Friday,True,2026-03,Toxicity System Of A Down,0.000278,0.417,0.934,0.0015,0.132,-3.908,0.119,127.066,0.287,0.0
1710,1710,2026-03-06 06:50:00,Michael Giacchino,The Batman,1479,0.0004108333333333,0.02465,6,3,Friday,True,2026-03,The Batman Michael Giacchino,0.5,0.209,0.152,0.903,0.103,-16.519,0.0324,80.136,0.0482,3.0
1711,1711,2026-03-06 08:20:00,Hugh Jackman,Suddenly,5904,0.00164,0.0984,8,3,Friday,True,2026-03,Suddenly Hugh Jackman,0.918,0.366,0.123,5.53e-06,0.103,-21.941,0.148,74.849,0.143,3.0
1712,1712,2026-03-06 09:02:00,Hugh Jackman,Suddenly,146564,0.0407122222222222,2.442733333333333,9,3,Friday,False,2026-03,Suddenly Hugh Jackman,0.918,0.366,0.123,5.53e-06,0.103,-21.941,0.148,74.849,0.143,3.0
1713,1713,2026-03-06 09:04:00,One Piano,Drink With Me (To Days Gone By),150833,0.0418980555555555,2.513883333333333,9,3,Friday,False,2026-03,Drink With Me (To Days Gone By) One Piano,0.918,0.475,0.307,0.934,0.103,-14.519,0.0623,179.898,0.367,1.0
1714,1714,2026-03-06 09:08:00,Laura Marling,A Hard Rain's A-Gonna Fall,235123,0.0653119444444444,3.918716666666666,9,3,Friday,False,2026-03,A Hard Rain's A-Gonna Fall Laura Marling,0.295,0.593,0.424,0.00012,0.109,-11.988,0.0464,132.977,0.188,0.0
1715,1715,2026-03-06 09:12:00,Jennifer Ann,Mad World,244000,0.0677777777777777,4.066666666666666,9,3,Friday,False,2026-03,Mad World Jennifer Ann,0.882,0.29,0.233,4.45e-05,0.124,-11.668,0.0356,98.218,0.243,1.0
1716,1716,2026-03-06 09:17:00,Gabriella Quevedo,No Time to Die,270000,0.075,4.5,9,3,Friday,False,2026-03,No Time to Die Gabriella Quevedo,0.834,0.54,0.303,0.865,0.146,-10.025,0.0471,130.309,0.157,1.0
1717,1717,2026-03-06 09:19:00,The Runaways,Cherry Bomb,138707,0.0385297222222222,2.311783333333333,9,3,Friday,False,2026-03,Cherry Bomb The Runaways,0.0455,0.501,0.813,4.75e-05,0.131,-8.192,0.0639,136.59,0.495,0.0
1718,1718,2026-03-06 09:24:00,Antònia Font,Bamboo,266360,0.0739888888888889,4.439333333333333,9,3,Friday,False,2026-03,Bamboo Antònia Font,0.0696,0.504,0.516,0.0138,0.0969,-12.162,0.0284,104.017,0.364,0.0
1719,1719,2026-03-06 09:28:00,Anna Roig,Soc la flor,267800,0.0743888888888889,4.463333333333333,9,3,Friday,False,2026-03,Soc la flor Anna Roig,0.767,0.434,0.324,0.0513,0.0852,-13.635,0.0454,123.474,0.315,1.0
1720,1720,2026-03-06 09:34:00,David Arnold,The Problems of Your Future,332680,0.0924111111111111,5.544666666666667,9,3,Friday,False,2026-03,The Problems of Your Future David Arnold,,,,,,,,,,
1721,1721,2026-03-06 09:37:00,One Piano,Another Way to Die,181715,0.0504763888888888,3.028583333333333,9,3,Friday,False,2026-03,Another Way to Die One Piano,,,,,,,,,,
1722,1722,2026-03-06 09:39:00,The Beatles,Eleanor Rigby - Remastered 2009,126533,0.0351480555555555,2.108883333333333,9,3,Friday,False,2026-03,Eleanor Rigby - Remastered 2009 The Beatles,0.936,0.581,0.28,1.56e-05,0.305,-9.091,0.0381,137.831,0.813,1.0
1723,1723,2026-03-06 09:46:00,Patrik Pietschmann,The Dark Knight Main Theme - Piano Version,448078,0.1244661111111111,7.467966666666666,9,3,Friday,False,2026-03,The Dark Knight Main Theme - Piano Version Patrik Pietschmann,0.943,0.581,0.11,0.862,0.108,-19.787,0.038,110.049,0.0374,3.0
1724,1724,2026-03-06 09:50:00,Els Amics De Les Arts,Citant Mercè Rodoreda,237827,0.0660630555555555,3.963783333333333,9,3,Friday,False,2026-03,Citant Mercè Rodoreda Els Amics De Les Arts,0.133,0.734,0.793,4.03e-06,0.0626,-7.87,0.0426,102.021,0.757,2.0
1725,1725,2026-03-06 09:53:00,Antònia Font,Vitamina sol,159933,0.0444258333333333,2.66555,9,3,Friday,False,2026-03,Vitamina sol Antònia Font,0.794,0.274,0.431,8.09e-06,0.416,-9.385,0.0415,190.238,0.637,1.0
1726,1726,2026-03-06 09:56:00,William Ross,I Will Do What I Must,168507,0.0468075,2.80845,9,3,Friday,False,2026-03,I Will Do What I Must William Ross,0.238,0.103,0.604,0.98,0.103,-12.787,0.0498,77.379,0.0467,0.0
1727,1727,2026-03-06 09:59:00,Evan Rachel Wood,If I Fell,156813,0.0435591666666666,2.61355,9,3,Friday,False,2026-03,If I Fell Evan Rachel Wood,0.968,0.474,0.0663,4.73e-06,0.142,-17.908,0.0353,79.217,0.11,3.0
1728,1728,2026-03-06 10:01:00,One Piano,Hooked on a Feeling,164860,0.0457944444444444,2.7476666666666665,10,3,Friday,False,2026-03,Hooked on a Feeling One Piano,0.961,0.75,0.458,0.95,0.106,-9.363,0.0494,116.139,0.285,1.0
1729,1729,2026-03-06 10:06:00,‘Jesus Christ Superstar’ 1996 London Cast,Overture - Remastered 2005,255360,0.0709333333333333,4.256,10,3,Friday,False,2026-03,Overture - Remastered 2005 ‘Jesus Christ Superstar’ 1996 London Cast,,,,,,,,,,
1730,1730,2026-03-06 10:09:00,Johnny Cash,Redemption Song,207200,0.0575555555555555,3.453333333333333,10,3,Friday,False,2026-03,Redemption Song Johnny Cash,0.759,0.518,0.378,0.0,0.0883,-9.995,0.0342,113.541,0.518,1.0
1731,1731,2026-03-06 10:11:00,The Beatles,Yesterday - Remastered 2009,125667,0.0349075,2.09445,10,3,Friday,False,2026-03,Yesterday - Remastered 2009 The Beatles,0.879,0.332,0.179,0.0,0.0886,-11.83,0.0326,96.524,0.315,1.0
1732,1732,2026-03-06 10:16:00,Silent Poets,Almost Nothing (feat. Okay Kaya),0,0.0,0.0,10,3,Friday,True,2026-03,Almost Nothing (feat. Okay Kaya) Silent Poets,0.249,0.453,0.434,0.478,0.0894,-11.32,0.0291,108.016,0.0768,0.0
1733,1733,2026-03-06 10:16:00,Silent Poets,Almost Nothing (feat. Okay Kaya),275670,0.076575,4.5945,10,3,Friday,False,2026-03,Almost Nothing (feat. Okay Kaya) Silent Poets,0.249,0.453,0.434,0.478,0.0894,-11.32,0.0291,108.016,0.0768,0.0
1734,1734,2026-03-06 10:17:00,Silent Poets,Almost Nothing (feat. Okay Kaya),22894,0.0063594444444444,0.3815666666666666,10,3,Friday,True,2026-03,Almost Nothing (feat. Okay Kaya) Silent Poets,0.249,0.453,0.434,0.478,0.0894,-11.32,0.0291,108.016,0.0768,0.0
1735,1735,2026-03-06 10:31:00,Yvonne Elliman,"Peter's Denial - From ""Jesus Christ Superstar"" Soundtrack",12626,0.0035072222222222,0.2104333333333333,10,3,Friday,True,2026-03,"Peter's Denial - From ""Jesus Christ Superstar"" Soundtrack Yvonne Elliman",0.913,0.512,0.393,0.00021,0.139,-12.803,0.0534,116.6,0.546,1.0
1736,1736,2026-03-06 10:34:00,Yvonne Elliman,"Peter's Denial - From ""Jesus Christ Superstar"" Soundtrack",76910,0.0213638888888888,1.2818333333333334,10,3,Friday,False,2026-03,"Peter's Denial - From ""Jesus Christ Superstar"" Soundtrack Yvonne Elliman",0.913,0.512,0.393,0.00021,0.139,-12.803,0.0534,116.6,0.546,1.0
1737,1737,2026-03-08 08:28:00,Yvonne Elliman,"I Don't Know How To Love Him - From ""Jesus Christ Superstar"" Soundtrack",42633,0.0118425,0.71055,8,3,Sunday,False,2026-03,"I Don't Know How To Love Him - From ""Jesus Christ Superstar"" Soundtrack Yvonne Elliman",0.862,0.316,0.135,0.0,0.098,-15.419,0.0354,144.381,0.342,3.0
1738,1738,2026-03-09 05:55:00,The Beatles,Help! - Remastered 2009,15285,0.0042458333333333,0.25475,5,3,Monday,True,2026-03,Help! - Remastered 2009 The Beatles,0.188,0.534,0.725,0.0,0.0994,-7.576,0.0333,94.963,0.767,2.0
1739,1739,2026-03-09 06:00:00,Wig Wam,Do Ya Wanna Taste It,11825,0.0032847222222222,0.1970833333333333,6,3,Monday,True,2026-03,Do Ya Wanna Taste It Wig Wam,0.0191,0.559,0.793,0.0,0.394,-3.536,0.028,92.034,0.69,2.0
1740,1740,2026-03-09 06:05:00,G.E. Smith,344 Wash,9622,0.0026727777777777,0.1603666666666666,6,3,Monday,True,2026-03,344 Wash G.E. Smith,0.882,0.186,0.305,0.785,0.121,-14.41,0.0314,78.942,0.0398,3.0
1741,1741,2026-03-09 06:10:00,Adam Pascal,You'll See,5566,0.0015461111111111,0.0927666666666666,6,3,Monday,True,2026-03,You'll See Adam Pascal,0.0918,0.508,0.846,0.0,0.397,-5.693,0.0457,110.983,0.529,2.0
1742,1742,2026-03-09 06:15:00,The Beatles,While My Guitar Gently Weeps - Acoustic Version - Take 1,6545,0.0018180555555555,0.1090833333333333,6,3,Monday,True,2026-03,While My Guitar Gently Weeps - Acoustic Version - Take 1 The Beatles,0.863,0.592,0.0871,4.84e-06,0.0636,-17.016,0.0382,122.708,0.211,1.0
1743,1743,2026-03-09 06:20:00,Nicholas Britell,"“Sorry, Pinky”",32268,0.0089633333333333,0.5378,6,3,Monday,False,2026-03,"“Sorry, Pinky” Nicholas Britell",0.904,0.0715,0.00207,0.914,0.108,-34.438,0.0467,79.589,0.0321,3.0
1744,1744,2026-03-09 06:25:00,Nirvana,Rape Me,6812,0.0018922222222222,0.1135333333333333,6,3,Monday,True,2026-03,Rape Me Nirvana,0.0141,0.42,0.746,0.0,0.0661,-10.628,0.0467,111.886,0.229,0.0
1745,1745,2026-03-09 06:30:00,Nirvana,Been A Son - BBC Mark Goodier Session,6008,0.0016688888888888,0.1001333333333333,6,3,Monday,True,2026-03,Been A Son - BBC Mark Goodier Session Nirvana,2.7e-06,0.387,0.914,0.0,0.258,-10.101,0.0862,154.455,0.556,0.0
1746,1746,2026-03-09 06:35:00,Violet Orlandi,Come As You Are,10404,0.00289,0.1734,6,3,Monday,True,2026-03,Come As You Are Violet Orlandi,,,,,,,,,,
1747,1747,2026-03-09 06:40:00,Jared Emerson-Johnson,The Spy and the Liar (String Orchestra Mix),11201,0.0031113888888888,0.1866833333333333,6,3,Monday,True,2026-03,The Spy and the Liar (String Orchestra Mix) Jared Emerson-Johnson,0.199,0.242,0.275,0.92,0.13,-12.566,0.0374,118.927,0.249,0.0
1748,1748,2026-03-09 08:47:00,Guns N' Roses,Estranged,563893,0.1566369444444444,9.398216666666666,8,3,Monday,False,2026-03,Estranged Guns N' Roses,0.0105,0.358,0.762,0.282,0.368,-8.323,0.0324,89.246,0.168,0.0
1749,1749,2026-03-09 08:53:00,Luis Eduardo Aute,Quinta del Sordo - Remasterizado,364973,0.1013813888888888,6.082883333333333,8,3,Monday,False,2026-03,Quinta del Sordo - Remasterizado Luis Eduardo Aute,0.194,0.598,0.632,0.00142,0.125,-7.727,0.0527,139.944,0.259,0.0
1750,1750,2026-03-09 08:57:00,Els Amics De Les Arts,L'Arquitecte,246067,0.0683519444444444,4.101116666666667,8,3,Monday,False,2026-03,L'Arquitecte Els Amics De Les Arts,0.511,0.482,0.385,0.00026,0.302,-10.043,0.0312,155.939,0.303,1.0
1751,1751,2026-03-09 09:02:00,Eric Clapton,Layla - Acoustic Live,289027,0.0802852777777777,4.817116666666666,9,3,Monday,False,2026-03,Layla - Acoustic Live Eric Clapton,0.318,0.559,0.524,0.00094,0.933,-11.64,0.0462,93.85,0.652,2.0
1752,1752,2026-03-09 09:44:00,Nicholas Britell,"Interlude - Ricercare - ""On the Lot""",3484,0.0009677777777777,0.0580666666666666,9,3,Monday,True,2026-03,"Interlude - Ricercare - ""On the Lot"" Nicholas Britell",0.00108,0.247,0.375,0.898,0.126,-12.992,0.0516,80.921,0.0361,0.0
1753,1753,2026-03-09 15:01:00,Els Amics De Les Arts,L'Home Que Treballa Fent De Gos - En Directe Al Festival De Cap Roig / 2015,1758,0.0004883333333333,0.0293,15,3,Monday,True,2026-03,L'Home Que Treballa Fent De Gos - En Directe Al Festival De Cap Roig / 2015 Els Amics De Les Arts,0.0531,0.458,0.737,0.0,0.75,-7.785,0.0295,96.92,0.517,0.0
1754,1754,2026-03-09 15:01:00,Dropkick Murphys,I'm Shipping Up To Boston,148670,0.0412972222222222,2.4778333333333333,15,3,Monday,False,2026-03,I'm Shipping Up To Boston Dropkick Murphys,0.000706,0.452,0.928,0.000637,0.226,-3.133,0.079,129.188,0.6,0.0
1755,1755,2026-03-09 15:01:00,Els Amics De Les Arts,El senyal que esperaves,14008,0.0038911111111111,0.2334666666666666,15,3,Monday,True,2026-03,El senyal que esperaves Els Amics De Les Arts,,,,,,,,,,
1756,1756,2026-03-09 15:01:00,One Piano,Father and Son,942,0.0002616666666666,0.0157,15,3,Monday,True,2026-03,Father and Son One Piano,0.986,0.704,0.172,0.941,0.159,-12.782,0.0511,131.959,0.201,1.0
1757,1757,2026-03-09 15:01:00,Nicholas Britell,Andante in C Minor - Main Theme Strings Variation,518,0.0001438888888888,0.0086333333333333,15,3,Monday,True,2026-03,Andante in C Minor - Main Theme Strings Variation Nicholas Britell,0.981,0.259,0.0327,0.635,0.0692,-20.94,0.0408,94.809,0.0579,3.0
1758,1758,2026-03-09 15:04:00,Robin Williams,Friend Like Me,146440,0.0406777777777777,2.4406666666666665,15,3,Monday,False,2026-03,Friend Like Me Robin Williams,0.621,0.648,0.478,0.0,0.703,-13.584,0.145,98.412,0.653,2.0
1759,1759,2026-03-09 15:06:00,Josema Yuste,Un Genio Genial,148947,0.0413741666666666,2.48245,15,3,Monday,False,2026-03,Un Genio Genial Josema Yuste,0.553,0.678,0.629,0.0,0.391,-10.626,0.117,97.983,0.734,2.0
1760,1760,2026-03-09 15:07:00,Michael Giacchino,The Glory Days,27478,0.0076327777777777,0.4579666666666667,15,3,Monday,True,2026-03,The Glory Days Michael Giacchino,0.732,0.334,0.262,0.388,0.235,-14.193,0.0391,80.446,0.145,3.0
1761,1761,2026-03-09 15:10:00,One Piano,Friend Like Me,186667,0.0518519444444444,3.1111166666666668,15,3,Monday,False,2026-03,Friend Like Me One Piano,0.993,0.425,0.0915,0.923,0.107,-24.976,0.0445,104.008,0.218,3.0
1762,1762,2026-03-09 15:13:00,Walt's Piano,Friend Like Me,152552,0.0423755555555555,2.542533333333333,15,3,Monday,False,2026-03,Friend Like Me Walt's Piano,0.991,0.549,0.206,0.955,0.166,-21.592,0.0404,58.548,0.279,3.0
1763,1763,2026-03-09 15:15:00,The Piano Kid,"Friend Like Me (Piano Version) [from ""Aladdin""]",130481,0.0362447222222222,2.1746833333333333,15,3,Monday,False,2026-03,"Friend Like Me (Piano Version) [from ""Aladdin""] The Piano Kid",0.986,0.659,0.294,0.884,0.118,-15.278,0.0311,110.01,0.294,1.0
1764,1764,2026-03-09 15:21:00,Hans Zimmer,Jack Sparrow,365427,0.1015075,6.09045,15,3,Monday,False,2026-03,Jack Sparrow Hans Zimmer,0.759,0.335,0.323,0.824,0.0717,-14.71,0.0564,91.599,0.291,1.0
1765,1765,2026-03-09 15:23:00,José María Guzmán,No dejaré que te eches a perder,125787,0.0349408333333333,2.09645,15,3,Monday,False,2026-03,No dejaré que te eches a perder José María Guzmán,0.565,0.587,0.901,1.49e-05,0.163,-7.118,0.0442,106.151,0.88,2.0
1766,1766,2026-03-09 15:38:00,Jordi Doncos,Preparaos,199737,0.0554825,3.32895,15,3,Monday,False,2026-03,Preparaos Jordi Doncos,,,,,,,,,,
1767,1767,2026-03-09 15:45:00,Jordi Doncos,Preparaos,20158,0.0055994444444444,0.3359666666666667,15,3,Monday,True,2026-03,Preparaos Jordi Doncos,,,,,,,,,,
1768,1768,2026-03-09 15:48:00,Danny Elfman,What's This?,185440,0.0515111111111111,3.0906666666666665,15,3,Monday,False,2026-03,What's This? Danny Elfman,,,,,,,,,,
1769,1769,2026-03-09 15:51:00,One Piano,Friend Like Me,186667,0.0518519444444444,3.1111166666666668,15,3,Monday,False,2026-03,Friend Like Me One Piano,0.993,0.425,0.0915,0.923,0.107,-24.976,0.0445,104.008,0.218,3.0
1770,1770,2026-03-09 15:52:00,The Citizens of Halloween,This Is Halloween,10902,0.0030283333333333,0.1817,15,3,Monday,True,2026-03,This Is Halloween The Citizens of Halloween,,,,,,,,,,
1771,1771,2026-03-09 15:55:00,Jeremy Irons,Be Prepared,220213,0.0611702777777777,3.6702166666666662,15,3,Monday,False,2026-03,Be Prepared Jeremy Irons,0.303,0.709,0.536,0.0,0.102,-11.317,0.116,121.782,0.393,2.0
1772,1772,2026-03-09 15:59:00,Randy Newman,Strange Things,198587,0.0551630555555555,3.3097833333333333,15,3,Monday,False,2026-03,Strange Things Randy Newman,,,,,,,,,,
1773,1773,2026-03-09 16:56:00,Josh Gad,When I Am Older,2460,0.0006833333333333,0.041,16,3,Monday,True,2026-03,When I Am Older Josh Gad,0.708,0.754,0.326,0.0,0.103,-7.001,0.243,117.004,0.435,1.0
1774,1774,2026-03-10 05:45:00,One Piano,Goldeneye,28592,0.0079422222222222,0.4765333333333333,5,3,Tuesday,True,2026-03,Goldeneye One Piano,,,,,,,,,,
1775,1775,2026-03-10 06:00:00,Nstens1117,X-Men the Animated Series Theme,8523,0.0023675,0.14205,6,3,Tuesday,True,2026-03,X-Men the Animated Series Theme Nstens1117,9.54e-06,0.183,0.721,0.973,0.19,-4.698,0.0673,121.113,0.746,0.0
1776,1776,2026-03-10 06:10:00,Els Amics De Les Arts,Les Meves Ex I Tu,12550,0.0034861111111111,0.2091666666666666,6,3,Tuesday,True,2026-03,Les Meves Ex I Tu Els Amics De Les Arts,0.292,0.624,0.751,0.0,0.12,-9.151,0.0434,140.044,0.669,2.0
1777,1777,2026-03-10 06:45:00,Guns N' Roses,Civil War,17539,0.0048719444444444,0.2923166666666666,6,3,Tuesday,True,2026-03,Civil War Guns N' Roses,0.0803,0.33,0.787,0.0632,0.32,-8.806,0.0732,139.918,0.382,0.0
1778,1778,2026-03-10 07:22:00,Jordi Doncos,Preparaos,0,0.0,0.0,7,3,Tuesday,True,2026-03,Preparaos Jordi Doncos,,,,,,,,,,
1779,1779,2026-03-10 07:34:00,Danny Elfman,What's This?,185440,0.0515111111111111,3.0906666666666665,7,3,Tuesday,False,2026-03,What's This? Danny Elfman,,,,,,,,,,
1780,1780,2026-03-10 07:40:00,Film Symphony Orchestra,"Suite (From ""Pirates of the Caribbean: The Curse of the Black Pearl"") - Live",354067,0.0983519444444444,5.901116666666667,7,3,Tuesday,False,2026-03,"Suite (From ""Pirates of the Caribbean: The Curse of the Black Pearl"") - Live Film Symphony Orchestra",0.917,0.376,0.666,0.878,0.678,-10.024,0.121,109.644,0.194,1.0
1781,1781,2026-03-10 07:44:00,Hans Zimmer,"Pirates of the Caribbean Suite: Part 1 ""Jack Sparrow"" - Live",251180,0.0697722222222222,4.186333333333334,7,3,Tuesday,False,2026-03,"Pirates of the Caribbean Suite: Part 1 ""Jack Sparrow"" - Live Hans Zimmer",0.022,0.282,0.566,0.807,0.225,-13.43,0.0702,91.547,0.372,0.0
1782,1782,2026-03-10 07:49:00,Hans Zimmer,Pirates of the Caribbean Suite: Part 2 - Live,299211,0.0831141666666666,4.98685,7,3,Tuesday,False,2026-03,Pirates of the Caribbean Suite: Part 2 - Live Hans Zimmer,0.0428,0.0987,0.119,0.326,0.337,-18.709,0.0329,84.529,0.0577,3.0
1783,1783,2026-03-10 07:54:00,Hans Zimmer,Pirates of the Caribbean Suite: Part 3 - Live,285259,0.0792386111111111,4.754316666666667,7,3,Tuesday,False,2026-03,Pirates of the Caribbean Suite: Part 3 - Live Hans Zimmer,0.0205,0.249,0.589,0.93,0.73,-13.816,0.0771,97.515,0.0895,0.0
1784,1784,2026-03-10 07:57:00,One Piano,Friend Like Me,186667,0.0518519444444444,3.1111166666666668,7,3,Tuesday,False,2026-03,Friend Like Me One Piano,0.993,0.425,0.0915,0.923,0.107,-24.976,0.0445,104.008,0.218,3.0
1785,1785,2026-03-10 14:51:00,L'Orchestra Cinematique,"Marry Me (from ""At World's End"") - Epic Version",62214,0.0172816666666666,1.0369,14,3,Tuesday,False,2026-03,"Marry Me (from ""At World's End"") - Epic Version L'Orchestra Cinematique",,,,,,,,,,
1786,1786,2026-03-10 14:57:00,El Pony Pisador,L'Abordatge,365826,0.1016183333333333,6.0971,14,3,Tuesday,False,2026-03,L'Abordatge El Pony Pisador,0.322,0.376,0.585,0.000303,0.157,-10.636,0.0406,124.701,0.242,0.0
1787,1787,2026-03-10 15:01:00,El Pony Pisador,John Kanaka,199084,0.0553011111111111,3.3180666666666667,15,3,Tuesday,False,2026-03,John Kanaka El Pony Pisador,0.343,0.501,0.639,0.0,0.119,-10.318,0.0396,149.835,0.694,2.0
1788,1788,2026-03-10 15:02:00,El Pony Pisador,Fathom the Bowl,101948,0.0283188888888888,1.6991333333333334,15,3,Tuesday,False,2026-03,Fathom the Bowl El Pony Pisador,0.448,0.69,0.433,0.0,0.188,-10.705,0.0286,89.947,0.96,2.0
1789,1789,2026-03-10 15:05:00,El Pony Pisador,Bully in the Alley,131593,0.0365536111111111,2.193216666666667,15,3,Tuesday,False,2026-03,Bully in the Alley El Pony Pisador,0.503,0.503,0.548,0.0,0.206,-8.327,0.0762,170.035,0.812,2.0
1790,1790,2026-03-10 15:06:00,El Pony Pisador,Eliza Lee,94660,0.0262944444444444,1.5776666666666668,15,3,Tuesday,False,2026-03,Eliza Lee El Pony Pisador,0.406,0.702,0.437,0.0,0.318,-10.156,0.303,179.46,0.948,2.0
1791,1791,2026-03-10 15:15:00,El Pony Pisador,Pass Around the Grog,140990,0.0391638888888888,2.349833333333333,15,3,Tuesday,False,2026-03,Pass Around the Grog El Pony Pisador,0.797,0.535,0.164,0.0,0.115,-9.087,0.0517,111.046,0.29,1.0
1792,1792,2026-03-10 15:18:00,El Pony Pisador,Pay Me My Money Down,129308,0.0359188888888888,2.155133333333333,15,3,Tuesday,False,2026-03,Pay Me My Money Down El Pony Pisador,0.25,0.778,0.653,0.0,0.0984,-8.153,0.0338,105.043,0.965,2.0
1793,1793,2026-03-10 15:20:00,El Pony Pisador,Don't Forget Your Old Shipmate,144093,0.0400258333333333,2.40155,15,3,Tuesday,False,2026-03,Don't Forget Your Old Shipmate El Pony Pisador,0.536,0.768,0.403,0.0,0.299,-8.814,0.205,94.301,0.595,2.0
1794,1794,2026-03-10 15:23:00,El Pony Pisador,Roll the Woodpile Down,147926,0.0410905555555555,2.4654333333333334,15,3,Tuesday,False,2026-03,Roll the Woodpile Down El Pony Pisador,0.754,0.494,0.254,0.0,0.275,-9.043,0.0921,171.262,0.736,1.0
1795,1795,2026-03-10 15:25:00,El Pony Pisador,Essequibo River,98585,0.0273847222222222,1.6430833333333332,15,3,Tuesday,False,2026-03,Essequibo River El Pony Pisador,0.212,0.568,0.368,0.0,0.166,-11.158,0.192,142.807,0.709,2.0
1796,1796,2026-03-10 16:23:00,El Pony Pisador,Wellerman,65480,0.0181888888888888,1.0913333333333333,16,3,Tuesday,False,2026-03,Wellerman El Pony Pisador,0.207,0.658,0.686,0.0,0.0788,-8.812,0.0277,105.098,0.808,2.0
1797,1797,2026-03-10 16:27:00,El Pony Pisador,Wellerman,165545,0.0459847222222222,2.7590833333333333,16,3,Tuesday,False,2026-03,Wellerman El Pony Pisador,0.207,0.658,0.686,0.0,0.0788,-8.812,0.0277,105.098,0.808,2.0
1798,1798,2026-03-10 16:35:00,El Pony Pisador,Carta de Navegar,339002,0.0941672222222222,5.650033333333333,16,3,Tuesday,False,2026-03,Carta de Navegar El Pony Pisador,0.877,0.568,0.123,0.0,0.107,-13.427,0.0326,129.991,0.292,1.0
1799,1799,2026-03-10 16:39:00,El Pony Pisador,Whip Jamboree,268640,0.0746222222222222,4.477333333333333,16,3,Tuesday,False,2026-03,Whip Jamboree El Pony Pisador,0.0443,0.844,0.393,0.0,0.0862,-9.476,0.0508,116.945,0.616,2.0
1800,1800,2026-03-10 16:40:00,El Pony Pisador,L'Abordatge,52896,0.0146933333333333,0.8816,16,3,Tuesday,False,2026-03,L'Abordatge El Pony Pisador,0.322,0.376,0.585,0.000303,0.157,-10.636,0.0406,124.701,0.242,0.0
1801,1801,2026-03-10 16:44:00,El Pony Pisador,Tot és part de ser un pirata,220103,0.0611397222222222,3.668383333333333,16,3,Tuesday,False,2026-03,Tot és part de ser un pirata El Pony Pisador,,,,,,,,,,
1802,1802,2026-03-10 16:48:00,El Pony Pisador,Tot és part de ser un pirata,220103,0.0611397222222222,3.668383333333333,16,3,Tuesday,False,2026-03,Tot és part de ser un pirata El Pony Pisador,,,,,,,,,,
1803,1803,2026-03-10 20:43:00,El Pony Pisador,L'Abordatge,343364,0.0953788888888888,5.722733333333333,20,3,Tuesday,False,2026-03,L'Abordatge El Pony Pisador,0.322,0.376,0.585,0.000303,0.157,-10.636,0.0406,124.701,0.242,0.0
1804,1804,2026-03-11 06:00:00,Renée Elise Goldsberry,Ain't No Grave,22468,0.0062411111111111,0.3744666666666666,6,3,Wednesday,True,2026-03,Ain't No Grave Renée Elise Goldsberry,0.205,0.507,0.535,8e-06,0.112,-9.35,0.0571,144.188,0.462,0.0
1805,1805,2026-03-11 06:10:00,Nicholas Britell,"Allegro Bellicoso - ""Pirates""",13610,0.0037805555555555,0.2268333333333333,6,3,Wednesday,True,2026-03,"Allegro Bellicoso - ""Pirates"" Nicholas Britell",0.837,0.154,0.0809,0.849,0.131,-16.88,0.0414,93.535,0.0381,3.0
1806,1806,2026-03-11 06:15:00,Pink Floyd,Wish You Were Here,27842,0.0077338888888888,0.4640333333333333,6,3,Wednesday,True,2026-03,Wish You Were Here Pink Floyd,0.735,0.481,0.262,0.0114,0.832,-15.73,0.0414,122.861,0.375,1.0
1807,1807,2026-03-11 06:20:00,Joel Minguet,Chopo Muerto,11309,0.0031413888888888,0.1884833333333333,6,3,Wednesday,True,2026-03,Chopo Muerto Joel Minguet,0.759,0.713,0.357,3e-06,0.106,-11.99,0.0359,85.259,0.431,1.0
1808,1808,2026-03-11 06:30:00,Piano Tribute Players,A Little Fall of Rain - Instrumental,9224,0.0025622222222222,0.1537333333333333,6,3,Wednesday,True,2026-03,A Little Fall of Rain - Instrumental Piano Tribute Players,0.993,0.661,0.264,0.912,0.114,-16.579,0.04,114.013,0.316,1.0
1809,1809,2026-03-11 06:40:00,The Irish Rovers,Johnny I Hardly Knew Ye,805,0.0002236111111111,0.0134166666666666,6,3,Wednesday,True,2026-03,Johnny I Hardly Knew Ye The Irish Rovers,0.62,0.439,0.84,8.91e-06,0.617,-8.161,0.0873,111.748,0.34,0.0
1810,1810,2026-03-11 09:28:00,Renée Elise Goldsberry,Ain't No Grave,1414,0.0003927777777777,0.0235666666666666,9,3,Wednesday,True,2026-03,Ain't No Grave Renée Elise Goldsberry,0.205,0.507,0.535,8e-06,0.112,-9.35,0.0571,144.188,0.462,0.0
1811,1811,2026-03-11 09:33:00,Hans Zimmer,Pirates of the Caribbean Suite: Part 2 - Live,299211,0.0831141666666666,4.98685,9,3,Wednesday,False,2026-03,Pirates of the Caribbean Suite: Part 2 - Live Hans Zimmer,0.0428,0.0987,0.119,0.326,0.337,-18.709,0.0329,84.529,0.0577,3.0
1812,1812,2026-03-11 09:34:00,Hans Zimmer,War,87950,0.0244305555555555,1.465833333333333,9,3,Wednesday,False,2026-03,War Hans Zimmer,0.89,0.0753,0.163,0.936,0.115,-17.328,0.0402,76.405,0.0395,3.0
1813,1813,2026-03-11 09:40:00,Hans Zimmer,"Pirates of the Caribbean Suite: Part 1 ""Jack Sparrow"" - Live",251180,0.0697722222222222,4.186333333333334,9,3,Wednesday,False,2026-03,"Pirates of the Caribbean Suite: Part 1 ""Jack Sparrow"" - Live Hans Zimmer",0.022,0.282,0.566,0.807,0.225,-13.43,0.0702,91.547,0.372,0.0
1814,1814,2026-03-11 09:45:00,Hans Zimmer,Pirates of the Caribbean Suite: Part 2 - Live,299211,0.0831141666666666,4.98685,9,3,Wednesday,False,2026-03,Pirates of the Caribbean Suite: Part 2 - Live Hans Zimmer,0.0428,0.0987,0.119,0.326,0.337,-18.709,0.0329,84.529,0.0577,3.0
1815,1815,2026-03-11 09:50:00,Hans Zimmer,Pirates of the Caribbean Suite: Part 3 - Live,285259,0.0792386111111111,4.754316666666667,9,3,Wednesday,False,2026-03,Pirates of the Caribbean Suite: Part 3 - Live Hans Zimmer,0.0205,0.249,0.589,0.93,0.73,-13.816,0.0771,97.515,0.0895,0.0
1816,1816,2026-03-11 09:56:00,Film Symphony Orchestra,"Suite (From ""Pirates of the Caribbean: The Curse of the Black Pearl"") - Live",354067,0.0983519444444444,5.901116666666667,9,3,Wednesday,False,2026-03,"Suite (From ""Pirates of the Caribbean: The Curse of the Black Pearl"") - Live Film Symphony Orchestra",0.917,0.376,0.666,0.878,0.678,-10.024,0.121,109.644,0.194,1.0
1817,1817,2026-03-11 10:03:00,Hans Zimmer,"Pirates of The Caribbean Orchestra Suite: Part 1, I Don't Think Now Is The Best Time / At Wit's End - Live",425458,0.1181827777777777,7.090966666666667,10,3,Wednesday,False,2026-03,"Pirates of The Caribbean Orchestra Suite: Part 1, I Don't Think Now Is The Best Time / At Wit's End - Live Hans Zimmer",0.00416,0.228,0.675,0.798,0.105,-10.955,0.0639,135.154,0.0705,0.0
1818,1818,2026-03-11 10:06:00,Hans Zimmer,"Pirates of The Caribbean Orchestra Suite: Part 2, Drink Up Me Hearties Yo Ho - Live",170753,0.0474313888888888,2.845883333333333,10,3,Wednesday,False,2026-03,"Pirates of The Caribbean Orchestra Suite: Part 2, Drink Up Me Hearties Yo Ho - Live Hans Zimmer",0.00202,0.233,0.565,0.881,0.709,-10.614,0.0474,97.538,0.0836,0.0
1819,1819,2026-03-11 12:21:00,Els Amics De Les Arts,Preferiria no fer-ho,1410,0.0003916666666666,0.0235,12,3,Wednesday,True,2026-03,Preferiria no fer-ho Els Amics De Les Arts,,,,,,,,,,
1820,1820,2026-03-12 05:55:00,Don McLean,Crying,30712,0.0085311111111111,0.5118666666666667,5,3,Thursday,False,2026-03,Crying Don McLean,0.466,0.302,0.344,1.53e-06,0.184,-11.894,0.0277,140.763,0.242,1.0
1821,1821,2026-03-12 06:00:00,Nicholas Britell,Power - Instrumental,6865,0.0019069444444444,0.1144166666666666,6,3,Thursday,True,2026-03,Power - Instrumental Nicholas Britell,0.00715,0.582,0.499,0.901,0.108,-8.878,0.0529,140.121,0.319,0.0
1822,1822,2026-03-12 06:05:00,Kansas,Dust in the Wind,9618,0.0026716666666666,0.1603,6,3,Thursday,True,2026-03,Dust in the Wind Kansas,0.367,0.475,0.322,0.00056,0.11,-10.687,0.0283,93.503,0.387,1.0
1823,1823,2026-03-12 06:10:00,Jennifer Ann,Mad World,13177,0.0036602777777777,0.2196166666666666,6,3,Thursday,True,2026-03,Mad World Jennifer Ann,0.882,0.29,0.233,4.45e-05,0.124,-11.668,0.0356,98.218,0.243,1.0
1824,1824,2026-03-12 06:15:00,Antònia Font,Islas Baleares,12277,0.0034102777777777,0.2046166666666666,6,3,Thursday,True,2026-03,Islas Baleares Antònia Font,0.422,0.612,0.371,0.000273,0.226,-15.419,0.113,144.112,0.295,1.0
1825,1825,2026-03-12 06:20:00,Nicholas Britell,"Larghetto - Piano, Celesta, Strings - ""Kendall's Return""",17968,0.0049911111111111,0.2994666666666666,6,3,Thursday,True,2026-03,"Larghetto - Piano, Celesta, Strings - ""Kendall's Return"" Nicholas Britell",0.825,0.349,0.0569,0.945,0.0985,-24.768,0.0341,119.927,0.0338,3.0
1826,1826,2026-03-12 06:25:00,Jonas Kvarnström,"Skyfall - From "" Skyfall - James Bond""",7409,0.0020580555555555,0.1234833333333333,6,3,Thursday,True,2026-03,"Skyfall - From "" Skyfall - James Bond"" Jonas Kvarnström",0.976,0.528,0.258,0.86,0.136,-12.297,0.0279,75.016,0.19,1.0
1827,1827,2026-03-12 06:30:00,a-ha,The Living Daylights - 2016 Remaster,11692,0.0032477777777777,0.1948666666666666,6,3,Thursday,True,2026-03,The Living Daylights - 2016 Remaster a-ha,0.114,0.695,0.78,0.000971,0.0785,-7.906,0.0267,120.255,0.833,2.0
1828,1828,2026-03-12 06:35:00,Mister Bond,Die Another Day,8343,0.0023175,0.13905,6,3,Thursday,True,2026-03,Die Another Day Mister Bond,0.787,0.651,0.543,0.0125,0.121,-7.583,0.0276,101.006,0.186,1.0
1829,1829,2026-03-12 06:40:00,Bob Bingham,"This Jesus Must Die - From ""Jesus Christ Superstar"" Soundtrack",2620,0.0007277777777777,0.0436666666666666,6,3,Thursday,True,2026-03,"This Jesus Must Die - From ""Jesus Christ Superstar"" Soundtrack Bob Bingham",0.628,0.439,0.48,0.0,0.102,-11.877,0.139,138.115,0.455,1.0
1830,1830,2026-03-12 07:02:00,Yusuf / Cat Stevens,Father And Son,3329,0.0009247222222222,0.0554833333333333,7,3,Thursday,True,2026-03,Father And Son Yusuf / Cat Stevens,0.541,0.495,0.326,8.85e-05,0.0996,-12.29,0.0365,136.243,0.371,1.0
1831,1831,2026-03-12 08:35:00,The City of Prague Philharmonic Orchestra Chorus,"Pirates of the Caribbean – Symphonic Suite - From ""The Curse of the Black Pearl""",277080,0.0769666666666666,4.618,8,3,Thursday,False,2026-03,"Pirates of the Caribbean – Symphonic Suite - From ""The Curse of the Black Pearl"" The City of Prague Philharmonic Orchestra Chorus",0.842,0.415,0.422,0.318,0.0699,-11.661,0.0382,111.302,0.332,1.0
1832,1832,2026-03-12 08:55:00,Danny Elfman,Eternal Love,18730,0.0052027777777777,0.3121666666666666,8,3,Thursday,True,2026-03,Eternal Love Danny Elfman,,,,,,,,,,
1833,1833,2026-03-12 08:55:00,The Lonely Island,Jack Sparrow,7899,0.0021941666666666,0.13165,8,3,Thursday,True,2026-03,Jack Sparrow The Lonely Island,0.0225,0.718,0.712,0.0,0.0442,-5.242,0.222,97.005,0.42,2.0
1834,1834,2026-03-12 09:03:00,Hans Zimmer,"Pirates of The Caribbean Orchestra Suite: Part 1, I Don't Think Now Is The Best Time / At Wit's End - Live",425453,0.1181813888888888,7.090883333333333,9,3,Thursday,False,2026-03,"Pirates of The Caribbean Orchestra Suite: Part 1, I Don't Think Now Is The Best Time / At Wit's End - Live Hans Zimmer",0.00416,0.228,0.675,0.798,0.105,-10.955,0.0639,135.154,0.0705,0.0
1835,1835,2026-03-12 09:05:00,Hans Zimmer,Up Is Down,162200,0.0450555555555555,2.703333333333333,9,3,Thursday,False,2026-03,Up Is Down Hans Zimmer,0.266,0.46,0.423,0.909,0.107,-14.704,0.0528,129.906,0.121,0.0
1836,1836,2026-03-12 09:07:00,Hans Zimmer,Hoist the Colours,91080,0.0253,1.518,9,3,Thursday,False,2026-03,Hoist the Colours Hans Zimmer,0.662,0.341,0.0848,4.77e-06,0.543,-23.807,0.0389,80.011,0.293,3.0
1837,1837,2026-03-12 09:12:00,Samuel Kim,Hoist the Colours - Epic Version - Cover,278706,0.0774183333333333,4.6451,9,3,Thursday,False,2026-03,Hoist the Colours - Epic Version - Cover Samuel Kim,,,,,,,,,,
1838,1838,2026-03-12 09:16:00,MALINDA,Hoist the Colours,274320,0.0762,4.572,9,3,Thursday,False,2026-03,Hoist the Colours MALINDA,0.717,0.124,0.246,0.0,0.369,-13.674,0.0356,78.991,0.206,3.0
1839,1839,2026-03-12 09:20:00,Michael Giacchino,"Exit Through the Lobby - from ""Spider-Man: No Way Home"" Soundtrack",255307,0.0709186111111111,4.255116666666667,9,3,Thursday,False,2026-03,"Exit Through the Lobby - from ""Spider-Man: No Way Home"" Soundtrack Michael Giacchino",0.971,0.142,0.0177,0.934,0.0981,-23.93,0.0372,80.32,0.0329,3.0
1840,1840,2026-03-12 09:21:00,Ramin Djawadi,The Crown of Jaehaerys,57160,0.0158777777777777,0.9526666666666668,9,3,Thursday,False,2026-03,The Crown of Jaehaerys Ramin Djawadi,0.673,0.0721,0.235,0.895,0.076,-14.2,0.0339,77.472,0.0357,3.0
1841,1841,2026-03-12 09:39:00,Hans Zimmer,"Pirates of The Caribbean Orchestra Suite: Part 1, I Don't Think Now Is The Best Time / At Wit's End - Live",425458,0.1181827777777777,7.090966666666667,9,3,Thursday,False,2026-03,"Pirates of The Caribbean Orchestra Suite: Part 1, I Don't Think Now Is The Best Time / At Wit's End - Live Hans Zimmer",0.00416,0.228,0.675,0.798,0.105,-10.955,0.0639,135.154,0.0705,0.0
1842,1842,2026-03-12 09:42:00,Patrik Pietschmann,"Into the Unknown (From ""Frozen 2"") - Piano Version",187224,0.0520066666666666,3.1204,9,3,Thursday,False,2026-03,"Into the Unknown (From ""Frozen 2"") - Piano Version Patrik Pietschmann",,,,,,,,,,
1843,1843,2026-03-12 09:45:00,AURORA,Into the Unknown,199960,0.0555444444444444,3.332666666666667,9,3,Thursday,False,2026-03,Into the Unknown AURORA,0.849,0.321,0.405,0.000544,0.138,-8.533,0.0412,146.072,0.274,1.0
1844,1844,2026-03-12 10:01:00,Los Cantaseries,"No Se Que Va a Ser de Mi (De ""Toy Story"")",197067,0.0547408333333333,3.28445,10,3,Thursday,False,2026-03,"No Se Que Va a Ser de Mi (De ""Toy Story"") Los Cantaseries",0.351,0.678,0.629,5.4e-05,0.168,-9.195,0.0275,136.0,0.881,2.0
1845,1845,2026-03-12 10:05:00,Randy Newman,Strange Things,198587,0.0551630555555555,3.3097833333333333,10,3,Thursday,False,2026-03,Strange Things Randy Newman,,,,,,,,,,
1846,1846,2026-03-12 10:07:00,Josh Gad,When I Am Older,111452,0.0309588888888888,1.8575333333333333,10,3,Thursday,False,2026-03,When I Am Older Josh Gad,0.708,0.754,0.326,0.0,0.103,-7.001,0.243,117.004,0.435,1.0
1847,1847,2026-03-12 10:11:00,Albert Sergi,Conspirar (with Damaris Martinez & Jorge Ahijado),272480,0.0756888888888888,4.541333333333333,10,3,Thursday,False,2026-03,Conspirar (with Damaris Martinez & Jorge Ahijado) Albert Sergi,0.242,0.5,0.829,3.91e-06,0.0662,-6.867,0.17,123.954,0.674,2.0
1848,1848,2026-03-12 10:14:00,One Piano,Friend Like Me,186667,0.0518519444444444,3.1111166666666668,10,3,Thursday,False,2026-03,Friend Like Me One Piano,0.993,0.425,0.0915,0.923,0.107,-24.976,0.0445,104.008,0.218,3.0
1849,1849,2026-03-12 10:18:00,Michael Giacchino,Married Life,250573,0.0696036111111111,4.176216666666667,10,3,Thursday,False,2026-03,Married Life Michael Giacchino,0.97,0.278,0.0675,0.732,0.0812,-20.946,0.04,82.626,0.112,3.0
1850,1850,2026-03-12 10:23:00,L'Orchestra Cinematique,"Marry Me (from ""At World's End"") - Epic Version",266880,0.0741333333333333,4.448,10,3,Thursday,False,2026-03,"Marry Me (from ""At World's End"") - Epic Version L'Orchestra Cinematique",,,,,,,,,,
1851,1851,2026-03-12 10:25:00,Robin Williams,Friend Like Me,146440,0.0406777777777777,2.4406666666666665,10,3,Thursday,False,2026-03,Friend Like Me Robin Williams,0.621,0.648,0.478,0.0,0.703,-13.584,0.145,98.412,0.653,2.0
1852,1852,2026-03-12 10:28:00,One Piano,Prince Ali,182250,0.050625,3.0375,10,3,Thursday,False,2026-03,Prince Ali One Piano,0.99,0.524,0.0934,0.945,0.113,-21.961,0.0462,132.465,0.214,3.0
1853,1853,2026-03-12 10:31:00,Josema Yuste,Príncipe Ali,172773,0.0479925,2.87955,10,3,Thursday,False,2026-03,Príncipe Ali Josema Yuste,0.732,0.524,0.486,0.0,0.17,-11.4,0.0921,104.283,0.668,2.0
1854,1854,2026-03-12 10:35:00,Michael Giacchino,The Glory Days,212133,0.0589258333333333,3.53555,10,3,Thursday,False,2026-03,The Glory Days Michael Giacchino,0.732,0.334,0.262,0.388,0.235,-14.193,0.0391,80.446,0.145,3.0
1855,1855,2026-03-12 10:41:00,Hans Zimmer,Jack Sparrow,365427,0.1015075,6.09045,10,3,Thursday,False,2026-03,Jack Sparrow Hans Zimmer,0.759,0.335,0.323,0.824,0.0717,-14.71,0.0564,91.599,0.291,1.0
1856,1856,2026-03-12 10:44:00,The Citizens of Halloween,This Is Halloween,196187,0.0544963888888888,3.2697833333333333,10,3,Thursday,False,2026-03,This Is Halloween The Citizens of Halloween,,,,,,,,,,
1857,1857,2026-03-12 10:46:00,José María Guzmán,No dejaré que te eches a perder,125787,0.0349408333333333,2.09645,10,3,Thursday,False,2026-03,No dejaré que te eches a perder José María Guzmán,0.565,0.587,0.901,1.49e-05,0.163,-7.118,0.0442,106.151,0.88,2.0
1858,1858,2026-03-12 10:49:00,Randy Newman,I Will Go Sailing No More,177853,0.0494036111111111,2.9642166666666667,10,3,Thursday,False,2026-03,I Will Go Sailing No More Randy Newman,0.928,0.19,0.0991,0.0037,0.12,-14.478,0.0311,83.447,0.0578,3.0
1859,1859,2026-03-12 10:52:00,Danny Elfman,What's This?,185440,0.0515111111111111,3.0906666666666665,10,3,Thursday,False,2026-03,What's This? Danny Elfman,,,,,,,,,,
1860,1860,2026-03-12 10:55:00,Josema Yuste,Un Genio Genial,148947,0.0413741666666666,2.48245,10,3,Thursday,False,2026-03,Un Genio Genial Josema Yuste,0.553,0.678,0.629,0.0,0.391,-10.626,0.117,97.983,0.734,2.0
1861,1861,2026-03-12 10:59:00,Jordi Doncos,Preparaos,219880,0.0610777777777777,3.6646666666666663,10,3,Thursday,False,2026-03,Preparaos Jordi Doncos,,,,,,,,,,
1862,1862,2026-03-12 11:02:00,Jeremy Irons,Be Prepared,220213,0.0611702777777777,3.6702166666666662,11,3,Thursday,False,2026-03,Be Prepared Jeremy Irons,0.303,0.709,0.536,0.0,0.102,-11.317,0.116,121.782,0.393,2.0
1863,1863,2026-03-12 11:06:00,Flavio,Quiero Ser Como Tú,241587,0.0671075,4.02645,11,3,Thursday,False,2026-03,Quiero Ser Como Tú Flavio,,,,,,,,,,
1864,1864,2026-03-13 05:55:00,Electric Light Orchestra,Mr. Blue Sky,23778,0.006605,0.3963,5,3,Friday,True,2026-03,Mr. Blue Sky Electric Light Orchestra,0.652,0.388,0.338,3.73e-06,0.248,-10.054,0.0329,177.765,0.478,1.0
1865,1865,2026-03-13 06:00:00,Piano Tribute Players,Rent,9318,0.0025883333333333,0.1553,6,3,Friday,True,2026-03,Rent Piano Tribute Players,0.992,0.581,0.329,0.947,0.0944,-17.202,0.0744,178.011,0.373,1.0
1866,1866,2026-03-13 06:05:00,Dana Fuchs,"Helter Skelter - From ""Across The Universe"" Soundtrack",8340,0.0023166666666666,0.139,6,3,Friday,True,2026-03,"Helter Skelter - From ""Across The Universe"" Soundtrack Dana Fuchs",0.000195,0.266,0.911,0.0113,0.35,-3.824,0.0656,165.966,0.337,0.0
1867,1867,2026-03-13 06:15:00,Phillipa Soo,Best of Wives and Best of Women,6737,0.0018713888888888,0.1122833333333333,6,3,Friday,True,2026-03,Best of Wives and Best of Women Phillipa Soo,0.751,0.647,0.115,0.0,0.0858,-16.826,0.0544,131.508,0.597,1.0
1868,1868,2026-03-13 06:20:00,Low Roar,Don't Be so Serious,41303,0.0114730555555555,0.6883833333333333,6,3,Friday,False,2026-03,Don't Be so Serious Low Roar,0.209,0.558,0.566,0.422,0.112,-12.563,0.0423,130.024,0.117,0.0
1869,1869,2026-03-13 06:25:00,Els Amics De Les Arts,No ho entens,7675,0.0021319444444444,0.1279166666666666,6,3,Friday,True,2026-03,No ho entens Els Amics De Les Arts,0.188,0.6,0.576,0.0432,0.0891,-8.245,0.0355,156.077,0.253,0.0
1870,1870,2026-03-13 06:30:00,Andrew Lloyd Webber,Everything's Alright (Reprise) - Remastered 2005,17429,0.0048413888888888,0.2904833333333333,6,3,Friday,True,2026-03,Everything's Alright (Reprise) - Remastered 2005 Andrew Lloyd Webber,,,,,,,,,,
1871,1871,2026-03-13 06:35:00,Els Amics De Les Arts,Aquests dinars,15043,0.0041786111111111,0.2507166666666666,6,3,Friday,True,2026-03,Aquests dinars Els Amics De Les Arts,0.714,0.486,0.347,0.0152,0.0869,-11.284,0.0319,77.369,0.185,1.0
1872,1872,2026-03-13 06:40:00,Hugh Jackman,"Who Am I? - From ""Les Miserables''",20337,0.0056491666666666,0.33895,6,3,Friday,True,2026-03,"Who Am I? - From ""Les Miserables'' Hugh Jackman",0.81,0.374,0.303,0.0,0.192,-13.184,0.0848,77.537,0.182,1.0
1873,1873,2026-03-13 06:45:00,One Piano,Be Prepared,230210,0.0639472222222222,3.836833333333333,6,3,Friday,False,2026-03,Be Prepared One Piano,0.965,0.304,0.161,0.896,0.108,-21.777,0.0445,62.742,0.069,3.0
1874,1874,2026-03-13 06:45:00,Piano Tribute Players,Light My Candle,15751,0.0043752777777777,0.2625166666666667,6,3,Friday,True,2026-03,Light My Candle Piano Tribute Players,0.985,0.618,0.282,0.908,0.105,-17.688,0.0468,131.025,0.441,1.0
1875,1875,2026-03-13 07:22:00,Piano Tribute Players,At the End of the Day - Instrumental,5302,0.0014727777777777,0.0883666666666666,7,3,Friday,True,2026-03,At the End of the Day - Instrumental Piano Tribute Players,0.99,0.346,0.324,0.898,0.116,-17.316,0.0364,194.99,0.274,3.0
1876,1876,2026-03-13 07:26:00,Piano Tribute Players,At the End of the Day - Instrumental,234673,0.0651869444444444,3.911216666666667,7,3,Friday,False,2026-03,At the End of the Day - Instrumental Piano Tribute Players,0.99,0.346,0.324,0.898,0.116,-17.316,0.0364,194.99,0.274,3.0
1877,1877,2026-03-13 07:29:00,Gabriella Quevedo,Time in a Bottle,164071,0.0455752777777777,2.7345166666666665,7,3,Friday,False,2026-03,Time in a Bottle Gabriella Quevedo,0.896,0.617,0.295,0.905,0.136,-12.275,0.049,130.917,0.339,1.0
1878,1878,2026-03-13 07:31:00,Carl Anderson,"Strange Thing Mystifying - From ""Jesus Christ Superstar"" Soundtrack",111733,0.0310369444444444,1.8622166666666664,7,3,Friday,False,2026-03,"Strange Thing Mystifying - From ""Jesus Christ Superstar"" Soundtrack Carl Anderson",0.621,0.534,0.483,7.77e-06,0.109,-11.049,0.0931,107.304,0.572,2.0
1879,1879,2026-03-13 07:34:00,Els Amics De Les Arts,L'Endocrina,184533,0.0512591666666666,3.07555,7,3,Friday,False,2026-03,L'Endocrina Els Amics De Les Arts,0.849,0.794,0.365,1.53e-06,0.0784,-10.886,0.047,125.068,0.616,2.0
1880,1880,2026-03-13 07:38:00,Scott Bradlee's Postmodern Jukebox,Bad Guy,223729,0.0621469444444444,3.7288166666666656,7,3,Friday,False,2026-03,Bad Guy Scott Bradlee's Postmodern Jukebox,0.063,0.527,0.273,0.000242,0.0808,-16.039,0.126,126.693,0.321,0.0
1881,1881,2026-03-13 07:42:00,Nirvana,The Man Who Sold The World - Live,261093,0.0725258333333333,4.35155,7,3,Friday,False,2026-03,The Man Who Sold The World - Live Nirvana,0.425,0.483,0.753,0.000142,0.257,-8.937,0.0832,115.102,0.42,0.0
1882,1882,2026-03-13 10:22:00,Sting,Shape Of My Heart,65510,0.0181972222222222,1.0918333333333334,10,3,Friday,False,2026-03,Shape Of My Heart Sting,0.693,0.537,0.372,0.00107,0.083,-10.08,0.0331,83.94,0.244,1.0
1883,1883,2026-03-13 10:22:00,One Piano,Friend Like Me,1423,0.0003952777777777,0.0237166666666666,10,3,Friday,True,2026-03,Friend Like Me One Piano,0.993,0.425,0.0915,0.923,0.107,-24.976,0.0445,104.008,0.218,3.0
1884,1884,2026-03-13 10:22:00,L'Orchestra Cinematique,"Marry Me (from ""At World's End"") - Epic Version",784,0.0002177777777777,0.0130666666666666,10,3,Friday,True,2026-03,"Marry Me (from ""At World's End"") - Epic Version L'Orchestra Cinematique",,,,,,,,,,
1885,1885,2026-03-13 10:26:00,L'Orchestra Cinematique,"Marry Me (from ""At World's End"") - Epic Version",266880,0.0741333333333333,4.448,10,3,Friday,False,2026-03,"Marry Me (from ""At World's End"") - Epic Version L'Orchestra Cinematique",,,,,,,,,,
1886,1886,2026-03-13 10:30:00,Kristen Bell,Some Things Never Change,209965,0.0583236111111111,3.499416666666667,10,3,Friday,False,2026-03,Some Things Never Change Kristen Bell,0.613,0.567,0.543,0.0,0.106,-4.485,0.0313,89.937,0.299,1.0
1887,1887,2026-03-13 10:32:00,Robin Williams,Friend Like Me,146440,0.0406777777777777,2.4406666666666665,10,3,Friday,False,2026-03,Friend Like Me Robin Williams,0.621,0.648,0.478,0.0,0.703,-13.584,0.145,98.412,0.653,2.0
1888,1888,2026-03-13 10:36:00,Michael Giacchino,Married Life,250573,0.0696036111111111,4.176216666666667,10,3,Friday,False,2026-03,Married Life Michael Giacchino,0.97,0.278,0.0675,0.732,0.0812,-20.946,0.04,82.626,0.112,3.0
1889,1889,2026-03-13 10:40:00,The Citizens of Halloween,This Is Halloween,196187,0.0544963888888888,3.2697833333333333,10,3,Friday,False,2026-03,This Is Halloween The Citizens of Halloween,,,,,,,,,,
1890,1890,2026-03-13 10:43:00,Randy Newman,Strange Things,198587,0.0551630555555555,3.3097833333333333,10,3,Friday,False,2026-03,Strange Things Randy Newman,,,,,,,,,,
1891,1891,2026-03-16 05:45:00,Los Cantaseries,"No Se Que Va a Ser de Mi (De ""Toy Story"")",148790,0.0413305555555555,2.479833333333333,5,3,Monday,False,2026-03,"No Se Que Va a Ser de Mi (De ""Toy Story"") Los Cantaseries",0.351,0.678,0.629,5.4e-05,0.168,-9.195,0.0275,136.0,0.881,2.0
1892,1892,2026-03-16 06:00:00,Joel Minguet,Balada del Agua del Mar,26942,0.0074838888888888,0.4490333333333333,6,3,Monday,True,2026-03,Balada del Agua del Mar Joel Minguet,0.823,0.305,0.265,0.0392,0.15,-14.787,0.0456,179.396,0.148,3.0
1893,1893,2026-03-16 06:10:00,Gareth Gates,Empty Chairs at Empty Tables - Live,11708,0.0032522222222222,0.1951333333333333,6,3,Monday,True,2026-03,Empty Chairs at Empty Tables - Live Gareth Gates,0.841,0.348,0.179,0.0,0.71,-13.975,0.066,79.223,0.114,3.0
1894,1894,2026-03-16 06:15:00,Nstens1117,The Fastest Man Alive (Always Late),12321,0.0034225,0.20535,6,3,Monday,True,2026-03,The Fastest Man Alive (Always Late) Nstens1117,0.00118,0.379,0.822,0.824,0.364,-5.758,0.0541,121.017,0.21,0.0
1895,1895,2026-03-16 06:20:00,Meryl Streep,Dancing Queen - From 'Mamma Mia!' Original Motion Picture Soundtrack,7121,0.0019780555555555,0.1186833333333333,6,3,Monday,True,2026-03,Dancing Queen - From 'Mamma Mia!' Original Motion Picture Soundtrack Meryl Streep,0.0254,0.548,0.953,2.09e-06,0.158,-3.369,0.0728,99.984,0.5,2.0
1896,1896,2026-03-16 06:30:00,Cast of the Motion Picture RENT,Finale B,3800,0.0010555555555555,0.0633333333333333,6,3,Monday,True,2026-03,Finale B Cast of the Motion Picture RENT,0.0662,0.253,0.482,0.0,0.116,-5.565,0.0324,145.338,0.19,0.0
1897,1897,2026-03-16 06:40:00,Metallica,The Call Of Ktulu - Live,15319,0.0042552777777777,0.2553166666666667,6,3,Monday,True,2026-03,The Call Of Ktulu - Live Metallica,3.53e-05,0.286,0.941,0.896,0.429,-5.137,0.0554,132.023,0.0986,0.0
1898,1898,2026-03-16 12:31:00,Scott Bradlee's Postmodern Jukebox,Creep,15765,0.0043791666666666,0.26275,12,3,Monday,True,2026-03,Creep Scott Bradlee's Postmodern Jukebox,0.697,0.292,0.359,1.85e-05,0.108,-9.043,0.0328,177.334,0.228,1.0
1899,1899,2026-03-16 15:01:00,Scott Bradlee's Postmodern Jukebox,Creep,267495,0.0743041666666666,4.45825,15,3,Monday,False,2026-03,Creep Scott Bradlee's Postmodern Jukebox,0.697,0.292,0.359,1.85e-05,0.108,-9.043,0.0328,177.334,0.228,1.0
1900,1900,2026-03-16 15:05:00,One Piano,Tomorrow Never Dies,192685,0.0535236111111111,3.2114166666666666,15,3,Monday,False,2026-03,Tomorrow Never Dies One Piano,,,,,,,,,,
1901,1901,2026-03-16 15:08:00,Carol Woods,Let It Be - Long Version,10787,0.0029963888888888,0.1797833333333333,15,3,Monday,True,2026-03,Let It Be - Long Version Carol Woods,0.94,0.405,0.235,0.0,0.0848,-7.877,0.0416,136.63,0.414,1.0
1902,1902,2026-03-16 15:08:00,Royal Philharmonic Orchestra,"Another Way To Die - From ""Quantum of Solace""",207973,0.0577702777777777,3.4662166666666665,15,3,Monday,False,2026-03,"Another Way To Die - From ""Quantum of Solace"" Royal Philharmonic Orchestra",,,,,,,,,,
1903,1903,2026-03-16 15:08:00,John Williams,Battle of the Heroes,6892,0.0019144444444444,0.1148666666666666,15,3,Monday,True,2026-03,Battle of the Heroes John Williams,,,,,,,,,,
1904,1904,2026-03-16 15:09:00,The Beatles,Sgt. Pepper's Lonely Hearts Club Band - 2017 Mix,729,0.0002025,0.01215,15,3,Monday,True,2026-03,Sgt. Pepper's Lonely Hearts Club Band - 2017 Mix The Beatles,0.101,0.328,0.521,0.0,0.154,-6.221,0.0378,133.834,0.432,0.0
1905,1905,2026-03-16 15:09:00,One Piano,What You Own,941,0.0002613888888888,0.0156833333333333,15,3,Monday,True,2026-03,What You Own One Piano,0.819,0.573,0.309,0.851,0.118,-16.916,0.0468,133.953,0.208,1.0
1906,1906,2026-03-16 15:09:00,Green Day,American Idiot,7316,0.0020322222222222,0.1219333333333333,15,3,Monday,True,2026-03,American Idiot Green Day,2.64e-05,0.38,0.988,7.86e-05,0.368,-2.042,0.0639,186.113,0.769,2.0
1907,1907,2026-03-16 15:09:00,Nicholas Britell,Strings + 808 + Beat,1442,0.0004005555555555,0.0240333333333333,15,3,Monday,True,2026-03,Strings + 808 + Beat Nicholas Britell,0.00727,0.747,0.433,0.778,0.109,-8.882,0.117,139.93,0.167,0.0
1908,1908,2026-03-16 15:13:00,CHVRT H!TS,Space Oddity,286508,0.0795855555555555,4.775133333333334,15,3,Monday,False,2026-03,Space Oddity CHVRT H!TS,0.0561,0.532,0.554,0.000112,0.312,-8.775,0.0261,140.118,0.531,2.0
1909,1909,2026-03-16 15:41:00,The Doors,The End,703373,0.1953813888888889,11.722883333333334,15,3,Monday,False,2026-03,The End The Doors,0.285,0.351,0.228,0.00116,0.123,-17.271,0.0307,104.551,0.0329,3.0
1910,1910,2026-03-16 15:48:00,Madonna,Like a Prayer,340867,0.0946852777777777,5.681116666666667,15,3,Monday,False,2026-03,Like a Prayer Madonna,0.848,0.244,0.273,0.499,0.124,-13.875,0.0351,116.076,0.104,3.0
1911,1911,2026-03-16 15:51:00,The Rolling Stones,"Paint It, Black",202267,0.0561852777777777,3.3711166666666665,15,3,Monday,False,2026-03,"Paint It, Black The Rolling Stones",0.0145,0.503,0.86,0.191,0.366,-7.909,0.0925,159.611,0.742,2.0
1912,1912,2026-03-16 15:55:00,Otis Taylor,Ten Million Slaves,249160,0.0692111111111111,4.152666666666667,15,3,Monday,False,2026-03,Ten Million Slaves Otis Taylor,0.527,0.477,0.431,0.00667,0.211,-8.192,0.0277,132.393,0.572,2.0
1913,1913,2026-03-16 17:02:00,Peter Gabriel,My Body Is A Cage,196185,0.0544958333333333,3.26975,17,3,Monday,False,2026-03,My Body Is A Cage Peter Gabriel,0.849,0.341,0.114,0.0938,0.104,-12.885,0.0341,78.912,0.0806,3.0
1914,1914,2026-03-17 06:00:00,Metallica,Master Of Puppets - Live,16203,0.0045008333333333,0.27005,6,3,Tuesday,True,2026-03,Master Of Puppets - Live Metallica,6.43e-06,0.285,0.99,0.0052,0.718,-3.344,0.102,106.829,0.232,0.0
1915,1915,2026-03-17 06:10:00,Els Amics De Les Arts,Déja-Vu,11784,0.0032733333333333,0.1964,6,3,Tuesday,True,2026-03,Déja-Vu Els Amics De Les Arts,0.74,0.583,0.503,0.0,0.309,-11.532,0.133,174.978,0.273,1.0
1916,1916,2026-03-17 06:15:00,Low Roar,Because We Have To,10971,0.0030475,0.18285,6,3,Tuesday,True,2026-03,Because We Have To Low Roar,0.933,0.303,0.159,0.251,0.107,-14.491,0.0305,105.004,0.111,3.0
1917,1917,2026-03-17 06:20:00,Scott Bradlee's Postmodern Jukebox,Crazy Train,12334,0.0034261111111111,0.2055666666666666,6,3,Tuesday,True,2026-03,Crazy Train Scott Bradlee's Postmodern Jukebox,0.593,0.555,0.731,2.41e-05,0.0805,-4.644,0.0474,134.907,0.609,2.0
1918,1918,2026-03-17 06:25:00,Secret Machines,Blue Jay Way,11535,0.0032041666666666,0.19225,6,3,Tuesday,True,2026-03,Blue Jay Way Secret Machines,0.035,0.27,0.612,0.0341,0.0946,-8.418,0.0367,93.028,0.0413,0.0
1919,1919,2026-03-17 06:30:00,Daniela Andrade,Billie Jean,7814,0.0021705555555555,0.1302333333333333,6,3,Tuesday,True,2026-03,Billie Jean Daniela Andrade,0.874,0.618,0.127,3.95e-06,0.1,-11.33,0.0552,116.792,0.35,1.0
1920,1920,2026-03-17 06:35:00,Yvonne Elliman,"Peter's Denial - From ""Jesus Christ Superstar"" Soundtrack",12437,0.0034547222222222,0.2072833333333333,6,3,Tuesday,True,2026-03,"Peter's Denial - From ""Jesus Christ Superstar"" Soundtrack Yvonne Elliman",0.913,0.512,0.393,0.00021,0.139,-12.803,0.0534,116.6,0.546,1.0
1921,1921,2026-03-17 06:40:00,Els Amics De Les Arts,Casa en Venda,14067,0.0039075,0.23445,6,3,Tuesday,True,2026-03,Casa en Venda Els Amics De Les Arts,0.482,0.571,0.346,0.104,0.212,-9.981,0.0296,135.002,0.225,1.0
1922,1922,2026-03-17 06:45:00,Pretenders,Where Has Every Body Gone - 1992 Remaster,24120,0.0067,0.402,6,3,Tuesday,True,2026-03,Where Has Every Body Gone - 1992 Remaster Pretenders,0.29,0.656,0.663,0.282,0.167,-10.278,0.0335,119.962,0.433,2.0
1923,1923,2026-03-17 06:50:00,Scott Bradlee's Postmodern Jukebox,Creep,17060,0.0047388888888888,0.2843333333333333,6,3,Tuesday,True,2026-03,Creep Scott Bradlee's Postmodern Jukebox,0.697,0.292,0.359,1.85e-05,0.108,-9.043,0.0328,177.334,0.228,1.0
1924,1924,2026-03-17 06:50:00,The Beatles,She Loves You - Mono Version / Remastered 2009,715,0.0001986111111111,0.0119166666666666,6,3,Tuesday,True,2026-03,She Loves You - Mono Version / Remastered 2009 The Beatles,0.389,0.321,0.895,0.0,0.177,-5.157,0.0463,149.807,0.904,2.0
1925,1925,2026-03-17 12:16:00,Lorien Testard,Gustave,1696,0.0004711111111111,0.0282666666666666,12,3,Tuesday,True,2026-03,Gustave Lorien Testard,0.955,0.353,0.299,0.862,0.12,-12.835,0.0318,80.135,0.284,1.0
1926,1926,2026-03-17 14:04:00,Green Day,Holiday,13687,0.0038019444444444,0.2281166666666666,14,3,Tuesday,True,2026-03,Holiday Green Day,0.000138,0.538,0.884,0.0,0.466,-3.251,0.031,146.511,0.736,2.0
1927,1927,2026-03-17 14:58:00,Lorien Testard,Gustave,226305,0.0628625,3.77175,14,3,Tuesday,False,2026-03,Gustave Lorien Testard,0.955,0.353,0.299,0.862,0.12,-12.835,0.0318,80.135,0.284,1.0
1928,1928,2026-03-17 15:02:00,OBESES,Viru$,251428,0.0698411111111111,4.190466666666667,15,3,Tuesday,False,2026-03,Viru$ OBESES,0.0849,0.711,0.75,0.000251,0.146,-4.679,0.041,114.979,0.719,2.0
1929,1929,2026-03-17 15:02:00,Green Day,Holiday,3572,0.0009922222222222,0.0595333333333333,15,3,Tuesday,True,2026-03,Holiday Green Day,0.000138,0.538,0.884,0.0,0.466,-3.251,0.031,146.511,0.736,2.0
1930,1930,2026-03-17 15:06:00,Mishima,Menteix la primavera,225863,0.0627397222222222,3.764383333333333,15,3,Tuesday,False,2026-03,Menteix la primavera Mishima,0.328,0.768,0.502,0.203,0.101,-8.984,0.0339,112.525,0.667,2.0
1931,1931,2026-03-17 15:10:00,Idina Menzel,Over the Moon,4109,0.0011413888888888,0.0684833333333333,15,3,Tuesday,True,2026-03,Over the Moon Idina Menzel,0.405,0.648,0.439,0.0,0.27,-8.154,0.552,124.024,0.302,1.0
1932,1932,2026-03-17 15:10:00,Els Amics De Les Arts,Bed & Breakfast,3823,0.0010619444444444,0.0637166666666666,15,3,Tuesday,True,2026-03,Bed & Breakfast Els Amics De Les Arts,0.761,0.757,0.601,2.63e-06,0.0818,-9.45,0.0653,123.997,0.916,2.0
1933,1933,2026-03-17 15:10:00,Nirvana,Something In The Way - Live,241533,0.0670925,4.02555,15,3,Tuesday,False,2026-03,Something In The Way - Live Nirvana,0.656,0.547,0.335,0.000161,0.115,-13.304,0.0501,106.099,0.109,1.0
1934,1934,2026-03-17 15:13:00,Howard Shore,Cops or Criminals (feat. G.E. Smith & Larry Saltzman),121293,0.0336925,2.02155,15,3,Tuesday,False,2026-03,Cops or Criminals (feat. G.E. Smith & Larry Saltzman) Howard Shore,0.633,0.825,0.543,0.886,0.102,-11.902,0.0352,120.087,0.598,2.0
1935,1935,2026-03-17 15:16:00,Patrik Pietschmann,"He's a Pirate (From ""Pirates of the Caribbean"") - Piano Version",169200,0.047,2.82,15,3,Tuesday,False,2026-03,"He's a Pirate (From ""Pirates of the Caribbean"") - Piano Version Patrik Pietschmann",0.972,0.441,0.255,0.871,0.0898,-17.508,0.0408,179.963,0.483,1.0
1936,1936,2026-03-17 15:28:00,Queen,Under Pressure - Remastered 2011,84197,0.0233880555555555,1.4032833333333334,15,3,Tuesday,False,2026-03,Under Pressure - Remastered 2011 Queen,0.429,0.671,0.712,0.0,0.103,-7.815,0.0476,113.805,0.462,2.0
1937,1937,2026-03-17 15:31:00,Royal Philharmonic Orchestra,"Living Daylights - From ""The Living Daylights""",124373,0.0345480555555555,2.0728833333333334,15,3,Tuesday,False,2026-03,"Living Daylights - From ""The Living Daylights"" Royal Philharmonic Orchestra",,,,,,,,,,
1938,1938,2026-03-17 15:32:00,Nicholas Britell,"Serenata - ""Il Viaggio""",81973,0.0227702777777777,1.3662166666666666,15,3,Tuesday,False,2026-03,"Serenata - ""Il Viaggio"" Nicholas Britell",0.0156,0.214,0.333,0.534,0.125,-13.43,0.0379,97.81,0.152,0.0
1939,1939,2026-03-17 16:21:00,Nirvana,Sappy,205493,0.0570813888888888,3.4248833333333333,16,3,Tuesday,False,2026-03,Sappy Nirvana,1.04e-05,0.406,0.81,1.34e-06,0.325,-6.127,0.0343,128.282,0.638,0.0
1940,1940,2026-03-17 16:32:00,Joe Anderson,"Happiness Is A Warm Gun - From ""Across The Universe"" Soundtrack",151611,0.0421141666666666,2.52685,16,3,Tuesday,False,2026-03,"Happiness Is A Warm Gun - From ""Across The Universe"" Soundtrack Joe Anderson",0.146,0.576,0.452,0.00156,0.111,-9.137,0.0417,135.923,0.112,0.0
1941,1941,2026-03-17 16:32:00,Metallica,Wherever I May Roam - Remastered 2021,1299,0.0003608333333333,0.02165,16,3,Tuesday,True,2026-03,Wherever I May Roam - Remastered 2021 Metallica,0.000617,0.537,0.831,0.000571,0.117,-7.467,0.0364,131.384,0.351,0.0
1942,1942,2026-03-17 16:35:00,Sharon Isbin,Beacon Hill,156253,0.0434036111111111,2.604216666666667,16,3,Tuesday,False,2026-03,Beacon Hill Sharon Isbin,0.993,0.657,0.017,0.863,0.0949,-20.824,0.0875,132.049,0.135,3.0
1943,1943,2026-03-17 16:38:00,Antònia Font,Amants perfectes,171307,0.0475852777777777,2.8551166666666665,16,3,Tuesday,False,2026-03,Amants perfectes Antònia Font,0.585,0.735,0.413,2.96e-05,0.115,-14.041,0.0342,97.04,0.501,1.0
1944,1944,2026-03-17 16:43:00,Green Day,Wake Me up When September Ends,285653,0.0793480555555555,4.760883333333333,16,3,Tuesday,False,2026-03,Wake Me up When September Ends Green Day,0.023,0.546,0.814,0.0,0.0972,-5.146,0.0314,104.98,0.146,0.0
1945,1945,2026-03-17 16:47:00,Rufus Wainwright,Hallelujah,251587,0.0698852777777777,4.193116666666667,16,3,Tuesday,False,2026-03,Hallelujah Rufus Wainwright,0.88,0.367,0.156,0.0,0.0972,-10.052,0.0314,73.138,0.44,1.0
1946,1946,2026-03-17 16:49:00,Nicholas Britell,"Waystar Royco Corporate Identity - ""Feel It!""",44160,0.0122666666666666,0.736,16,3,Tuesday,False,2026-03,"Waystar Royco Corporate Identity - ""Feel It!"" Nicholas Britell",0.769,0.216,0.312,0.731,0.0716,-22.235,0.0929,199.784,0.0343,3.0
1947,1947,2026-03-17 16:49:00,Nicholas Britell,Succession - End Title Theme - Brass Quintet Variation,84093,0.0233591666666666,1.40155,16,3,Tuesday,False,2026-03,Succession - End Title Theme - Brass Quintet Variation Nicholas Britell,0.986,0.422,0.194,0.885,0.146,-13.324,0.0323,65.396,0.189,1.0
1948,1948,2026-03-17 17:01:00,Els Amics De Les Arts,La Llum Que No Se'n Va,62977,0.0174936111111111,1.0496166666666666,17,3,Tuesday,False,2026-03,La Llum Que No Se'n Va Els Amics De Les Arts,0.812,0.334,0.288,0.000951,0.143,-9.531,0.0318,146.812,0.197,1.0
1949,1949,2026-03-18 05:55:00,Wayne Wilcox,Life Support,16686,0.004635,0.2781,5,3,Wednesday,True,2026-03,Life Support Wayne Wilcox,0.799,0.459,0.398,0.0,0.383,-8.141,0.0289,144.644,0.794,2.0
1950,1950,2026-03-18 06:00:00,Woody Jackson,American Venom,31062,0.0086283333333333,0.5177,6,3,Wednesday,False,2026-03,American Venom Woody Jackson,0.00766,0.519,0.801,0.9,0.109,-8.787,0.0507,134.954,0.375,0.0
1951,1951,2026-03-18 06:05:00,Nicholas Britell,Strings Con Fuoco,7500,0.0020833333333333,0.125,6,3,Wednesday,True,2026-03,Strings Con Fuoco Nicholas Britell,0.705,0.506,0.181,0.868,0.103,-9.467,0.0331,86.018,0.433,1.0
1952,1952,2026-03-18 06:10:00,One Piano,One Song Glory,7935,0.0022041666666666,0.13225,6,3,Wednesday,True,2026-03,One Song Glory One Piano,0.904,0.628,0.232,0.924,0.072,-15.313,0.0641,143.977,0.324,1.0
1953,1953,2026-03-18 06:15:00,Queen,Bohemian Rhapsody - Remastered 2011,9196,0.0025544444444444,0.1532666666666666,6,3,Wednesday,True,2026-03,Bohemian Rhapsody - Remastered 2011 Queen,0.271,0.411,0.404,0.0,0.3,-9.928,0.0511,71.068,0.226,0.0
1954,1954,2026-03-18 06:20:00,John Carpenter,In the Mouth of Madness,14868,0.00413,0.2478,6,3,Wednesday,True,2026-03,In the Mouth of Madness John Carpenter,0.00161,0.353,0.743,0.748,0.267,-8.268,0.0695,124.999,0.0622,0.0
1955,1955,2026-03-18 06:25:00,Adam Pascal,One Song Glory,9591,0.0026641666666666,0.15985,6,3,Wednesday,True,2026-03,One Song Glory Adam Pascal,0.201,0.648,0.475,0.0,0.127,-7.301,0.118,143.599,0.267,0.0
1956,1956,2026-03-18 06:30:00,Diablo Swing Orchestra,Balrog Boogie,13203,0.0036675,0.22005,6,3,Wednesday,True,2026-03,Balrog Boogie Diablo Swing Orchestra,0.00384,0.578,0.924,0.064,0.69,-5.717,0.0521,90.694,0.332,0.0
1957,1957,2026-03-18 06:35:00,Els Amics De Les Arts,4-3-3,478,0.0001327777777777,0.0079666666666666,6,3,Wednesday,True,2026-03,4-3-3 Els Amics De Les Arts,,,,,,,,,,
1958,1958,2026-03-18 06:40:00,Nicholas Britell,Largo Doloroso - Strings,22053,0.0061258333333333,0.36755,6,3,Wednesday,True,2026-03,Largo Doloroso - Strings Nicholas Britell,0.332,0.151,0.114,0.969,0.0682,-19.394,0.0441,89.494,0.0345,3.0
1959,1959,2026-03-18 06:45:00,Antònia Font,Zoom,13910,0.0038638888888888,0.2318333333333333,6,3,Wednesday,True,2026-03,Zoom Antònia Font,0.377,0.547,0.413,0.0734,0.168,-12.022,0.0327,166.973,0.801,2.0
1960,1960,2026-03-18 09:48:00,Billie Eilish,hotline (edit),1172,0.0003255555555555,0.0195333333333333,9,3,Wednesday,True,2026-03,hotline (edit) Billie Eilish,0.816,0.516,0.254,0.855,0.189,-16.027,0.0589,56.829,0.304,1.0
1961,1961,2026-03-18 11:17:00,Green Day,Holiday,5644,0.0015677777777777,0.0940666666666666,11,3,Wednesday,True,2026-03,Holiday Green Day,0.000138,0.538,0.884,0.0,0.466,-3.251,0.031,146.511,0.736,2.0
1962,1962,2026-03-18 11:17:00,Oliver Wallace,Capturados Por Los Indios,11289,0.0031358333333333,0.18815,11,3,Wednesday,True,2026-03,Capturados Por Los Indios Oliver Wallace,,,,,,,,,,
1963,1963,2026-03-18 11:18:00,Chorus - Peter Pan,Por Donde Tu Vayas,88435,0.0245652777777777,1.4739166666666668,11,3,Wednesday,False,2026-03,Por Donde Tu Vayas Chorus - Peter Pan,0.888,0.562,0.255,0.000273,0.129,-12.718,0.067,131.344,0.974,2.0
1964,1964,2026-03-18 11:19:00,Oliver Wallace,Capturados Por Los Indios,2751,0.0007641666666666,0.04585,11,3,Wednesday,True,2026-03,Capturados Por Los Indios Oliver Wallace,,,,,,,,,,
1965,1965,2026-03-18 11:19:00,Alan Menken,Los golfillos,11028,0.0030633333333333,0.1838,11,3,Wednesday,True,2026-03,Los golfillos Alan Menken,0.96,0.314,0.0477,0.541,0.333,-21.526,0.0403,113.873,0.052,3.0
1966,1966,2026-03-18 11:19:00,Josema Yuste,La Leyenda de la Lámpara,0,0.0,0.0,11,3,Wednesday,True,2026-03,La Leyenda de la Lámpara Josema Yuste,0.655,0.524,0.543,0.0,0.364,-16.83,0.327,80.975,0.721,2.0
1967,1967,2026-03-18 11:20:00,Miguel Morant,El Rey,95901,0.0266391666666666,1.59835,11,3,Wednesday,False,2026-03,El Rey Miguel Morant,0.394,0.516,0.419,0.0,0.722,-13.956,0.179,124.89,0.612,2.0
1968,1968,2026-03-18 11:22:00,Alan Menken,Final feliz en Agrabah,119280,0.0331333333333333,1.988,11,3,Wednesday,False,2026-03,Final feliz en Agrabah Alan Menken,0.93,0.142,0.14,0.725,0.239,-15.877,0.0397,87.045,0.115,3.0
1969,1969,2026-03-18 11:23:00,Randy Newman,Buzz Lightyear Commercial,24933,0.0069258333333333,0.41555,11,3,Wednesday,True,2026-03,Buzz Lightyear Commercial Randy Newman,0.00384,0.207,0.57,0.883,0.115,-6.408,0.047,69.195,0.242,0.0
1970,1970,2026-03-18 11:23:00,Randy Newman,Buzz,24426,0.006785,0.4071,11,3,Wednesday,True,2026-03,Buzz Randy Newman,0.821,0.317,0.344,0.75,0.104,-11.243,0.0398,128.368,0.051,1.0
1971,1971,2026-03-18 11:24:00,Randy Newman,Zurg's Planet,38085,0.0105791666666666,0.63475,11,3,Wednesday,False,2026-03,Zurg's Planet Randy Newman,0.791,0.266,0.36,0.95,0.0683,-11.271,0.0437,136.261,0.0594,3.0
1972,1972,2026-03-18 11:25:00,Michael Giacchino,"Spider Baiting - from ""Spider-Man: No Way Home"" Soundtrack",13153,0.0036536111111111,0.2192166666666666,11,3,Wednesday,True,2026-03,"Spider Baiting - from ""Spider-Man: No Way Home"" Soundtrack Michael Giacchino",0.931,0.196,0.0429,0.949,0.106,-23.562,0.0488,69.618,0.032,3.0
1973,1973,2026-03-18 11:25:00,Randy Newman,You've Got a Friend in Me,50700,0.0140833333333333,0.845,11,3,Wednesday,False,2026-03,You've Got a Friend in Me Randy Newman,0.82,0.698,0.301,2.16e-06,0.2,-13.063,0.03,115.643,0.474,1.0
1974,1974,2026-03-18 11:25:00,Michael Giacchino,"Peter Parker Picked a Perilously Precarious Profession - from ""Spider-Man: No Way Home"" Soundtrack",26968,0.0074911111111111,0.4494666666666667,11,3,Wednesday,True,2026-03,"Peter Parker Picked a Perilously Precarious Profession - from ""Spider-Man: No Way Home"" Soundtrack Michael Giacchino",0.729,0.291,0.0304,0.813,0.0735,-16.878,0.0322,60.185,0.0672,3.0
1975,1975,2026-03-18 11:25:00,Michael Giacchino,"Theme (from ""Spider Man"") [Original Television Series]",5473,0.0015202777777777,0.0912166666666666,11,3,Wednesday,True,2026-03,"Theme (from ""Spider Man"") [Original Television Series] Michael Giacchino",0.03,0.395,0.718,0.82,0.206,-9.285,0.0505,81.242,0.117,0.0
1976,1976,2026-03-18 11:28:00,Michael Giacchino,Spider-Man: Homecoming Suite,173593,0.0482202777777777,2.8932166666666665,11,3,Wednesday,False,2026-03,Spider-Man: Homecoming Suite Michael Giacchino,0.631,0.202,0.274,0.697,0.147,-14.193,0.042,145.207,0.0565,3.0
1977,1977,2026-03-18 11:32:00,Idina Menzel,Into the Unknown,194848,0.0541244444444444,3.2474666666666665,11,3,Wednesday,False,2026-03,Into the Unknown Idina Menzel,0.849,0.321,0.405,0.000544,0.138,-8.533,0.0412,146.072,0.274,1.0
1978,1978,2026-03-18 11:38:00,Hans Zimmer,Jack Sparrow,365427,0.1015075,6.09045,11,3,Wednesday,False,2026-03,Jack Sparrow Hans Zimmer,0.759,0.335,0.323,0.824,0.0717,-14.71,0.0564,91.599,0.291,1.0
1979,1979,2026-03-18 11:40:00,Alan Silvestri,The Avengers,123360,0.0342666666666666,2.056,11,3,Wednesday,False,2026-03,The Avengers Alan Silvestri,0.606,0.25,0.553,0.673,0.145,-8.188,0.0429,118.985,0.226,0.0
1980,1980,2026-03-18 11:44:00,Michael Giacchino,Married Life,250573,0.0696036111111111,4.176216666666667,11,3,Wednesday,False,2026-03,Married Life Michael Giacchino,0.97,0.278,0.0675,0.732,0.0812,-20.946,0.04,82.626,0.112,3.0
1981,1981,2026-03-18 11:48:00,Yolanda de las Heras,Silbando al Trabajar,207627,0.0576741666666666,3.46045,11,3,Wednesday,False,2026-03,Silbando al Trabajar Yolanda de las Heras,0.907,0.749,0.284,0.144,0.0799,-13.005,0.035,102.199,0.784,2.0
1982,1982,2026-03-18 11:52:00,Hans Zimmer,One Day,241560,0.0671,4.026,11,3,Wednesday,False,2026-03,One Day Hans Zimmer,0.688,0.173,0.306,0.924,0.106,-16.531,0.0417,82.348,0.0358,3.0
1983,1983,2026-03-18 11:54:00,Miguel Morant,El Rey,144307,0.0400852777777777,2.405116666666667,11,3,Wednesday,False,2026-03,El Rey Miguel Morant,0.394,0.516,0.419,0.0,0.722,-13.956,0.179,124.89,0.612,2.0
1984,1984,2026-03-18 15:21:00,Kristen Bell,Some Things Never Change,209965,0.0583236111111111,3.499416666666667,15,3,Wednesday,False,2026-03,Some Things Never Change Kristen Bell,0.613,0.567,0.543,0.0,0.106,-4.485,0.0313,89.937,0.299,1.0
1985,1985,2026-03-18 15:27:00,Film Symphony Orchestra,Piratas del Caribe - El hombre del cofre muerto,340027,0.0944519444444444,5.667116666666667,15,3,Wednesday,False,2026-03,Piratas del Caribe - El hombre del cofre muerto Film Symphony Orchestra,0.491,0.246,0.508,0.0227,0.458,-9.588,0.0749,67.192,0.206,0.0
1986,1986,2026-03-18 15:28:00,Pablo Palos,Dame Un Silbidito,98000,0.0272222222222222,1.6333333333333333,15,3,Wednesday,False,2026-03,Dame Un Silbidito Pablo Palos,0.88,0.594,0.384,6.35e-06,0.472,-12.724,0.243,111.087,0.883,2.0
1987,1987,2026-03-18 15:31:00,Josema Yuste,Un Genio Genial,148947,0.0413741666666666,2.48245,15,3,Wednesday,False,2026-03,Un Genio Genial Josema Yuste,0.553,0.678,0.629,0.0,0.391,-10.626,0.117,97.983,0.734,2.0
1988,1988,2026-03-18 15:33:00,Hans Zimmer,Up Is Down,162200,0.0450555555555555,2.703333333333333,15,3,Wednesday,False,2026-03,Up Is Down Hans Zimmer,0.266,0.46,0.423,0.909,0.107,-14.704,0.0528,129.906,0.121,0.0
1989,1989,2026-03-18 15:38:00,John Williams,"New York, 1969",257160,0.0714333333333333,4.286,15,3,Wednesday,False,2026-03,"New York, 1969 John Williams",0.728,0.285,0.127,0.826,0.0866,-18.281,0.0364,118.21,0.112,3.0
1990,1990,2026-03-18 15:40:00,Kristen Bell,"Love Is an Open Door - From ""Frozen""/Soundtrack Version",124733,0.0346480555555555,2.078883333333333,15,3,Wednesday,False,2026-03,"Love Is an Open Door - From ""Frozen""/Soundtrack Version Kristen Bell",0.262,0.737,0.636,0.0,0.319,-6.308,0.0737,100.033,0.537,2.0
1991,1991,2026-03-18 15:45:00,Cast Of Disneyland Resort Paris,It's A Small World (Disneyland Paris version),268253,0.0745147222222222,4.470883333333333,15,3,Wednesday,False,2026-03,It's A Small World (Disneyland Paris version) Cast Of Disneyland Resort Paris,0.704,0.469,0.51,1.58e-06,0.359,-7.228,0.0307,120.079,0.676,2.0
1992,1992,2026-03-19 06:15:00,Creedence Clearwater Revival,Have You Ever Seen The Rain,9305,0.0025847222222222,0.1550833333333333,6,3,Thursday,True,2026-03,Have You Ever Seen The Rain Creedence Clearwater Revival,0.0936,0.743,0.47,3.15e-05,0.186,-13.154,0.029,116.122,0.89,2.0
1993,1993,2026-03-19 06:20:00,Rufus Wainwright,Everybody Knows,11294,0.0031372222222222,0.1882333333333333,6,3,Thursday,True,2026-03,Everybody Knows Rufus Wainwright,0.0461,0.468,0.529,0.0,0.742,-6.621,0.081,132.76,0.465,0.0
1994,1994,2026-03-19 06:25:00,The Verve,Bitter Sweet Symphony - Remastered 2016,9337,0.0025936111111111,0.1556166666666666,6,3,Thursday,True,2026-03,Bitter Sweet Symphony - Remastered 2016 The Verve,0.0299,0.358,0.916,0.0,0.595,-5.958,0.0497,171.133,0.498,0.0
1995,1995,2026-03-19 06:30:00,The Beatles,Here Comes The Sun - Remastered 2009,14973,0.0041591666666666,0.24955,6,3,Thursday,True,2026-03,Here Comes The Sun - Remastered 2009 The Beatles,0.0339,0.557,0.54,0.00248,0.179,-10.484,0.0347,129.177,0.394,0.0
1996,1996,2026-03-19 06:40:00,Unknown Artist,Unknown Track,7534,0.0020927777777777,0.1255666666666666,6,3,Thursday,True,2026-03,Unknown Track Unknown Artist,,,,,,,,,,
1997,1997,2026-03-19 06:40:00,a-ha,Take On Me - 2017 Acoustic,8257,0.0022936111111111,0.1376166666666666,6,3,Thursday,True,2026-03,Take On Me - 2017 Acoustic a-ha,0.92,0.437,0.188,1.26e-05,0.0988,-10.868,0.0307,103.883,0.223,1.0
1998,1998,2026-03-19 07:42:00,Chorus - Peter Pan,Por Donde Tu Vayas,182467,0.0506852777777777,3.0411166666666665,7,3,Thursday,False,2026-03,Por Donde Tu Vayas Chorus - Peter Pan,0.888,0.562,0.255,0.000273,0.129,-12.718,0.067,131.344,0.974,2.0
1999,1999,2026-03-19 07:44:00,Michael Giacchino,"Peter Parker Picked a Perilously Precarious Profession - from ""Spider-Man: No Way Home"" Soundtrack",91680,0.0254666666666666,1.528,7,3,Thursday,False,2026-03,"Peter Parker Picked a Perilously Precarious Profession - from ""Spider-Man: No Way Home"" Soundtrack Michael Giacchino",0.729,0.291,0.0304,0.813,0.0735,-16.878,0.0322,60.185,0.0672,3.0
2000,2000,2026-03-19 07:44:00,Randy Newman,Buzz Lightyear Commercial,13666,0.0037961111111111,0.2277666666666666,7,3,Thursday,True,2026-03,Buzz Lightyear Commercial Randy Newman,0.00384,0.207,0.57,0.883,0.115,-6.408,0.047,69.195,0.242,0.0
2001,2001,2026-03-19 07:48:00,Demi Lovato,"Let It Go - From ""Frozen / Single Version",224387,0.0623297222222222,3.7397833333333335,7,3,Thursday,False,2026-03,"Let It Go - From ""Frozen / Single Version Demi Lovato",0.0269,0.503,0.657,0.0,0.265,-5.866,0.0359,139.918,0.246,0.0
2002,2002,2026-03-19 07:51:00,Jesús Aguirre,"Ay Ho/ Cavar, Cavar",167000,0.0463888888888888,2.783333333333333,7,3,Thursday,False,2026-03,"Ay Ho/ Cavar, Cavar Jesús Aguirre",0.868,0.848,0.566,9.75e-06,0.105,-9.603,0.0908,103.011,0.734,2.0
2003,2003,2026-03-19 07:55:00,Chorus - Peter Pan,"Volaras, Volaras, Volaras",261480,0.0726333333333333,4.358,7,3,Thursday,False,2026-03,"Volaras, Volaras, Volaras Chorus - Peter Pan",0.978,0.493,0.293,0.0,0.169,-11.908,0.265,58.646,0.64,1.0
2004,2004,2026-03-19 08:00:00,John Williams,"Star Wars Suite: Main Theme - From ""Star Wars: Episode IV - A New Hope""",324227,0.0900630555555555,5.403783333333333,8,3,Thursday,False,2026-03,"Star Wars Suite: Main Theme - From ""Star Wars: Episode IV - A New Hope"" John Williams",0.689,0.24,0.425,0.926,0.0931,-10.527,0.0374,119.762,0.078,1.0
2005,2005,2026-03-19 08:05:00,Hans Zimmer,Drink Up Me Hearties Yo Ho,271880,0.0755222222222222,4.531333333333333,8,3,Thursday,False,2026-03,Drink Up Me Hearties Yo Ho Hans Zimmer,0.319,0.145,0.452,0.92,0.0753,-13.56,0.0448,82.297,0.146,0.0
2006,2006,2026-03-19 08:07:00,Brian Tyler,A Pirate's Life,122440,0.0340111111111111,2.040666666666666,8,3,Thursday,False,2026-03,A Pirate's Life Brian Tyler,0.516,0.728,0.585,0.922,0.113,-13.505,0.0419,99.987,0.589,2.0
2007,2007,2026-03-19 08:10:00,Joel Fry,A Pirate's Life,5460,0.0015166666666666,0.091,8,3,Thursday,True,2026-03,A Pirate's Life Joel Fry,0.985,0.758,0.455,4.59e-05,0.107,-13.306,0.209,102.433,0.341,1.0
2008,2008,2026-03-19 08:10:00,Ron Goodwin,A Pirate's Life for Me,30437,0.0084547222222222,0.5072833333333333,8,3,Thursday,False,2026-03,A Pirate's Life for Me Ron Goodwin,0.9,0.349,0.401,0.93,0.248,-13.858,0.0331,80.023,0.219,1.0
2009,2009,2026-03-19 08:10:00,Miguel Morant,Un Mundo Ideal,161093,0.0447480555555555,2.684883333333333,8,3,Thursday,False,2026-03,Un Mundo Ideal Miguel Morant,0.727,0.224,0.226,0.0,0.106,-12.583,0.0314,171.294,0.335,3.0
2010,2010,2026-03-19 08:13:00,Jartisto,Bundle of Joy,174328,0.0484244444444444,2.905466666666667,8,3,Thursday,False,2026-03,Bundle of Joy Jartisto,0.98,0.461,0.0605,0.947,0.0929,-30.646,0.0926,126.556,0.195,3.0
2011,2011,2026-03-19 08:13:00,Vitamin String Quartet,bad guy,10449,0.0029025,0.17415,8,3,Thursday,True,2026-03,bad guy Vitamin String Quartet,0.914,0.7,0.328,0.0362,0.0941,-9.981,0.146,135.058,0.648,1.0
2012,2012,2026-03-19 08:14:00,Cast – Disneyland Paris,Yo Ho (A Pirate's Life for Me) (Disneyland Paris version),78160,0.0217111111111111,1.3026666666666666,8,3,Thursday,False,2026-03,Yo Ho (A Pirate's Life for Me) (Disneyland Paris version) Cast – Disneyland Paris,0.871,0.655,0.826,5.79e-06,0.371,-10.448,0.784,111.858,0.619,2.0
2013,2013,2026-03-19 08:16:00,Josh Gad,When I Am Older,111452,0.0309588888888888,1.8575333333333333,8,3,Thursday,False,2026-03,When I Am Older Josh Gad,0.708,0.754,0.326,0.0,0.103,-7.001,0.243,117.004,0.435,1.0
2014,2014,2026-03-19 08:22:00,John Williams,"Across the Stars (Love Theme from ""Star Wars: Attack of the Clones"")",331840,0.0921777777777777,5.530666666666667,8,3,Thursday,False,2026-03,"Across the Stars (Love Theme from ""Star Wars: Attack of the Clones"") John Williams",,,,,,,,,,
2015,2015,2026-03-19 08:25:00,Carolina Gaitán - La Gaita,We Don't Talk About Bruno,216120,0.0600333333333333,3.602,8,3,Thursday,False,2026-03,We Don't Talk About Bruno Carolina Gaitán - La Gaita,0.357,0.577,0.45,0.0,0.111,-8.516,0.0834,205.863,0.83,2.0
2016,2016,2026-03-19 08:32:00,Michael Giacchino,Spider-Man: Homecoming Suite,372986,0.1036072222222222,6.216433333333334,8,3,Thursday,False,2026-03,Spider-Man: Homecoming Suite Michael Giacchino,0.631,0.202,0.274,0.697,0.147,-14.193,0.042,145.207,0.0565,3.0
2017,2017,2026-03-19 08:34:00,Robin Williams,Friend Like Me,146453,0.0406813888888888,2.4408833333333333,8,3,Thursday,False,2026-03,Friend Like Me Robin Williams,0.621,0.648,0.478,0.0,0.703,-13.584,0.145,98.412,0.653,2.0
2018,2018,2026-03-19 08:35:00,Claudia Pizá,Hakuna Matata,50290,0.0139694444444444,0.8381666666666666,8,3,Thursday,False,2026-03,Hakuna Matata Claudia Pizá,0.546,0.498,0.483,0.0,0.353,-12.14,0.181,83.241,0.63,2.0
2019,2019,2026-03-19 08:37:00,Carmen López,Por Primera Vez en Años (Reprise),149827,0.0416186111111111,2.497116666666667,8,3,Thursday,False,2026-03,Por Primera Vez en Años (Reprise) Carmen López,,,,,,,,,,
2020,2020,2026-03-19 08:38:00,Lea Salonga,A Whole New World,49990,0.0138861111111111,0.8331666666666667,8,3,Thursday,False,2026-03,A Whole New World Lea Salonga,0.846,0.285,0.227,2.11e-06,0.1,-15.793,0.0354,115.8,0.135,3.0
2021,2021,2026-03-19 08:41:00,Chorus - Peter Pan,La Estrella Que Nos Vió Nacer (Tema Principal),138347,0.0384297222222222,2.3057833333333333,8,3,Thursday,False,2026-03,La Estrella Que Nos Vió Nacer (Tema Principal) Chorus - Peter Pan,0.979,0.243,0.273,2.15e-05,0.284,-12.802,0.0318,99.309,0.226,3.0
2022,2022,2026-03-19 08:44:00,Josema Yuste,Príncipe Ali,172773,0.0479925,2.87955,8,3,Thursday,False,2026-03,Príncipe Ali Josema Yuste,0.732,0.524,0.486,0.0,0.17,-11.4,0.0921,104.283,0.668,2.0
2023,2023,2026-03-19 08:47:00,Pablo Palos,La Estrella Azul,194827,0.0541186111111111,3.247116666666667,8,3,Thursday,False,2026-03,La Estrella Azul Pablo Palos,0.963,0.243,0.174,5.14e-05,0.353,-13.912,0.0421,75.712,0.0697,3.0
2024,2024,2026-03-19 08:48:00,Tata Vega,Ciclo Sin Fin,58640,0.0162888888888888,0.9773333333333334,8,3,Thursday,False,2026-03,Ciclo Sin Fin Tata Vega,0.125,0.441,0.421,0.0,0.326,-14.141,0.0368,83.906,0.541,0.0
2025,2025,2026-03-19 08:53:00,AD Santos,Busca Lo Más Vital,282707,0.0785297222222222,4.711783333333333,8,3,Thursday,False,2026-03,Busca Lo Más Vital AD Santos,0.756,0.6,0.475,0.0,0.63,-11.582,0.325,106.176,0.577,1.0
2026,2026,2026-03-19 08:54:00,Xavier Rivera,Príncipe Ali (Repetición),71720,0.0199222222222222,1.1953333333333334,8,3,Thursday,False,2026-03,Príncipe Ali (Repetición) Xavier Rivera,0.834,0.601,0.464,0.0,0.671,-11.519,0.063,57.626,0.718,2.0
2027,2027,2026-03-19 08:56:00,Donna Murphy,"Prologue - From ""Tangled""/Score",122573,0.0340480555555555,2.042883333333333,8,3,Thursday,False,2026-03,"Prologue - From ""Tangled""/Score Donna Murphy",0.874,0.245,0.18,0.0254,0.242,-16.531,0.0317,85.58,0.171,3.0
2028,2028,2026-03-19 09:06:00,Cast - Frozen,Solo Tiene Que Mejorar un Poco (Canción de los Troles),182160,0.0506,3.036,9,3,Thursday,False,2026-03,Solo Tiene Que Mejorar un Poco (Canción de los Troles) Cast - Frozen,,,,,,,,,,
2029,2029,2026-03-19 09:08:00,Hans Zimmer,"End Credits - From ""Pirates of the Caribbean: On Stranger Tides""/Score",117133,0.0325369444444444,1.9522166666666667,9,3,Thursday,False,2026-03,"End Credits - From ""Pirates of the Caribbean: On Stranger Tides""/Score Hans Zimmer",0.404,0.534,0.814,0.972,0.0998,-10.418,0.0429,140.22,0.766,2.0
2030,2030,2026-03-19 09:11:00,Hans Zimmer,Davy Jones,195240,0.0542333333333333,3.254,9,3,Thursday,False,2026-03,Davy Jones Hans Zimmer,0.475,0.31,0.0558,0.0447,0.127,-19.072,0.0285,79.924,0.106,3.0
2031,2031,2026-03-19 09:16:00,Flavio,Quiero Ser Como Tú,241587,0.0671075,4.02645,9,3,Thursday,False,2026-03,Quiero Ser Como Tú Flavio,,,,,,,,,,
2032,2032,2026-03-19 09:18:00,The Mellomen,Painting the Roses Red / March of the Cards,168600,0.0468333333333333,2.81,9,3,Thursday,False,2026-03,Painting the Roses Red / March of the Cards The Mellomen,0.921,0.672,0.416,0.00101,0.0975,-12.439,0.311,126.576,0.914,2.0
2033,2033,2026-03-19 09:20:00,Tony Cruz,Hay Un Amigo En Mí,125387,0.0348297222222222,2.089783333333333,9,3,Thursday,False,2026-03,Hay Un Amigo En Mí Tony Cruz,0.848,0.675,0.447,0.0,0.12,-8.207,0.0294,115.177,0.512,1.0
2034,2034,2026-03-19 09:23:00,Miguel Morant,El Rey,144307,0.0400852777777777,2.405116666666667,9,3,Thursday,False,2026-03,El Rey Miguel Morant,0.394,0.516,0.419,0.0,0.722,-13.956,0.179,124.89,0.612,2.0
2035,2035,2026-03-19 09:26:00,Yolanda de las Heras,Silbando al Trabajar,207627,0.0576741666666666,3.46045,9,3,Thursday,False,2026-03,Silbando al Trabajar Yolanda de las Heras,0.907,0.749,0.284,0.144,0.0799,-13.005,0.035,102.199,0.784,2.0
2036,2036,2026-03-19 09:27:00,Francisco Colmenero,Prólogo,36850,0.0102361111111111,0.6141666666666666,9,3,Thursday,False,2026-03,Prólogo Francisco Colmenero,0.884,0.459,0.112,0.0,0.602,-25.61,0.134,89.937,0.487,3.0
2037,2037,2026-03-19 09:28:00,Golden Apple Quartet,El Rodeo de Woody,43880,0.0121888888888888,0.7313333333333333,9,3,Thursday,False,2026-03,El Rodeo de Woody Golden Apple Quartet,0.585,0.502,0.536,0.0,0.0903,-9.638,0.151,205.172,0.608,2.0
2038,2038,2026-03-19 09:29:00,Pablo Palos,Dame Un Silbidito,98000,0.0272222222222222,1.6333333333333333,9,3,Thursday,False,2026-03,Dame Un Silbidito Pablo Palos,0.88,0.594,0.384,6.35e-06,0.472,-12.724,0.243,111.087,0.883,2.0
2039,2039,2026-03-19 09:31:00,Bruce Adler,Arabian Nights - Remastered 2022,79787,0.0221630555555555,1.329783333333333,9,3,Thursday,False,2026-03,Arabian Nights - Remastered 2022 Bruce Adler,0.723,0.485,0.198,0.0,0.208,-15.53,0.0421,128.648,0.56,1.0
2040,2040,2026-03-19 09:39:00,Cast - Frozen,Corazón de Hielo,52760,0.0146555555555555,0.8793333333333333,9,3,Thursday,False,2026-03,Corazón de Hielo Cast - Frozen,,,,,,,,,,
2041,2041,2026-03-19 09:42:00,Inés Moraleda,"Bella - de ""La Bella y La Bestia""/Banda Sonora Original",5083,0.0014119444444444,0.0847166666666666,9,3,Thursday,True,2026-03,"Bella - de ""La Bella y La Bestia""/Banda Sonora Original Inés Moraleda",0.822,0.55,0.281,0.0,0.373,-18.501,0.257,129.221,0.34,1.0
2042,2042,2026-03-19 09:45:00,Nathan Lane,"Hakuna Matata - From ""The Lion King"" Soundtrack",212627,0.0590630555555555,3.5437833333333333,9,3,Thursday,False,2026-03,"Hakuna Matata - From ""The Lion King"" Soundtrack Nathan Lane",,,,,,,,,,
2043,2043,2026-03-19 09:48:00,Auli'i Cravalho,How Far I'll Go,163386,0.045385,2.7231,9,3,Thursday,False,2026-03,How Far I'll Go Auli'i Cravalho,,,,,,,,,,
2044,2044,2026-03-19 09:51:00,Yolanda de las Heras,Sonriendo al Cantar,181970,0.0505472222222222,3.032833333333333,9,3,Thursday,False,2026-03,Sonriendo al Cantar Yolanda de las Heras,0.93,0.376,0.189,4.82e-06,0.211,-15.586,0.0409,90.249,0.339,1.0
2045,2045,2026-03-19 09:54:00,Gema Castaño,Colores en el Viento,214467,0.0595741666666666,3.57445,9,3,Thursday,False,2026-03,Colores en el Viento Gema Castaño,,,,,,,,,,
2046,2046,2026-03-19 09:57:00,Marc Ullod,De nada,163893,0.0455258333333333,2.73155,9,3,Thursday,False,2026-03,De nada Marc Ullod,,,,,,,,,,
2047,2047,2026-03-19 10:40:00,Sergi Pérez,Canción del Pirata,119836,0.0332877777777777,1.9972666666666667,10,3,Thursday,False,2026-03,Canción del Pirata Sergi Pérez,,,,,,,,,,
2048,2048,2026-03-19 10:45:00,Chorus - Peter Pan,"Volaras, Volaras, Volaras",10678,0.0029661111111111,0.1779666666666666,10,3,Thursday,True,2026-03,"Volaras, Volaras, Volaras Chorus - Peter Pan",0.978,0.493,0.293,0.0,0.169,-11.908,0.265,58.646,0.64,1.0
2049,2049,2026-03-19 10:45:00,Sergi Pérez,Canción del Pirata,218179,0.0606052777777777,3.636316666666666,10,3,Thursday,False,2026-03,Canción del Pirata Sergi Pérez,,,,,,,,,,
2050,2050,2026-03-19 10:49:00,Chorus - Peter Pan,"Volaras, Volaras, Volaras",249274,0.0692427777777777,4.154566666666667,10,3,Thursday,False,2026-03,"Volaras, Volaras, Volaras Chorus - Peter Pan",0.978,0.493,0.293,0.0,0.169,-11.908,0.265,58.646,0.64,1.0
2051,2051,2026-03-19 10:52:00,Marc Ullod,De nada,163893,0.0455258333333333,2.73155,10,3,Thursday,False,2026-03,De nada Marc Ullod,,,,,,,,,,
2052,2052,2026-03-19 10:55:00,AURORA,Into the Unknown,199960,0.0555444444444444,3.332666666666667,10,3,Thursday,False,2026-03,Into the Unknown AURORA,0.849,0.321,0.405,0.000544,0.138,-8.533,0.0412,146.072,0.274,1.0
2053,2053,2026-03-19 10:56:00,Cast – Disneyland Paris,Yo Ho (A Pirate's Life for Me) (Disneyland Paris version),35440,0.0098444444444444,0.5906666666666667,10,3,Thursday,False,2026-03,Yo Ho (A Pirate's Life for Me) (Disneyland Paris version) Cast – Disneyland Paris,0.871,0.655,0.826,5.79e-06,0.371,-10.448,0.784,111.858,0.619,2.0
2054,2054,2026-03-19 10:59:00,Disney Studio Chorus,Yo Ho (A Pirate's Life for Me),201640,0.0560111111111111,3.3606666666666665,10,3,Thursday,False,2026-03,Yo Ho (A Pirate's Life for Me) Disney Studio Chorus,0.778,0.548,0.538,0.0,0.198,-11.349,0.51,112.505,0.692,2.0
2055,2055,2026-03-19 11:04:00,The Wellermen,Hoist The Colours - Bass Singers Version,278443,0.0773452777777777,4.640716666666667,11,3,Thursday,False,2026-03,Hoist The Colours - Bass Singers Version The Wellermen,0.62,0.287,0.298,1.87e-05,0.163,-13.61,0.0326,94.531,0.243,1.0
2056,2056,2026-03-19 11:07:00,Celia Vergara,Madre sabe más,190467,0.0529075,3.17445,11,3,Thursday,False,2026-03,Madre sabe más Celia Vergara,0.879,0.473,0.3,0.0,0.0294,-10.42,0.155,44.057,0.489,1.0
2057,2057,2026-03-19 11:09:00,Alan Silvestri,The Avengers,123360,0.0342666666666666,2.056,11,3,Thursday,False,2026-03,The Avengers Alan Silvestri,0.606,0.25,0.553,0.673,0.145,-8.188,0.0429,118.985,0.226,0.0
2058,2058,2026-03-19 11:12:00,Hans Zimmer,Up Is Down,162200,0.0450555555555555,2.703333333333333,11,3,Thursday,False,2026-03,Up Is Down Hans Zimmer,0.266,0.46,0.423,0.909,0.107,-14.704,0.0528,129.906,0.121,0.0
2059,2059,2026-03-19 11:16:00,Michael Giacchino,Married Life,250573,0.0696036111111111,4.176216666666667,11,3,Thursday,False,2026-03,Married Life Michael Giacchino,0.97,0.278,0.0675,0.732,0.0812,-20.946,0.04,82.626,0.112,3.0
2060,2060,2026-03-19 11:19:00,Pablo Palos,La Estrella Azul,194827,0.0541186111111111,3.247116666666667,11,3,Thursday,False,2026-03,La Estrella Azul Pablo Palos,0.963,0.243,0.174,5.14e-05,0.353,-13.912,0.0421,75.712,0.0697,3.0
2061,2061,2026-03-19 11:22:00,Josema Yuste,Príncipe Ali,172773,0.0479925,2.87955,11,3,Thursday,False,2026-03,Príncipe Ali Josema Yuste,0.732,0.524,0.486,0.0,0.17,-11.4,0.0921,104.283,0.668,2.0
2062,2062,2026-03-19 11:25:00,Josema Yuste,Un Genio Genial,1263,0.0003508333333333,0.02105,11,3,Thursday,True,2026-03,Un Genio Genial Josema Yuste,0.553,0.678,0.629,0.0,0.391,-10.626,0.117,97.983,0.734,2.0
2063,2063,2026-03-19 11:25:00,Xavier Rivera,Príncipe Ali (Repetición),2340,0.00065,0.039,11,3,Thursday,True,2026-03,Príncipe Ali (Repetición) Xavier Rivera,0.834,0.601,0.464,0.0,0.671,-11.519,0.063,57.626,0.718,2.0
2064,2064,2026-03-19 11:25:00,Jesús Aguirre,"Ay Ho/ Cavar, Cavar",167000,0.0463888888888888,2.783333333333333,11,3,Thursday,False,2026-03,"Ay Ho/ Cavar, Cavar Jesús Aguirre",0.868,0.848,0.566,9.75e-06,0.105,-9.603,0.0908,103.011,0.734,2.0
2065,2065,2026-03-19 11:27:00,Chorus - Peter Pan,La Estrella Que Nos Vió Nacer (Tema Principal),7460,0.0020722222222222,0.1243333333333333,11,3,Thursday,True,2026-03,La Estrella Que Nos Vió Nacer (Tema Principal) Chorus - Peter Pan,0.979,0.243,0.273,2.15e-05,0.284,-12.802,0.0318,99.309,0.226,3.0
2066,2066,2026-03-19 11:27:00,Josh Gad,When I Am Older,111452,0.0309588888888888,1.8575333333333333,11,3,Thursday,False,2026-03,When I Am Older Josh Gad,0.708,0.754,0.326,0.0,0.103,-7.001,0.243,117.004,0.435,1.0
2067,2067,2026-03-19 11:29:00,Hans Zimmer,"End Credits - From ""Pirates of the Caribbean: On Stranger Tides""/Score",117133,0.0325369444444444,1.9522166666666667,11,3,Thursday,False,2026-03,"End Credits - From ""Pirates of the Caribbean: On Stranger Tides""/Score Hans Zimmer",0.404,0.534,0.814,0.972,0.0998,-10.418,0.0429,140.22,0.766,2.0
2068,2068,2026-03-19 11:32:00,Enrique Sequeros,El Vive en Tí,184853,0.0513480555555555,3.0808833333333334,11,3,Thursday,False,2026-03,El Vive en Tí Enrique Sequeros,0.765,0.749,0.459,0.000235,0.059,-10.757,0.0319,115.092,0.477,1.0
2069,2069,2026-03-19 11:33:00,Rubén Trujillo,Un Amigo Fiel,16340,0.0045388888888888,0.2723333333333333,11,3,Thursday,True,2026-03,Un Amigo Fiel Rubén Trujillo,0.626,0.658,0.622,0.0,0.635,-11.253,0.0707,97.771,0.682,2.0
2070,2070,2026-03-19 11:35:00,Chorus - Hercules,Zero To Hero,140573,0.0390480555555555,2.342883333333333,11,3,Thursday,False,2026-03,Zero To Hero Chorus - Hercules,0.467,0.475,0.835,0.0,0.377,-7.734,0.277,164.789,0.712,2.0
2071,2071,2026-03-19 11:37:00,Cast - Frozen,"Frozen Heart - From ""Frozen""/Soundtrack Version",105293,0.0292480555555555,1.7548833333333334,11,3,Thursday,False,2026-03,"Frozen Heart - From ""Frozen""/Soundtrack Version Cast - Frozen",,,,,,,,,,
2072,2072,2026-03-19 11:37:00,Erik Cruz,Perdido en el bosque,22130,0.0061472222222222,0.3688333333333333,11,3,Thursday,True,2026-03,Perdido en el bosque Erik Cruz,0.757,0.417,0.461,3.56e-06,0.121,-6.073,0.027,74.269,0.4,1.0
2073,2073,2026-03-19 11:43:00,Bely Basarte,Bella,333267,0.0925741666666666,5.55445,11,3,Thursday,False,2026-03,Bella Bely Basarte,,,,,,,,,,
2074,2074,2026-03-19 11:44:00,Randy Newman,Buzz Lightyear Commercial,54320,0.0150888888888888,0.9053333333333332,11,3,Thursday,False,2026-03,Buzz Lightyear Commercial Randy Newman,0.00384,0.207,0.57,0.883,0.115,-6.408,0.047,69.195,0.242,0.0
2075,2075,2026-03-19 11:46:00,Miguel Morant,Un Mundo Ideal,161093,0.0447480555555555,2.684883333333333,11,3,Thursday,False,2026-03,Un Mundo Ideal Miguel Morant,0.727,0.224,0.226,0.0,0.106,-12.583,0.0314,171.294,0.335,3.0
2076,2076,2026-03-19 11:51:00,Kristen Bell,"Love Is an Open Door - From ""Frozen""/Soundtrack Version",124733,0.0346480555555555,2.078883333333333,11,3,Thursday,False,2026-03,"Love Is an Open Door - From ""Frozen""/Soundtrack Version Kristen Bell",0.262,0.737,0.636,0.0,0.319,-6.308,0.0737,100.033,0.537,2.0
2077,2077,2026-03-19 11:54:00,Hans Zimmer,This Land,175400,0.0487222222222222,2.9233333333333333,11,3,Thursday,False,2026-03,This Land Hans Zimmer,0.433,0.152,0.129,0.647,0.171,-22.61,0.0404,99.042,0.136,3.0
2078,2078,2026-03-19 11:57:00,Kristen Bell,Some Things Never Change,209965,0.0583236111111111,3.499416666666667,11,3,Thursday,False,2026-03,Some Things Never Change Kristen Bell,0.613,0.567,0.543,0.0,0.106,-4.485,0.0313,89.937,0.299,1.0
2079,2079,2026-03-19 12:00:00,David García Llop,El rey,175223,0.0486730555555555,2.9203833333333336,12,3,Thursday,False,2026-03,El rey David García Llop,0.152,0.705,0.759,0.0,0.0464,-5.838,0.0631,119.244,0.573,2.0
2080,2080,2026-03-19 12:03:00,The Mellomen,Painting the Roses Red / March of the Cards,168600,0.0468333333333333,2.81,12,3,Thursday,False,2026-03,Painting the Roses Red / March of the Cards The Mellomen,0.921,0.672,0.416,0.00101,0.0975,-12.439,0.311,126.576,0.914,2.0
2081,2081,2026-03-19 12:06:00,Donny Osmond,I'll Make a Man Out of You,201680,0.0560222222222222,3.361333333333333,12,3,Thursday,False,2026-03,I'll Make a Man Out of You Donny Osmond,0.144,0.672,0.322,2.96e-05,0.074,-17.669,0.0339,113.852,0.496,2.0
2082,2082,2026-03-19 12:07:00,Anabel García,Silbando al trabajar,57440,0.0159555555555555,0.9573333333333334,12,3,Thursday,False,2026-03,Silbando al trabajar Anabel García,0.68,0.646,0.489,0.0,0.235,-7.773,0.0755,107.629,0.717,2.0
2083,2083,2026-03-19 12:28:00,Anabel García,Silbando al trabajar,118694,0.0329705555555555,1.9782333333333333,12,3,Thursday,False,2026-03,Silbando al trabajar Anabel García,0.68,0.646,0.489,0.0,0.235,-7.773,0.0755,107.629,0.717,2.0
2084,2084,2026-03-19 12:31:00,María Caneda,Cuando Me Quería,183840,0.0510666666666666,3.064,12,3,Thursday,False,2026-03,Cuando Me Quería María Caneda,0.974,0.325,0.144,2.77e-06,0.105,-13.606,0.0365,79.498,0.216,3.0
2085,2085,2026-03-19 12:36:00,AD Santos,Busca Lo Más Vital,282707,0.0785297222222222,4.711783333333333,12,3,Thursday,False,2026-03,Busca Lo Más Vital AD Santos,0.756,0.6,0.475,0.0,0.63,-11.582,0.325,106.176,0.577,1.0
2086,2086,2026-03-19 12:39:00,Claudia Pizá,Hakuna Matata,10500,0.0029166666666666,0.175,12,3,Thursday,True,2026-03,Hakuna Matata Claudia Pizá,0.546,0.498,0.483,0.0,0.353,-12.14,0.181,83.241,0.63,2.0
2087,2087,2026-03-19 12:39:00,Disney Studio Chorus,Yo Ho (A Pirate's Life for Me),201640,0.0560111111111111,3.3606666666666665,12,3,Thursday,False,2026-03,Yo Ho (A Pirate's Life for Me) Disney Studio Chorus,0.778,0.548,0.538,0.0,0.198,-11.349,0.51,112.505,0.692,2.0
2088,2088,2026-03-19 12:43:00,Miguel Ángel Jenner,"¡Qué Festín! - de ""La Bella y La Bestia""/Banda Sonora Original",222573,0.0618258333333333,3.70955,12,3,Thursday,False,2026-03,"¡Qué Festín! - de ""La Bella y La Bestia""/Banda Sonora Original Miguel Ángel Jenner",0.757,0.501,0.329,0.0,0.168,-16.066,0.135,125.071,0.553,1.0
2089,2089,2026-03-19 12:46:00,Jodi Benson,Part of Your World,195493,0.0543036111111111,3.2582166666666668,12,3,Thursday,False,2026-03,Part of Your World Jodi Benson,0.92,0.275,0.144,0.000423,0.29,-14.516,0.0481,61.557,0.302,3.0
2090,2090,2026-03-19 12:51:00,Hans Zimmer,Drink Up Me Hearties Yo Ho,271880,0.0755222222222222,4.531333333333333,12,3,Thursday,False,2026-03,Drink Up Me Hearties Yo Ho Hans Zimmer,0.319,0.145,0.452,0.92,0.0753,-13.56,0.0448,82.297,0.146,0.0
2091,2091,2026-03-19 12:55:00,Hans Zimmer,One Day,241560,0.0671,4.026,12,3,Thursday,False,2026-03,One Day Hans Zimmer,0.688,0.173,0.306,0.924,0.106,-16.531,0.0417,82.348,0.0358,3.0
2092,2092,2026-03-19 12:56:00,Randy Newman,Buzz,100093,0.0278036111111111,1.668216666666667,12,3,Thursday,False,2026-03,Buzz Randy Newman,0.821,0.317,0.344,0.75,0.104,-11.243,0.0398,128.368,0.051,1.0
2093,2093,2026-03-19 12:57:00,Cast Of Disneyland Resort Paris,It's A Small World (Disneyland Paris version),1343,0.0003730555555555,0.0223833333333333,12,3,Thursday,True,2026-03,It's A Small World (Disneyland Paris version) Cast Of Disneyland Resort Paris,0.704,0.469,0.51,1.58e-06,0.359,-7.228,0.0307,120.079,0.676,2.0
2094,2094,2026-03-19 12:57:00,Jartisto,Bundle of Joy,1527,0.0004241666666666,0.02545,12,3,Thursday,True,2026-03,Bundle of Joy Jartisto,0.98,0.461,0.0605,0.947,0.0929,-30.646,0.0926,126.556,0.195,3.0
2095,2095,2026-03-19 12:57:00,David García Llop,El rey,2443,0.0006786111111111,0.0407166666666666,12,3,Thursday,True,2026-03,El rey David García Llop,0.152,0.705,0.759,0.0,0.0464,-5.838,0.0631,119.244,0.573,2.0
2096,2096,2026-03-19 12:57:00,Michael Giacchino,Spider-Man: Homecoming Suite,2703,0.0007508333333333,0.04505,12,3,Thursday,True,2026-03,Spider-Man: Homecoming Suite Michael Giacchino,0.631,0.202,0.274,0.697,0.147,-14.193,0.042,145.207,0.0565,3.0
2097,2097,2026-03-19 12:57:00,Enrique Sequeros,Mi sueño es,2543,0.0007063888888888,0.0423833333333333,12,3,Thursday,True,2026-03,Mi sueño es Enrique Sequeros,0.74,0.661,0.605,0.0,0.239,-7.697,0.2,133.758,0.726,2.0
2098,2098,2026-03-19 12:57:00,Susan Martín,Ha Nacido Una Estrella,48250,0.0134027777777777,0.8041666666666667,12,3,Thursday,False,2026-03,Ha Nacido Una Estrella Susan Martín,0.572,0.68,0.708,0.0,0.471,-7.961,0.109,117.931,0.788,2.0
2099,2099,2026-03-19 12:57:00,José Ramón Nogueras,Si a Arabia tú vas,1863,0.0005175,0.03105,12,3,Thursday,True,2026-03,Si a Arabia tú vas José Ramón Nogueras,0.773,0.446,0.276,0.0,0.117,-12.119,0.0494,126.401,0.197,1.0
2100,2100,2026-03-19 13:00:00,Brad Kane,One Jump Ahead,142440,0.0395666666666666,2.374,13,3,Thursday,False,2026-03,One Jump Ahead Brad Kane,0.425,0.564,0.326,0.0,0.742,-16.436,0.127,123.609,0.688,2.0
2101,2101,2026-03-19 13:02:00,Isabel Valls,La respuesta encontrarás,125680,0.0349111111111111,2.0946666666666665,13,3,Thursday,False,2026-03,La respuesta encontrarás Isabel Valls,0.931,0.297,0.204,2.07e-05,0.0821,-11.958,0.0365,70.354,0.193,3.0
2102,2102,2026-03-19 13:16:00,Moisés Nieto,Véns a Fer un Ninot de Neu amb Mi? (From Frozen) [Versió en Català],173324,0.0481455555555555,2.888733333333333,13,3,Thursday,False,2026-03,Véns a Fer un Ninot de Neu amb Mi? (From Frozen) [Versió en Català] Moisés Nieto,,,,,,,,,,
2103,2103,2026-03-19 13:19:00,David García Llop,Un mundo ideal,175594,0.0487761111111111,2.9265666666666665,13,3,Thursday,False,2026-03,Un mundo ideal David García Llop,0.782,0.353,0.382,0.0,0.163,-8.132,0.0363,122.088,0.108,1.0
2104,2104,2026-03-19 13:22:00,Auli'i Cravalho,Beyond,230267,0.0639630555555555,3.837783333333333,13,3,Thursday,False,2026-03,Beyond Auli'i Cravalho,0.811,0.409,0.469,0.0,0.0507,-7.988,0.0549,149.956,0.252,1.0
2105,2105,2026-03-19 13:26:00,Demi Lovato,"Let It Go - From ""Frozen / Single Version",224387,0.0623297222222222,3.7397833333333335,13,3,Thursday,False,2026-03,"Let It Go - From ""Frozen / Single Version Demi Lovato",0.0269,0.503,0.657,0.0,0.265,-5.866,0.0359,139.918,0.246,0.0
2106,2106,2026-03-19 13:29:00,Lea Salonga,A Whole New World,160800,0.0446666666666666,2.68,13,3,Thursday,False,2026-03,A Whole New World Lea Salonga,0.846,0.285,0.227,2.11e-06,0.1,-15.793,0.0354,115.8,0.135,3.0
2107,2107,2026-03-19 13:34:00,John Williams,"Star Wars Suite: Main Theme - From ""Star Wars: Episode IV - A New Hope""",324227,0.0900630555555555,5.403783333333333,13,3,Thursday,False,2026-03,"Star Wars Suite: Main Theme - From ""Star Wars: Episode IV - A New Hope"" John Williams",0.689,0.24,0.425,0.926,0.0931,-10.527,0.0374,119.762,0.078,1.0
2108,2108,2026-03-19 13:38:00,Flavio,Quiero Ser Como Tú,241587,0.0671075,4.02645,13,3,Thursday,False,2026-03,Quiero Ser Como Tú Flavio,,,,,,,,,,
2109,2109,2026-03-19 13:41:00,Coros - La Bella Durmiente,Eres Tú el Príncipe Azul,177680,0.0493555555555555,2.961333333333333,13,3,Thursday,False,2026-03,Eres Tú el Príncipe Azul Coros - La Bella Durmiente,0.963,0.295,0.14,0.142,0.368,-15.341,0.0357,132.673,0.183,3.0
2110,2110,2026-03-19 13:45:00,Tata Vega,Ciclo Sin Fin,238933,0.0663702777777777,3.9822166666666665,13,3,Thursday,False,2026-03,Ciclo Sin Fin Tata Vega,0.125,0.441,0.421,0.0,0.326,-14.141,0.0368,83.906,0.541,0.0
2111,2111,2026-03-19 13:48:00,Celia Vergara,Madre sabe más,190467,0.0529075,3.17445,13,3,Thursday,False,2026-03,Madre sabe más Celia Vergara,0.879,0.473,0.3,0.0,0.0294,-10.42,0.155,44.057,0.489,1.0
2112,2112,2026-03-19 13:52:00,Carmen López,Por fin ya veo la luz,224027,0.0622297222222222,3.733783333333333,13,3,Thursday,False,2026-03,Por fin ya veo la luz Carmen López,0.886,0.206,0.25,0.0,0.128,-9.607,0.0308,52.957,0.174,3.0
2113,2113,2026-03-19 13:55:00,Robin Williams,Prince Ali,171760,0.0477111111111111,2.8626666666666667,13,3,Thursday,False,2026-03,Prince Ali Robin Williams,0.687,0.522,0.439,0.0,0.167,-13.67,0.0545,106.084,0.609,1.0
2114,2114,2026-03-19 13:59:00,John Williams,"New York, 1969",257160,0.0714333333333333,4.286,13,3,Thursday,False,2026-03,"New York, 1969 John Williams",0.728,0.285,0.127,0.826,0.0866,-18.281,0.0364,118.21,0.112,3.0
2115,2115,2026-03-19 14:03:00,Hans Zimmer,Under the Stars,225267,0.0625741666666666,3.75445,14,3,Thursday,False,2026-03,Under the Stars Hans Zimmer,0.613,0.292,0.162,0.544,0.123,-20.812,0.0414,107.296,0.105,3.0
2116,2116,2026-03-19 14:06:00,Hans Zimmer,Davy Jones,195240,0.0542333333333333,3.254,14,3,Thursday,False,2026-03,Davy Jones Hans Zimmer,0.475,0.31,0.0558,0.0447,0.127,-19.072,0.0285,79.924,0.106,3.0
2117,2117,2026-03-19 14:09:00,Robin Williams,Friend Like Me,146453,0.0406813888888888,2.4408833333333333,14,3,Thursday,False,2026-03,Friend Like Me Robin Williams,0.621,0.648,0.478,0.0,0.703,-13.584,0.145,98.412,0.653,2.0
2118,2118,2026-03-19 14:12:00,Marc Pociello,Hakuna Matata - Spanish-Castilian version,213053,0.0591813888888888,3.550883333333333,14,3,Thursday,False,2026-03,Hakuna Matata - Spanish-Castilian version Marc Pociello,0.623,0.423,0.478,2.6e-06,0.133,-12.796,0.225,168.556,0.66,2.0
2119,2119,2026-03-19 14:16:00,Carolina Gaitán - La Gaita,We Don't Talk About Bruno,216120,0.0600333333333333,3.602,14,3,Thursday,False,2026-03,We Don't Talk About Bruno Carolina Gaitán - La Gaita,0.357,0.577,0.45,0.0,0.111,-8.516,0.0834,205.863,0.83,2.0
2120,2120,2026-03-19 14:19:00,Cast - Frozen,Solo Tiene Que Mejorar un Poco (Canción de los Troles),182160,0.0506,3.036,14,3,Thursday,False,2026-03,Solo Tiene Que Mejorar un Poco (Canción de los Troles) Cast - Frozen,,,,,,,,,,
2121,2121,2026-03-19 14:22:00,Roger Bart,Go the Distance,194160,0.0539333333333333,3.236,14,3,Thursday,False,2026-03,Go the Distance Roger Bart,0.878,0.275,0.126,0.000872,0.0791,-17.077,0.033,88.206,0.211,3.0
2122,2122,2026-03-19 14:28:00,Hans Zimmer,Jack Sparrow,365427,0.1015075,6.09045,14,3,Thursday,False,2026-03,Jack Sparrow Hans Zimmer,0.759,0.335,0.323,0.824,0.0717,-14.71,0.0564,91.599,0.291,1.0
2123,2123,2026-03-19 14:32:00,Idina Menzel,Into the Unknown,194848,0.0541244444444444,3.2474666666666665,14,3,Thursday,False,2026-03,Into the Unknown Idina Menzel,0.849,0.321,0.405,0.000544,0.138,-8.533,0.0412,146.072,0.274,1.0
2124,2124,2026-03-19 14:35:00,Moisés Nieto,Vol Volar (Let It Go from Frozen) [Versió en Català] - Bonus Track,213319,0.0592552777777777,3.5553166666666667,14,3,Thursday,False,2026-03,Vol Volar (Let It Go from Frozen) [Versió en Català] - Bonus Track Moisés Nieto,,,,,,,,,,
2125,2125,2026-03-19 14:39:00,Ferran Gonzalez,Ese Es Mi Destino,194067,0.0539075,3.23445,14,3,Thursday,False,2026-03,Ese Es Mi Destino Ferran Gonzalez,0.877,0.315,0.105,4.47e-05,0.137,-15.023,0.0322,89.468,0.21,3.0
2126,2126,2026-03-19 20:00:00,John Williams,"Across the Stars (Love Theme from ""Star Wars: Attack of the Clones"")",11136,0.0030933333333333,0.1856,20,3,Thursday,True,2026-03,"Across the Stars (Love Theme from ""Star Wars: Attack of the Clones"") John Williams",,,,,,,,,,
2127,2127,2026-03-19 20:03:00,Marc Ullod,De nada,163893,0.0455258333333333,2.73155,20,3,Thursday,False,2026-03,De nada Marc Ullod,,,,,,,,,,
2128,2128,2026-03-19 20:04:00,Benjamin Bratt,"Remember Me (Ernesto de la Cruz) - From ""Coco""/Soundtrack Version",109280,0.0303555555555555,1.8213333333333328,20,3,Thursday,False,2026-03,"Remember Me (Ernesto de la Cruz) - From ""Coco""/Soundtrack Version Benjamin Bratt",0.514,0.506,0.562,0.000347,0.213,-6.663,0.0422,129.057,0.614,2.0
2129,2129,2026-03-19 20:07:00,Dwayne Johnson,You're Welcome,163894,0.0455261111111111,2.7315666666666667,20,3,Thursday,False,2026-03,You're Welcome Dwayne Johnson,,,,,,,,,,
2130,2130,2026-03-19 20:10:00,Marc Ullod,"De nada - De ""Vaiana""/Banda Sonora Original en Castellano",163893,0.0455258333333333,2.73155,20,3,Thursday,False,2026-03,"De nada - De ""Vaiana""/Banda Sonora Original en Castellano Marc Ullod",,,,,,,,,,
2131,2131,2026-03-19 20:13:00,Celia Vergara,Madre sabe más,190467,0.0529075,3.17445,20,3,Thursday,False,2026-03,Madre sabe más Celia Vergara,0.879,0.473,0.3,0.0,0.0294,-10.42,0.155,44.057,0.489,1.0
2132,2132,2026-03-19 20:17:00,Carolina Gaitán - La Gaita,No se habla de Bruno,216120,0.0600333333333333,3.602,20,3,Thursday,False,2026-03,No se habla de Bruno Carolina Gaitán - La Gaita,0.303,0.812,0.471,0.0,0.104,-8.314,0.0404,102.964,0.756,2.0
2133,2133,2026-03-19 21:45:00,Pablo Perea,Voy a Hacer Todo un Hombre de Tí,65653,0.0182369444444444,1.0942166666666666,21,3,Thursday,False,2026-03,Voy a Hacer Todo un Hombre de Tí Pablo Perea,0.417,0.709,0.412,4.23e-06,0.0767,-12.406,0.0375,113.93,0.424,2.0
2134,2134,2026-03-20 05:55:00,Dana Fuchs,"Helter Skelter - From ""Across The Universe"" Soundtrack",15104,0.0041955555555555,0.2517333333333333,5,3,Friday,True,2026-03,"Helter Skelter - From ""Across The Universe"" Soundtrack Dana Fuchs",0.000195,0.266,0.911,0.0113,0.35,-3.824,0.0656,165.966,0.337,0.0
2135,2135,2026-03-20 06:00:00,Philip Quast,The Confrontation,20161,0.0056002777777777,0.3360166666666667,6,3,Friday,True,2026-03,The Confrontation Philip Quast,0.838,0.429,0.292,2.02e-06,0.237,-18.065,0.0696,93.576,0.353,1.0
2136,2136,2026-03-20 06:05:00,Metallica,One - Live,6851,0.0019030555555555,0.1141833333333333,6,3,Friday,True,2026-03,One - Live Metallica,6.72e-06,0.291,0.948,0.271,0.992,-5.713,0.124,123.76,0.267,0.0
2137,2137,2026-03-20 06:15:00,Els Amics De Les Arts,La Merda Se'ns Menja,10117,0.0028102777777777,0.1686166666666666,6,3,Friday,True,2026-03,La Merda Se'ns Menja Els Amics De Les Arts,0.512,0.433,0.433,0.0,0.822,-11.673,0.115,78.453,0.496,1.0
2138,2138,2026-03-20 06:20:00,Joe Anderson,With A Little Help From My Friends,9955,0.0027652777777777,0.1659166666666666,6,3,Friday,True,2026-03,With A Little Help From My Friends Joe Anderson,0.306,0.473,0.547,0.000296,0.356,-5.802,0.0335,118.049,0.429,0.0
2139,2139,2026-03-20 06:25:00,Royal Philharmonic Orchestra,"Tomorrow Never Dies - From ""Tomorrow Never Dies""",11713,0.0032536111111111,0.1952166666666666,6,3,Friday,True,2026-03,"Tomorrow Never Dies - From ""Tomorrow Never Dies"" Royal Philharmonic Orchestra",,,,,,,,,,
2140,2140,2026-03-20 06:30:00,Jim Sturgess,"I've Just Seen A Face - From ""Across The Universe"" Soundtrack",11172,0.0031033333333333,0.1862,6,3,Friday,True,2026-03,"I've Just Seen A Face - From ""Across The Universe"" Soundtrack Jim Sturgess",0.0259,0.498,0.841,0.000753,0.173,-6.863,0.0617,135.759,0.333,0.0
2141,2141,2026-03-20 06:35:00,Jesse L. Martin,Today 4 U,8142,0.0022616666666666,0.1357,6,3,Friday,True,2026-03,Today 4 U Jesse L. Martin,0.043,0.724,0.94,4.27e-05,0.142,-3.155,0.0507,132.006,0.684,2.0
2142,2142,2026-03-20 06:40:00,Nick Cave & The Bad Seeds,Red Right Hand (Peaky Blinders Theme) (Flood Remix),11670,0.0032416666666666,0.1945,6,3,Friday,True,2026-03,Red Right Hand (Peaky Blinders Theme) (Flood Remix) Nick Cave & The Bad Seeds,0.573,0.814,0.229,0.158,0.0718,-16.208,0.0737,116.049,0.287,1.0
2143,2143,2026-03-20 07:01:00,Scott Bradlee's Postmodern Jukebox,Crazy Train,9380,0.0026055555555555,0.1563333333333333,7,3,Friday,True,2026-03,Crazy Train Scott Bradlee's Postmodern Jukebox,0.593,0.555,0.731,2.41e-05,0.0805,-4.644,0.0474,134.907,0.609,2.0
2144,2144,2026-03-20 07:42:00,Film Symphony Orchestra,Piratas del Caribe - El hombre del cofre muerto,340027,0.0944519444444444,5.667116666666667,7,3,Friday,False,2026-03,Piratas del Caribe - El hombre del cofre muerto Film Symphony Orchestra,0.491,0.246,0.508,0.0227,0.458,-9.588,0.0749,67.192,0.206,0.0
2145,2145,2026-03-20 07:47:00,John Williams,"Across the Stars (Love Theme from ""Star Wars: Attack of the Clones"")",331840,0.0921777777777777,5.530666666666667,7,3,Friday,False,2026-03,"Across the Stars (Love Theme from ""Star Wars: Attack of the Clones"") John Williams",,,,,,,,,,
2146,2146,2026-03-20 07:49:00,Benjamin Bratt,"Remember Me (Ernesto de la Cruz) - From ""Coco""/Soundtrack Version",109280,0.0303555555555555,1.8213333333333328,7,3,Friday,False,2026-03,"Remember Me (Ernesto de la Cruz) - From ""Coco""/Soundtrack Version Benjamin Bratt",0.514,0.506,0.562,0.000347,0.213,-6.663,0.0422,129.057,0.614,2.0
2147,2147,2026-03-20 07:53:00,Tata Vega,El Ciclo de la Vida,239747,0.0665963888888888,3.995783333333333,7,3,Friday,False,2026-03,El Ciclo de la Vida Tata Vega,,,,,,,,,,
2148,2148,2026-03-20 07:56:00,Phil Collins,Dos Mundos,200787,0.0557741666666666,3.34645,7,3,Friday,False,2026-03,Dos Mundos Phil Collins,0.203,0.674,0.648,0.00935,0.0371,-11.203,0.058,109.886,0.412,2.0
2149,2149,2026-03-20 07:58:00,Isabel Nogueras,Prólogo - de Enredados,122493,0.0340258333333333,2.04155,7,3,Friday,False,2026-03,Prólogo - de Enredados Isabel Nogueras,0.92,0.237,0.141,0.0362,0.24,-16.202,0.0348,123.22,0.117,3.0
2150,2150,2026-03-20 09:13:00,Danny Elfman,"Alice's Theme - From ""Alice in Wonderland""/Soundtrack Version",124208,0.0345022222222222,2.070133333333333,9,3,Friday,False,2026-03,"Alice's Theme - From ""Alice in Wonderland""/Soundtrack Version Danny Elfman",0.926,0.417,0.415,0.662,0.0815,-12.66,0.0365,119.984,0.126,1.0
2151,2151,2026-03-20 09:16:00,Geek Music,"Lithonia (From ""Daredevil: Born Again Trailer"") - Epic Version",179714,0.0499205555555555,2.995233333333333,9,3,Friday,False,2026-03,"Lithonia (From ""Daredevil: Born Again Trailer"") - Epic Version Geek Music",,,,,,,,,,
2152,2152,2026-03-20 09:23:00,Childish Gambino,Lithonia,179320,0.0498111111111111,2.9886666666666666,9,3,Friday,False,2026-03,Lithonia Childish Gambino,0.0948,0.415,0.383,0.0,0.118,-7.629,0.0287,140.102,0.172,0.0
2153,2153,2026-03-20 09:26:00,Childish Gambino,Lithonia,179320,0.0498111111111111,2.9886666666666666,9,3,Friday,False,2026-03,Lithonia Childish Gambino,0.0948,0.415,0.383,0.0,0.118,-7.629,0.0287,140.102,0.172,0.0
2154,2154,2026-03-20 09:29:00,Childish Gambino,Lithonia,179320,0.0498111111111111,2.9886666666666666,9,3,Friday,False,2026-03,Lithonia Childish Gambino,0.0948,0.415,0.383,0.0,0.118,-7.629,0.0287,140.102,0.172,0.0
2155,2155,2026-03-20 09:32:00,Donna Murphy,"Prologue - From ""Tangled""/Score",3483,0.0009675,0.05805,9,3,Friday,True,2026-03,"Prologue - From ""Tangled""/Score Donna Murphy",0.874,0.245,0.18,0.0254,0.242,-16.531,0.0317,85.58,0.171,3.0
2156,2156,2026-03-20 09:32:00,Childish Gambino,Lithonia,4730,0.0013138888888888,0.0788333333333333,9,3,Friday,True,2026-03,Lithonia Childish Gambino,0.0948,0.415,0.383,0.0,0.118,-7.629,0.0287,140.102,0.172,0.0
2157,2157,2026-03-20 09:32:00,Childish Gambino,Lithonia,179320,0.0498111111111111,2.9886666666666666,9,3,Friday,False,2026-03,Lithonia Childish Gambino,0.0948,0.415,0.383,0.0,0.118,-7.629,0.0287,140.102,0.172,0.0
2158,2158,2026-03-20 09:35:00,Childish Gambino,Lithonia,179320,0.0498111111111111,2.9886666666666666,9,3,Friday,False,2026-03,Lithonia Childish Gambino,0.0948,0.415,0.383,0.0,0.118,-7.629,0.0287,140.102,0.172,0.0
2159,2159,2026-03-20 09:38:00,Pablo Perea,Voy a Hacer Todo un Hombre de Tí,202520,0.0562555555555555,3.3753333333333333,9,3,Friday,False,2026-03,Voy a Hacer Todo un Hombre de Tí Pablo Perea,0.417,0.709,0.412,4.23e-06,0.0767,-12.406,0.0375,113.93,0.424,2.0
2160,2160,2026-03-20 09:42:00,Jordi Doncos,Preparaos,219880,0.0610777777777777,3.6646666666666663,9,3,Friday,False,2026-03,Preparaos Jordi Doncos,,,,,,,,,,
2161,2161,2026-03-20 09:42:00,Carmen López,Por Primera Vez en Años (Reprise),18550,0.0051527777777777,0.3091666666666666,9,3,Friday,True,2026-03,Por Primera Vez en Años (Reprise) Carmen López,,,,,,,,,,
2162,2162,2026-03-20 09:44:00,Michael Giacchino,"Peter Parker Picked a Perilously Precarious Profession - from ""Spider-Man: No Way Home"" Soundtrack",91680,0.0254666666666666,1.528,9,3,Friday,False,2026-03,"Peter Parker Picked a Perilously Precarious Profession - from ""Spider-Man: No Way Home"" Soundtrack Michael Giacchino",0.729,0.291,0.0304,0.813,0.0735,-16.878,0.0322,60.185,0.0672,3.0
2163,2163,2026-03-20 09:45:00,Chorus - Peter Pan,Por Donde Tu Vayas,102933,0.0285925,1.71555,9,3,Friday,False,2026-03,Por Donde Tu Vayas Chorus - Peter Pan,0.888,0.562,0.255,0.000273,0.129,-12.718,0.067,131.344,0.974,2.0
2164,2164,2026-03-20 09:47:00,Anolita Domínguez,Es La Noche Del Amor,82640,0.0229555555555555,1.3773333333333333,9,3,Friday,False,2026-03,Es La Noche Del Amor Anolita Domínguez,0.73,0.394,0.289,0.0,0.778,-13.785,0.0426,78.034,0.517,1.0
2165,2165,2026-03-20 09:51:00,Chorus - Peter Pan,"Volaras, Volaras, Volaras",261480,0.0726333333333333,4.358,9,3,Friday,False,2026-03,"Volaras, Volaras, Volaras Chorus - Peter Pan",0.978,0.493,0.293,0.0,0.169,-11.908,0.265,58.646,0.64,1.0
2166,2166,2026-03-20 09:53:00,Tony Cruz,Hay Un Amigo En Mí,125387,0.0348297222222222,2.089783333333333,9,3,Friday,False,2026-03,Hay Un Amigo En Mí Tony Cruz,0.848,0.675,0.447,0.0,0.12,-8.207,0.0294,115.177,0.512,1.0
2167,2167,2026-03-20 09:56:00,Miguel Morant,El Rey,144307,0.0400852777777777,2.405116666666667,9,3,Friday,False,2026-03,El Rey Miguel Morant,0.394,0.516,0.419,0.0,0.722,-13.956,0.179,124.89,0.612,2.0
2168,2168,2026-03-20 09:59:00,Francisco Colmenero,Prólogo,17690,0.0049138888888888,0.2948333333333333,9,3,Friday,True,2026-03,Prólogo Francisco Colmenero,0.884,0.459,0.112,0.0,0.602,-25.61,0.134,89.937,0.487,3.0
2169,2169,2026-03-20 09:59:00,Yolanda de las Heras,Silbando al Trabajar,207627,0.0576741666666666,3.46045,9,3,Friday,False,2026-03,Silbando al Trabajar Yolanda de las Heras,0.907,0.749,0.284,0.144,0.0799,-13.005,0.035,102.199,0.784,2.0
2170,2170,2026-03-20 10:00:00,Golden Apple Quartet,El Rodeo de Woody,43880,0.0121888888888888,0.7313333333333333,10,3,Friday,False,2026-03,El Rodeo de Woody Golden Apple Quartet,0.585,0.502,0.536,0.0,0.0903,-9.638,0.151,205.172,0.608,2.0
2171,2171,2026-03-20 10:02:00,Pablo Palos,Dame Un Silbidito,98000,0.0272222222222222,1.6333333333333333,10,3,Friday,False,2026-03,Dame Un Silbidito Pablo Palos,0.88,0.594,0.384,6.35e-06,0.472,-12.724,0.243,111.087,0.883,2.0
2172,2172,2026-03-20 10:03:00,Bruce Adler,Arabian Nights - Remastered 2022,79787,0.0221630555555555,1.329783333333333,10,3,Friday,False,2026-03,Arabian Nights - Remastered 2022 Bruce Adler,0.723,0.485,0.198,0.0,0.208,-15.53,0.0421,128.648,0.56,1.0
2173,2173,2026-03-20 10:05:00,Cast - Frozen,Corazón de Hielo,105093,0.0291925,1.75155,10,3,Friday,False,2026-03,Corazón de Hielo Cast - Frozen,,,,,,,,,,
2174,2174,2026-03-20 10:10:00,Inés Moraleda,"Bella - de ""La Bella y La Bestia""/Banda Sonora Original",304440,0.0845666666666666,5.074,10,3,Friday,False,2026-03,"Bella - de ""La Bella y La Bestia""/Banda Sonora Original Inés Moraleda",0.822,0.55,0.281,0.0,0.373,-18.501,0.257,129.221,0.34,1.0
2175,2175,2026-03-20 10:14:00,Nathan Lane,"Hakuna Matata - From ""The Lion King"" Soundtrack",212627,0.0590630555555555,3.5437833333333333,10,3,Friday,False,2026-03,"Hakuna Matata - From ""The Lion King"" Soundtrack Nathan Lane",,,,,,,,,,
2176,2176,2026-03-20 10:16:00,Auli'i Cravalho,How Far I'll Go,163386,0.045385,2.7231,10,3,Friday,False,2026-03,How Far I'll Go Auli'i Cravalho,,,,,,,,,,
2177,2177,2026-03-20 10:17:00,Yolanda de las Heras,Sonriendo al Cantar,55610,0.0154472222222222,0.9268333333333332,10,3,Friday,False,2026-03,Sonriendo al Cantar Yolanda de las Heras,0.93,0.376,0.189,4.82e-06,0.211,-15.586,0.0409,90.249,0.339,1.0
2178,2178,2026-03-20 10:21:00,Gema Castaño,Colores en el Viento,214467,0.0595741666666666,3.57445,10,3,Friday,False,2026-03,Colores en el Viento Gema Castaño,,,,,,,,,,
2179,2179,2026-03-20 10:24:00,Marc Ullod,De nada,163893,0.0455258333333333,2.73155,10,3,Friday,False,2026-03,De nada Marc Ullod,,,,,,,,,,
2180,2180,2026-03-20 10:27:00,AURORA,Into the Unknown,199960,0.0555444444444444,3.332666666666667,10,3,Friday,False,2026-03,Into the Unknown AURORA,0.849,0.321,0.405,0.000544,0.138,-8.533,0.0412,146.072,0.274,1.0
2181,2181,2026-03-20 10:28:00,Cast – Disneyland Paris,Yo Ho (A Pirate's Life for Me) (Disneyland Paris version),78160,0.0217111111111111,1.3026666666666666,10,3,Friday,False,2026-03,Yo Ho (A Pirate's Life for Me) (Disneyland Paris version) Cast – Disneyland Paris,0.871,0.655,0.826,5.79e-06,0.371,-10.448,0.784,111.858,0.619,2.0
2182,2182,2026-03-20 10:30:00,Alan Silvestri,The Avengers,123360,0.0342666666666666,2.056,10,3,Friday,False,2026-03,The Avengers Alan Silvestri,0.606,0.25,0.553,0.673,0.145,-8.188,0.0429,118.985,0.226,0.0
2183,2183,2026-03-20 10:33:00,Hans Zimmer,Up Is Down,162200,0.0450555555555555,2.703333333333333,10,3,Friday,False,2026-03,Up Is Down Hans Zimmer,0.266,0.46,0.423,0.909,0.107,-14.704,0.0528,129.906,0.121,0.0
2184,2184,2026-03-20 10:37:00,Michael Giacchino,Married Life,214460,0.0595722222222222,3.574333333333333,10,3,Friday,False,2026-03,Married Life Michael Giacchino,0.97,0.278,0.0675,0.732,0.0812,-20.946,0.04,82.626,0.112,3.0
2185,2185,2026-03-20 10:45:00,Michael Giacchino,Married Life,997,0.0002769444444444,0.0166166666666666,10,3,Friday,True,2026-03,Married Life Michael Giacchino,0.97,0.278,0.0675,0.732,0.0812,-20.946,0.04,82.626,0.112,3.0
2186,2186,2026-03-20 10:45:00,Pablo Palos,La Estrella Azul,1493,0.0004147222222222,0.0248833333333333,10,3,Friday,True,2026-03,La Estrella Azul Pablo Palos,0.963,0.243,0.174,5.14e-05,0.353,-13.912,0.0421,75.712,0.0697,3.0
2187,2187,2026-03-20 10:48:00,Michael Giacchino,Married Life,19619,0.0054497222222222,0.3269833333333333,10,3,Friday,True,2026-03,Married Life Michael Giacchino,0.97,0.278,0.0675,0.732,0.0812,-20.946,0.04,82.626,0.112,3.0
2188,2188,2026-03-20 10:48:00,Josema Yuste,Príncipe Ali,172773,0.0479925,2.87955,10,3,Friday,False,2026-03,Príncipe Ali Josema Yuste,0.732,0.524,0.486,0.0,0.17,-11.4,0.0921,104.283,0.668,2.0
2189,2189,2026-03-20 10:50:00,Jesús Aguirre,"Ay Ho/ Cavar, Cavar",167000,0.0463888888888888,2.783333333333333,10,3,Friday,False,2026-03,"Ay Ho/ Cavar, Cavar Jesús Aguirre",0.868,0.848,0.566,9.75e-06,0.105,-9.603,0.0908,103.011,0.734,2.0
2190,2190,2026-03-20 10:52:00,Xavier Rivera,Príncipe Ali (Repetición),71720,0.0199222222222222,1.1953333333333334,10,3,Friday,False,2026-03,Príncipe Ali (Repetición) Xavier Rivera,0.834,0.601,0.464,0.0,0.671,-11.519,0.063,57.626,0.718,2.0
2191,2191,2026-03-20 10:54:00,Josema Yuste,Un Genio Genial,148947,0.0413741666666666,2.48245,10,3,Friday,False,2026-03,Un Genio Genial Josema Yuste,0.553,0.678,0.629,0.0,0.391,-10.626,0.117,97.983,0.734,2.0
2192,2192,2026-03-20 10:56:00,Josh Gad,When I Am Older,111452,0.0309588888888888,1.8575333333333333,10,3,Friday,False,2026-03,When I Am Older Josh Gad,0.708,0.754,0.326,0.0,0.103,-7.001,0.243,117.004,0.435,1.0
2193,2193,2026-03-20 10:57:00,Chorus - Peter Pan,La Estrella Que Nos Vió Nacer (Tema Principal),29430,0.008175,0.4905,10,3,Friday,True,2026-03,La Estrella Que Nos Vió Nacer (Tema Principal) Chorus - Peter Pan,0.979,0.243,0.273,2.15e-05,0.284,-12.802,0.0318,99.309,0.226,3.0
2194,2194,2026-03-20 10:59:00,Hans Zimmer,"End Credits - From ""Pirates of the Caribbean: On Stranger Tides""/Score",117133,0.0325369444444444,1.9522166666666667,10,3,Friday,False,2026-03,"End Credits - From ""Pirates of the Caribbean: On Stranger Tides""/Score Hans Zimmer",0.404,0.534,0.814,0.972,0.0998,-10.418,0.0429,140.22,0.766,2.0
2195,2195,2026-03-20 11:02:00,Chorus - Hercules,Zero To Hero,7220,0.0020055555555555,0.1203333333333333,11,3,Friday,True,2026-03,Zero To Hero Chorus - Hercules,0.467,0.475,0.835,0.0,0.377,-7.734,0.277,164.789,0.712,2.0
2196,2196,2026-03-20 11:02:00,Cast - Frozen,"Frozen Heart - From ""Frozen""/Soundtrack Version",4023,0.0011175,0.06705,11,3,Friday,True,2026-03,"Frozen Heart - From ""Frozen""/Soundtrack Version Cast - Frozen",,,,,,,,,,
2197,2197,2026-03-20 11:02:00,Enrique Sequeros,El Vive en Tí,184853,0.0513480555555555,3.0808833333333334,11,3,Friday,False,2026-03,El Vive en Tí Enrique Sequeros,0.765,0.749,0.459,0.000235,0.059,-10.757,0.0319,115.092,0.477,1.0
2198,2198,2026-03-20 11:02:00,Miguel Morant,Un Mundo Ideal,1123,0.0003119444444444,0.0187166666666666,11,3,Friday,True,2026-03,Un Mundo Ideal Miguel Morant,0.727,0.224,0.226,0.0,0.106,-12.583,0.0314,171.294,0.335,3.0
2199,2199,2026-03-20 11:02:00,Randy Newman,Buzz Lightyear Commercial,943,0.0002619444444444,0.0157166666666666,11,3,Friday,True,2026-03,Buzz Lightyear Commercial Randy Newman,0.00384,0.207,0.57,0.883,0.115,-6.408,0.047,69.195,0.242,0.0
2200,2200,2026-03-20 11:02:00,Erik Cruz,Perdido en el bosque,1643,0.0004563888888888,0.0273833333333333,11,3,Friday,True,2026-03,Perdido en el bosque Erik Cruz,0.757,0.417,0.461,3.56e-06,0.121,-6.073,0.027,74.269,0.4,1.0
2201,2201,2026-03-20 11:02:00,Bely Basarte,Bella,1613,0.0004480555555555,0.0268833333333333,11,3,Friday,True,2026-03,Bella Bely Basarte,,,,,,,,,,
2202,2202,2026-03-20 11:04:00,Kristen Bell,"Love Is an Open Door - From ""Frozen""/Soundtrack Version",124733,0.0346480555555555,2.078883333333333,11,3,Friday,False,2026-03,"Love Is an Open Door - From ""Frozen""/Soundtrack Version Kristen Bell",0.262,0.737,0.636,0.0,0.319,-6.308,0.0737,100.033,0.537,2.0
2203,2203,2026-03-20 11:07:00,Hans Zimmer,This Land,175400,0.0487222222222222,2.9233333333333333,11,3,Friday,False,2026-03,This Land Hans Zimmer,0.433,0.152,0.129,0.647,0.171,-22.61,0.0404,99.042,0.136,3.0
2204,2204,2026-03-20 11:59:00,Kristen Bell,Some Things Never Change,209965,0.0583236111111111,3.499416666666667,11,3,Friday,False,2026-03,Some Things Never Change Kristen Bell,0.613,0.567,0.543,0.0,0.106,-4.485,0.0313,89.937,0.299,1.0
2205,2205,2026-03-20 12:02:00,The Mellomen,Painting the Roses Red / March of the Cards,168600,0.0468333333333333,2.81,12,3,Friday,False,2026-03,Painting the Roses Red / March of the Cards The Mellomen,0.921,0.672,0.416,0.00101,0.0975,-12.439,0.311,126.576,0.914,2.0
2206,2206,2026-03-20 12:05:00,Donny Osmond,I'll Make a Man Out of You,201680,0.0560222222222222,3.361333333333333,12,3,Friday,False,2026-03,I'll Make a Man Out of You Donny Osmond,0.144,0.672,0.322,2.96e-05,0.074,-17.669,0.0339,113.852,0.496,2.0
2207,2207,2026-03-20 12:08:00,Anabel García,Silbando al trabajar,182600,0.0507222222222222,3.043333333333333,12,3,Friday,False,2026-03,Silbando al trabajar Anabel García,0.68,0.646,0.489,0.0,0.235,-7.773,0.0755,107.629,0.717,2.0
2208,2208,2026-03-20 12:09:00,María Caneda,Cuando Me Quería,48700,0.0135277777777777,0.8116666666666666,12,3,Friday,False,2026-03,Cuando Me Quería María Caneda,0.974,0.325,0.144,2.77e-06,0.105,-13.606,0.0365,79.498,0.216,3.0
2209,2209,2026-03-20 12:14:00,AD Santos,Busca Lo Más Vital,282707,0.0785297222222222,4.711783333333333,12,3,Friday,False,2026-03,Busca Lo Más Vital AD Santos,0.756,0.6,0.475,0.0,0.63,-11.582,0.325,106.176,0.577,1.0
2210,2210,2026-03-20 12:17:00,Disney Studio Chorus,Yo Ho (A Pirate's Life for Me),201640,0.0560111111111111,3.3606666666666665,12,3,Friday,False,2026-03,Yo Ho (A Pirate's Life for Me) Disney Studio Chorus,0.778,0.548,0.538,0.0,0.198,-11.349,0.51,112.505,0.692,2.0
2211,2211,2026-03-20 12:21:00,Claudia Pizá,Hakuna Matata,211427,0.0587297222222222,3.5237833333333333,12,3,Friday,False,2026-03,Hakuna Matata Claudia Pizá,0.546,0.498,0.483,0.0,0.353,-12.14,0.181,83.241,0.63,2.0
2212,2212,2026-03-20 12:25:00,Miguel Ángel Jenner,"¡Qué Festín! - de ""La Bella y La Bestia""/Banda Sonora Original",222573,0.0618258333333333,3.70955,12,3,Friday,False,2026-03,"¡Qué Festín! - de ""La Bella y La Bestia""/Banda Sonora Original Miguel Ángel Jenner",0.757,0.501,0.329,0.0,0.168,-16.066,0.135,125.071,0.553,1.0
2213,2213,2026-03-20 17:05:00,Jodi Benson,Part of Your World,16178,0.0044938888888888,0.2696333333333333,17,3,Friday,True,2026-03,Part of Your World Jodi Benson,0.92,0.275,0.144,0.000423,0.29,-14.516,0.0481,61.557,0.302,3.0
2214,2214,2026-03-20 19:58:00,Childish Gambino,Lithonia,62160,0.0172666666666666,1.036,19,3,Friday,False,2026-03,Lithonia Childish Gambino,0.0948,0.415,0.383,0.0,0.118,-7.629,0.0287,140.102,0.172,0.0
2215,2215,2026-03-20 20:42:00,Childish Gambino,Lithonia,1001,0.0002780555555555,0.0166833333333333,20,3,Friday,True,2026-03,Lithonia Childish Gambino,0.0948,0.415,0.383,0.0,0.118,-7.629,0.0287,140.102,0.172,0.0
2216,2216,2026-03-20 21:44:00,Childish Gambino,Lithonia,74120,0.0205888888888888,1.2353333333333334,21,3,Friday,False,2026-03,Lithonia Childish Gambino,0.0948,0.415,0.383,0.0,0.118,-7.629,0.0287,140.102,0.172,0.0
2217,2217,2026-03-23 06:00:00,Antònia Font,Wa Yeah!,15390,0.004275,0.2565,6,3,Monday,True,2026-03,Wa Yeah! Antònia Font,0.315,0.774,0.841,0.00167,0.292,-6.026,0.0308,133.984,0.963,2.0
2218,2218,2026-03-23 06:10:00,The Clash,London Calling - Remastered,5596,0.0015544444444444,0.0932666666666666,6,3,Monday,True,2026-03,London Calling - Remastered The Clash,0.123,0.651,0.801,0.0,0.0825,-7.34,0.0514,133.769,0.776,2.0
2219,2219,2026-03-23 06:15:00,Nirvana,Rape Me,18512,0.0051422222222222,0.3085333333333333,6,3,Monday,True,2026-03,Rape Me Nirvana,0.0141,0.42,0.746,0.0,0.0661,-10.628,0.0467,111.886,0.229,0.0
2220,2220,2026-03-23 06:20:00,Els Amics De Les Arts,No Ho Entens - des de casa,8840,0.0024555555555555,0.1473333333333333,6,3,Monday,True,2026-03,No Ho Entens - des de casa Els Amics De Les Arts,0.745,0.59,0.396,2.75e-06,0.23,-11.772,0.0322,156.038,0.553,1.0
2221,2221,2026-03-23 06:25:00,One Piano,James Bond Theme,5569,0.0015469444444444,0.0928166666666666,6,3,Monday,True,2026-03,James Bond Theme One Piano,,,,,,,,,,
2222,2222,2026-03-23 06:30:00,Edie Brickell,What I Am (Remastered) - Live,11207,0.0031130555555555,0.1867833333333333,6,3,Monday,True,2026-03,What I Am (Remastered) - Live Edie Brickell,0.772,0.544,0.817,0.0149,0.615,-5.207,0.0814,93.606,0.436,2.0
2223,2223,2026-03-23 06:35:00,Elvin Bishop,Fooled Around And Fell In Love,8070,0.0022416666666666,0.1345,6,3,Monday,True,2026-03,Fooled Around And Fell In Love Elvin Bishop,0.0729,0.634,0.585,0.0805,0.0953,-13.112,0.0305,113.463,0.61,2.0
2224,2224,2026-03-23 06:40:00,Scott Bradlee's Postmodern Jukebox,I'll Be There for You (Theme From “Friends”),6277,0.0017436111111111,0.1046166666666666,6,3,Monday,True,2026-03,I'll Be There for You (Theme From “Friends”) Scott Bradlee's Postmodern Jukebox,0.419,0.306,0.623,0.0,0.14,-7.67,0.049,166.929,0.614,0.0
2225,2225,2026-03-23 06:59:00,Dana Fuchs,Dear Prudence,2045,0.0005680555555555,0.0340833333333333,6,3,Monday,True,2026-03,Dear Prudence Dana Fuchs,0.135,0.53,0.377,0.207,0.11,-10.517,0.0252,142.125,0.12,0.0
2226,2226,2026-03-23 07:45:00,Jodi Benson,Part of Your World,15383,0.0042730555555555,0.2563833333333333,7,3,Monday,True,2026-03,Part of Your World Jodi Benson,0.92,0.275,0.144,0.000423,0.29,-14.516,0.0481,61.557,0.302,3.0
2227,2227,2026-03-23 07:49:00,Hans Zimmer,Drink Up Me Hearties Yo Ho,271880,0.0755222222222222,4.531333333333333,7,3,Monday,False,2026-03,Drink Up Me Hearties Yo Ho Hans Zimmer,0.319,0.145,0.452,0.92,0.0753,-13.56,0.0448,82.297,0.146,0.0
2228,2228,2026-03-23 07:54:00,Michael Giacchino,Married Life,250573,0.0696036111111111,4.176216666666667,7,3,Monday,False,2026-03,Married Life Michael Giacchino,0.97,0.278,0.0675,0.732,0.0812,-20.946,0.04,82.626,0.112,3.0
2229,2229,2026-03-23 07:58:00,Randy Newman,Buzz,47980,0.0133277777777777,0.7996666666666666,7,3,Monday,False,2026-03,Buzz Randy Newman,0.821,0.317,0.344,0.75,0.104,-11.243,0.0398,128.368,0.051,1.0
2230,2230,2026-03-23 07:58:00,Hans Zimmer,One Day,241560,0.0671,4.026,7,3,Monday,False,2026-03,One Day Hans Zimmer,0.688,0.173,0.306,0.924,0.106,-16.531,0.0417,82.348,0.0358,3.0
2231,2231,2026-03-23 07:59:00,Jartisto,Bundle of Joy,1203,0.0003341666666666,0.02005,7,3,Monday,True,2026-03,Bundle of Joy Jartisto,0.98,0.461,0.0605,0.947,0.0929,-30.646,0.0926,126.556,0.195,3.0
2232,2232,2026-03-23 07:59:00,Enrique Sequeros,Mi sueño es,1253,0.0003480555555555,0.0208833333333333,7,3,Monday,True,2026-03,Mi sueño es Enrique Sequeros,0.74,0.661,0.605,0.0,0.239,-7.697,0.2,133.758,0.726,2.0
2233,2233,2026-03-23 07:59:00,Susan Martín,Ha Nacido Una Estrella,1693,0.0004702777777777,0.0282166666666666,7,3,Monday,True,2026-03,Ha Nacido Una Estrella Susan Martín,0.572,0.68,0.708,0.0,0.471,-7.961,0.109,117.931,0.788,2.0
2234,2234,2026-03-23 08:00:00,José Ramón Nogueras,Si a Arabia tú vas,83827,0.0232852777777777,1.3971166666666666,8,3,Monday,False,2026-03,Si a Arabia tú vas José Ramón Nogueras,0.773,0.446,0.276,0.0,0.117,-12.119,0.0494,126.401,0.197,1.0
2235,2235,2026-03-23 08:04:00,Cast Of Disneyland Resort Paris,It's A Small World (Disneyland Paris version),268253,0.0745147222222222,4.470883333333333,8,3,Monday,False,2026-03,It's A Small World (Disneyland Paris version) Cast Of Disneyland Resort Paris,0.704,0.469,0.51,1.58e-06,0.359,-7.228,0.0307,120.079,0.676,2.0
2236,2236,2026-03-23 08:07:00,Michael Giacchino,Spider-Man: Homecoming Suite,155650,0.0432361111111111,2.5941666666666667,8,3,Monday,False,2026-03,Spider-Man: Homecoming Suite Michael Giacchino,0.631,0.202,0.274,0.697,0.147,-14.193,0.042,145.207,0.0565,3.0
2237,2237,2026-03-23 08:10:00,David García Llop,El rey,175223,0.0486730555555555,2.9203833333333336,8,3,Monday,False,2026-03,El rey David García Llop,0.152,0.705,0.759,0.0,0.0464,-5.838,0.0631,119.244,0.573,2.0
2238,2238,2026-03-23 08:12:00,Brad Kane,One Jump Ahead,142440,0.0395666666666666,2.374,8,3,Monday,False,2026-03,One Jump Ahead Brad Kane,0.425,0.564,0.326,0.0,0.742,-16.436,0.127,123.609,0.688,2.0
2239,2239,2026-03-23 08:42:00,Isabel Valls,La respuesta encontrarás,106740,0.02965,1.779,8,3,Monday,False,2026-03,La respuesta encontrarás Isabel Valls,0.931,0.297,0.204,2.07e-05,0.0821,-11.958,0.0365,70.354,0.193,3.0
2240,2240,2026-03-23 08:47:00,Nicholas Britell,Forming Up/Unto Stone We Are,283073,0.0786313888888888,4.717883333333333,8,3,Monday,False,2026-03,Forming Up/Unto Stone We Are Nicholas Britell,0.971,0.188,0.114,0.966,0.0914,-23.015,0.0363,136.331,0.0546,3.0
2241,2241,2026-03-23 08:52:00,Nicholas Britell,Forming Up/Unto Stone We Are,283073,0.0786313888888888,4.717883333333333,8,3,Monday,False,2026-03,Forming Up/Unto Stone We Are Nicholas Britell,0.971,0.188,0.114,0.966,0.0914,-23.015,0.0363,136.331,0.0546,3.0
2242,2242,2026-03-23 08:56:00,Michael Giacchino,Married Life,250573,0.0696036111111111,4.176216666666667,8,3,Monday,False,2026-03,Married Life Michael Giacchino,0.97,0.278,0.0675,0.732,0.0812,-20.946,0.04,82.626,0.112,3.0
2243,2243,2026-03-23 10:08:00,Auli'i Cravalho,Beyond,1123,0.0003119444444444,0.0187166666666666,10,3,Monday,True,2026-03,Beyond Auli'i Cravalho,0.811,0.409,0.469,0.0,0.0507,-7.988,0.0549,149.956,0.252,1.0
2244,2244,2026-03-23 10:08:00,Demi Lovato,"Let It Go - From ""Frozen / Single Version",1673,0.0004647222222222,0.0278833333333333,10,3,Monday,True,2026-03,"Let It Go - From ""Frozen / Single Version Demi Lovato",0.0269,0.503,0.657,0.0,0.265,-5.866,0.0359,139.918,0.246,0.0
2245,2245,2026-03-23 10:08:00,John Williams,"Star Wars Suite: Main Theme - From ""Star Wars: Episode IV - A New Hope""",2367,0.0006575,0.03945,10,3,Monday,True,2026-03,"Star Wars Suite: Main Theme - From ""Star Wars: Episode IV - A New Hope"" John Williams",0.689,0.24,0.425,0.926,0.0931,-10.527,0.0374,119.762,0.078,1.0
2246,2246,2026-03-23 10:08:00,Lea Salonga,A Whole New World,2077,0.0005769444444444,0.0346166666666666,10,3,Monday,True,2026-03,A Whole New World Lea Salonga,0.846,0.285,0.227,2.11e-06,0.1,-15.793,0.0354,115.8,0.135,3.0
2247,2247,2026-03-23 10:08:00,David García Llop,Un mundo ideal,2703,0.0007508333333333,0.04505,10,3,Monday,True,2026-03,Un mundo ideal David García Llop,0.782,0.353,0.382,0.0,0.163,-8.132,0.0363,122.088,0.108,1.0
2248,2248,2026-03-23 10:08:00,Moisés Nieto,Véns a Fer un Ninot de Neu amb Mi? (From Frozen) [Versió en Català],162430,0.0451194444444444,2.7071666666666667,10,3,Monday,False,2026-03,Véns a Fer un Ninot de Neu amb Mi? (From Frozen) [Versió en Català] Moisés Nieto,,,,,,,,,,
2249,2249,2026-03-23 10:12:00,Flavio,Quiero Ser Como Tú,241587,0.0671075,4.02645,10,3,Monday,False,2026-03,Quiero Ser Como Tú Flavio,,,,,,,,,,
2250,2250,2026-03-23 10:15:00,Coros - La Bella Durmiente,Eres Tú el Príncipe Azul,177680,0.0493555555555555,2.961333333333333,10,3,Monday,False,2026-03,Eres Tú el Príncipe Azul Coros - La Bella Durmiente,0.963,0.295,0.14,0.142,0.368,-15.341,0.0357,132.673,0.183,3.0
2251,2251,2026-03-23 10:19:00,Tata Vega,Ciclo Sin Fin,238933,0.0663702777777777,3.9822166666666665,10,3,Monday,False,2026-03,Ciclo Sin Fin Tata Vega,0.125,0.441,0.421,0.0,0.326,-14.141,0.0368,83.906,0.541,0.0
2252,2252,2026-03-23 10:22:00,Celia Vergara,Madre sabe más,173640,0.0482333333333333,2.894,10,3,Monday,False,2026-03,Madre sabe más Celia Vergara,0.879,0.473,0.3,0.0,0.0294,-10.42,0.155,44.057,0.489,1.0
2253,2253,2026-03-23 10:41:00,Carmen López,Por fin ya veo la luz,17850,0.0049583333333333,0.2975,10,3,Monday,True,2026-03,Por fin ya veo la luz Carmen López,0.886,0.206,0.25,0.0,0.128,-9.607,0.0308,52.957,0.174,3.0
2254,2254,2026-03-23 10:41:00,Jeremy Moebel,Lithonia - Piano Version,188639,0.0523997222222222,3.1439833333333334,10,3,Monday,False,2026-03,Lithonia - Piano Version Jeremy Moebel,,,,,,,,,,
2255,2255,2026-03-23 10:44:00,Robin Williams,Prince Ali,171760,0.0477111111111111,2.8626666666666667,10,3,Monday,False,2026-03,Prince Ali Robin Williams,0.687,0.522,0.439,0.0,0.167,-13.67,0.0545,106.084,0.609,1.0
2256,2256,2026-03-23 10:49:00,John Williams,"New York, 1969",257160,0.0714333333333333,4.286,10,3,Monday,False,2026-03,"New York, 1969 John Williams",0.728,0.285,0.127,0.826,0.0866,-18.281,0.0364,118.21,0.112,3.0
2257,2257,2026-03-23 10:51:00,Hans Zimmer,Under the Stars,153950,0.0427638888888888,2.5658333333333334,10,3,Monday,False,2026-03,Under the Stars Hans Zimmer,0.613,0.292,0.162,0.544,0.123,-20.812,0.0414,107.296,0.105,3.0
2258,2258,2026-03-23 10:54:00,Hans Zimmer,Davy Jones,195240,0.0542333333333333,3.254,10,3,Monday,False,2026-03,Davy Jones Hans Zimmer,0.475,0.31,0.0558,0.0447,0.127,-19.072,0.0285,79.924,0.106,3.0
2259,2259,2026-03-23 10:57:00,Robin Williams,Friend Like Me,146453,0.0406813888888888,2.4408833333333333,10,3,Monday,False,2026-03,Friend Like Me Robin Williams,0.621,0.648,0.478,0.0,0.703,-13.584,0.145,98.412,0.653,2.0
2260,2260,2026-03-23 11:03:00,Marc Pociello,Hakuna Matata - Spanish-Castilian version,213053,0.0591813888888888,3.550883333333333,11,3,Monday,False,2026-03,Hakuna Matata - Spanish-Castilian version Marc Pociello,0.623,0.423,0.478,2.6e-06,0.133,-12.796,0.225,168.556,0.66,2.0
2261,2261,2026-03-23 11:07:00,Carolina Gaitán - La Gaita,We Don't Talk About Bruno,216120,0.0600333333333333,3.602,11,3,Monday,False,2026-03,We Don't Talk About Bruno Carolina Gaitán - La Gaita,0.357,0.577,0.45,0.0,0.111,-8.516,0.0834,205.863,0.83,2.0
2262,2262,2026-03-23 11:10:00,Cast - Frozen,Solo Tiene Que Mejorar un Poco (Canción de los Troles),182160,0.0506,3.036,11,3,Monday,False,2026-03,Solo Tiene Que Mejorar un Poco (Canción de los Troles) Cast - Frozen,,,,,,,,,,
2263,2263,2026-03-23 11:13:00,Roger Bart,Go the Distance,194160,0.0539333333333333,3.236,11,3,Monday,False,2026-03,Go the Distance Roger Bart,0.878,0.275,0.126,0.000872,0.0791,-17.077,0.033,88.206,0.211,3.0
2264,2264,2026-03-23 11:19:00,Hans Zimmer,Jack Sparrow,365427,0.1015075,6.09045,11,3,Monday,False,2026-03,Jack Sparrow Hans Zimmer,0.759,0.335,0.323,0.824,0.0717,-14.71,0.0564,91.599,0.291,1.0
2265,2265,2026-03-23 11:22:00,Idina Menzel,Into the Unknown,194848,0.0541244444444444,3.2474666666666665,11,3,Monday,False,2026-03,Into the Unknown Idina Menzel,0.849,0.321,0.405,0.000544,0.138,-8.533,0.0412,146.072,0.274,1.0
2266,2266,2026-03-23 11:26:00,Moisés Nieto,Vol Volar (Let It Go from Frozen) [Versió en Català] - Bonus Track,213319,0.0592552777777777,3.5553166666666667,11,3,Monday,False,2026-03,Vol Volar (Let It Go from Frozen) [Versió en Català] - Bonus Track Moisés Nieto,,,,,,,,,,
2267,2267,2026-03-23 11:29:00,Ferran Gonzalez,Ese Es Mi Destino,194067,0.0539075,3.23445,11,3,Monday,False,2026-03,Ese Es Mi Destino Ferran Gonzalez,0.877,0.315,0.105,4.47e-05,0.137,-15.023,0.0322,89.468,0.21,3.0
2268,2268,2026-03-23 11:35:00,Film Symphony Orchestra,Piratas del Caribe - El hombre del cofre muerto,340027,0.0944519444444444,5.667116666666667,11,3,Monday,False,2026-03,Piratas del Caribe - El hombre del cofre muerto Film Symphony Orchestra,0.491,0.246,0.508,0.0227,0.458,-9.588,0.0749,67.192,0.206,0.0
2269,2269,2026-03-23 11:40:00,John Williams,"Across the Stars (Love Theme from ""Star Wars: Attack of the Clones"")",331840,0.0921777777777777,5.530666666666667,11,3,Monday,False,2026-03,"Across the Stars (Love Theme from ""Star Wars: Attack of the Clones"") John Williams",,,,,,,,,,
2270,2270,2026-03-23 11:42:00,Benjamin Bratt,"Remember Me (Ernesto de la Cruz) - From ""Coco""/Soundtrack Version",109280,0.0303555555555555,1.8213333333333328,11,3,Monday,False,2026-03,"Remember Me (Ernesto de la Cruz) - From ""Coco""/Soundtrack Version Benjamin Bratt",0.514,0.506,0.562,0.000347,0.213,-6.663,0.0422,129.057,0.614,2.0
2271,2271,2026-03-23 11:46:00,Tata Vega,El Ciclo de la Vida,239747,0.0665963888888888,3.995783333333333,11,3,Monday,False,2026-03,El Ciclo de la Vida Tata Vega,,,,,,,,,,
2272,2272,2026-03-23 11:49:00,Phil Collins,Dos Mundos,200787,0.0557741666666666,3.34645,11,3,Monday,False,2026-03,Dos Mundos Phil Collins,0.203,0.674,0.648,0.00935,0.0371,-11.203,0.058,109.886,0.412,2.0
2273,2273,2026-03-23 11:51:00,Isabel Nogueras,Prólogo - de Enredados,122493,0.0340258333333333,2.04155,11,3,Monday,False,2026-03,Prólogo - de Enredados Isabel Nogueras,0.92,0.237,0.141,0.0362,0.24,-16.202,0.0348,123.22,0.117,3.0
2274,2274,2026-03-23 11:57:00,Danny Elfman,"Alice's Theme - From ""Alice in Wonderland""/Soundtrack Version",307227,0.0853408333333333,5.12045,11,3,Monday,False,2026-03,"Alice's Theme - From ""Alice in Wonderland""/Soundtrack Version Danny Elfman",0.926,0.417,0.415,0.662,0.0815,-12.66,0.0365,119.984,0.126,1.0
2275,2275,2026-03-23 11:59:00,Donna Murphy,"Prologue - From ""Tangled""/Score",122573,0.0340480555555555,2.042883333333333,11,3,Monday,False,2026-03,"Prologue - From ""Tangled""/Score Donna Murphy",0.874,0.245,0.18,0.0254,0.242,-16.531,0.0317,85.58,0.171,3.0
2276,2276,2026-03-23 12:02:00,Childish Gambino,Lithonia,179320,0.0498111111111111,2.9886666666666666,12,3,Monday,False,2026-03,Lithonia Childish Gambino,0.0948,0.415,0.383,0.0,0.118,-7.629,0.0287,140.102,0.172,0.0
2277,2277,2026-03-23 12:05:00,Pablo Perea,Voy a Hacer Todo un Hombre de Tí,202520,0.0562555555555555,3.3753333333333333,12,3,Monday,False,2026-03,Voy a Hacer Todo un Hombre de Tí Pablo Perea,0.417,0.709,0.412,4.23e-06,0.0767,-12.406,0.0375,113.93,0.424,2.0
2278,2278,2026-03-23 12:09:00,Jordi Doncos,Preparaos,219880,0.0610777777777777,3.6646666666666663,12,3,Monday,False,2026-03,Preparaos Jordi Doncos,,,,,,,,,,
2279,2279,2026-03-23 12:11:00,Carmen López,Por Primera Vez en Años (Reprise),149827,0.0416186111111111,2.497116666666667,12,3,Monday,False,2026-03,Por Primera Vez en Años (Reprise) Carmen López,,,,,,,,,,
2280,2280,2026-03-23 12:13:00,Michael Giacchino,"Peter Parker Picked a Perilously Precarious Profession - from ""Spider-Man: No Way Home"" Soundtrack",91680,0.0254666666666666,1.528,12,3,Monday,False,2026-03,"Peter Parker Picked a Perilously Precarious Profession - from ""Spider-Man: No Way Home"" Soundtrack Michael Giacchino",0.729,0.291,0.0304,0.813,0.0735,-16.878,0.0322,60.185,0.0672,3.0
2281,2281,2026-03-23 12:17:00,Michael Giacchino,Married Life,250573,0.0696036111111111,4.176216666666667,12,3,Monday,False,2026-03,Married Life Michael Giacchino,0.97,0.278,0.0675,0.732,0.0812,-20.946,0.04,82.626,0.112,3.0
2282,2282,2026-03-23 12:19:00,Chorus - Peter Pan,"Volaras, Volaras, Volaras",2323,0.0006452777777777,0.0387166666666666,12,3,Monday,True,2026-03,"Volaras, Volaras, Volaras Chorus - Peter Pan",0.978,0.493,0.293,0.0,0.169,-11.908,0.265,58.646,0.64,1.0
2283,2283,2026-03-23 12:19:00,Anolita Domínguez,Es La Noche Del Amor,25410,0.0070583333333333,0.4235,12,3,Monday,True,2026-03,Es La Noche Del Amor Anolita Domínguez,0.73,0.394,0.289,0.0,0.778,-13.785,0.0426,78.034,0.517,1.0
2284,2284,2026-03-23 12:19:00,Chorus - Peter Pan,Por Donde Tu Vayas,102933,0.0285925,1.71555,12,3,Monday,False,2026-03,Por Donde Tu Vayas Chorus - Peter Pan,0.888,0.562,0.255,0.000273,0.129,-12.718,0.067,131.344,0.974,2.0
2285,2285,2026-03-23 12:21:00,Tony Cruz,Hay Un Amigo En Mí,125387,0.0348297222222222,2.089783333333333,12,3,Monday,False,2026-03,Hay Un Amigo En Mí Tony Cruz,0.848,0.675,0.447,0.0,0.12,-8.207,0.0294,115.177,0.512,1.0
2286,2286,2026-03-23 12:24:00,Miguel Morant,El Rey,144307,0.0400852777777777,2.405116666666667,12,3,Monday,False,2026-03,El Rey Miguel Morant,0.394,0.516,0.419,0.0,0.722,-13.956,0.179,124.89,0.612,2.0
2287,2287,2026-03-23 12:27:00,Francisco Colmenero,Prólogo,973,0.0002702777777777,0.0162166666666666,12,3,Monday,True,2026-03,Prólogo Francisco Colmenero,0.884,0.459,0.112,0.0,0.602,-25.61,0.134,89.937,0.487,3.0
2288,2288,2026-03-23 12:27:00,Yolanda de las Heras,Silbando al Trabajar,47000,0.0130555555555555,0.7833333333333333,12,3,Monday,False,2026-03,Silbando al Trabajar Yolanda de las Heras,0.907,0.749,0.284,0.144,0.0799,-13.005,0.035,102.199,0.784,2.0
2289,2289,2026-03-23 12:28:00,Golden Apple Quartet,El Rodeo de Woody,43880,0.0121888888888888,0.7313333333333333,12,3,Monday,False,2026-03,El Rodeo de Woody Golden Apple Quartet,0.585,0.502,0.536,0.0,0.0903,-9.638,0.151,205.172,0.608,2.0
2290,2290,2026-03-23 12:29:00,Pablo Palos,Dame Un Silbidito,98000,0.0272222222222222,1.6333333333333333,12,3,Monday,False,2026-03,Dame Un Silbidito Pablo Palos,0.88,0.594,0.384,6.35e-06,0.472,-12.724,0.243,111.087,0.883,2.0
2291,2291,2026-03-23 12:31:00,Bruce Adler,Arabian Nights - Remastered 2022,79787,0.0221630555555555,1.329783333333333,12,3,Monday,False,2026-03,Arabian Nights - Remastered 2022 Bruce Adler,0.723,0.485,0.198,0.0,0.208,-15.53,0.0421,128.648,0.56,1.0
2292,2292,2026-03-23 12:32:00,Cast - Frozen,Corazón de Hielo,105093,0.0291925,1.75155,12,3,Monday,False,2026-03,Corazón de Hielo Cast - Frozen,,,,,,,,,,
2293,2293,2026-03-23 13:22:00,Inés Moraleda,"Bella - de ""La Bella y La Bestia""/Banda Sonora Original",16040,0.0044555555555555,0.2673333333333333,13,3,Monday,True,2026-03,"Bella - de ""La Bella y La Bestia""/Banda Sonora Original Inés Moraleda",0.822,0.55,0.281,0.0,0.373,-18.501,0.257,129.221,0.34,1.0
2294,2294,2026-03-23 13:25:00,Marc Ullod,De nada,163893,0.0455258333333333,2.73155,13,3,Monday,False,2026-03,De nada Marc Ullod,,,,,,,,,,
2295,2295,2026-03-23 15:08:00,Dana Fuchs,Dear Prudence,0,0.0,0.0,15,3,Monday,True,2026-03,Dear Prudence Dana Fuchs,0.135,0.53,0.377,0.207,0.11,-10.517,0.0252,142.125,0.12,0.0
2296,2296,2026-03-23 15:12:00,Katherine Cordova,Lumière (piano solo) [from Clair Obscur: Expedition 33),220500,0.06125,3.675,15,3,Monday,False,2026-03,Lumière (piano solo) [from Clair Obscur: Expedition 33) Katherine Cordova,,,,,,,,,,
2297,2297,2026-03-23 15:15:00,Tom Waits,Little Drop Of Poison,189307,0.0525852777777777,3.155116666666667,15,3,Monday,False,2026-03,Little Drop Of Poison Tom Waits,0.837,0.625,0.355,0.0038,0.197,-12.969,0.0588,111.53,0.826,2.0
2298,2298,2026-03-23 15:18:00,Murray Gold,Break Free,183973,0.0511036111111111,3.0662166666666666,15,3,Monday,False,2026-03,Break Free Murray Gold,,,,,,,,,,
2299,2299,2026-03-23 15:22:00,The Beatles,While My Guitar Gently Weeps,226757,0.0629880555555555,3.779283333333333,15,3,Monday,False,2026-03,While My Guitar Gently Weeps The Beatles,0.0205,0.453,0.654,0.00395,0.172,-8.855,0.0317,115.0,0.702,2.0
2300,2300,2026-03-23 15:26:00,Bob Bingham,"This Jesus Must Die - From ""Jesus Christ Superstar"" Soundtrack",226627,0.0629519444444444,3.7771166666666662,15,3,Monday,False,2026-03,"This Jesus Must Die - From ""Jesus Christ Superstar"" Soundtrack Bob Bingham",0.628,0.439,0.48,0.0,0.102,-11.877,0.139,138.115,0.455,1.0
2301,2301,2026-03-23 15:27:00,Royal Philharmonic Orchestra,"On Her Majesty's Secret Service - From ""On Her Majesty's Secret Service""",96728,0.0268688888888888,1.6121333333333334,15,3,Monday,False,2026-03,"On Her Majesty's Secret Service - From ""On Her Majesty's Secret Service"" Royal Philharmonic Orchestra",,,,,,,,,,
2302,2302,2026-03-23 15:30:00,Paul Engemann,Scarface (Push It To The Limit),178480,0.0495777777777777,2.974666666666667,15,3,Monday,False,2026-03,Scarface (Push It To The Limit) Paul Engemann,0.0299,0.571,0.609,2.89e-06,0.66,-10.691,0.0324,156.203,0.27,0.0
2303,2303,2026-03-23 15:34:00,Low Roar,Waiting (10 Years),246227,0.0683963888888889,4.103783333333333,15,3,Monday,False,2026-03,Waiting (10 Years) Low Roar,0.641,0.587,0.489,0.254,0.115,-12.757,0.0922,155.039,0.228,1.0
2304,2304,2026-03-23 15:40:00,R.E.M.,Everybody Hurts,320267,0.0889630555555555,5.337783333333333,15,3,Monday,False,2026-03,Everybody Hurts R.E.M.,0.615,0.467,0.324,0.0248,0.118,-10.451,0.0255,94.301,0.166,1.0
2305,2305,2026-03-23 15:43:00,Adam Pascal,I Should Tell You,172080,0.0478,2.868,15,3,Monday,False,2026-03,I Should Tell You Adam Pascal,0.458,0.315,0.362,0.0,0.0922,-7.889,0.0271,98.657,0.171,0.0
2306,2306,2026-03-23 15:46:00,Yvonne Elliman,"Everything's Alright - From ""Jesus Christ Superstar"" Soundtrack",214973,0.0597147222222222,3.582883333333333,15,3,Monday,False,2026-03,"Everything's Alright - From ""Jesus Christ Superstar"" Soundtrack Yvonne Elliman",0.455,0.413,0.433,0.0,0.112,-10.627,0.0371,135.277,0.498,1.0
2307,2307,2026-03-23 15:46:00,The Beatles,Help! - Remastered 2009,9859,0.0027386111111111,0.1643166666666666,15,3,Monday,True,2026-03,Help! - Remastered 2009 The Beatles,0.188,0.534,0.725,0.0,0.0994,-7.576,0.0333,94.963,0.767,2.0
2308,2308,2026-03-23 15:50:00,Sharon Isbin,Boston Common,1413,0.0003925,0.02355,15,3,Monday,True,2026-03,Boston Common Sharon Isbin,0.983,0.487,0.0418,0.912,0.1,-20.39,0.0431,120.15,0.0773,3.0
2309,2309,2026-03-23 15:50:00,Nirvana,Negative Creep,20929,0.0058136111111111,0.3488166666666666,15,3,Monday,True,2026-03,Negative Creep Nirvana,7.97e-06,0.37,0.947,0.000175,0.0762,-7.213,0.0901,81.744,0.418,0.0
2310,2310,2026-03-23 15:50:00,The Doors,The End,2662,0.0007394444444444,0.0443666666666666,15,3,Monday,True,2026-03,The End The Doors,0.285,0.351,0.228,0.00116,0.123,-17.271,0.0307,104.551,0.0329,3.0
2311,2311,2026-03-23 15:50:00,Gabriella Quevedo,Californication,386,0.0001072222222222,0.0064333333333333,15,3,Monday,True,2026-03,Californication Gabriella Quevedo,0.771,0.474,0.329,0.943,0.123,-12.285,0.0362,93.403,0.122,1.0
2312,2312,2026-03-23 15:50:00,Metallica,Enter Sandman - Live,1023,0.0002841666666666,0.01705,15,3,Monday,True,2026-03,Enter Sandman - Live Metallica,0.00029,0.223,0.953,0.525,0.611,-6.617,0.115,133.322,0.0469,0.0
2313,2313,2026-03-23 15:50:00,Els Pets,Tantes Coses a Fer,203240,0.0564555555555555,3.3873333333333333,15,3,Monday,False,2026-03,Tantes Coses a Fer Els Pets,0.0239,0.609,0.918,1.51e-05,0.204,-3.923,0.0282,150.066,0.932,2.0
2314,2314,2026-03-23 15:50:00,Idina Menzel,Take Me or Leave Me,1003,0.0002786111111111,0.0167166666666666,15,3,Monday,True,2026-03,Take Me or Leave Me Idina Menzel,0.318,0.457,0.763,0.0,0.0322,-3.459,0.255,175.043,0.87,2.0
2315,2315,2026-03-23 15:51:00,Gabriella Quevedo,Californication,0,0.0,0.0,15,3,Monday,True,2026-03,Californication Gabriella Quevedo,0.771,0.474,0.329,0.943,0.123,-12.285,0.0362,93.403,0.122,1.0
2316,2316,2026-03-23 15:51:00,Els Amics De Les Arts,Apunto Shakespeare - des de casa,9102,0.0025283333333333,0.1517,15,3,Monday,True,2026-03,Apunto Shakespeare - des de casa Els Amics De Les Arts,0.692,0.471,0.331,0.0,0.103,-10.898,0.0339,167.728,0.324,1.0
2317,2317,2026-03-23 15:56:00,Els Amics De Les Arts,Apunto Shakespeare - des de casa,287994,0.0799983333333333,4.7999,15,3,Monday,False,2026-03,Apunto Shakespeare - des de casa Els Amics De Les Arts,0.692,0.471,0.331,0.0,0.103,-10.898,0.0339,167.728,0.324,1.0
2318,2318,2026-03-23 16:56:00,Metallica,Mama Said - Remastered,61374,0.0170483333333333,1.0229,16,3,Monday,False,2026-03,Mama Said - Remastered Metallica,,,,,,,,,,
2319,2319,2026-03-23 17:01:00,Metallica,Mama Said - Remastered,259241,0.0720113888888888,4.320683333333333,17,3,Monday,False,2026-03,Mama Said - Remastered Metallica,,,,,,,,,,
2320,2320,2026-03-23 17:04:00,Barry Dennen,"Pilate And Christ - From ""Jesus Christ Superstar"" Soundtrack",178893,0.0496925,2.98155,17,3,Monday,False,2026-03,"Pilate And Christ - From ""Jesus Christ Superstar"" Soundtrack Barry Dennen",0.826,0.374,0.273,0.0,0.0837,-14.423,0.143,77.193,0.159,1.0
2321,2321,2026-03-23 17:06:00,Nicholas Britell,Power - Instrumental,60196,0.0167211111111111,1.0032666666666668,17,3,Monday,False,2026-03,Power - Instrumental Nicholas Britell,0.00715,0.582,0.499,0.901,0.108,-8.878,0.0529,140.121,0.319,0.0
2322,2322,2026-03-23 17:06:00,Electric Light Orchestra,Mr. Blue Sky,0,0.0,0.0,17,3,Monday,True,2026-03,Mr. Blue Sky Electric Light Orchestra,0.652,0.388,0.338,3.73e-06,0.248,-10.054,0.0329,177.765,0.478,1.0
2323,2323,2026-03-23 17:06:00,Els Amics De Les Arts,Museu D'Història Natural - En Directe Al Festival De Cap Roig / 2015,9189,0.0025525,0.15315,17,3,Monday,True,2026-03,Museu D'Història Natural - En Directe Al Festival De Cap Roig / 2015 Els Amics De Les Arts,0.105,0.462,0.551,5.73e-06,0.962,-8.849,0.0263,90.879,0.317,0.0
2324,2324,2026-03-23 17:06:00,Nirvana,Serve The Servants,12051,0.0033475,0.20085,17,3,Monday,True,2026-03,Serve The Servants Nirvana,1.13e-05,0.435,0.895,0.0318,0.19,-8.7,0.0421,119.659,0.668,2.0
2325,2325,2026-03-23 17:24:00,Yusuf / Cat Stevens,Father And Son,55850,0.0155138888888888,0.9308333333333332,17,3,Monday,False,2026-03,Father And Son Yusuf / Cat Stevens,0.541,0.495,0.326,8.85e-05,0.0996,-12.29,0.0365,136.243,0.371,1.0
2326,2326,2026-03-24 06:00:00,Low Roar,Nobody Else,26363,0.0073230555555555,0.4393833333333333,6,3,Tuesday,True,2026-03,Nobody Else Low Roar,0.198,0.345,0.33,0.881,0.0943,-13.089,0.0367,159.492,0.078,0.0
2327,2327,2026-03-24 06:15:00,Els Amics De Les Arts,El Código Da Vinci,35369,0.0098247222222222,0.5894833333333334,6,3,Tuesday,False,2026-03,El Código Da Vinci Els Amics De Les Arts,0.195,0.558,0.545,1.37e-05,0.152,-9.925,0.0825,83.297,0.693,2.0
2328,2328,2026-03-24 06:20:00,Scott Bradlee's Postmodern Jukebox,Smooth Criminal,22023,0.0061175,0.36705,6,3,Tuesday,True,2026-03,Smooth Criminal Scott Bradlee's Postmodern Jukebox,0.44,0.578,0.49,4.38e-05,0.228,-9.729,0.0933,138.427,0.5,2.0
2329,2329,2026-03-24 06:25:00,Rosario Dawson,La Vie Boheme B,6224,0.0017288888888888,0.1037333333333333,6,3,Tuesday,True,2026-03,La Vie Boheme B Rosario Dawson,0.257,0.555,0.959,0.0,0.583,-3.558,0.0632,146.948,0.704,2.0
2330,2330,2026-03-24 06:30:00,Els Amics De Les Arts,Als Abismes,21051,0.0058475,0.35085,6,3,Tuesday,True,2026-03,Als Abismes Els Amics De Les Arts,0.0637,0.595,0.758,0.0145,0.0538,-7.237,0.0698,180.002,0.556,2.0
2331,2331,2026-03-24 06:35:00,Sergy el Som,"A Narnia Lullaby (From ""The Chronicles of Narnia"") - Piano Version",6115,0.0016986111111111,0.1019166666666666,6,3,Tuesday,True,2026-03,"A Narnia Lullaby (From ""The Chronicles of Narnia"") - Piano Version Sergy el Som",0.984,0.254,0.0164,0.929,0.0783,-28.76,0.0412,69.367,0.0681,3.0
2332,2332,2026-03-24 06:40:00,Els Amics De Les Arts,M'He Aficionat Al Ball,11886,0.0033016666666666,0.1981,6,3,Tuesday,True,2026-03,M'He Aficionat Al Ball Els Amics De Les Arts,0.736,0.648,0.334,0.0,0.13,-10.476,0.0423,128.092,0.666,2.0
2333,2333,2026-03-24 06:45:00,Scott Bradlee's Postmodern Jukebox,Mr. Blue Sky,1440,0.0004,0.024,6,3,Tuesday,True,2026-03,Mr. Blue Sky Scott Bradlee's Postmodern Jukebox,0.867,0.399,0.287,0.0,0.111,-8.772,0.03,102.024,0.164,1.0
2334,2334,2026-03-24 06:46:00,Sergi Pérez,Volveran las Oscuras Golondrinas,65378,0.0181605555555555,1.0896333333333332,6,3,Tuesday,False,2026-03,Volveran las Oscuras Golondrinas Sergi Pérez,,,,,,,,,,
2335,2335,2026-03-24 07:02:00,Nicholas Britell,Scherzo in F Minor - Strings,8185,0.0022736111111111,0.1364166666666666,7,3,Tuesday,True,2026-03,Scherzo in F Minor - Strings Nicholas Britell,0.757,0.572,0.372,0.903,0.0999,-11.727,0.0397,145.558,0.914,2.0
2336,2336,2026-03-24 07:04:00,Nicholas Britell,Scherzo in F Minor - Strings,36989,0.0102747222222222,0.6164833333333334,7,3,Tuesday,False,2026-03,Scherzo in F Minor - Strings Nicholas Britell,0.757,0.572,0.372,0.903,0.0999,-11.727,0.0397,145.558,0.914,2.0
2337,2337,2026-03-24 07:05:00,Els Amics De Les Arts,No Vam Saber Tornar,68370,0.0189916666666666,1.1395,7,3,Tuesday,False,2026-03,No Vam Saber Tornar Els Amics De Les Arts,0.00833,0.574,0.881,0.00362,0.0838,-5.463,0.0356,132.02,0.423,0.0
2338,2338,2026-03-24 07:21:00,Els Amics De Les Arts,No Vam Saber Tornar,232462,0.0645727777777777,3.8743666666666665,7,3,Tuesday,False,2026-03,No Vam Saber Tornar Els Amics De Les Arts,0.00833,0.574,0.881,0.00362,0.0838,-5.463,0.0356,132.02,0.423,0.0
2339,2339,2026-03-24 07:26:00,Secret Machines,Blue Jay Way,282000,0.0783333333333333,4.7,7,3,Tuesday,False,2026-03,Blue Jay Way Secret Machines,0.035,0.27,0.612,0.0341,0.0946,-8.418,0.0367,93.028,0.0413,0.0
2340,2340,2026-03-24 07:29:00,Childish Gambino,Lithonia,179320,0.0498111111111111,2.9886666666666666,7,3,Tuesday,False,2026-03,Lithonia Childish Gambino,0.0948,0.415,0.383,0.0,0.118,-7.629,0.0287,140.102,0.172,0.0
2341,2341,2026-03-24 07:31:00,Els Amics De Les Arts,No Vam Saber Tornar,6120,0.0017,0.102,7,3,Tuesday,True,2026-03,No Vam Saber Tornar Els Amics De Les Arts,0.00833,0.574,0.881,0.00362,0.0838,-5.463,0.0356,132.02,0.423,0.0
2342,2342,2026-03-24 07:32:00,Els Amics De Les Arts,Casa En Venda - des de casa,202562,0.0562672222222222,3.376033333333333,7,3,Tuesday,False,2026-03,Casa En Venda - des de casa Els Amics De Les Arts,0.911,0.656,0.191,0.00316,0.101,-16.863,0.0339,135.242,0.284,1.0
2343,2343,2026-03-24 07:36:00,Antònia Font,Oh la la,208600,0.0579444444444444,3.4766666666666666,7,3,Tuesday,False,2026-03,Oh la la Antònia Font,0.32,0.651,0.448,5.57e-06,0.11,-11.951,0.0281,134.989,0.788,2.0
2344,2344,2026-03-24 07:40:00,Els Amics De Les Arts,La Llum Que No Se'n Va,274400,0.0762222222222222,4.573333333333333,7,3,Tuesday,False,2026-03,La Llum Que No Se'n Va Els Amics De Les Arts,0.812,0.334,0.288,0.000951,0.143,-9.531,0.0318,146.812,0.197,1.0
2345,2345,2026-03-24 07:45:00,Anna Roig,Com pot ser?,267280,0.0742444444444444,4.454666666666666,7,3,Tuesday,False,2026-03,Com pot ser? Anna Roig,0.193,0.65,0.31,0.0333,0.0987,-13.884,0.0487,128.024,0.422,2.0
2346,2346,2026-03-24 07:47:00,One Piano,Castle on a Cloud,123214,0.0342261111111111,2.0535666666666668,7,3,Tuesday,False,2026-03,Castle on a Cloud One Piano,0.934,0.666,0.254,0.93,0.0945,-16.489,0.0511,111.819,0.265,1.0
2347,2347,2026-03-24 07:49:00,Howard Shore,Cops or Criminals (feat. G.E. Smith & Larry Saltzman),121293,0.0336925,2.02155,7,3,Tuesday,False,2026-03,Cops or Criminals (feat. G.E. Smith & Larry Saltzman) Howard Shore,0.633,0.825,0.543,0.886,0.102,-11.902,0.0352,120.087,0.598,2.0
2348,2348,2026-03-24 08:00:00,Low Roar,Not Around,1773,0.0004925,0.02955,8,3,Tuesday,True,2026-03,Not Around Low Roar,0.674,0.378,0.242,0.537,0.0864,-16.962,0.0317,158.085,0.0744,3.0
2349,2349,2026-03-24 08:00:00,Bono,"Lucy In The Sky With Diamonds - From ""Across The Universe"" Soundtrack",61743,0.0171508333333333,1.02905,8,3,Tuesday,False,2026-03,"Lucy In The Sky With Diamonds - From ""Across The Universe"" Soundtrack Bono",0.128,0.3,0.658,0.00021,0.074,-6.789,0.0564,92.816,0.349,0.0
2350,2350,2026-03-24 08:00:00,One Piano,Out Tonight,2083,0.0005786111111111,0.0347166666666666,8,3,Tuesday,True,2026-03,Out Tonight One Piano,0.833,0.54,0.236,0.91,0.0973,-18.459,0.0554,137.044,0.327,1.0
2351,2351,2026-03-24 08:05:00,Edie Brickell & New Bohemians,What I Am,296360,0.0823222222222222,4.939333333333333,8,3,Tuesday,False,2026-03,What I Am Edie Brickell & New Bohemians,0.624,0.619,0.677,6.46e-05,0.0589,-11.728,0.0746,177.873,0.571,2.0
2352,2352,2026-03-24 08:08:00,Wilson Jermaine Heredia,I'll Cover You,149773,0.0416036111111111,2.4962166666666668,8,3,Tuesday,False,2026-03,I'll Cover You Wilson Jermaine Heredia,0.243,0.619,0.876,0.0,0.0752,-3.347,0.0438,111.847,0.778,2.0
2353,2353,2026-03-24 08:12:00,Els Amics De Les Arts,Semblava Que Fossis Tu,264426,0.0734516666666666,4.4071,8,3,Tuesday,False,2026-03,Semblava Que Fossis Tu Els Amics De Les Arts,0.162,0.708,0.738,2e-05,0.145,-4.783,0.0384,125.041,0.43,2.0
2354,2354,2026-03-24 08:16:00,Nirvana,I Hate Myself And Want To Die - 2013 Mix,9550,0.0026527777777777,0.1591666666666666,8,3,Tuesday,True,2026-03,I Hate Myself And Want To Die - 2013 Mix Nirvana,0.115,0.456,0.818,0.0,0.0995,-11.286,0.0589,115.556,0.257,0.0
2355,2355,2026-03-24 08:16:00,Els Amics De Les Arts,L'Home Que Dobla En Bruce Willis,243413,0.0676147222222222,4.056883333333333,8,3,Tuesday,False,2026-03,L'Home Que Dobla En Bruce Willis Els Amics De Les Arts,0.7,0.491,0.518,0.0,0.211,-9.309,0.0692,183.997,0.566,2.0
2356,2356,2026-03-24 08:16:00,Brian Crain,A Simple Life,1593,0.0004425,0.02655,8,3,Tuesday,True,2026-03,A Simple Life Brian Crain,0.975,0.365,0.176,0.884,0.188,-15.878,0.0352,113.955,0.114,3.0
2357,2357,2026-03-24 08:19:00,Royal Philharmonic Orchestra,"The World Is Not Enough - From ""The World Is Not Enough""",178640,0.0496222222222222,2.977333333333333,8,3,Tuesday,False,2026-03,"The World Is Not Enough - From ""The World Is Not Enough"" Royal Philharmonic Orchestra",,,,,,,,,,
2358,2358,2026-03-24 08:23:00,Patrik Pietschmann,Davy Jones (From Pirates of the Caribbean 2) - Piano Version,186576,0.0518266666666666,3.1096,8,3,Tuesday,False,2026-03,Davy Jones (From Pirates of the Caribbean 2) - Piano Version Patrik Pietschmann,0.958,0.684,0.124,0.83,0.0973,-20.211,0.0503,114.955,0.357,1.0
2359,2359,2026-03-24 08:25:00,Jesse Martin,More I Cannot Wish You,158160,0.0439333333333333,2.636,8,3,Tuesday,False,2026-03,More I Cannot Wish You Jesse Martin,0.872,0.475,0.255,2.76e-05,0.111,-10.299,0.0399,86.113,0.388,1.0
2360,2360,2026-03-24 08:28:00,Colin Firth,Our Last Summer - From 'Mamma Mia!' Original Motion Picture Soundtrack,177627,0.0493408333333333,2.96045,8,3,Tuesday,False,2026-03,Our Last Summer - From 'Mamma Mia!' Original Motion Picture Soundtrack Colin Firth,0.246,0.635,0.459,0.0,0.259,-7.343,0.0244,96.056,0.433,2.0
2361,2361,2026-03-24 08:33:00,Els Amics De Les Arts,Medley & Breakfast - En Directe Al Festival De Cap Roig / 2015,304347,0.0845408333333333,5.07245,8,3,Tuesday,False,2026-03,Medley & Breakfast - En Directe Al Festival De Cap Roig / 2015 Els Amics De Les Arts,0.0786,0.33,0.629,0.0,0.716,-8.329,0.0342,101.166,0.437,0.0
2362,2362,2026-03-24 08:39:00,Luis Eduardo Aute,Quinta del Sordo,357013,0.0991702777777777,5.950216666666667,8,3,Tuesday,False,2026-03,Quinta del Sordo Luis Eduardo Aute,0.194,0.598,0.632,0.00142,0.125,-7.727,0.0527,139.944,0.259,0.0
2363,2363,2026-03-24 08:51:00,The Doors,The End,703373,0.1953813888888889,11.722883333333334,8,3,Tuesday,False,2026-03,The End The Doors,0.285,0.351,0.228,0.00116,0.123,-17.271,0.0307,104.551,0.0329,3.0
2364,2364,2026-03-24 08:53:00,Nicholas Britell,Bell Atmospheres,102666,0.0285183333333333,1.7111,8,3,Tuesday,False,2026-03,Bell Atmospheres Nicholas Britell,0.675,0.218,0.0195,0.899,0.104,-30.762,0.0408,74.451,0.0375,3.0
2365,2365,2026-03-24 08:57:00,Piano Tribute Players,One Day More - Instrumental,239875,0.0666319444444444,3.997916666666667,8,3,Tuesday,False,2026-03,One Day More - Instrumental Piano Tribute Players,0.988,0.532,0.381,0.893,0.116,-16.122,0.0344,139.962,0.193,1.0
2366,2366,2026-03-24 09:01:00,Els Amics De Les Arts,El Matrimoni Arnolfini,261920,0.0727555555555555,4.365333333333333,9,3,Tuesday,False,2026-03,El Matrimoni Arnolfini Els Amics De Les Arts,0.117,0.601,0.859,3.09e-06,0.0777,-6.694,0.0784,107.809,0.766,2.0
2367,2367,2026-03-24 09:05:00,John Williams,Han Solo and the Princess,207427,0.0576186111111111,3.457116666666667,9,3,Tuesday,False,2026-03,Han Solo and the Princess John Williams,,,,,,,,,,
2368,2368,2026-03-24 09:07:00,Nicholas Britell,L to the OG (feat. Kendall Roy),155067,0.0430741666666666,2.58445,9,3,Tuesday,False,2026-03,L to the OG (feat. Kendall Roy) Nicholas Britell,0.0109,0.608,0.737,0.0,0.189,-5.758,0.153,96.113,0.248,0.0
2369,2369,2026-03-24 09:10:00,Amanda Seyfried,"Honey, Honey - From 'Mamma Mia!' Original Motion Picture Soundtrack",187360,0.0520444444444444,3.1226666666666665,9,3,Tuesday,False,2026-03,"Honey, Honey - From 'Mamma Mia!' Original Motion Picture Soundtrack Amanda Seyfried",0.0417,0.506,0.895,5.47e-06,0.252,-4.069,0.0363,140.044,0.806,2.0
2370,2370,2026-03-24 09:15:00,Els Amics De Les Arts,Jean-Luc,259520,0.0720888888888888,4.325333333333333,9,3,Tuesday,False,2026-03,Jean-Luc Els Amics De Les Arts,0.761,0.757,0.601,2.63e-06,0.0818,-9.45,0.0653,123.997,0.916,2.0
2371,2371,2026-03-24 09:20:00,Ted Neeley,"Gethsemane (I Only Wanted To Say) - From ""Jesus Christ Superstar"" Soundtrack",341333,0.0948147222222222,5.688883333333333,9,3,Tuesday,False,2026-03,"Gethsemane (I Only Wanted To Say) - From ""Jesus Christ Superstar"" Soundtrack Ted Neeley",0.385,0.412,0.472,0.000685,0.125,-10.156,0.0477,137.26,0.311,0.0
2372,2372,2026-03-24 09:26:00,Mister Bond,A View To A Kill,310120,0.0861444444444444,5.168666666666667,9,3,Tuesday,False,2026-03,A View To A Kill Mister Bond,0.397,0.659,0.661,0.0011,0.252,-8.268,0.029,149.957,0.607,2.0
2373,2373,2026-03-24 16:28:00,Nirvana,I Hate Myself And Want To Die - 2013 Mix,0,0.0,0.0,16,3,Tuesday,True,2026-03,I Hate Myself And Want To Die - 2013 Mix Nirvana,0.115,0.456,0.818,0.0,0.0995,-11.286,0.0589,115.556,0.257,0.0
2374,2374,2026-03-24 16:28:00,Royal Philharmonic Orchestra,"The World Is Not Enough - From ""The World Is Not Enough""",368,0.0001022222222222,0.0061333333333333,16,3,Tuesday,True,2026-03,"The World Is Not Enough - From ""The World Is Not Enough"" Royal Philharmonic Orchestra",,,,,,,,,,
2375,2375,2026-03-24 16:28:00,Els Amics De Les Arts,L'Home Que Dobla En Bruce Willis,1124,0.0003122222222222,0.0187333333333333,16,3,Tuesday,True,2026-03,L'Home Que Dobla En Bruce Willis Els Amics De Les Arts,0.7,0.491,0.518,0.0,0.211,-9.309,0.0692,183.997,0.566,2.0
2376,2376,2026-03-24 16:28:00,Brian Crain,A Simple Life,0,0.0,0.0,16,3,Tuesday,True,2026-03,A Simple Life Brian Crain,0.975,0.365,0.176,0.884,0.188,-15.878,0.0352,113.955,0.114,3.0
2377,2377,2026-03-24 16:31:00,Patrik Pietschmann,Davy Jones (From Pirates of the Caribbean 2) - Piano Version,186576,0.0518266666666666,3.1096,16,3,Tuesday,False,2026-03,Davy Jones (From Pirates of the Caribbean 2) - Piano Version Patrik Pietschmann,0.958,0.684,0.124,0.83,0.0973,-20.211,0.0503,114.955,0.357,1.0
2378,2378,2026-03-24 16:34:00,Jesse Martin,More I Cannot Wish You,158160,0.0439333333333333,2.636,16,3,Tuesday,False,2026-03,More I Cannot Wish You Jesse Martin,0.872,0.475,0.255,2.76e-05,0.111,-10.299,0.0399,86.113,0.388,1.0
2379,2379,2026-03-24 16:36:00,Colin Firth,Our Last Summer - From 'Mamma Mia!' Original Motion Picture Soundtrack,177627,0.0493408333333333,2.96045,16,3,Tuesday,False,2026-03,Our Last Summer - From 'Mamma Mia!' Original Motion Picture Soundtrack Colin Firth,0.246,0.635,0.459,0.0,0.259,-7.343,0.0244,96.056,0.433,2.0
2380,2380,2026-03-24 16:42:00,Els Amics De Les Arts,Medley & Breakfast - En Directe Al Festival De Cap Roig / 2015,304347,0.0845408333333333,5.07245,16,3,Tuesday,False,2026-03,Medley & Breakfast - En Directe Al Festival De Cap Roig / 2015 Els Amics De Les Arts,0.0786,0.33,0.629,0.0,0.716,-8.329,0.0342,101.166,0.437,0.0
2381,2381,2026-03-24 16:48:00,Luis Eduardo Aute,Quinta del Sordo,357013,0.0991702777777777,5.950216666666667,16,3,Tuesday,False,2026-03,Quinta del Sordo Luis Eduardo Aute,0.194,0.598,0.632,0.00142,0.125,-7.727,0.0527,139.944,0.259,0.0
2382,2382,2026-03-24 17:04:00,The Doors,The End,138817,0.0385602777777777,2.313616666666667,17,3,Tuesday,False,2026-03,The End The Doors,0.285,0.351,0.228,0.00116,0.123,-17.271,0.0307,104.551,0.0329,3.0
2383,2383,2026-03-25 05:55:00,Scott Bradlee's Postmodern Jukebox,Mr. Blue Sky,16558,0.0045994444444444,0.2759666666666667,5,3,Wednesday,True,2026-03,Mr. Blue Sky Scott Bradlee's Postmodern Jukebox,0.867,0.399,0.287,0.0,0.111,-8.772,0.03,102.024,0.164,1.0
2384,2384,2026-03-25 06:00:00,Eddie Redmayne,Little Fall Of Rain,17298,0.004805,0.2883,6,3,Wednesday,True,2026-03,Little Fall Of Rain Eddie Redmayne,0.942,0.412,0.0154,0.0,0.0975,-28.054,0.0871,86.056,0.144,3.0
2385,2385,2026-03-25 06:05:00,Phillipa Soo,Best of Wives and Best of Women,10850,0.0030138888888888,0.1808333333333333,6,3,Wednesday,True,2026-03,Best of Wives and Best of Women Phillipa Soo,0.751,0.647,0.115,0.0,0.0858,-16.826,0.0544,131.508,0.597,1.0
2386,2386,2026-03-25 06:10:00,Hugh Jackman,"Who Am I? - From ""Les Miserables''",11853,0.0032925,0.19755,6,3,Wednesday,True,2026-03,"Who Am I? - From ""Les Miserables'' Hugh Jackman",0.81,0.374,0.303,0.0,0.192,-13.184,0.0848,77.537,0.182,1.0
2387,2387,2026-03-25 06:15:00,Els Amics De Les Arts,Déja-Vu,7768,0.0021577777777777,0.1294666666666666,6,3,Wednesday,True,2026-03,Déja-Vu Els Amics De Les Arts,0.74,0.583,0.503,0.0,0.309,-11.532,0.133,174.978,0.273,1.0
2388,2388,2026-03-25 06:20:00,Amanda Seyfried,Gimme! Gimme! Gimme! (A Man After Midnight) - From 'Mamma Mia!' Original Motion Picture Soundtrack,21195,0.0058875,0.35325,6,3,Wednesday,True,2026-03,Gimme! Gimme! Gimme! (A Man After Midnight) - From 'Mamma Mia!' Original Motion Picture Soundtrack Amanda Seyfried,0.021,0.628,0.836,0.000513,0.416,-4.776,0.0301,120.045,0.571,2.0
2389,2389,2026-03-25 06:25:00,Els Amics De Les Arts,La taula petita,8090,0.0022472222222222,0.1348333333333333,6,3,Wednesday,True,2026-03,La taula petita Els Amics De Les Arts,0.826,0.303,0.217,0.000582,0.0939,-16.737,0.0335,75.145,0.168,3.0
2390,2390,2026-03-25 06:30:00,William Ross,I Will Do What I Must,18176,0.0050488888888888,0.3029333333333333,6,3,Wednesday,True,2026-03,I Will Do What I Must William Ross,0.238,0.103,0.604,0.98,0.103,-12.787,0.0498,77.379,0.0467,0.0
2391,2391,2026-03-25 06:35:00,Murray Gold,The Shepherd's Boy,3073,0.0008536111111111,0.0512166666666666,6,3,Wednesday,True,2026-03,The Shepherd's Boy Murray Gold,,,,,,,,,,
2392,2392,2026-03-25 06:40:00,Rufus Wainwright,Hallelujah,1172,0.0003255555555555,0.0195333333333333,6,3,Wednesday,True,2026-03,Hallelujah Rufus Wainwright,0.88,0.367,0.156,0.0,0.0972,-10.052,0.0314,73.138,0.44,1.0
2393,2393,2026-03-25 08:05:00,Claudia Pizá,Hakuna Matata,2164,0.0006011111111111,0.0360666666666666,8,3,Wednesday,True,2026-03,Hakuna Matata Claudia Pizá,0.546,0.498,0.483,0.0,0.353,-12.14,0.181,83.241,0.63,2.0
2394,2394,2026-03-25 08:05:00,Menaix a Truà,Tal Vegada,280195,0.0778319444444444,4.6699166666666665,8,3,Wednesday,False,2026-03,Tal Vegada Menaix a Truà,0.414,0.527,0.529,2.82e-05,0.281,-6.937,0.0371,182.228,0.511,2.0
2395,2395,2026-03-25 08:10:00,Hans Zimmer,Drink Up Me Hearties Yo Ho,271880,0.0755222222222222,4.531333333333333,8,3,Wednesday,False,2026-03,Drink Up Me Hearties Yo Ho Hans Zimmer,0.319,0.145,0.452,0.92,0.0753,-13.56,0.0448,82.297,0.146,0.0
2396,2396,2026-03-25 08:13:00,Nathan Lane,"Hakuna Matata - From ""The Lion King"" Soundtrack",212627,0.0590630555555555,3.5437833333333333,8,3,Wednesday,False,2026-03,"Hakuna Matata - From ""The Lion King"" Soundtrack Nathan Lane",,,,,,,,,,
2397,2397,2026-03-25 08:15:00,Josh Gad,When I Am Older,111452,0.0309588888888888,1.8575333333333333,8,3,Wednesday,False,2026-03,When I Am Older Josh Gad,0.708,0.754,0.326,0.0,0.103,-7.001,0.243,117.004,0.435,1.0
2398,2398,2026-03-25 08:19:00,Carolina Gaitán - La Gaita,We Don't Talk About Bruno,216120,0.0600333333333333,3.602,8,3,Wednesday,False,2026-03,We Don't Talk About Bruno Carolina Gaitán - La Gaita,0.357,0.577,0.45,0.0,0.111,-8.516,0.0834,205.863,0.83,2.0
2399,2399,2026-03-25 08:22:00,Robin Williams,Prince Ali,171760,0.0477111111111111,2.8626666666666667,8,3,Wednesday,False,2026-03,Prince Ali Robin Williams,0.687,0.522,0.439,0.0,0.167,-13.67,0.0545,106.084,0.609,1.0
2400,2400,2026-03-25 08:23:00,Xavier Rivera,Príncipe Ali (Repetición),71720,0.0199222222222222,1.1953333333333334,8,3,Wednesday,False,2026-03,Príncipe Ali (Repetición) Xavier Rivera,0.834,0.601,0.464,0.0,0.671,-11.519,0.063,57.626,0.718,2.0
2401,2401,2026-03-25 08:27:00,Cast Of Disneyland Resort Paris,It's A Small World (Disneyland Paris version),268253,0.0745147222222222,4.470883333333333,8,3,Wednesday,False,2026-03,It's A Small World (Disneyland Paris version) Cast Of Disneyland Resort Paris,0.704,0.469,0.51,1.58e-06,0.359,-7.228,0.0307,120.079,0.676,2.0
2402,2402,2026-03-25 08:30:00,Hans Zimmer,Up Is Down,162200,0.0450555555555555,2.703333333333333,8,3,Wednesday,False,2026-03,Up Is Down Hans Zimmer,0.266,0.46,0.423,0.909,0.107,-14.704,0.0528,129.906,0.121,0.0
2403,2403,2026-03-25 08:31:00,Auli'i Cravalho,Beyond,47680,0.0132444444444444,0.7946666666666666,8,3,Wednesday,False,2026-03,Beyond Auli'i Cravalho,0.811,0.409,0.469,0.0,0.0507,-7.988,0.0549,149.956,0.252,1.0
2404,2404,2026-03-25 08:31:00,Phil Collins,Dos Mundos,1193,0.0003313888888888,0.0198833333333333,8,3,Wednesday,True,2026-03,Dos Mundos Phil Collins,0.203,0.674,0.648,0.00935,0.0371,-11.203,0.058,109.886,0.412,2.0
2405,2405,2026-03-25 08:31:00,Bely Basarte,Bella,1277,0.0003547222222222,0.0212833333333333,8,3,Wednesday,True,2026-03,Bella Bely Basarte,,,,,,,,,,
2406,2406,2026-03-25 08:34:00,Gema Castaño,Colores en el Viento,214467,0.0595741666666666,3.57445,8,3,Wednesday,False,2026-03,Colores en el Viento Gema Castaño,,,,,,,,,,
2407,2407,2026-03-25 08:41:00,Michael Giacchino,Spider-Man: Homecoming Suite,372986,0.1036072222222222,6.216433333333334,8,3,Wednesday,False,2026-03,Spider-Man: Homecoming Suite Michael Giacchino,0.631,0.202,0.274,0.697,0.147,-14.193,0.042,145.207,0.0565,3.0
2408,2408,2026-03-25 08:43:00,Chorus - Hercules,Zero To Hero,140573,0.0390480555555555,2.342883333333333,8,3,Wednesday,False,2026-03,Zero To Hero Chorus - Hercules,0.467,0.475,0.835,0.0,0.377,-7.734,0.277,164.789,0.712,2.0
2409,2409,2026-03-25 08:46:00,Jartisto,Bundle of Joy,174328,0.0484244444444444,2.905466666666667,8,3,Wednesday,False,2026-03,Bundle of Joy Jartisto,0.98,0.461,0.0605,0.947,0.0929,-30.646,0.0926,126.556,0.195,3.0
2410,2410,2026-03-25 08:50:00,John Williams,"New York, 1969",257160,0.0714333333333333,4.286,8,3,Wednesday,False,2026-03,"New York, 1969 John Williams",0.728,0.285,0.127,0.826,0.0866,-18.281,0.0364,118.21,0.112,3.0
2411,2411,2026-03-25 08:51:00,Chorus - Peter Pan,"Volaras, Volaras, Volaras",1233,0.0003425,0.02055,8,3,Wednesday,True,2026-03,"Volaras, Volaras, Volaras Chorus - Peter Pan",0.978,0.493,0.293,0.0,0.169,-11.908,0.265,58.646,0.64,1.0
2412,2412,2026-03-25 08:51:00,Anolita Domínguez,Es La Noche Del Amor,75330,0.020925,1.2555,8,3,Wednesday,False,2026-03,Es La Noche Del Amor Anolita Domínguez,0.73,0.394,0.289,0.0,0.778,-13.785,0.0426,78.034,0.517,1.0
2413,2413,2026-03-25 08:51:00,Moisés Nieto,Véns a Fer un Ninot de Neu amb Mi? (From Frozen) [Versió en Català],1533,0.0004258333333333,0.02555,8,3,Wednesday,True,2026-03,Véns a Fer un Ninot de Neu amb Mi? (From Frozen) [Versió en Català] Moisés Nieto,,,,,,,,,,
2414,2414,2026-03-25 08:54:00,Josema Yuste,Príncipe Ali,172773,0.0479925,2.87955,8,3,Wednesday,False,2026-03,Príncipe Ali Josema Yuste,0.732,0.524,0.486,0.0,0.17,-11.4,0.0921,104.283,0.668,2.0
2415,2415,2026-03-25 08:56:00,Bruce Adler,Arabian Nights - Remastered 2022,79787,0.0221630555555555,1.329783333333333,8,3,Wednesday,False,2026-03,Arabian Nights - Remastered 2022 Bruce Adler,0.723,0.485,0.198,0.0,0.208,-15.53,0.0421,128.648,0.56,1.0
2416,2416,2026-03-25 08:59:00,AURORA,Into the Unknown,199960,0.0555444444444444,3.332666666666667,8,3,Wednesday,False,2026-03,Into the Unknown AURORA,0.849,0.321,0.405,0.000544,0.138,-8.533,0.0412,146.072,0.274,1.0
2417,2417,2026-03-25 09:03:00,Tata Vega,Ciclo Sin Fin,238933,0.0663702777777777,3.9822166666666665,9,3,Wednesday,False,2026-03,Ciclo Sin Fin Tata Vega,0.125,0.441,0.421,0.0,0.326,-14.141,0.0368,83.906,0.541,0.0
2418,2418,2026-03-25 09:06:00,The Mellomen,Painting the Roses Red / March of the Cards,168600,0.0468333333333333,2.81,9,3,Wednesday,False,2026-03,Painting the Roses Red / March of the Cards The Mellomen,0.921,0.672,0.416,0.00101,0.0975,-12.439,0.311,126.576,0.914,2.0
2419,2419,2026-03-25 09:09:00,Ferran Gonzalez,Ese Es Mi Destino,194067,0.0539075,3.23445,9,3,Wednesday,False,2026-03,Ese Es Mi Destino Ferran Gonzalez,0.877,0.315,0.105,4.47e-05,0.137,-15.023,0.0322,89.468,0.21,3.0
2420,2420,2026-03-25 09:11:00,Cast - Frozen,"Frozen Heart - From ""Frozen""/Soundtrack Version",105293,0.0292480555555555,1.7548833333333334,9,3,Wednesday,False,2026-03,"Frozen Heart - From ""Frozen""/Soundtrack Version Cast - Frozen",,,,,,,,,,
2421,2421,2026-03-25 09:14:00,Pablo Perea,Voy a Hacer Todo un Hombre de Tí,202520,0.0562555555555555,3.3753333333333333,9,3,Wednesday,False,2026-03,Voy a Hacer Todo un Hombre de Tí Pablo Perea,0.417,0.709,0.412,4.23e-06,0.0767,-12.406,0.0375,113.93,0.424,2.0
2422,2422,2026-03-25 09:16:00,Benjamin Bratt,"Remember Me (Ernesto de la Cruz) - From ""Coco""/Soundtrack Version",109280,0.0303555555555555,1.8213333333333328,9,3,Wednesday,False,2026-03,"Remember Me (Ernesto de la Cruz) - From ""Coco""/Soundtrack Version Benjamin Bratt",0.514,0.506,0.562,0.000347,0.213,-6.663,0.0422,129.057,0.614,2.0
2423,2423,2026-03-25 09:18:00,Chorus - Peter Pan,La Estrella Que Nos Vió Nacer (Tema Principal),138347,0.0384297222222222,2.3057833333333333,9,3,Wednesday,False,2026-03,La Estrella Que Nos Vió Nacer (Tema Principal) Chorus - Peter Pan,0.979,0.243,0.273,2.15e-05,0.284,-12.802,0.0318,99.309,0.226,3.0
2424,2424,2026-03-25 09:20:00,Randy Newman,Buzz,100093,0.0278036111111111,1.668216666666667,9,3,Wednesday,False,2026-03,Buzz Randy Newman,0.821,0.317,0.344,0.75,0.104,-11.243,0.0398,128.368,0.051,1.0
2425,2425,2026-03-25 09:24:00,Disney Studio Chorus,Yo Ho (A Pirate's Life for Me),201640,0.0560111111111111,3.3606666666666665,9,3,Wednesday,False,2026-03,Yo Ho (A Pirate's Life for Me) Disney Studio Chorus,0.778,0.548,0.538,0.0,0.198,-11.349,0.51,112.505,0.692,2.0
2426,2426,2026-03-25 09:27:00,Jodi Benson,Part of Your World,195493,0.0543036111111111,3.2582166666666668,9,3,Wednesday,False,2026-03,Part of Your World Jodi Benson,0.92,0.275,0.144,0.000423,0.29,-14.516,0.0481,61.557,0.302,3.0
2427,2427,2026-03-25 09:30:00,Idina Menzel,Into the Unknown,194848,0.0541244444444444,3.2474666666666665,9,3,Wednesday,False,2026-03,Into the Unknown Idina Menzel,0.849,0.321,0.405,0.000544,0.138,-8.533,0.0412,146.072,0.274,1.0
2428,2428,2026-03-25 09:35:00,AD Santos,Busca Lo Más Vital,282707,0.0785297222222222,4.711783333333333,9,3,Wednesday,False,2026-03,Busca Lo Más Vital AD Santos,0.756,0.6,0.475,0.0,0.63,-11.582,0.325,106.176,0.577,1.0
2429,2429,2026-03-25 09:38:00,David García Llop,Un mundo ideal,175594,0.0487761111111111,2.9265666666666665,9,3,Wednesday,False,2026-03,Un mundo ideal David García Llop,0.782,0.353,0.382,0.0,0.163,-8.132,0.0363,122.088,0.108,1.0
2430,2430,2026-03-25 09:43:00,Inés Moraleda,"Bella - de ""La Bella y La Bestia""/Banda Sonora Original",304440,0.0845666666666666,5.074,9,3,Wednesday,False,2026-03,"Bella - de ""La Bella y La Bestia""/Banda Sonora Original Inés Moraleda",0.822,0.55,0.281,0.0,0.373,-18.501,0.257,129.221,0.34,1.0
2431,2431,2026-03-25 09:46:00,Manel,Aniversari,880,0.0002444444444444,0.0146666666666666,9,3,Wednesday,True,2026-03,Aniversari Manel,0.856,0.409,0.473,6.38e-05,0.118,-9.471,0.0346,134.646,0.498,1.0
2432,2432,2026-03-25 09:46:00,Pablo Palos,La Estrella Azul,194827,0.0541186111111111,3.247116666666667,9,3,Wednesday,False,2026-03,La Estrella Azul Pablo Palos,0.963,0.243,0.174,5.14e-05,0.353,-13.912,0.0421,75.712,0.0697,3.0
2433,2433,2026-03-25 09:47:00,Golden Apple Quartet,El Rodeo de Woody,43880,0.0121888888888888,0.7313333333333333,9,3,Wednesday,False,2026-03,El Rodeo de Woody Golden Apple Quartet,0.585,0.502,0.536,0.0,0.0903,-9.638,0.151,205.172,0.608,2.0
2434,2434,2026-03-25 09:50:00,Randy Newman,Buzz Lightyear Commercial,17260,0.0047944444444444,0.2876666666666667,9,3,Wednesday,True,2026-03,Buzz Lightyear Commercial Randy Newman,0.00384,0.207,0.57,0.883,0.115,-6.408,0.047,69.195,0.242,0.0
2435,2435,2026-03-25 09:50:00,Anabel García,Silbando al trabajar,182600,0.0507222222222222,3.043333333333333,9,3,Wednesday,False,2026-03,Silbando al trabajar Anabel García,0.68,0.646,0.489,0.0,0.235,-7.773,0.0755,107.629,0.717,2.0
2436,2436,2026-03-25 09:56:00,Hans Zimmer,Jack Sparrow,365427,0.1015075,6.09045,9,3,Wednesday,False,2026-03,Jack Sparrow Hans Zimmer,0.759,0.335,0.323,0.824,0.0717,-14.71,0.0564,91.599,0.291,1.0
2437,2437,2026-03-25 10:00:00,Michael Giacchino,Married Life,250573,0.0696036111111111,4.176216666666667,10,3,Wednesday,False,2026-03,Married Life Michael Giacchino,0.97,0.278,0.0675,0.732,0.0812,-20.946,0.04,82.626,0.112,3.0
2438,2438,2026-03-25 10:23:00,Brad Kane,One Jump Ahead,142440,0.0395666666666666,2.374,10,3,Wednesday,False,2026-03,One Jump Ahead Brad Kane,0.425,0.564,0.326,0.0,0.742,-16.436,0.127,123.609,0.688,2.0
2439,2439,2026-03-25 10:26:00,Tony Cruz,Hay Un Amigo En Mí,125387,0.0348297222222222,2.089783333333333,10,3,Wednesday,False,2026-03,Hay Un Amigo En Mí Tony Cruz,0.848,0.675,0.447,0.0,0.12,-8.207,0.0294,115.177,0.512,1.0
2440,2440,2026-03-25 10:29:00,Demi Lovato,"Let It Go - From ""Frozen / Single Version",224387,0.0623297222222222,3.7397833333333335,10,3,Wednesday,False,2026-03,"Let It Go - From ""Frozen / Single Version Demi Lovato",0.0269,0.503,0.657,0.0,0.265,-5.866,0.0359,139.918,0.246,0.0
2441,2441,2026-03-25 14:29:00,Alan Silvestri,The Avengers,4300,0.0011944444444444,0.0716666666666666,14,3,Wednesday,True,2026-03,The Avengers Alan Silvestri,0.606,0.25,0.553,0.673,0.145,-8.188,0.0429,118.985,0.226,0.0
2442,2442,2026-03-25 15:57:00,Isabel Valls,La respuesta encontrarás,1414,0.0003927777777777,0.0235666666666666,15,3,Wednesday,True,2026-03,La respuesta encontrarás Isabel Valls,0.931,0.297,0.204,2.07e-05,0.0821,-11.958,0.0365,70.354,0.193,3.0
2443,2443,2026-03-25 15:57:00,Donna Murphy,"Prologue - From ""Tangled""/Score",833,0.0002313888888888,0.0138833333333333,15,3,Wednesday,True,2026-03,"Prologue - From ""Tangled""/Score Donna Murphy",0.874,0.245,0.18,0.0254,0.242,-16.531,0.0317,85.58,0.171,3.0
2444,2444,2026-03-25 15:57:00,Pablo Palos,Dame Un Silbidito,1263,0.0003508333333333,0.02105,15,3,Wednesday,True,2026-03,Dame Un Silbidito Pablo Palos,0.88,0.594,0.384,6.35e-06,0.472,-12.724,0.243,111.087,0.883,2.0
2445,2445,2026-03-25 15:57:00,Lea Salonga,A Whole New World,1353,0.0003758333333333,0.02255,15,3,Wednesday,True,2026-03,A Whole New World Lea Salonga,0.846,0.285,0.227,2.11e-06,0.1,-15.793,0.0354,115.8,0.135,3.0
2446,2446,2026-03-25 16:00:00,Cast - Frozen,Solo Tiene Que Mejorar un Poco (Canción de los Troles),182160,0.0506,3.036,16,3,Wednesday,False,2026-03,Solo Tiene Que Mejorar un Poco (Canción de los Troles) Cast - Frozen,,,,,,,,,,
2447,2447,2026-03-25 16:03:00,Childish Gambino,Lithonia,179320,0.0498111111111111,2.9886666666666666,16,3,Wednesday,False,2026-03,Lithonia Childish Gambino,0.0948,0.415,0.383,0.0,0.118,-7.629,0.0287,140.102,0.172,0.0
2448,2448,2026-03-25 16:07:00,Celia Vergara,Madre sabe más,190467,0.0529075,3.17445,16,3,Wednesday,False,2026-03,Madre sabe más Celia Vergara,0.879,0.473,0.3,0.0,0.0294,-10.42,0.155,44.057,0.489,1.0
2449,2449,2026-03-25 16:09:00,Coros - La Bella Durmiente,Eres Tú el Príncipe Azul,177680,0.0493555555555555,2.961333333333333,16,3,Wednesday,False,2026-03,Eres Tú el Príncipe Azul Coros - La Bella Durmiente,0.963,0.295,0.14,0.142,0.368,-15.341,0.0357,132.673,0.183,3.0
2450,2450,2026-03-25 16:13:00,Marc Pociello,Hakuna Matata - Spanish-Castilian version,213053,0.0591813888888888,3.550883333333333,16,3,Wednesday,False,2026-03,Hakuna Matata - Spanish-Castilian version Marc Pociello,0.623,0.423,0.478,2.6e-06,0.133,-12.796,0.225,168.556,0.66,2.0
2451,2451,2026-03-25 16:16:00,Erik Cruz,Perdido en el bosque,180600,0.0501666666666666,3.01,16,3,Wednesday,False,2026-03,Perdido en el bosque Erik Cruz,0.757,0.417,0.461,3.56e-06,0.121,-6.073,0.027,74.269,0.4,1.0
2452,2452,2026-03-25 16:19:00,Enrique Sequeros,Mi sueño es,191400,0.0531666666666666,3.19,16,3,Wednesday,False,2026-03,Mi sueño es Enrique Sequeros,0.74,0.661,0.605,0.0,0.239,-7.697,0.2,133.758,0.726,2.0
2453,2453,2026-03-25 16:25:00,Film Symphony Orchestra,Piratas del Caribe - El hombre del cofre muerto,340027,0.0944519444444444,5.667116666666667,16,3,Wednesday,False,2026-03,Piratas del Caribe - El hombre del cofre muerto Film Symphony Orchestra,0.491,0.246,0.508,0.0227,0.458,-9.588,0.0749,67.192,0.206,0.0
2454,2454,2026-03-25 16:28:00,Yolanda de las Heras,Silbando al Trabajar,207627,0.0576741666666666,3.46045,16,3,Wednesday,False,2026-03,Silbando al Trabajar Yolanda de las Heras,0.907,0.749,0.284,0.144,0.0799,-13.005,0.035,102.199,0.784,2.0
2455,2455,2026-03-25 16:30:00,Michael Giacchino,"Peter Parker Picked a Perilously Precarious Profession - from ""Spider-Man: No Way Home"" Soundtrack",91680,0.0254666666666666,1.528,16,3,Wednesday,False,2026-03,"Peter Parker Picked a Perilously Precarious Profession - from ""Spider-Man: No Way Home"" Soundtrack Michael Giacchino",0.729,0.291,0.0304,0.813,0.0735,-16.878,0.0322,60.185,0.0672,3.0
2456,2456,2026-03-25 16:33:00,Miguel Morant,Un Mundo Ideal,161093,0.0447480555555555,2.684883333333333,16,3,Wednesday,False,2026-03,Un Mundo Ideal Miguel Morant,0.727,0.224,0.226,0.0,0.106,-12.583,0.0314,171.294,0.335,3.0
2457,2457,2026-03-25 16:34:00,Chorus - Peter Pan,Por Donde Tu Vayas,102933,0.0285925,1.71555,16,3,Wednesday,False,2026-03,Por Donde Tu Vayas Chorus - Peter Pan,0.888,0.562,0.255,0.000273,0.129,-12.718,0.067,131.344,0.974,2.0
2458,2458,2026-03-25 16:38:00,Hans Zimmer,Under the Stars,225267,0.0625741666666666,3.75445,16,3,Wednesday,False,2026-03,Under the Stars Hans Zimmer,0.613,0.292,0.162,0.544,0.123,-20.812,0.0414,107.296,0.105,3.0
2459,2459,2026-03-25 16:41:00,Hans Zimmer,Davy Jones,195240,0.0542333333333333,3.254,16,3,Wednesday,False,2026-03,Davy Jones Hans Zimmer,0.475,0.31,0.0558,0.0447,0.127,-19.072,0.0285,79.924,0.106,3.0
2460,2460,2026-03-25 16:42:00,Francisco Colmenero,Prólogo,34770,0.0096583333333333,0.5795,16,3,Wednesday,False,2026-03,Prólogo Francisco Colmenero,0.884,0.459,0.112,0.0,0.602,-25.61,0.134,89.937,0.487,3.0
2461,2461,2026-03-25 16:45:00,Marc Ullod,De nada,163893,0.0455258333333333,2.73155,16,3,Wednesday,False,2026-03,De nada Marc Ullod,,,,,,,,,,
2462,2462,2026-03-25 16:48:00,Enrique Sequeros,El Vive en Tí,184853,0.0513480555555555,3.0808833333333334,16,3,Wednesday,False,2026-03,El Vive en Tí Enrique Sequeros,0.765,0.749,0.459,0.000235,0.059,-10.757,0.0319,115.092,0.477,1.0
2463,2463,2026-03-25 16:50:00,Robin Williams,Friend Like Me,146453,0.0406813888888888,2.4408833333333333,16,3,Wednesday,False,2026-03,Friend Like Me Robin Williams,0.621,0.648,0.478,0.0,0.703,-13.584,0.145,98.412,0.653,2.0
2464,2464,2026-03-26 05:45:00,John Williams,"Star Wars Suite: Main Theme - From ""Star Wars: Episode IV - A New Hope""",42090,0.0116916666666666,0.7015,5,3,Thursday,False,2026-03,"Star Wars Suite: Main Theme - From ""Star Wars: Episode IV - A New Hope"" John Williams",0.689,0.24,0.425,0.926,0.0931,-10.527,0.0374,119.762,0.078,1.0
2465,2465,2026-03-26 06:00:00,Barbie Sailers,No Time to Die,18928,0.0052577777777777,0.3154666666666667,6,3,Thursday,True,2026-03,No Time to Die Barbie Sailers,0.0167,0.357,0.686,0.000351,0.187,-6.395,0.0541,143.638,0.186,0.0
2466,2466,2026-03-26 06:10:00,Nirvana,Smells Like Teen Spirit,6301,0.0017502777777777,0.1050166666666666,6,3,Thursday,True,2026-03,Smells Like Teen Spirit Nirvana,2.55e-05,0.502,0.912,0.000173,0.106,-4.556,0.0564,116.761,0.72,2.0
2467,2467,2026-03-26 06:15:00,Barry Dennen,"Trial Before Pilate - From ""Jesus Christ Superstar"" Soundtrack",9977,0.0027713888888888,0.1662833333333333,6,3,Thursday,True,2026-03,"Trial Before Pilate - From ""Jesus Christ Superstar"" Soundtrack Barry Dennen",0.879,0.402,0.654,0.000119,0.114,-9.714,0.633,175.441,0.279,1.0
2468,2468,2026-03-26 06:20:00,Nstens1117,The Electro Suite,8460,0.00235,0.141,6,3,Thursday,True,2026-03,The Electro Suite Nstens1117,0.0792,0.43,0.645,0.863,0.518,-9.161,0.0322,80.053,0.176,0.0
2469,2469,2026-03-26 06:25:00,Nick Cave & The Bad Seeds,Red Right Hand (Peaky Blinders Theme) (Flood Remix),8209,0.0022802777777777,0.1368166666666666,6,3,Thursday,True,2026-03,Red Right Hand (Peaky Blinders Theme) (Flood Remix) Nick Cave & The Bad Seeds,0.573,0.814,0.229,0.158,0.0718,-16.208,0.0737,116.049,0.287,1.0
2470,2470,2026-03-26 06:30:00,Metallica,The Unforgiven - Remastered 2021,3907,0.0010852777777777,0.0651166666666666,6,3,Thursday,True,2026-03,The Unforgiven - Remastered 2021 Metallica,0.0179,0.526,0.579,0.00861,0.216,-9.489,0.0257,139.496,0.211,0.0
2471,2471,2026-03-26 06:35:00,Els Amics De Les Arts,El Senyal Que Esperaves,1851,0.0005141666666666,0.03085,6,3,Thursday,True,2026-03,El Senyal Que Esperaves Els Amics De Les Arts,,,,,,,,,,
2472,2472,2026-03-26 06:40:00,Eddie Redmayne,Empty Chairs At Empty Tables,1054,0.0002927777777777,0.0175666666666666,6,3,Thursday,True,2026-03,Empty Chairs At Empty Tables Eddie Redmayne,0.944,0.299,0.0656,1.89e-05,0.0943,-18.002,0.0553,170.381,0.115,3.0
2473,2473,2026-03-26 07:06:00,Johnny Cash,Redemption Song,533,0.0001480555555555,0.0088833333333333,7,3,Thursday,True,2026-03,Redemption Song Johnny Cash,0.759,0.518,0.378,0.0,0.0883,-9.995,0.0342,113.541,0.518,1.0
2474,2474,2026-03-27 06:00:00,Samuel Kim,Order 66 Theme - Epic Version,21243,0.0059008333333333,0.35405,6,3,Friday,True,2026-03,Order 66 Theme - Epic Version Samuel Kim,0.519,0.351,0.882,0.823,0.108,-6.687,0.0646,77.981,0.154,0.0
2475,2475,2026-03-27 06:15:00,Gabriella Quevedo,Sultans of Swing,20798,0.0057772222222222,0.3466333333333333,6,3,Friday,True,2026-03,Sultans of Swing Gabriella Quevedo,0.355,0.458,0.481,0.88,0.177,-10.09,0.0363,127.269,0.403,0.0
2476,2476,2026-03-27 06:20:00,Vitamin String Quartet,bad guy,7584,0.0021066666666666,0.1264,6,3,Friday,True,2026-03,bad guy Vitamin String Quartet,0.914,0.7,0.328,0.0362,0.0941,-9.981,0.146,135.058,0.648,1.0
2477,2477,2026-03-27 06:25:00,Gabriella Quevedo,That's Life,9193,0.0025536111111111,0.1532166666666666,6,3,Friday,True,2026-03,That's Life Gabriella Quevedo,0.659,0.485,0.442,0.792,0.132,-8.909,0.0539,109.537,0.345,1.0
2478,2478,2026-03-27 06:30:00,Nicholas Britell,Strings Con Fuoco,11885,0.0033013888888888,0.1980833333333333,6,3,Friday,True,2026-03,Strings Con Fuoco Nicholas Britell,0.705,0.506,0.181,0.868,0.103,-9.467,0.0331,86.018,0.433,1.0
2479,2479,2026-03-27 06:35:00,I'll Take You There Choir,Like a Prayer - Choir Version From “Deadpool & Wolverine”,11336,0.0031488888888888,0.1889333333333333,6,3,Friday,True,2026-03,Like a Prayer - Choir Version From “Deadpool & Wolverine” I'll Take You There Choir,0.848,0.244,0.273,0.499,0.124,-13.875,0.0351,116.076,0.104,3.0
2480,2480,2026-03-27 06:40:00,Menaix a Truà,No em Deixis Mai,10863,0.0030175,0.18105,6,3,Friday,True,2026-03,No em Deixis Mai Menaix a Truà,0.371,0.711,0.503,0.413,0.107,-9.277,0.0279,122.01,0.678,2.0
2481,2481,2026-03-27 06:45:00,Adele,Rolling in the Deep,12853,0.0035702777777777,0.2142166666666666,6,3,Friday,True,2026-03,Rolling in the Deep Adele,0.138,0.73,0.769,0.0,0.0473,-5.114,0.0298,104.948,0.507,2.0
2482,2482,2026-03-27 07:19:00,Alan Silvestri,The Avengers,119320,0.0331444444444444,1.9886666666666664,7,3,Friday,False,2026-03,The Avengers Alan Silvestri,0.606,0.25,0.553,0.673,0.145,-8.188,0.0429,118.985,0.226,0.0
2483,2483,2026-03-27 07:21:00,Isabel Valls,La respuesta encontrarás,125680,0.0349111111111111,2.0946666666666665,7,3,Friday,False,2026-03,La respuesta encontrarás Isabel Valls,0.931,0.297,0.204,2.07e-05,0.0821,-11.958,0.0365,70.354,0.193,3.0
2484,2484,2026-03-27 07:24:00,Lea Salonga,A Whole New World,160800,0.0446666666666666,2.68,7,3,Friday,False,2026-03,A Whole New World Lea Salonga,0.846,0.285,0.227,2.11e-06,0.1,-15.793,0.0354,115.8,0.135,3.0
2485,2485,2026-03-27 07:26:00,Donna Murphy,"Prologue - From ""Tangled""/Score",21710,0.0060305555555555,0.3618333333333333,7,3,Friday,True,2026-03,"Prologue - From ""Tangled""/Score Donna Murphy",0.874,0.245,0.18,0.0254,0.242,-16.531,0.0317,85.58,0.171,3.0
2486,2486,2026-03-27 07:26:00,Pablo Palos,Dame Un Silbidito,98000,0.0272222222222222,1.6333333333333333,7,3,Friday,False,2026-03,Dame Un Silbidito Pablo Palos,0.88,0.594,0.384,6.35e-06,0.472,-12.724,0.243,111.087,0.883,2.0
2487,2487,2026-03-27 07:29:00,Cast - Frozen,Solo Tiene Que Mejorar un Poco (Canción de los Troles),182160,0.0506,3.036,7,3,Friday,False,2026-03,Solo Tiene Que Mejorar un Poco (Canción de los Troles) Cast - Frozen,,,,,,,,,,
2488,2488,2026-03-27 07:32:00,Childish Gambino,Lithonia,179320,0.0498111111111111,2.9886666666666666,7,3,Friday,False,2026-03,Lithonia Childish Gambino,0.0948,0.415,0.383,0.0,0.118,-7.629,0.0287,140.102,0.172,0.0
2489,2489,2026-03-27 07:32:00,Nirvana,Sliver,4200,0.0011666666666666,0.07,7,3,Friday,True,2026-03,Sliver Nirvana,1.16e-05,0.428,0.684,0.000156,0.0744,-10.044,0.0475,141.336,0.419,0.0
2490,2490,2026-03-27 07:35:00,Celia Vergara,Madre sabe más,190467,0.0529075,3.17445,7,3,Friday,False,2026-03,Madre sabe más Celia Vergara,0.879,0.473,0.3,0.0,0.0294,-10.42,0.155,44.057,0.489,1.0
2491,2491,2026-03-27 07:38:00,Coros - La Bella Durmiente,Eres Tú el Príncipe Azul,177680,0.0493555555555555,2.961333333333333,7,3,Friday,False,2026-03,Eres Tú el Príncipe Azul Coros - La Bella Durmiente,0.963,0.295,0.14,0.142,0.368,-15.341,0.0357,132.673,0.183,3.0
2492,2492,2026-03-27 07:41:00,Enrique Sequeros,Mi sueño es,2163,0.0006008333333333,0.03605,7,3,Friday,True,2026-03,Mi sueño es Enrique Sequeros,0.74,0.661,0.605,0.0,0.239,-7.697,0.2,133.758,0.726,2.0
2493,2493,2026-03-27 07:41:00,Erik Cruz,Perdido en el bosque,2423,0.0006730555555555,0.0403833333333333,7,3,Friday,True,2026-03,Perdido en el bosque Erik Cruz,0.757,0.417,0.461,3.56e-06,0.121,-6.073,0.027,74.269,0.4,1.0
2494,2494,2026-03-27 07:41:00,Marc Pociello,Hakuna Matata - Spanish-Castilian version,142780,0.0396611111111111,2.3796666666666666,7,3,Friday,False,2026-03,Hakuna Matata - Spanish-Castilian version Marc Pociello,0.623,0.423,0.478,2.6e-06,0.133,-12.796,0.225,168.556,0.66,2.0
2495,2495,2026-03-27 07:46:00,Film Symphony Orchestra,Piratas del Caribe - El hombre del cofre muerto,340027,0.0944519444444444,5.667116666666667,7,3,Friday,False,2026-03,Piratas del Caribe - El hombre del cofre muerto Film Symphony Orchestra,0.491,0.246,0.508,0.0227,0.458,-9.588,0.0749,67.192,0.206,0.0
2496,2496,2026-03-27 07:50:00,Yolanda de las Heras,Silbando al Trabajar,207627,0.0576741666666666,3.46045,7,3,Friday,False,2026-03,Silbando al Trabajar Yolanda de las Heras,0.907,0.749,0.284,0.144,0.0799,-13.005,0.035,102.199,0.784,2.0
2497,2497,2026-03-27 07:51:00,Michael Giacchino,"Peter Parker Picked a Perilously Precarious Profession - from ""Spider-Man: No Way Home"" Soundtrack",91680,0.0254666666666666,1.528,7,3,Friday,False,2026-03,"Peter Parker Picked a Perilously Precarious Profession - from ""Spider-Man: No Way Home"" Soundtrack Michael Giacchino",0.729,0.291,0.0304,0.813,0.0735,-16.878,0.0322,60.185,0.0672,3.0
2498,2498,2026-03-27 07:54:00,Miguel Morant,Un Mundo Ideal,161093,0.0447480555555555,2.684883333333333,7,3,Friday,False,2026-03,Un Mundo Ideal Miguel Morant,0.727,0.224,0.226,0.0,0.106,-12.583,0.0314,171.294,0.335,3.0
2499,2499,2026-03-27 07:56:00,Chorus - Peter Pan,Por Donde Tu Vayas,102933,0.0285925,1.71555,7,3,Friday,False,2026-03,Por Donde Tu Vayas Chorus - Peter Pan,0.888,0.562,0.255,0.000273,0.129,-12.718,0.067,131.344,0.974,2.0
2500,2500,2026-03-27 08:00:00,Hans Zimmer,Under the Stars,225267,0.0625741666666666,3.75445,8,3,Friday,False,2026-03,Under the Stars Hans Zimmer,0.613,0.292,0.162,0.544,0.123,-20.812,0.0414,107.296,0.105,3.0
2501,2501,2026-03-27 08:03:00,Hans Zimmer,Davy Jones,195240,0.0542333333333333,3.254,8,3,Friday,False,2026-03,Davy Jones Hans Zimmer,0.475,0.31,0.0558,0.0447,0.127,-19.072,0.0285,79.924,0.106,3.0
2502,2502,2026-03-27 08:04:00,Francisco Colmenero,Prólogo,45740,0.0127055555555555,0.7623333333333333,8,3,Friday,False,2026-03,Prólogo Francisco Colmenero,0.884,0.459,0.112,0.0,0.602,-25.61,0.134,89.937,0.487,3.0
2503,2503,2026-03-27 08:06:00,Marc Ullod,De nada,163893,0.0455258333333333,2.73155,8,3,Friday,False,2026-03,De nada Marc Ullod,,,,,,,,,,
2504,2504,2026-03-27 08:09:00,Camilo García,Prólogo (La Bella y La Bestia),148773,0.0413258333333333,2.47955,8,3,Friday,False,2026-03,Prólogo (La Bella y La Bestia) Camilo García,0.885,0.427,0.46,0.000141,0.477,-21.103,0.596,93.261,0.443,1.0
2505,2505,2026-03-27 08:12:00,Enrique Sequeros,El Vive en Tí,184853,0.0513480555555555,3.0808833333333334,8,3,Friday,False,2026-03,El Vive en Tí Enrique Sequeros,0.765,0.749,0.459,0.000235,0.059,-10.757,0.0319,115.092,0.477,1.0
2506,2506,2026-03-27 08:14:00,Robin Williams,Friend Like Me,146453,0.0406813888888888,2.4408833333333333,8,3,Friday,False,2026-03,Friend Like Me Robin Williams,0.621,0.648,0.478,0.0,0.703,-13.584,0.145,98.412,0.653,2.0
2507,2507,2026-03-27 08:25:00,Hans Zimmer,This Land,806,0.0002238888888888,0.0134333333333333,8,3,Friday,True,2026-03,This Land Hans Zimmer,0.433,0.152,0.129,0.647,0.171,-22.61,0.0404,99.042,0.136,3.0
2508,2508,2026-03-27 08:25:00,John Williams,"Star Wars Suite: Main Theme - From ""Star Wars: Episode IV - A New Hope""",24980,0.0069388888888888,0.4163333333333333,8,3,Friday,True,2026-03,"Star Wars Suite: Main Theme - From ""Star Wars: Episode IV - A New Hope"" John Williams",0.689,0.24,0.425,0.926,0.0931,-10.527,0.0374,119.762,0.078,1.0
2509,2509,2026-03-27 08:28:00,Kristen Bell,Some Things Never Change,209965,0.0583236111111111,3.499416666666667,8,3,Friday,False,2026-03,Some Things Never Change Kristen Bell,0.613,0.567,0.543,0.0,0.106,-4.485,0.0313,89.937,0.299,1.0
2510,2510,2026-03-27 08:29:00,Isabel Nogueras,Prólogo - de Enredados,12722,0.0035338888888888,0.2120333333333333,8,3,Friday,True,2026-03,Prólogo - de Enredados Isabel Nogueras,0.92,0.237,0.141,0.0362,0.24,-16.202,0.0348,123.22,0.117,3.0
2511,2511,2026-03-27 08:30:00,Isabel Nogueras,Prólogo - de Enredados,108769,0.0302136111111111,1.8128166666666667,8,3,Friday,False,2026-03,Prólogo - de Enredados Isabel Nogueras,0.92,0.237,0.141,0.0362,0.24,-16.202,0.0348,123.22,0.117,3.0
2512,2512,2026-03-27 08:32:00,Cast – Disneyland Paris,Yo Ho (A Pirate's Life for Me) (Disneyland Paris version),78160,0.0217111111111111,1.3026666666666666,8,3,Friday,False,2026-03,Yo Ho (A Pirate's Life for Me) (Disneyland Paris version) Cast – Disneyland Paris,0.871,0.655,0.826,5.79e-06,0.371,-10.448,0.784,111.858,0.619,2.0
2513,2513,2026-03-27 08:35:00,The Chillest,You're Welcome - Piano Version,168198,0.0467216666666666,2.8033,8,3,Friday,False,2026-03,You're Welcome - Piano Version The Chillest,0.982,0.647,0.14,0.93,0.115,-16.349,0.036,86.024,0.171,1.0
2514,2514,2026-03-27 08:37:00,Dwayne Johnson,You're Welcome,163894,0.0455261111111111,2.7315666666666667,8,3,Friday,False,2026-03,You're Welcome Dwayne Johnson,,,,,,,,,,
2515,2515,2026-03-27 08:40:00,María Caneda,Cuando Me Quería,183840,0.0510666666666666,3.064,8,3,Friday,False,2026-03,Cuando Me Quería María Caneda,0.974,0.325,0.144,2.77e-06,0.105,-13.606,0.0365,79.498,0.216,3.0
2516,2516,2026-03-27 08:42:00,Kristen Bell,"Love Is an Open Door - From ""Frozen""/Soundtrack Version",124733,0.0346480555555555,2.078883333333333,8,3,Friday,False,2026-03,"Love Is an Open Door - From ""Frozen""/Soundtrack Version Kristen Bell",0.262,0.737,0.636,0.0,0.319,-6.308,0.0737,100.033,0.537,2.0
2517,2517,2026-03-27 08:45:00,Susan Martín,Ha Nacido Una Estrella,124440,0.0345666666666666,2.074,8,3,Friday,False,2026-03,Ha Nacido Una Estrella Susan Martín,0.572,0.68,0.708,0.0,0.471,-7.961,0.109,117.931,0.788,2.0
2518,2518,2026-03-27 08:46:00,José Ramón Nogueras,Si a Arabia tú vas,83827,0.0232852777777777,1.3971166666666666,8,3,Friday,False,2026-03,Si a Arabia tú vas José Ramón Nogueras,0.773,0.446,0.276,0.0,0.117,-12.119,0.0494,126.401,0.197,1.0
2519,2519,2026-03-27 08:50:00,Tata Vega,El Ciclo de la Vida,239747,0.0665963888888888,3.995783333333333,8,3,Friday,False,2026-03,El Ciclo de la Vida Tata Vega,,,,,,,,,,
2520,2520,2026-03-27 08:53:00,One Piano,You're Welcome,176015,0.0488930555555555,2.933583333333333,8,3,Friday,False,2026-03,You're Welcome One Piano,,,,,,,,,,
2521,2521,2026-03-27 08:58:00,Danny Elfman,"Alice's Theme - From ""Alice in Wonderland""/Soundtrack Version",307227,0.0853408333333333,5.12045,8,3,Friday,False,2026-03,"Alice's Theme - From ""Alice in Wonderland""/Soundtrack Version Danny Elfman",0.926,0.417,0.415,0.662,0.0815,-12.66,0.0365,119.984,0.126,1.0
2522,2522,2026-03-27 09:01:00,Auli'i Cravalho,How Far I'll Go,163386,0.045385,2.7231,9,3,Friday,False,2026-03,How Far I'll Go Auli'i Cravalho,,,,,,,,,,
2523,2523,2026-03-27 09:05:00,Auli'i Cravalho,Beyond,230267,0.0639630555555555,3.837783333333333,9,3,Friday,False,2026-03,Beyond Auli'i Cravalho,0.811,0.409,0.469,0.0,0.0507,-7.988,0.0549,149.956,0.252,1.0
2524,2524,2026-03-27 09:08:00,Moisés Nieto,Vol Volar (Let It Go from Frozen) [Versió en Català] - Bonus Track,213319,0.0592552777777777,3.5553166666666667,9,3,Friday,False,2026-03,Vol Volar (Let It Go from Frozen) [Versió en Català] - Bonus Track Moisés Nieto,,,,,,,,,,
2525,2525,2026-03-27 09:11:00,Miguel Morant,El Rey,144307,0.0400852777777777,2.405116666666667,9,3,Friday,False,2026-03,El Rey Miguel Morant,0.394,0.516,0.419,0.0,0.722,-13.956,0.179,124.89,0.612,2.0
2526,2526,2026-03-27 09:14:00,Carmen López,Por fin ya veo la luz,224027,0.0622297222222222,3.733783333333333,9,3,Friday,False,2026-03,Por fin ya veo la luz Carmen López,0.886,0.206,0.25,0.0,0.128,-9.607,0.0308,52.957,0.174,3.0
2527,2527,2026-03-27 09:18:00,Jordi Doncos,Preparaos,219880,0.0610777777777777,3.6646666666666663,9,3,Friday,False,2026-03,Preparaos Jordi Doncos,,,,,,,,,,
2528,2528,2026-03-27 09:21:00,David García Llop,El rey,175223,0.0486730555555555,2.9203833333333336,9,3,Friday,False,2026-03,El rey David García Llop,0.152,0.705,0.759,0.0,0.0464,-5.838,0.0631,119.244,0.573,2.0
2529,2529,2026-03-27 09:23:00,Hans Zimmer,"End Credits - From ""Pirates of the Caribbean: On Stranger Tides""/Score",117133,0.0325369444444444,1.9522166666666667,9,3,Friday,False,2026-03,"End Credits - From ""Pirates of the Caribbean: On Stranger Tides""/Score Hans Zimmer",0.404,0.534,0.814,0.972,0.0998,-10.418,0.0429,140.22,0.766,2.0
2530,2530,2026-03-27 09:27:00,Flavio,Quiero Ser Como Tú,241587,0.0671075,4.02645,9,3,Friday,False,2026-03,Quiero Ser Como Tú Flavio,,,,,,,,,,
2531,2531,2026-03-27 09:30:00,Jesús Aguirre,"Ay Ho/ Cavar, Cavar",167000,0.0463888888888888,2.783333333333333,9,3,Friday,False,2026-03,"Ay Ho/ Cavar, Cavar Jesús Aguirre",0.868,0.848,0.566,9.75e-06,0.105,-9.603,0.0908,103.011,0.734,2.0
2532,2532,2026-03-27 09:34:00,Miguel Ángel Jenner,"¡Qué Festín! - de ""La Bella y La Bestia""/Banda Sonora Original",222573,0.0618258333333333,3.70955,9,3,Friday,False,2026-03,"¡Qué Festín! - de ""La Bella y La Bestia""/Banda Sonora Original Miguel Ángel Jenner",0.757,0.501,0.329,0.0,0.168,-16.066,0.135,125.071,0.553,1.0
2533,2533,2026-03-27 10:51:00,Josema Yuste,Un Genio Genial,105720,0.0293666666666666,1.762,10,3,Friday,False,2026-03,Un Genio Genial Josema Yuste,0.553,0.678,0.629,0.0,0.391,-10.626,0.117,97.983,0.734,2.0
2534,2534,2026-03-27 10:55:00,Leslie Odom Jr.,Alexander Hamilton,236738,0.0657605555555555,3.945633333333333,10,3,Friday,False,2026-03,Alexander Hamilton Leslie Odom Jr.,0.522,0.609,0.435,0.0,0.118,-7.861,0.285,131.995,0.552,2.0
2535,2535,2026-03-27 10:58:00,Lin-Manuel Miranda,"Aaron Burr, Sir",156631,0.0435086111111111,2.610516666666667,10,3,Friday,False,2026-03,"Aaron Burr, Sir Lin-Manuel Miranda",0.272,0.646,0.439,0.0,0.0945,-10.837,0.818,160.387,0.528,2.0
2536,2536,2026-03-27 11:04:00,Lin-Manuel Miranda,My Shot,333154,0.0925427777777777,5.552566666666666,11,3,Friday,False,2026-03,My Shot Lin-Manuel Miranda,,,,,,,,,,
2537,2537,2026-03-27 11:05:00,Lin-Manuel Miranda,The Story of Tonight,91981,0.0255502777777777,1.5330166666666667,11,3,Friday,False,2026-03,The Story of Tonight Lin-Manuel Miranda,0.835,0.494,0.237,0.0,0.648,-10.579,0.0517,95.219,0.625,1.0
2538,2538,2026-03-27 11:08:00,Renée Elise Goldsberry,The Schuyler Sisters,186543,0.0518175,3.10905,11,3,Friday,False,2026-03,The Schuyler Sisters Renée Elise Goldsberry,0.187,0.74,0.727,0.0,0.627,-6.253,0.278,101.409,0.792,2.0
2539,2539,2026-03-27 11:10:00,Thayne Jasperson,Farmer Refuted,112742,0.0313172222222222,1.8790333333333331,11,3,Friday,False,2026-03,Farmer Refuted Thayne Jasperson,0.684,0.795,0.409,0.0,0.0548,-8.334,0.372,77.879,0.577,2.0
2540,2540,2026-03-27 11:14:00,Jonathan Groff,You'll Be Back,208321,0.0578669444444444,3.4720166666666668,11,3,Friday,False,2026-03,You'll Be Back Jonathan Groff,0.39,0.607,0.466,0.0,0.135,-7.562,0.0578,121.741,0.434,2.0
2541,2541,2026-03-27 11:19:00,Lin-Manuel Miranda,Right Hand Man,321697,0.0893602777777777,5.3616166666666665,11,3,Friday,False,2026-03,Right Hand Man Lin-Manuel Miranda,0.177,0.68,0.413,0.0,0.205,-9.41,0.492,158.576,0.383,2.0
2542,2542,2026-03-27 11:20:00,Leslie Odom Jr.,A Winter's Ball,69901,0.0194169444444444,1.1650166666666666,11,3,Friday,False,2026-03,A Winter's Ball Leslie Odom Jr.,0.41,0.854,0.327,0.0,0.0889,-10.834,0.507,131.352,0.688,2.0
2543,2543,2026-03-27 11:24:00,Phillipa Soo,Helpless,249771,0.0693808333333333,4.16285,11,3,Friday,False,2026-03,Helpless Phillipa Soo,0.334,0.688,0.491,0.0,0.0914,-7.494,0.269,79.009,0.737,2.0
2544,2544,2026-03-27 11:30:00,Renée Elise Goldsberry,Satisfied,329228,0.0914522222222222,5.487133333333333,11,3,Friday,False,2026-03,Satisfied Renée Elise Goldsberry,0.287,0.707,0.593,0.0,0.15,-8.581,0.0949,123.772,0.478,2.0
2545,2545,2026-03-27 11:32:00,Okieriete Onaodowan,The Story of Tonight - Reprise,115880,0.0321888888888888,1.9313333333333331,11,3,Friday,False,2026-03,The Story of Tonight - Reprise Okieriete Onaodowan,0.68,0.724,0.305,0.0,0.128,-12.763,0.257,81.874,0.594,1.0
2546,2546,2026-03-27 11:35:00,Leslie Odom Jr.,Wait for It,193750,0.0538194444444444,3.2291666666666665,11,3,Friday,False,2026-03,Wait for It Leslie Odom Jr.,0.124,0.543,0.473,4.04e-06,0.0922,-9.638,0.157,86.534,0.519,2.0
2547,2547,2026-03-27 11:38:00,Original Broadway Cast of Hamilton,Stay Alive,159103,0.0441952777777777,2.6517166666666667,11,3,Friday,False,2026-03,Stay Alive Original Broadway Cast of Hamilton,0.471,0.723,0.415,0.0,0.0995,-10.394,0.395,159.65,0.581,2.0
2548,2548,2026-03-27 11:39:00,Lin-Manuel Miranda,Ten Duel Commandments,106646,0.0296238888888888,1.7774333333333334,11,3,Friday,False,2026-03,Ten Duel Commandments Lin-Manuel Miranda,0.0691,0.887,0.516,0.0,0.617,-8.187,0.658,77.977,0.828,2.0
2549,2549,2026-03-27 11:41:00,Lin-Manuel Miranda,Meet Me Inside,83632,0.0232311111111111,1.3938666666666666,11,3,Friday,False,2026-03,Meet Me Inside Lin-Manuel Miranda,0.378,0.732,0.643,0.0,0.363,-8.318,0.474,88.543,0.644,2.0
2550,2550,2026-03-27 11:44:00,Phillipa Soo,That Would Be Enough,178446,0.0495683333333333,2.9741,11,3,Friday,False,2026-03,That Would Be Enough Phillipa Soo,0.819,0.499,0.2,0.0,0.115,-10.276,0.0355,137.367,0.185,1.0
2551,2551,2026-03-27 11:46:00,Leslie Odom Jr.,Guns and Ships,127578,0.0354383333333333,2.1263,11,3,Friday,False,2026-03,Guns and Ships Leslie Odom Jr.,0.399,0.72,0.666,0.0,0.0844,-6.914,0.328,138.03,0.383,2.0
2552,2552,2026-03-27 11:57:00,Christopher Jackson,History Has Its Eyes on You,97050,0.0269583333333333,1.6175,11,3,Friday,False,2026-03,History Has Its Eyes on You Christopher Jackson,0.803,0.438,0.373,0.0,0.123,-9.769,0.0291,77.415,0.274,1.0
2553,2553,2026-03-27 12:01:00,Original Broadway Cast of Hamilton,Yorktown (The World Turned Upside Down),242588,0.0673855555555555,4.0431333333333335,12,3,Friday,False,2026-03,Yorktown (The World Turned Upside Down) Original Broadway Cast of Hamilton,0.297,0.76,0.883,0.0,0.727,-5.397,0.25,98.012,0.51,2.0
2554,2554,2026-03-27 12:03:00,Jonathan Groff,What Comes Next?,99343,0.0275952777777777,1.6557166666666667,12,3,Friday,False,2026-03,What Comes Next? Jonathan Groff,0.603,0.515,0.302,0.0,0.199,-10.882,0.079,114.972,0.277,1.0
2555,2555,2026-03-27 12:11:00,Leslie Odom Jr.,Dear Theodosia,184004,0.0511122222222222,3.066733333333333,12,3,Friday,False,2026-03,Dear Theodosia Leslie Odom Jr.,0.907,0.598,0.221,4.19e-05,0.0723,-10.484,0.0303,106.771,0.274,1.0
2556,2556,2026-03-27 12:22:00,Leslie Odom Jr.,Non-Stop,677386,0.1881627777777778,11.289766666666669,12,3,Friday,False,2026-03,Non-Stop Leslie Odom Jr.,0.211,0.77,0.482,0.0,0.223,-9.529,0.351,91.994,0.441,2.0
2557,2557,2026-03-27 12:26:00,Daveed Diggs,What'd I Miss,236701,0.0657502777777777,3.9450166666666666,12,3,Friday,False,2026-03,What'd I Miss Daveed Diggs,0.169,0.539,0.577,0.0,0.14,-7.763,0.386,177.787,0.319,0.0
2558,2558,2026-03-27 12:29:00,Christopher Jackson,Cabinet Battle #1,215227,0.0597852777777777,3.5871166666666667,12,3,Friday,False,2026-03,Cabinet Battle #1 Christopher Jackson,0.0859,0.607,0.658,0.0,0.489,-7.762,0.423,87.043,0.513,2.0
2559,2559,2026-03-27 12:34:00,Phillipa Soo,Take a Break,286486,0.0795794444444444,4.774766666666666,12,3,Friday,False,2026-03,Take a Break Phillipa Soo,0.587,0.552,0.371,0.0,0.18,-9.426,0.227,81.548,0.587,2.0
2560,2560,2026-03-27 12:38:00,Jasmine Cephas-Jones,Say No to This,242017,0.0672269444444444,4.033616666666667,12,3,Friday,False,2026-03,Say No to This Jasmine Cephas-Jones,0.464,0.754,0.535,0.0,0.19,-8.156,0.305,81.035,0.395,2.0
2561,2561,2026-03-27 12:44:00,Leslie Odom Jr.,The Room Where It Happens,318215,0.0883930555555555,5.303583333333333,12,3,Friday,False,2026-03,The Room Where It Happens Leslie Odom Jr.,0.271,0.638,0.49,0.0,0.664,-9.382,0.426,173.552,0.511,2.0
2562,2562,2026-03-27 12:45:00,Phillipa Soo,Schuyler Defeated,63558,0.017655,1.0593,12,3,Friday,False,2026-03,Schuyler Defeated Phillipa Soo,0.236,0.745,0.597,0.0,0.157,-10.422,0.257,102.108,0.842,2.0
2563,2563,2026-03-27 12:47:00,Christopher Jackson,Cabinet Battle #2,142640,0.0396222222222222,2.377333333333333,12,3,Friday,False,2026-03,Cabinet Battle #2 Christopher Jackson,0.0582,0.753,0.539,0.0,0.353,-9.117,0.537,99.455,0.519,2.0
2564,2564,2026-03-27 12:50:00,Leslie Odom Jr.,Washington on Your Side,181478,0.0504105555555555,3.024633333333333,12,3,Friday,False,2026-03,Washington on Your Side Leslie Odom Jr.,0.165,0.884,0.521,0.0,0.0756,-10.216,0.348,134.051,0.425,2.0
2565,2565,2026-03-27 16:21:00,Camilo Sesto,Obertura,233000,0.0647222222222222,3.883333333333333,16,3,Friday,False,2026-03,Obertura Camilo Sesto,0.525,0.375,0.415,0.312,0.37,-14.127,0.062,93.621,0.0434,1.0
2566,2566,2026-03-27 16:26:00,Camilo Sesto,Canción de Judas,286000,0.0794444444444444,4.766666666666667,16,3,Friday,False,2026-03,Canción de Judas Camilo Sesto,0.521,0.532,0.51,0.0,0.102,-10.779,0.0723,120.667,0.783,2.0
2567,2567,2026-03-27 16:28:00,Camilo Sesto,Dinos Lo Que Va a Pasar,164000,0.0455555555555555,2.7333333333333334,16,3,Friday,False,2026-03,Dinos Lo Que Va a Pasar Camilo Sesto,0.379,0.674,0.76,0.0,0.364,-11.132,0.0627,112.287,0.873,2.0
2568,2568,2026-03-27 16:30:00,Camilo Sesto,Realmente Extraño,114000,0.0316666666666666,1.9,16,3,Friday,False,2026-03,Realmente Extraño Camilo Sesto,0.273,0.476,0.646,0.0,0.121,-9.997,0.091,101.245,0.761,2.0
2569,2569,2026-03-27 16:35:00,Camilo Sesto,Todo Estará en Paz,268000,0.0744444444444444,4.466666666666667,16,3,Friday,False,2026-03,Todo Estará en Paz Camilo Sesto,0.578,0.523,0.483,0.0,0.812,-10.509,0.038,135.173,0.667,2.0
2570,2570,2026-03-27 16:38:00,Camilo Sesto,Jesus Morirá,220000,0.0611111111111111,3.6666666666666665,16,3,Friday,False,2026-03,Jesus Morirá Camilo Sesto,0.403,0.474,0.534,0.0,0.36,-11.176,0.0576,134.43,0.396,0.0
2571,2571,2026-03-27 16:41:00,Camilo Sesto,Hosanna,177000,0.0491666666666666,2.95,16,3,Friday,False,2026-03,Hosanna Camilo Sesto,0.645,0.389,0.42,0.0,0.0735,-11.148,0.0329,83.382,0.324,1.0
2572,2572,2026-03-27 16:45:00,Camilo Sesto,Simon Zelotes,219000,0.0608333333333333,3.65,16,3,Friday,False,2026-03,Simon Zelotes Camilo Sesto,0.484,0.496,0.73,0.0,0.117,-10.58,0.0752,115.775,0.393,0.0
2573,2573,2026-03-27 16:47:00,Camilo Sesto,Pobre Jerusalén,121000,0.0336111111111111,2.0166666666666666,16,3,Friday,False,2026-03,Pobre Jerusalén Camilo Sesto,0.907,0.351,0.107,0.000499,0.138,-20.641,0.0353,127.974,0.421,3.0
2574,2574,2026-03-27 16:49:00,Camilo Sesto,Sueño de Pilatos,111000,0.0308333333333333,1.85,16,3,Friday,False,2026-03,Sueño de Pilatos Camilo Sesto,0.788,0.247,0.193,1.56e-05,0.104,-19.228,0.0434,135.556,0.258,3.0
2575,2575,2026-03-27 16:54:00,Camilo Sesto,El Templo,283000,0.0786111111111111,4.716666666666667,16,3,Friday,False,2026-03,El Templo Camilo Sesto,0.298,0.377,0.642,0.0,0.409,-11.689,0.0426,104.192,0.546,0.0
2576,2576,2026-03-27 16:58:00,Camilo Sesto,Es Más Que Amor,247000,0.0686111111111111,4.116666666666666,16,3,Friday,False,2026-03,Es Más Que Amor Camilo Sesto,0.452,0.524,0.299,0.0,0.285,-13.176,0.0316,145.947,0.349,1.0
2577,2577,2026-03-27 17:02:00,Camilo Sesto,Di Que No Me Condenaré,272000,0.0755555555555555,4.533333333333333,17,3,Friday,False,2026-03,Di Que No Me Condenaré Camilo Sesto,0.126,0.315,0.621,0.0,0.39,-12.119,0.141,177.948,0.534,0.0
2578,2578,2026-03-27 17:23:00,Camilo Sesto,La Ultima Cena,424000,0.1177777777777777,7.066666666666666,17,3,Friday,False,2026-03,La Ultima Cena Camilo Sesto,0.72,0.308,0.415,0.0,0.104,-11.17,0.0454,79.461,0.294,1.0
2579,2579,2026-03-27 17:29:00,Camilo Sesto,"Getsemani (Oración del Huerto) - [Musical ""Jesucristo Superstar""]",356000,0.0988888888888888,5.933333333333334,17,3,Friday,False,2026-03,"Getsemani (Oración del Huerto) - [Musical ""Jesucristo Superstar""] Camilo Sesto",0.765,0.269,0.538,1.85e-06,0.174,-10.249,0.0494,82.976,0.281,1.0
2580,2580,2026-03-27 17:32:00,Camilo Sesto,El Arresto,218000,0.0605555555555555,3.633333333333333,17,3,Friday,False,2026-03,El Arresto Camilo Sesto,0.512,0.48,0.526,0.0,0.0712,-9.232,0.0797,108.075,0.537,2.0
2581,2581,2026-03-27 17:34:00,Camilo Sesto,Negaciones de Pedro,93000,0.0258333333333333,1.55,17,3,Friday,False,2026-03,Negaciones de Pedro Camilo Sesto,0.73,0.499,0.489,0.0,0.161,-10.436,0.0474,118.179,0.62,2.0
2582,2582,2026-03-27 17:37:00,Camilo Sesto,Palacio de Pilatos,167093,0.0464147222222222,2.784883333333333,17,3,Friday,False,2026-03,Palacio de Pilatos Camilo Sesto,0.451,0.463,0.358,0.0,0.494,-9.188,0.0324,77.576,0.0865,1.0
2583,2583,2026-03-27 17:40:00,Camilo Sesto,Cancion de Herodes,178907,0.0496963888888888,2.981783333333333,17,3,Friday,False,2026-03,Cancion de Herodes Camilo Sesto,0.559,0.57,0.59,7.17e-06,0.148,-8.092,0.035,102.735,0.851,2.0
2584,2584,2026-03-27 17:42:00,Camilo Sesto,Todo Ha Sido un Sueño,156000,0.0433333333333333,2.6,17,3,Friday,False,2026-03,Todo Ha Sido un Sueño Camilo Sesto,0.682,0.532,0.231,0.0,0.288,-15.73,0.0291,140.112,0.525,1.0
2585,2585,2026-03-27 17:48:00,Camilo Sesto,Muerte de Judas,317000,0.0880555555555555,5.283333333333333,17,3,Friday,False,2026-03,Muerte de Judas Camilo Sesto,0.375,0.396,0.742,1.55e-06,0.103,-8.996,0.104,115.737,0.633,2.0
2586,2586,2026-03-27 17:53:00,Camilo Sesto,Juicio Ante Pilatos,346533,0.0962591666666666,5.77555,17,3,Friday,False,2026-03,Juicio Ante Pilatos Camilo Sesto,0.46,0.383,0.627,0.0,0.845,-8.681,0.148,95.643,0.329,0.0
2587,2587,2026-03-27 17:57:00,Camilo Sesto,Superstar,215467,0.0598519444444444,3.5911166666666667,17,3,Friday,False,2026-03,Superstar Camilo Sesto,0.224,0.482,0.773,0.0,0.288,-7.734,0.0483,122.131,0.765,2.0
2588,2588,2026-03-27 18:00:00,Camilo Sesto,La Crucifixión,171000,0.0475,2.85,18,3,Friday,False,2026-03,La Crucifixión Camilo Sesto,0.437,0.225,0.879,0.387,0.409,-12.761,0.146,133.534,0.0388,0.0
2589,2589,2026-03-27 18:02:00,Camilo Sesto,Juan Diecinueve Cuarenta y Uno,156000,0.0433333333333333,2.6,18,3,Friday,False,2026-03,Juan Diecinueve Cuarenta y Uno Camilo Sesto,0.799,0.16,0.161,0.8,0.0856,-14.778,0.0404,107.859,0.0345,3.0
2590,2590,2026-03-27 18:06:00,Camilo Sesto,Obertura,233000,0.0647222222222222,3.883333333333333,18,3,Friday,False,2026-03,Obertura Camilo Sesto,0.525,0.375,0.415,0.312,0.37,-14.127,0.062,93.621,0.0434,1.0
2591,2591,2026-03-27 18:07:00,Camilo Sesto,Canción de Judas,17380,0.0048277777777777,0.2896666666666667,18,3,Friday,True,2026-03,Canción de Judas Camilo Sesto,0.521,0.532,0.51,0.0,0.102,-10.779,0.0723,120.667,0.783,2.0
2592,2592,2026-03-27 18:12:00,André Previn,"Overture (Jesus Christ Superstar/Soundtrack) - From ""Jesus Christ Superstar"" Soundtrack",329827,0.0916186111111111,5.497116666666667,18,3,Friday,False,2026-03,"Overture (Jesus Christ Superstar/Soundtrack) - From ""Jesus Christ Superstar"" Soundtrack André Previn",0.747,0.339,0.61,0.0892,0.127,-11.952,0.0637,123.372,0.0538,1.0
2593,2593,2026-03-27 18:16:00,Carl Anderson,"Heaven On Their Minds - From ""Jesus Christ Superstar"" Soundtrack",260800,0.0724444444444444,4.346666666666667,18,3,Friday,False,2026-03,"Heaven On Their Minds - From ""Jesus Christ Superstar"" Soundtrack Carl Anderson",0.433,0.469,0.553,0.0,0.0662,-10.099,0.0545,124.714,0.682,2.0
2594,2594,2026-03-27 18:19:00,Ted Neeley,"What's The Buzz - From ""Jesus Christ Superstar"" Soundtrack",155467,0.0431852777777777,2.5911166666666667,18,3,Friday,False,2026-03,"What's The Buzz - From ""Jesus Christ Superstar"" Soundtrack Ted Neeley",0.52,0.556,0.749,0.0,0.0992,-9.258,0.0901,113.384,0.831,2.0
2595,2595,2026-03-27 18:21:00,Carl Anderson,"Strange Thing Mystifying - From ""Jesus Christ Superstar"" Soundtrack",111733,0.0310369444444444,1.8622166666666664,18,3,Friday,False,2026-03,"Strange Thing Mystifying - From ""Jesus Christ Superstar"" Soundtrack Carl Anderson",0.621,0.534,0.483,7.77e-06,0.109,-11.049,0.0931,107.304,0.572,2.0
2596,2596,2026-03-27 18:23:00,Bob Bingham,"Then We Are Decided - From ""Jesus Christ Superstar"" Soundtrack",153733,0.0427036111111111,2.5622166666666666,18,3,Friday,False,2026-03,"Then We Are Decided - From ""Jesus Christ Superstar"" Soundtrack Bob Bingham",0.728,0.524,0.709,0.00809,0.0674,-11.774,0.589,85.644,0.172,1.0
2597,2597,2026-03-27 18:27:00,Yvonne Elliman,"Everything's Alright - From ""Jesus Christ Superstar"" Soundtrack",214973,0.0597147222222222,3.582883333333333,18,3,Friday,False,2026-03,"Everything's Alright - From ""Jesus Christ Superstar"" Soundtrack Yvonne Elliman",0.455,0.413,0.433,0.0,0.112,-10.627,0.0371,135.277,0.498,1.0
2598,2598,2026-03-27 18:31:00,Bob Bingham,"This Jesus Must Die - From ""Jesus Christ Superstar"" Soundtrack",226627,0.0629519444444444,3.7771166666666662,18,3,Friday,False,2026-03,"This Jesus Must Die - From ""Jesus Christ Superstar"" Soundtrack Bob Bingham",0.628,0.439,0.48,0.0,0.102,-11.877,0.139,138.115,0.455,1.0
2599,2599,2026-03-27 18:34:00,Ted Neeley,"Hosanna - From ""Jesus Christ Superstar"" Soundtrack",174307,0.0484186111111111,2.905116666666667,18,3,Friday,False,2026-03,"Hosanna - From ""Jesus Christ Superstar"" Soundtrack Ted Neeley",0.428,0.31,0.484,7.35e-05,0.324,-8.883,0.0487,79.689,0.351,0.0
2600,2600,2026-03-27 18:39:00,Larry T. Marshall,"Simon Zealotes - From ""Jesus Christ Superstar"" Soundtrack",291667,0.0810186111111111,4.861116666666667,18,3,Friday,False,2026-03,"Simon Zealotes - From ""Jesus Christ Superstar"" Soundtrack Larry T. Marshall",0.778,0.546,0.622,0.303,0.123,-10.727,0.0923,117.814,0.37,1.0
2601,2601,2026-03-27 18:40:00,Ted Neeley,"Poor Jerusalem - From ""Jesus Christ Superstar"" Soundtrack",97360,0.0270444444444444,1.6226666666666667,18,3,Friday,False,2026-03,"Poor Jerusalem - From ""Jesus Christ Superstar"" Soundtrack Ted Neeley",0.966,0.365,0.208,0.363,0.116,-18.008,0.0689,161.718,0.301,3.0
2602,2602,2026-03-27 18:42:00,Barry Dennen,"Pilate's Dream - From ""Jesus Christ Superstar"" Soundtrack",108707,0.0301963888888888,1.8117833333333333,18,3,Friday,False,2026-03,"Pilate's Dream - From ""Jesus Christ Superstar"" Soundtrack Barry Dennen",0.788,0.408,0.17,0.0469,0.111,-15.397,0.0422,90.109,0.327,1.0
2603,2603,2026-03-27 18:48:00,Ted Neeley,"The Temple - From ""Jesus Christ Superstar"" Soundtrack",336067,0.0933519444444444,5.601116666666667,18,3,Friday,False,2026-03,"The Temple - From ""Jesus Christ Superstar"" Soundtrack Ted Neeley",0.417,0.329,0.6,0.0178,0.0793,-11.273,0.0736,102.448,0.353,0.0
2604,2604,2026-03-27 18:52:00,Yvonne Elliman,"I Don't Know How To Love Him - From ""Jesus Christ Superstar"" Soundtrack",237893,0.0660813888888888,3.964883333333333,18,3,Friday,False,2026-03,"I Don't Know How To Love Him - From ""Jesus Christ Superstar"" Soundtrack Yvonne Elliman",0.862,0.316,0.135,0.0,0.098,-15.419,0.0354,144.381,0.342,3.0
2605,2605,2026-03-27 18:56:00,Carl Anderson,"Damned For All Time / Blood Money - From ""Jesus Christ Superstar"" Soundtrack",277400,0.0770555555555555,4.623333333333333,18,3,Friday,False,2026-03,"Damned For All Time / Blood Money - From ""Jesus Christ Superstar"" Soundtrack Carl Anderson",0.537,0.421,0.63,0.0508,0.145,-12.258,0.274,90.395,0.194,0.0
2606,2606,2026-03-27 19:03:00,Ted Neeley,"The Last Supper - From ""Jesus Christ Superstar"" Soundtrack",434027,0.1205630555555555,7.233783333333333,19,3,Friday,False,2026-03,"The Last Supper - From ""Jesus Christ Superstar"" Soundtrack Ted Neeley",0.8,0.441,0.399,0.000135,0.0923,-10.178,0.0605,119.183,0.319,1.0
2607,2607,2026-03-27 19:09:00,Ted Neeley,"Gethsemane (I Only Wanted To Say) - From ""Jesus Christ Superstar"" Soundtrack",341333,0.0948147222222222,5.688883333333333,19,3,Friday,False,2026-03,"Gethsemane (I Only Wanted To Say) - From ""Jesus Christ Superstar"" Soundtrack Ted Neeley",0.385,0.412,0.472,0.000685,0.125,-10.156,0.0477,137.26,0.311,0.0
2608,2608,2026-03-27 19:19:00,Bob Bingham,"This Jesus Must Die - From ""Jesus Christ Superstar"" Soundtrack",13481,0.0037447222222222,0.2246833333333333,19,3,Friday,True,2026-03,"This Jesus Must Die - From ""Jesus Christ Superstar"" Soundtrack Bob Bingham",0.628,0.439,0.48,0.0,0.102,-11.877,0.139,138.115,0.455,1.0
2609,2609,2026-03-27 19:19:00,Ted Neeley,"The Arrest - From ""Jesus Christ Superstar"" Soundtrack",156820,0.0435611111111111,2.6136666666666666,19,3,Friday,False,2026-03,"The Arrest - From ""Jesus Christ Superstar"" Soundtrack Ted Neeley",0.826,0.445,0.553,8.2e-05,0.0882,-11.494,0.355,88.263,0.366,1.0
2610,2610,2026-03-27 19:19:00,Yvonne Elliman,"Everything's Alright - From ""Jesus Christ Superstar"" Soundtrack",0,0.0,0.0,19,3,Friday,True,2026-03,"Everything's Alright - From ""Jesus Christ Superstar"" Soundtrack Yvonne Elliman",0.455,0.413,0.433,0.0,0.112,-10.627,0.0371,135.277,0.498,1.0
2611,2611,2026-03-27 19:19:00,Barry Dennen,"Pilate And Christ - From ""Jesus Christ Superstar"" Soundtrack",7493,0.0020813888888888,0.1248833333333333,19,3,Friday,True,2026-03,"Pilate And Christ - From ""Jesus Christ Superstar"" Soundtrack Barry Dennen",0.826,0.374,0.273,0.0,0.0837,-14.423,0.143,77.193,0.159,1.0
2612,2612,2026-03-27 19:19:00,Yvonne Elliman,"Peter's Denial - From ""Jesus Christ Superstar"" Soundtrack",1229,0.0003413888888888,0.0204833333333333,19,3,Friday,True,2026-03,"Peter's Denial - From ""Jesus Christ Superstar"" Soundtrack Yvonne Elliman",0.913,0.512,0.393,0.00021,0.139,-12.803,0.0534,116.6,0.546,1.0
2613,2613,2026-03-27 19:20:00,Ted Neeley,"The Arrest - From ""Jesus Christ Superstar"" Soundtrack",24411,0.0067808333333333,0.40685,19,3,Friday,True,2026-03,"The Arrest - From ""Jesus Christ Superstar"" Soundtrack Ted Neeley",0.826,0.445,0.553,8.2e-05,0.0882,-11.494,0.355,88.263,0.366,1.0
2614,2614,2026-03-27 19:21:00,Yvonne Elliman,"Peter's Denial - From ""Jesus Christ Superstar"" Soundtrack",86706,0.024085,1.4451,19,3,Friday,False,2026-03,"Peter's Denial - From ""Jesus Christ Superstar"" Soundtrack Yvonne Elliman",0.913,0.512,0.393,0.00021,0.139,-12.803,0.0534,116.6,0.546,1.0
2615,2615,2026-03-27 19:24:00,Barry Dennen,"Pilate And Christ - From ""Jesus Christ Superstar"" Soundtrack",176985,0.0491625,2.94975,19,3,Friday,False,2026-03,"Pilate And Christ - From ""Jesus Christ Superstar"" Soundtrack Barry Dennen",0.826,0.374,0.273,0.0,0.0837,-14.423,0.143,77.193,0.159,1.0
2616,2616,2026-03-27 19:27:00,Joshua Mostel,"King Herod's Song - From ""Jesus Christ Superstar"" Soundtrack",193970,0.0538805555555555,3.232833333333333,19,3,Friday,False,2026-03,"King Herod's Song - From ""Jesus Christ Superstar"" Soundtrack Joshua Mostel",0.878,0.663,0.479,7.57e-06,0.0215,-11.782,0.195,104.056,0.83,2.0
2617,2617,2026-03-27 19:30:00,Yvonne Elliman,"Could We Start Again, Please? - From ""Jesus Christ Superstar"" Soundtrack",164864,0.0457955555555555,2.747733333333333,19,3,Friday,False,2026-03,"Could We Start Again, Please? - From ""Jesus Christ Superstar"" Soundtrack Yvonne Elliman",0.884,0.348,0.341,1.67e-05,0.105,-14.411,0.0469,78.738,0.332,1.0
2618,2618,2026-03-27 19:33:00,Carl Anderson,"Judas' Death - From ""Jesus Christ Superstar"" Soundtrack",192962,0.0536005555555555,3.2160333333333333,19,3,Friday,False,2026-03,"Judas' Death - From ""Jesus Christ Superstar"" Soundtrack Carl Anderson",0.828,0.418,0.43,0.0321,0.31,-13.366,0.11,115.288,0.162,1.0
2619,2619,2026-03-27 20:52:00,Barry Dennen,"Trial Before Pilate - From ""Jesus Christ Superstar"" Soundtrack",227660,0.0632388888888888,3.794333333333333,20,3,Friday,False,2026-03,"Trial Before Pilate - From ""Jesus Christ Superstar"" Soundtrack Barry Dennen",0.879,0.402,0.654,0.000119,0.114,-9.714,0.633,175.441,0.279,1.0
2620,2620,2026-03-29 08:58:00,Rosario Dawson,Out Tonight,20621,0.0057280555555555,0.3436833333333333,8,3,Sunday,True,2026-03,Out Tonight Rosario Dawson,0.000111,0.534,0.911,0.000406,0.078,-2.826,0.0441,139.02,0.681,2.0
2621,2621,2026-03-30 04:55:00,Schell Games,I Expect You To Die,28814,0.0080038888888888,0.4802333333333333,4,3,Monday,True,2026-03,I Expect You To Die Schell Games,0.632,0.378,0.269,8.2e-05,0.202,-11.872,0.0353,115.471,0.179,1.0
2622,2622,2026-03-30 05:00:00,Antònia Font,Vos estim a tots igual,10692,0.00297,0.1782,5,3,Monday,True,2026-03,Vos estim a tots igual Antònia Font,0.0769,0.595,0.672,0.0118,0.42,-6.758,0.0304,82.496,0.78,2.0
2623,2623,2026-03-30 05:05:00,Scott Bradlee's Postmodern Jukebox,Don't Stop Me Now,10037,0.0027880555555555,0.1672833333333333,5,3,Monday,True,2026-03,Don't Stop Me Now Scott Bradlee's Postmodern Jukebox,0.527,0.496,0.77,2.54e-05,0.263,-4.22,0.0976,150.892,0.692,2.0
2624,2624,2026-03-30 05:15:00,Metallica,Until It Sleeps - Live,9525,0.0026458333333333,0.15875,5,3,Monday,True,2026-03,Until It Sleeps - Live Metallica,9.23e-06,0.27,0.942,0.000286,0.404,-4.145,0.061,125.098,0.304,0.0
2625,2625,2026-03-30 05:20:00,Ted Neeley,"Gethsemane (I Only Wanted To Say) - From ""Jesus Christ Superstar"" Soundtrack",10259,0.0028497222222222,0.1709833333333333,5,3,Monday,True,2026-03,"Gethsemane (I Only Wanted To Say) - From ""Jesus Christ Superstar"" Soundtrack Ted Neeley",0.385,0.412,0.472,0.000685,0.125,-10.156,0.0477,137.26,0.311,0.0
2626,2626,2026-03-30 05:25:00,Harry Nilsson,One,2856,0.0007933333333333,0.0476,5,3,Monday,True,2026-03,One Harry Nilsson,0.946,0.455,0.063,0.000131,0.1,-21.191,0.0386,125.333,0.208,3.0
2627,2627,2026-03-30 05:30:00,Kansas,Dust in the Wind,5151,0.0014308333333333,0.08585,5,3,Monday,True,2026-03,Dust in the Wind Kansas,0.367,0.475,0.322,0.00056,0.11,-10.687,0.0283,93.503,0.387,1.0
2628,2628,2026-03-30 05:35:00,Metallica,The Day That Never Comes - Live,6797,0.0018880555555555,0.1132833333333333,5,3,Monday,True,2026-03,The Day That Never Comes - Live Metallica,0.000116,0.298,0.917,0.0416,0.906,-9.244,0.0797,136.026,0.231,0.0
2629,2629,2026-03-30 05:40:00,Nstens1117,The Flash Vs. Arrow,9931,0.0027586111111111,0.1655166666666666,5,3,Monday,True,2026-03,The Flash Vs. Arrow Nstens1117,0.00178,0.262,0.851,0.824,0.115,-8.244,0.0473,130.921,0.14,0.0
2630,2630,2026-03-30 09:53:00,Christopher Jackson,One Last Time,296388,0.08233,4.9398,9,3,Monday,False,2026-03,One Last Time Christopher Jackson,0.631,0.449,0.42,0.0,0.0805,-9.624,0.356,176.989,0.41,1.0
2631,2631,2026-03-30 10:08:00,Jonathan Groff,I Know Him,97980,0.0272166666666666,1.633,10,3,Monday,False,2026-03,I Know Him Jonathan Groff,0.649,0.67,0.436,0.0,0.722,-8.636,0.364,121.581,0.378,1.0
2632,2632,2026-03-30 10:09:00,Original Broadway Cast of Hamilton,The Adams Administration,54840,0.0152333333333333,0.914,10,3,Monday,False,2026-03,The Adams Administration Original Broadway Cast of Hamilton,0.505,0.8,0.362,0.0,0.121,-10.313,0.544,130.14,0.792,2.0
2633,2633,2026-03-30 10:12:00,Lin-Manuel Miranda,We Know,142044,0.0394566666666666,2.3674,10,3,Monday,False,2026-03,We Know Lin-Manuel Miranda,,,,,,,,,,
2634,2634,2026-03-30 10:14:00,Lin-Manuel Miranda,Hurricane,143551,0.0398752777777777,2.392516666666667,10,3,Monday,False,2026-03,Hurricane Lin-Manuel Miranda,0.762,0.453,0.546,0.0,0.0965,-7.952,0.309,171.289,0.398,1.0
2635,2635,2026-03-30 10:16:00,Original Broadway Cast of Hamilton,The Reynolds Pamphlet,128471,0.0356863888888888,2.141183333333333,10,3,Monday,False,2026-03,The Reynolds Pamphlet Original Broadway Cast of Hamilton,0.0277,0.751,0.573,0.0,0.129,-8.539,0.226,141.999,0.538,2.0
2636,2636,2026-03-30 10:20:00,Phillipa Soo,Burn,225241,0.0625669444444444,3.754016666666667,10,3,Monday,False,2026-03,Burn Phillipa Soo,0.752,0.582,0.428,0.0,0.102,-9.13,0.0516,99.608,0.255,1.0
2637,2637,2026-03-30 10:23:00,Ariana DeBose,Blow Us All Away,173594,0.0482205555555555,2.8932333333333333,10,3,Monday,False,2026-03,Blow Us All Away Ariana DeBose,0.388,0.82,0.451,0.0,0.563,-10.177,0.461,88.566,0.665,2.0
2638,2638,2026-03-30 10:25:00,Lin-Manuel Miranda,Stay Alive - Reprise,111553,0.0309869444444444,1.8592166666666667,10,3,Monday,False,2026-03,Stay Alive - Reprise Lin-Manuel Miranda,0.535,0.546,0.246,0.0,0.0801,-13.754,0.26,160.031,0.427,1.0
2639,2639,2026-03-30 10:29:00,Renée Elise Goldsberry,It's Quiet Uptown,270172,0.0750477777777777,4.502866666666667,10,3,Monday,False,2026-03,It's Quiet Uptown Renée Elise Goldsberry,0.796,0.484,0.187,0.0,0.0785,-14.076,0.0423,129.753,0.227,1.0
2640,2640,2026-03-30 10:33:00,Daveed Diggs,The Election of 1800,237983,0.0661063888888889,3.966383333333333,10,3,Monday,False,2026-03,The Election of 1800 Daveed Diggs,0.319,0.731,0.42,0.0,0.306,-10.199,0.462,67.426,0.645,2.0
2641,2641,2026-03-30 10:36:00,Phillipa Soo,Best of Wives and Best of Women,47943,0.0133175,0.79905,10,3,Monday,False,2026-03,Best of Wives and Best of Women Phillipa Soo,0.751,0.647,0.115,0.0,0.0858,-16.826,0.0544,131.508,0.597,1.0
2642,2642,2026-03-30 10:36:00,Leslie Odom Jr.,Your Obedient Servant,150064,0.0416844444444444,2.5010666666666665,10,3,Monday,False,2026-03,Your Obedient Servant Leslie Odom Jr.,0.293,0.736,0.37,0.0,0.042,-11.072,0.502,165.908,0.619,2.0
2643,2643,2026-03-30 10:41:00,Leslie Odom Jr.,The World Was Wide Enough,302191,0.0839419444444444,5.0365166666666665,10,3,Monday,False,2026-03,The World Was Wide Enough Leslie Odom Jr.,0.467,0.653,0.351,0.0,0.107,-12.776,0.648,116.6,0.307,1.0
2644,2644,2026-03-30 10:45:00,Original Broadway Cast of Hamilton,"Who Lives, Who Dies, Who Tells Your Story",217229,0.0603413888888888,3.6204833333333335,10,3,Monday,False,2026-03,"Who Lives, Who Dies, Who Tells Your Story Original Broadway Cast of Hamilton",0.777,0.353,0.326,0.0,0.0904,-9.687,0.0901,75.5,0.156,1.0
2645,2645,2026-03-30 10:49:00,Leslie Odom Jr.,Alexander Hamilton,236738,0.0657605555555555,3.945633333333333,10,3,Monday,False,2026-03,Alexander Hamilton Leslie Odom Jr.,0.522,0.609,0.435,0.0,0.118,-7.861,0.285,131.995,0.552,2.0
2646,2646,2026-03-30 10:52:00,Lin-Manuel Miranda,"Aaron Burr, Sir",156631,0.0435086111111111,2.610516666666667,10,3,Monday,False,2026-03,"Aaron Burr, Sir Lin-Manuel Miranda",0.272,0.646,0.439,0.0,0.0945,-10.837,0.818,160.387,0.528,2.0
2647,2647,2026-03-30 10:57:00,Lin-Manuel Miranda,My Shot,333154,0.0925427777777777,5.552566666666666,10,3,Monday,False,2026-03,My Shot Lin-Manuel Miranda,,,,,,,,,,
2648,2648,2026-03-30 10:59:00,Lin-Manuel Miranda,The Story of Tonight,91981,0.0255502777777777,1.5330166666666667,10,3,Monday,False,2026-03,The Story of Tonight Lin-Manuel Miranda,0.835,0.494,0.237,0.0,0.648,-10.579,0.0517,95.219,0.625,1.0
2649,2649,2026-03-30 11:02:00,Renée Elise Goldsberry,The Schuyler Sisters,186543,0.0518175,3.10905,11,3,Monday,False,2026-03,The Schuyler Sisters Renée Elise Goldsberry,0.187,0.74,0.727,0.0,0.627,-6.253,0.278,101.409,0.792,2.0
2650,2650,2026-03-30 11:04:00,Thayne Jasperson,Farmer Refuted,112742,0.0313172222222222,1.8790333333333331,11,3,Monday,False,2026-03,Farmer Refuted Thayne Jasperson,0.684,0.795,0.409,0.0,0.0548,-8.334,0.372,77.879,0.577,2.0
2651,2651,2026-03-30 11:07:00,Jonathan Groff,You'll Be Back,208321,0.0578669444444444,3.4720166666666668,11,3,Monday,False,2026-03,You'll Be Back Jonathan Groff,0.39,0.607,0.466,0.0,0.135,-7.562,0.0578,121.741,0.434,2.0
2652,2652,2026-03-30 11:13:00,Lin-Manuel Miranda,Right Hand Man,321697,0.0893602777777777,5.3616166666666665,11,3,Monday,False,2026-03,Right Hand Man Lin-Manuel Miranda,0.177,0.68,0.413,0.0,0.205,-9.41,0.492,158.576,0.383,2.0
2653,2653,2026-03-30 11:14:00,Leslie Odom Jr.,A Winter's Ball,69901,0.0194169444444444,1.1650166666666666,11,3,Monday,False,2026-03,A Winter's Ball Leslie Odom Jr.,0.41,0.854,0.327,0.0,0.0889,-10.834,0.507,131.352,0.688,2.0
2654,2654,2026-03-30 11:17:00,Nicholas Britell,L to the OG (feat. Kendall Roy),14360,0.0039888888888888,0.2393333333333333,11,3,Monday,True,2026-03,L to the OG (feat. Kendall Roy) Nicholas Britell,0.0109,0.608,0.737,0.0,0.189,-5.758,0.153,96.113,0.248,0.0
2655,2655,2026-03-30 11:18:00,Phillipa Soo,Helpless,249771,0.0693808333333333,4.16285,11,3,Monday,False,2026-03,Helpless Phillipa Soo,0.334,0.688,0.491,0.0,0.0914,-7.494,0.269,79.009,0.737,2.0
2656,2656,2026-03-30 11:23:00,Renée Elise Goldsberry,Satisfied,329228,0.0914522222222222,5.487133333333333,11,3,Monday,False,2026-03,Satisfied Renée Elise Goldsberry,0.287,0.707,0.593,0.0,0.15,-8.581,0.0949,123.772,0.478,2.0
2657,2657,2026-03-30 11:25:00,Okieriete Onaodowan,The Story of Tonight - Reprise,115880,0.0321888888888888,1.9313333333333331,11,3,Monday,False,2026-03,The Story of Tonight - Reprise Okieriete Onaodowan,0.68,0.724,0.305,0.0,0.128,-12.763,0.257,81.874,0.594,1.0
2658,2658,2026-03-30 11:29:00,Leslie Odom Jr.,Wait for It,193750,0.0538194444444444,3.2291666666666665,11,3,Monday,False,2026-03,Wait for It Leslie Odom Jr.,0.124,0.543,0.473,4.04e-06,0.0922,-9.638,0.157,86.534,0.519,2.0
2659,2659,2026-03-30 11:31:00,Original Broadway Cast of Hamilton,Stay Alive,159103,0.0441952777777777,2.6517166666666667,11,3,Monday,False,2026-03,Stay Alive Original Broadway Cast of Hamilton,0.471,0.723,0.415,0.0,0.0995,-10.394,0.395,159.65,0.581,2.0
2660,2660,2026-03-30 11:33:00,Lin-Manuel Miranda,Ten Duel Commandments,106646,0.0296238888888888,1.7774333333333334,11,3,Monday,False,2026-03,Ten Duel Commandments Lin-Manuel Miranda,0.0691,0.887,0.516,0.0,0.617,-8.187,0.658,77.977,0.828,2.0
2661,2661,2026-03-30 11:34:00,Lin-Manuel Miranda,Meet Me Inside,83632,0.0232311111111111,1.3938666666666666,11,3,Monday,False,2026-03,Meet Me Inside Lin-Manuel Miranda,0.378,0.732,0.643,0.0,0.363,-8.318,0.474,88.543,0.644,2.0
2662,2662,2026-03-30 11:37:00,Phillipa Soo,That Would Be Enough,178446,0.0495683333333333,2.9741,11,3,Monday,False,2026-03,That Would Be Enough Phillipa Soo,0.819,0.499,0.2,0.0,0.115,-10.276,0.0355,137.367,0.185,1.0
2663,2663,2026-03-30 11:39:00,Leslie Odom Jr.,Guns and Ships,127578,0.0354383333333333,2.1263,11,3,Monday,False,2026-03,Guns and Ships Leslie Odom Jr.,0.399,0.72,0.666,0.0,0.0844,-6.914,0.328,138.03,0.383,2.0
2664,2664,2026-03-30 11:41:00,Christopher Jackson,History Has Its Eyes on You,97050,0.0269583333333333,1.6175,11,3,Monday,False,2026-03,History Has Its Eyes on You Christopher Jackson,0.803,0.438,0.373,0.0,0.123,-9.769,0.0291,77.415,0.274,1.0
2665,2665,2026-03-30 11:45:00,Original Broadway Cast of Hamilton,Yorktown (The World Turned Upside Down),242588,0.0673855555555555,4.0431333333333335,11,3,Monday,False,2026-03,Yorktown (The World Turned Upside Down) Original Broadway Cast of Hamilton,0.297,0.76,0.883,0.0,0.727,-5.397,0.25,98.012,0.51,2.0
2666,2666,2026-03-30 11:47:00,Jonathan Groff,What Comes Next?,99343,0.0275952777777777,1.6557166666666667,11,3,Monday,False,2026-03,What Comes Next? Jonathan Groff,0.603,0.515,0.302,0.0,0.199,-10.882,0.079,114.972,0.277,1.0
2667,2667,2026-03-30 11:50:00,Leslie Odom Jr.,Dear Theodosia,184004,0.0511122222222222,3.066733333333333,11,3,Monday,False,2026-03,Dear Theodosia Leslie Odom Jr.,0.907,0.598,0.221,4.19e-05,0.0723,-10.484,0.0303,106.771,0.274,1.0
2668,2668,2026-03-30 11:56:00,Leslie Odom Jr.,Non-Stop,385438,0.1070661111111111,6.423966666666667,11,3,Monday,False,2026-03,Non-Stop Leslie Odom Jr.,0.211,0.77,0.482,0.0,0.223,-9.529,0.351,91.994,0.441,2.0
2669,2669,2026-03-30 12:00:00,Daveed Diggs,What'd I Miss,236701,0.0657502777777777,3.9450166666666666,12,3,Monday,False,2026-03,What'd I Miss Daveed Diggs,0.169,0.539,0.577,0.0,0.14,-7.763,0.386,177.787,0.319,0.0
2670,2670,2026-03-30 12:04:00,Christopher Jackson,Cabinet Battle #1,215227,0.0597852777777777,3.5871166666666667,12,3,Monday,False,2026-03,Cabinet Battle #1 Christopher Jackson,0.0859,0.607,0.658,0.0,0.489,-7.762,0.423,87.043,0.513,2.0
2671,2671,2026-03-30 12:09:00,Phillipa Soo,Take a Break,286486,0.0795794444444444,4.774766666666666,12,3,Monday,False,2026-03,Take a Break Phillipa Soo,0.587,0.552,0.371,0.0,0.18,-9.426,0.227,81.548,0.587,2.0
2672,2672,2026-03-30 12:13:00,Jasmine Cephas-Jones,Say No to This,242017,0.0672269444444444,4.033616666666667,12,3,Monday,False,2026-03,Say No to This Jasmine Cephas-Jones,0.464,0.754,0.535,0.0,0.19,-8.156,0.305,81.035,0.395,2.0
2673,2673,2026-03-30 12:18:00,Leslie Odom Jr.,The Room Where It Happens,318215,0.0883930555555555,5.303583333333333,12,3,Monday,False,2026-03,The Room Where It Happens Leslie Odom Jr.,0.271,0.638,0.49,0.0,0.664,-9.382,0.426,173.552,0.511,2.0
2674,2674,2026-03-30 12:19:00,Phillipa Soo,Schuyler Defeated,63558,0.017655,1.0593,12,3,Monday,False,2026-03,Schuyler Defeated Phillipa Soo,0.236,0.745,0.597,0.0,0.157,-10.422,0.257,102.108,0.842,2.0
2675,2675,2026-03-30 12:21:00,Christopher Jackson,Cabinet Battle #2,142640,0.0396222222222222,2.377333333333333,12,3,Monday,False,2026-03,Cabinet Battle #2 Christopher Jackson,0.0582,0.753,0.539,0.0,0.353,-9.117,0.537,99.455,0.519,2.0
2676,2676,2026-03-30 12:24:00,Leslie Odom Jr.,Washington on Your Side,181478,0.0504105555555555,3.024633333333333,12,3,Monday,False,2026-03,Washington on Your Side Leslie Odom Jr.,0.165,0.884,0.521,0.0,0.0756,-10.216,0.348,134.051,0.425,2.0
2677,2677,2026-03-30 12:29:00,Christopher Jackson,One Last Time,296388,0.08233,4.9398,12,3,Monday,False,2026-03,One Last Time Christopher Jackson,0.631,0.449,0.42,0.0,0.0805,-9.624,0.356,176.989,0.41,1.0
2678,2678,2026-03-30 12:31:00,Jonathan Groff,I Know Him,97980,0.0272166666666666,1.633,12,3,Monday,False,2026-03,I Know Him Jonathan Groff,0.649,0.67,0.436,0.0,0.722,-8.636,0.364,121.581,0.378,1.0
2679,2679,2026-03-30 12:32:00,Original Broadway Cast of Hamilton,The Adams Administration,54840,0.0152333333333333,0.914,12,3,Monday,False,2026-03,The Adams Administration Original Broadway Cast of Hamilton,0.505,0.8,0.362,0.0,0.121,-10.313,0.544,130.14,0.792,2.0
2680,2680,2026-03-30 12:34:00,Lin-Manuel Miranda,We Know,142044,0.0394566666666666,2.3674,12,3,Monday,False,2026-03,We Know Lin-Manuel Miranda,,,,,,,,,,
2681,2681,2026-03-30 12:37:00,Lin-Manuel Miranda,Hurricane,143551,0.0398752777777777,2.392516666666667,12,3,Monday,False,2026-03,Hurricane Lin-Manuel Miranda,0.762,0.453,0.546,0.0,0.0965,-7.952,0.309,171.289,0.398,1.0
2682,2682,2026-03-30 12:39:00,Original Broadway Cast of Hamilton,The Reynolds Pamphlet,128471,0.0356863888888888,2.141183333333333,12,3,Monday,False,2026-03,The Reynolds Pamphlet Original Broadway Cast of Hamilton,0.0277,0.751,0.573,0.0,0.129,-8.539,0.226,141.999,0.538,2.0
2683,2683,2026-03-30 12:43:00,Phillipa Soo,Burn,225241,0.0625669444444444,3.754016666666667,12,3,Monday,False,2026-03,Burn Phillipa Soo,0.752,0.582,0.428,0.0,0.102,-9.13,0.0516,99.608,0.255,1.0
2684,2684,2026-03-30 12:45:00,Ariana DeBose,Blow Us All Away,173594,0.0482205555555555,2.8932333333333333,12,3,Monday,False,2026-03,Blow Us All Away Ariana DeBose,0.388,0.82,0.451,0.0,0.563,-10.177,0.461,88.566,0.665,2.0
2685,2685,2026-03-30 12:47:00,Lin-Manuel Miranda,Stay Alive - Reprise,111553,0.0309869444444444,1.8592166666666667,12,3,Monday,False,2026-03,Stay Alive - Reprise Lin-Manuel Miranda,0.535,0.546,0.246,0.0,0.0801,-13.754,0.26,160.031,0.427,1.0
2686,2686,2026-03-30 12:52:00,Renée Elise Goldsberry,It's Quiet Uptown,270172,0.0750477777777777,4.502866666666667,12,3,Monday,False,2026-03,It's Quiet Uptown Renée Elise Goldsberry,0.796,0.484,0.187,0.0,0.0785,-14.076,0.0423,129.753,0.227,1.0
2687,2687,2026-03-30 12:56:00,Daveed Diggs,The Election of 1800,237983,0.0661063888888889,3.966383333333333,12,3,Monday,False,2026-03,The Election of 1800 Daveed Diggs,0.319,0.731,0.42,0.0,0.306,-10.199,0.462,67.426,0.645,2.0
2688,2688,2026-03-30 12:58:00,Leslie Odom Jr.,Your Obedient Servant,150064,0.0416844444444444,2.5010666666666665,12,3,Monday,False,2026-03,Your Obedient Servant Leslie Odom Jr.,0.293,0.736,0.37,0.0,0.042,-11.072,0.502,165.908,0.619,2.0
2689,2689,2026-03-30 12:59:00,Phillipa Soo,Best of Wives and Best of Women,47943,0.0133175,0.79905,12,3,Monday,False,2026-03,Best of Wives and Best of Women Phillipa Soo,0.751,0.647,0.115,0.0,0.0858,-16.826,0.0544,131.508,0.597,1.0
2690,2690,2026-03-30 13:04:00,Leslie Odom Jr.,The World Was Wide Enough,302191,0.0839419444444444,5.0365166666666665,13,3,Monday,False,2026-03,The World Was Wide Enough Leslie Odom Jr.,0.467,0.653,0.351,0.0,0.107,-12.776,0.648,116.6,0.307,1.0
2691,2691,2026-03-30 13:08:00,Original Broadway Cast of Hamilton,"Who Lives, Who Dies, Who Tells Your Story",217229,0.0603413888888888,3.6204833333333335,13,3,Monday,False,2026-03,"Who Lives, Who Dies, Who Tells Your Story Original Broadway Cast of Hamilton",0.777,0.353,0.326,0.0,0.0904,-9.687,0.0901,75.5,0.156,1.0
2692,2692,2026-03-30 13:12:00,Leslie Odom Jr.,Alexander Hamilton,236738,0.0657605555555555,3.945633333333333,13,3,Monday,False,2026-03,Alexander Hamilton Leslie Odom Jr.,0.522,0.609,0.435,0.0,0.118,-7.861,0.285,131.995,0.552,2.0
2693,2693,2026-03-30 13:14:00,Lin-Manuel Miranda,"Aaron Burr, Sir",156631,0.0435086111111111,2.610516666666667,13,3,Monday,False,2026-03,"Aaron Burr, Sir Lin-Manuel Miranda",0.272,0.646,0.439,0.0,0.0945,-10.837,0.818,160.387,0.528,2.0
2694,2694,2026-03-31 05:00:00,Els Amics De Les Arts,Els Binocles D'en Pere,27403,0.0076119444444444,0.4567166666666666,5,3,Tuesday,True,2026-03,Els Binocles D'en Pere Els Amics De Les Arts,0.59,0.58,0.411,0.0,0.124,-11.21,0.0361,132.769,0.476,1.0
2695,2695,2026-03-31 05:10:00,Himesh Patel,"Something - From The Album ""One Man Only""",22236,0.0061766666666666,0.3706,5,3,Tuesday,True,2026-03,"Something - From The Album ""One Man Only"" Himesh Patel",0.721,0.598,0.346,0.313,0.128,-13.077,0.0331,138.005,0.155,1.0
2696,2696,2026-03-31 05:15:00,Patrik Pietschmann,Beautiful Lie - Piano Version,19555,0.0054319444444444,0.3259166666666667,5,3,Tuesday,True,2026-03,Beautiful Lie - Piano Version Patrik Pietschmann,,,,,,,,,,
2697,2697,2026-03-31 05:20:00,Pink Floyd,Shine On You Crazy Diamond (Pts. 1-5),46381,0.0128836111111111,0.7730166666666667,5,3,Tuesday,False,2026-03,Shine On You Crazy Diamond (Pts. 1-5) Pink Floyd,0.772,0.264,0.294,0.686,0.107,-11.941,0.028,137.937,0.0402,3.0
2698,2698,2026-03-31 05:30:00,Low Roar,I'll Keep Coming,5579,0.0015497222222222,0.0929833333333333,5,3,Tuesday,True,2026-03,I'll Keep Coming Low Roar,0.0372,0.332,0.596,0.413,0.298,-5.607,0.0521,140.104,0.0996,0.0
2699,2699,2026-03-31 05:40:00,Lorien Testard,Alicia,22568,0.0062688888888888,0.3761333333333333,5,3,Tuesday,True,2026-03,Alicia Lorien Testard,0.958,0.16,0.149,2.17e-06,0.156,-12.107,0.0419,169.141,0.141,3.0
2700,2700,2026-03-31 06:05:00,Joe Anderson,"Happiness Is A Warm Gun - From ""Across The Universe"" Soundtrack",2767,0.0007686111111111,0.0461166666666666,6,3,Tuesday,True,2026-03,"Happiness Is A Warm Gun - From ""Across The Universe"" Soundtrack Joe Anderson",0.146,0.576,0.452,0.00156,0.111,-9.137,0.0417,135.923,0.112,0.0
2701,2701,2026-03-31 06:15:00,Lin-Manuel Miranda,My Shot,333154,0.0925427777777777,5.552566666666666,6,3,Tuesday,False,2026-03,My Shot Lin-Manuel Miranda,,,,,,,,,,
2702,2702,2026-03-31 06:17:00,Lin-Manuel Miranda,The Story of Tonight,91981,0.0255502777777777,1.5330166666666667,6,3,Tuesday,False,2026-03,The Story of Tonight Lin-Manuel Miranda,0.835,0.494,0.237,0.0,0.648,-10.579,0.0517,95.219,0.625,1.0
2703,2703,2026-03-31 06:20:00,Renée Elise Goldsberry,The Schuyler Sisters,186543,0.0518175,3.10905,6,3,Tuesday,False,2026-03,The Schuyler Sisters Renée Elise Goldsberry,0.187,0.74,0.727,0.0,0.627,-6.253,0.278,101.409,0.792,2.0
2704,2704,2026-03-31 06:22:00,Thayne Jasperson,Farmer Refuted,112742,0.0313172222222222,1.8790333333333331,6,3,Tuesday,False,2026-03,Farmer Refuted Thayne Jasperson,0.684,0.795,0.409,0.0,0.0548,-8.334,0.372,77.879,0.577,2.0
2705,2705,2026-03-31 06:25:00,Jonathan Groff,You'll Be Back,208321,0.0578669444444444,3.4720166666666668,6,3,Tuesday,False,2026-03,You'll Be Back Jonathan Groff,0.39,0.607,0.466,0.0,0.135,-7.562,0.0578,121.741,0.434,2.0
2706,2706,2026-03-31 06:31:00,Lin-Manuel Miranda,Right Hand Man,321697,0.0893602777777777,5.3616166666666665,6,3,Tuesday,False,2026-03,Right Hand Man Lin-Manuel Miranda,0.177,0.68,0.413,0.0,0.205,-9.41,0.492,158.576,0.383,2.0
2707,2707,2026-03-31 06:32:00,Leslie Odom Jr.,A Winter's Ball,69901,0.0194169444444444,1.1650166666666666,6,3,Tuesday,False,2026-03,A Winter's Ball Leslie Odom Jr.,0.41,0.854,0.327,0.0,0.0889,-10.834,0.507,131.352,0.688,2.0
2708,2708,2026-03-31 06:36:00,Phillipa Soo,Helpless,249771,0.0693808333333333,4.16285,6,3,Tuesday,False,2026-03,Helpless Phillipa Soo,0.334,0.688,0.491,0.0,0.0914,-7.494,0.269,79.009,0.737,2.0
2709,2709,2026-03-31 06:42:00,Renée Elise Goldsberry,Satisfied,329228,0.0914522222222222,5.487133333333333,6,3,Tuesday,False,2026-03,Satisfied Renée Elise Goldsberry,0.287,0.707,0.593,0.0,0.15,-8.581,0.0949,123.772,0.478,2.0
2710,2710,2026-03-31 06:44:00,Okieriete Onaodowan,The Story of Tonight - Reprise,115880,0.0321888888888888,1.9313333333333331,6,3,Tuesday,False,2026-03,The Story of Tonight - Reprise Okieriete Onaodowan,0.68,0.724,0.305,0.0,0.128,-12.763,0.257,81.874,0.594,1.0
2711,2711,2026-03-31 06:47:00,Leslie Odom Jr.,Wait for It,193750,0.0538194444444444,3.2291666666666665,6,3,Tuesday,False,2026-03,Wait for It Leslie Odom Jr.,0.124,0.543,0.473,4.04e-06,0.0922,-9.638,0.157,86.534,0.519,2.0
2712,2712,2026-03-31 06:49:00,Original Broadway Cast of Hamilton,Stay Alive,159103,0.0441952777777777,2.6517166666666667,6,3,Tuesday,False,2026-03,Stay Alive Original Broadway Cast of Hamilton,0.471,0.723,0.415,0.0,0.0995,-10.394,0.395,159.65,0.581,2.0
2713,2713,2026-03-31 06:51:00,Lin-Manuel Miranda,Ten Duel Commandments,106646,0.0296238888888888,1.7774333333333334,6,3,Tuesday,False,2026-03,Ten Duel Commandments Lin-Manuel Miranda,0.0691,0.887,0.516,0.0,0.617,-8.187,0.658,77.977,0.828,2.0
2714,2714,2026-03-31 06:53:00,Lin-Manuel Miranda,Meet Me Inside,83632,0.0232311111111111,1.3938666666666666,6,3,Tuesday,False,2026-03,Meet Me Inside Lin-Manuel Miranda,0.378,0.732,0.643,0.0,0.363,-8.318,0.474,88.543,0.644,2.0
2715,2715,2026-03-31 06:56:00,Phillipa Soo,That Would Be Enough,178446,0.0495683333333333,2.9741,6,3,Tuesday,False,2026-03,That Would Be Enough Phillipa Soo,0.819,0.499,0.2,0.0,0.115,-10.276,0.0355,137.367,0.185,1.0
2716,2716,2026-03-31 06:57:00,Leslie Odom Jr.,Guns and Ships,60787,0.0168852777777777,1.0131166666666669,6,3,Tuesday,False,2026-03,Guns and Ships Leslie Odom Jr.,0.399,0.72,0.666,0.0,0.0844,-6.914,0.328,138.03,0.383,2.0
